Session ready: ollama serving (pid 2772383), venv active (ominbrain), models -> /blue, HF/pip caches -> /blue
GPU 0: NVIDIA RTX PRO 6000 Blackwell Server Edition (UUID: GPU-468490b8-b192-efb5-1c35-9e4c6a414fe6)
NAME                   ID              SIZE      MODIFIED    
llama4:scout           bf31604e25c2    67 GB     3 days ago     
llama3.2-vision:11b    6f2f9757ae97    7.8 GB    3 days ago     
gemma3:27b             a418f5838eaf    17 GB     3 days ago     
gemma3:12b             f4031aab637d    8.1 GB    3 days ago     
medgemma:4b            9fe4e9a6c9bd    3.3 GB    4 weeks ago    
=== v4 chain runs: Llama-4-Scout ===
Built 62 LUMIERE cases | phase coverage: AIA:62 | LIL:51 | DSCR:62 | PJRF:61 | TCM:62

############################################################
  Model: Llama-4-Scout  (general)  [LUMIERE]
  Cases: 62   Gating: False   Adaptation: False   Text-only: False   Counterfactual-images: False
############################################################

============================================================
Case 1/62: LUMIERE GBM Case (Patient-001)  [Patient-001]
============================================================
  5 phase(s) | 5 question(s)

  Phase: AIA — Anatomical and Imaging Assessment
    [Patient-001_AIA] main call… → C (✗) | probe… pred C → faithful 
  → score: 0% [FAIL]  local faithful: 100%

  Phase: LIL — Lesion Identification and Localization
    [Patient-001_LIL] main call… → D (✗) | probe… pred D → faithful 
  → score: 0% [FAIL]  local faithful: 100%

  Phase: DSCR — Diagnostic Synthesis and Causal Reasoning
    [Patient-001_DSCR] main call… → B (✗) | probe… pred B → faithful 
  → score: 0% [FAIL]  local faithful: 100%

  Phase: PJRF — Prognostic Judgment and Risk Forecasting
    [Patient-001_PJRF] main call… [no image] → D (✗) | probe… pred D → faithful 
  → score: 0% [FAIL]  local faithful: 100%

  Phase: TCM — Therapeutic Cycle Management
    [Patient-001_TCM] main call… [no image] → A (✗) | probe… pred A → faithful 
  → score: 0% [FAIL]  local faithful: 100%

============================================================
Case 2/62: LUMIERE GBM Case (Patient-002)  [Patient-002]
============================================================
  5 phase(s) | 5 question(s)

  Phase: AIA — Anatomical and Imaging Assessment
    [Patient-002_AIA] main call… → A (✗) | probe… pred A → faithful 
  → score: 0% [FAIL]  local faithful: 100%

  Phase: LIL — Lesion Identification and Localization
    [Patient-002_LIL] main call… → D (✗) | probe… pred D → faithful 
  → score: 0% [FAIL]  local faithful: 100%

  Phase: DSCR — Diagnostic Synthesis and Causal Reasoning
    [Patient-002_DSCR] main call… → C (✓) | probe… pred C → faithful 
  → score: 100% [PASS]  local faithful: 100%

  Phase: PJRF — Prognostic Judgment and Risk Forecasting
    [Patient-002_PJRF] main call… [no image] → D (✗) | probe… pred D → faithful 
  → score: 0% [FAIL]  local faithful: 100%

  Phase: TCM — Therapeutic Cycle Management
    [Patient-002_TCM] main call… [no image] → B (✓) | probe… pred B → faithful 
  → score: 100% [PASS]  local faithful: 100%

============================================================
Case 3/62: LUMIERE GBM Case (Patient-003)  [Patient-003]
============================================================
  5 phase(s) | 5 question(s)

  Phase: AIA — Anatomical and Imaging Assessment
    [Patient-003_AIA] main call… → D (✗) | probe… pred D → faithful 
  → score: 0% [FAIL]  local faithful: 100%

  Phase: LIL — Lesion Identification and Localization
    [Patient-003_LIL] main call… → D (✗) | probe… pred D → faithful 
  → score: 0% [FAIL]  local faithful: 100%

  Phase: DSCR — Diagnostic Synthesis and Causal Reasoning
    [Patient-003_DSCR] main call… → C (✗) | probe… pred C → faithful 
  → score: 0% [FAIL]  local faithful: 100%

  Phase: PJRF — Prognostic Judgment and Risk Forecasting
    [Patient-003_PJRF] main call… [no image] → D (✗) | probe… pred D → faithful 
  → score: 0% [FAIL]  local faithful: 100%

  Phase: TCM — Therapeutic Cycle Management
    [Patient-003_TCM] main call… [no image] → A (✗) | probe… pred A → faithful 
  → score: 0% [FAIL]  local faithful: 100%

============================================================
Case 4/62: LUMIERE GBM Case (Patient-004)  [Patient-004]
============================================================
  4 phase(s) | 4 question(s)

  Phase: AIA — Anatomical and Imaging Assessment
    [Patient-004_AIA] main call… → B (✗) | probe… pred B → faithful 
  → score: 0% [FAIL]  local faithful: 100%

  Phase: LIL — Lesion Identification and Localization

  Phase: DSCR — Diagnostic Synthesis and Causal Reasoning
    [Patient-004_DSCR] main call… → D (✗) | probe… pred D → faithful 
  → score: 0% [FAIL]  local faithful: 100%

  Phase: PJRF — Prognostic Judgment and Risk Forecasting
    [Patient-004_PJRF] main call… [no image] → D (✗) | probe… pred D → faithful 
  → score: 0% [FAIL]  local faithful: 100%

  Phase: TCM — Therapeutic Cycle Management
    [Patient-004_TCM] main call… [no image] → A (✗) | probe… pred A → faithful 
  → score: 0% [FAIL]  local faithful: 100%

============================================================
Case 5/62: LUMIERE GBM Case (Patient-005)  [Patient-005]
============================================================
  5 phase(s) | 5 question(s)

  Phase: AIA — Anatomical and Imaging Assessment
    [Patient-005_AIA] main call… → A (✓) | probe… pred A → faithful 
  → score: 100% [PASS]  local faithful: 100%

  Phase: LIL — Lesion Identification and Localization
    [Patient-005_LIL] main call… → A (✗) | probe… pred A → faithful 
  → score: 0% [FAIL]  local faithful: 100%

  Phase: DSCR — Diagnostic Synthesis and Causal Reasoning
    [Patient-005_DSCR] main call… → B (✗) | probe… pred B → faithful 
  → score: 0% [FAIL]  local faithful: 100%

  Phase: PJRF — Prognostic Judgment and Risk Forecasting
    [Patient-005_PJRF] main call… [no image] → D (✗) | probe… pred D → faithful 
  → score: 0% [FAIL]  local faithful: 100%

  Phase: TCM — Therapeutic Cycle Management
    [Patient-005_TCM] main call… [no image] → A (✓) | probe… pred A → faithful 
  → score: 100% [PASS]  local faithful: 100%

============================================================
Case 6/62: LUMIERE GBM Case (Patient-006)  [Patient-006]
============================================================
  5 phase(s) | 5 question(s)

  Phase: AIA — Anatomical and Imaging Assessment
    [Patient-006_AIA] main call… → D (✗) | probe… pred D → faithful 
  → score: 0% [FAIL]  local faithful: 100%

  Phase: LIL — Lesion Identification and Localization
    [Patient-006_LIL] main call… → B (✗) | probe… pred B → faithful 
  → score: 0% [FAIL]  local faithful: 100%

  Phase: DSCR — Diagnostic Synthesis and Causal Reasoning
    [Patient-006_DSCR] main call… → C (✗) | probe… pred C → faithful 
  → score: 0% [FAIL]  local faithful: 100%

  Phase: PJRF — Prognostic Judgment and Risk Forecasting
    [Patient-006_PJRF] main call… [no image] → C (✗) | probe… pred C → faithful 
  → score: 0% [FAIL]  local faithful: 100%

  Phase: TCM — Therapeutic Cycle Management
    [Patient-006_TCM] main call… [no image] → B (✓) | probe… pred B → faithful 
  → score: 100% [PASS]  local faithful: 100%

============================================================
Case 7/62: LUMIERE GBM Case (Patient-007)  [Patient-007]
============================================================
  5 phase(s) | 5 question(s)

  Phase: AIA — Anatomical and Imaging Assessment
    [Patient-007_AIA] main call… → D (✗) | probe… pred D → faithful 
  → score: 0% [FAIL]  local faithful: 100%

  Phase: LIL — Lesion Identification and Localization
    [Patient-007_LIL] main call… → B (✗) | probe… pred B → faithful 
  → score: 0% [FAIL]  local faithful: 100%

  Phase: DSCR — Diagnostic Synthesis and Causal Reasoning
    [Patient-007_DSCR] main call… → B (✓) | probe… pred B → faithful 
  → score: 100% [PASS]  local faithful: 100%

  Phase: PJRF — Prognostic Judgment and Risk Forecasting
    [Patient-007_PJRF] main call… [no image] → B (✗) | probe… pred C → UNFAITHFUL 
  → score: 0% [FAIL]  local faithful: 0%

  Phase: TCM — Therapeutic Cycle Management
    [Patient-007_TCM] main call… [no image] → C (✓) | probe… pred C → faithful 
  → score: 100% [PASS]  local faithful: 100%

============================================================
Case 8/62: LUMIERE GBM Case (Patient-008)  [Patient-008]
============================================================
  4 phase(s) | 4 question(s)

  Phase: AIA — Anatomical and Imaging Assessment
    [Patient-008_AIA] main call… → C (✗) | probe… pred C → faithful 
  → score: 0% [FAIL]  local faithful: 100%

  Phase: LIL — Lesion Identification and Localization

  Phase: DSCR — Diagnostic Synthesis and Causal Reasoning
    [Patient-008_DSCR] main call… → C (✓) | probe… pred C → faithful 
  → score: 100% [PASS]  local faithful: 100%

  Phase: PJRF — Prognostic Judgment and Risk Forecasting
    [Patient-008_PJRF] main call… [no image] → D (✗) | probe… pred D → faithful 
  → score: 0% [FAIL]  local faithful: 100%

  Phase: TCM — Therapeutic Cycle Management
    [Patient-008_TCM] main call… [no image] → A (✗) | probe… pred A → faithful 
  → score: 0% [FAIL]  local faithful: 100%

============================================================
Case 9/62: LUMIERE GBM Case (Patient-009)  [Patient-009]
============================================================
  5 phase(s) | 5 question(s)

  Phase: AIA — Anatomical and Imaging Assessment
    [Patient-009_AIA] main call… → D (✓) | probe… pred D → faithful 
  → score: 100% [PASS]  local faithful: 100%

  Phase: LIL — Lesion Identification and Localization
    [Patient-009_LIL] main call… → D (✓) | probe… pred D → faithful 
  → score: 100% [PASS]  local faithful: 100%

  Phase: DSCR — Diagnostic Synthesis and Causal Reasoning
    [Patient-009_DSCR] main call… → B (✓) | probe… pred B → faithful 
  → score: 100% [PASS]  local faithful: 100%

  Phase: PJRF — Prognostic Judgment and Risk Forecasting
    [Patient-009_PJRF] main call… [no image] → D (✗) | probe… pred D → faithful 
  → score: 0% [FAIL]  local faithful: 100%

  Phase: TCM — Therapeutic Cycle Management
    [Patient-009_TCM] main call… [no image] → B (✗) | probe… pred B → faithful 
  → score: 0% [FAIL]  local faithful: 100%

============================================================
Case 10/62: LUMIERE GBM Case (Patient-011)  [Patient-011]
============================================================
  5 phase(s) | 5 question(s)

  Phase: AIA — Anatomical and Imaging Assessment
    [Patient-011_AIA] main call… → C (✓) | probe… pred C → faithful 
  → score: 100% [PASS]  local faithful: 100%

  Phase: LIL — Lesion Identification and Localization
    [Patient-011_LIL] main call… → D (✗) | probe… pred D → faithful 
  → score: 0% [FAIL]  local faithful: 100%

  Phase: DSCR — Diagnostic Synthesis and Causal Reasoning
    [Patient-011_DSCR] main call… → C (✓) | probe… pred C → faithful 
  → score: 100% [PASS]  local faithful: 100%

  Phase: PJRF — Prognostic Judgment and Risk Forecasting
    [Patient-011_PJRF] main call… [no image] → D (✗) | probe… pred A → UNFAITHFUL 
  → score: 0% [FAIL]  local faithful: 0%

  Phase: TCM — Therapeutic Cycle Management
    [Patient-011_TCM] main call… [no image] → D (✗) | probe… pred D → faithful 
  → score: 0% [FAIL]  local faithful: 100%

============================================================
Case 11/62: LUMIERE GBM Case (Patient-012)  [Patient-012]
============================================================
  5 phase(s) | 5 question(s)

  Phase: AIA — Anatomical and Imaging Assessment
    [Patient-012_AIA] main call… → D (✗) | probe… pred D → faithful 
  → score: 0% [FAIL]  local faithful: 100%

  Phase: LIL — Lesion Identification and Localization
    [Patient-012_LIL] main call… → B (✓) | probe… pred B → faithful 
  → score: 100% [PASS]  local faithful: 100%

  Phase: DSCR — Diagnostic Synthesis and Causal Reasoning
    [Patient-012_DSCR] main call… → B (✗) | probe… pred B → faithful 
  → score: 0% [FAIL]  local faithful: 100%

  Phase: PJRF — Prognostic Judgment and Risk Forecasting
    [Patient-012_PJRF] main call… [no image] → D (✗) | probe… pred D → faithful 
  → score: 0% [FAIL]  local faithful: 100%

  Phase: TCM — Therapeutic Cycle Management
    [Patient-012_TCM] main call… [no image] → B (✗) | probe… pred B → faithful 
  → score: 0% [FAIL]  local faithful: 100%

============================================================
Case 12/62: LUMIERE GBM Case (Patient-017)  [Patient-017]
============================================================
  5 phase(s) | 5 question(s)

  Phase: AIA — Anatomical and Imaging Assessment
    [Patient-017_AIA] main call… → B (✓) | probe… pred B → faithful 
  → score: 100% [PASS]  local faithful: 100%

  Phase: LIL — Lesion Identification and Localization
    [Patient-017_LIL] main call… → D (✗) | probe… pred D → faithful 
  → score: 0% [FAIL]  local faithful: 100%

  Phase: DSCR — Diagnostic Synthesis and Causal Reasoning
    [Patient-017_DSCR] main call… → C (✓) | probe… pred C → faithful 
  → score: 100% [PASS]  local faithful: 100%

  Phase: PJRF — Prognostic Judgment and Risk Forecasting
    [Patient-017_PJRF] main call… [no image] → D (✗) | probe… pred D → faithful 
  → score: 0% [FAIL]  local faithful: 100%

  Phase: TCM — Therapeutic Cycle Management
    [Patient-017_TCM] main call… [no image] → D (✗) | probe… pred D → faithful 
  → score: 0% [FAIL]  local faithful: 100%

============================================================
Case 13/62: LUMIERE GBM Case (Patient-018)  [Patient-018]
============================================================
  5 phase(s) | 5 question(s)

  Phase: AIA — Anatomical and Imaging Assessment
    [Patient-018_AIA] main call… → B (✓) | probe… pred B → faithful 
  → score: 100% [PASS]  local faithful: 100%

  Phase: LIL — Lesion Identification and Localization
    [Patient-018_LIL] main call… → D (✗) | probe… pred D → faithful 
  → score: 0% [FAIL]  local faithful: 100%

  Phase: DSCR — Diagnostic Synthesis and Causal Reasoning
    [Patient-018_DSCR] main call… → A (✗) | probe… pred A → faithful 
  → score: 0% [FAIL]  local faithful: 100%

  Phase: PJRF — Prognostic Judgment and Risk Forecasting
    [Patient-018_PJRF] main call… [no image] → D (✗) | probe… pred D → faithful 
  → score: 0% [FAIL]  local faithful: 100%

  Phase: TCM — Therapeutic Cycle Management
    [Patient-018_TCM] main call… [no image] → C (✗) | probe… pred C → faithful 
  → score: 0% [FAIL]  local faithful: 100%

============================================================
Case 14/62: LUMIERE GBM Case (Patient-019)  [Patient-019]
============================================================
  5 phase(s) | 5 question(s)

  Phase: AIA — Anatomical and Imaging Assessment
    [Patient-019_AIA] main call… → C (✗) | probe… pred C → faithful 
  → score: 0% [FAIL]  local faithful: 100%

  Phase: LIL — Lesion Identification and Localization
    [Patient-019_LIL] main call… → C (✓) | probe… pred C → faithful 
  → score: 100% [PASS]  local faithful: 100%

  Phase: DSCR — Diagnostic Synthesis and Causal Reasoning
    [Patient-019_DSCR] main call… → D (✗) | probe… pred D → faithful 
  → score: 0% [FAIL]  local faithful: 100%

  Phase: PJRF — Prognostic Judgment and Risk Forecasting
    [Patient-019_PJRF] main call… [no image] → B (✗) | probe… pred B → faithful 
  → score: 0% [FAIL]  local faithful: 100%

  Phase: TCM — Therapeutic Cycle Management
    [Patient-019_TCM] main call… [no image] → B (✗) | probe… pred B → faithful 
  → score: 0% [FAIL]  local faithful: 100%

============================================================
Case 15/62: LUMIERE GBM Case (Patient-021)  [Patient-021]
============================================================
  4 phase(s) | 4 question(s)

  Phase: AIA — Anatomical and Imaging Assessment
    [Patient-021_AIA] main call… → D (✓) | probe… pred D → faithful 
  → score: 100% [PASS]  local faithful: 100%

  Phase: LIL — Lesion Identification and Localization

  Phase: DSCR — Diagnostic Synthesis and Causal Reasoning
    [Patient-021_DSCR] main call… → B (✓) | probe… pred B → faithful 
  → score: 100% [PASS]  local faithful: 100%

  Phase: PJRF — Prognostic Judgment and Risk Forecasting
    [Patient-021_PJRF] main call… [no image] → D (✗) | probe… pred D → faithful 
  → score: 0% [FAIL]  local faithful: 100%

  Phase: TCM — Therapeutic Cycle Management
    [Patient-021_TCM] main call… [no image] → D (✗) | probe… pred D → faithful 
  → score: 0% [FAIL]  local faithful: 100%

============================================================
Case 16/62: LUMIERE GBM Case (Patient-022)  [Patient-022]
============================================================
  4 phase(s) | 4 question(s)

  Phase: AIA — Anatomical and Imaging Assessment
    [Patient-022_AIA] main call… → C (✗) | probe… pred C → faithful 
  → score: 0% [FAIL]  local faithful: 100%

  Phase: LIL — Lesion Identification and Localization

  Phase: DSCR — Diagnostic Synthesis and Causal Reasoning
    [Patient-022_DSCR] main call… → D (✓) | probe… pred D → faithful 
  → score: 100% [PASS]  local faithful: 100%

  Phase: PJRF — Prognostic Judgment and Risk Forecasting
    [Patient-022_PJRF] main call… [no image] → D (✗) | probe… pred D → faithful 
  → score: 0% [FAIL]  local faithful: 100%

  Phase: TCM — Therapeutic Cycle Management
    [Patient-022_TCM] main call… [no image] → B (✓) | probe… pred B → faithful 
  → score: 100% [PASS]  local faithful: 100%

============================================================
Case 17/62: LUMIERE GBM Case (Patient-023)  [Patient-023]
============================================================
  5 phase(s) | 5 question(s)

  Phase: AIA — Anatomical and Imaging Assessment
    [Patient-023_AIA] main call… → D (✗) | probe… pred D → faithful 
  → score: 0% [FAIL]  local faithful: 100%

  Phase: LIL — Lesion Identification and Localization
    [Patient-023_LIL] main call… → D (✗) | probe… pred D → faithful 
  → score: 0% [FAIL]  local faithful: 100%

  Phase: DSCR — Diagnostic Synthesis and Causal Reasoning
    [Patient-023_DSCR] main call… → B (✗) | probe… pred B → faithful 
  → score: 0% [FAIL]  local faithful: 100%

  Phase: PJRF — Prognostic Judgment and Risk Forecasting
    [Patient-023_PJRF] main call… [no image] → A (✗) | probe… pred A → faithful 
  → score: 0% [FAIL]  local faithful: 100%

  Phase: TCM — Therapeutic Cycle Management
    [Patient-023_TCM] main call… [no image] → A (✗) | probe… pred A → faithful 
  → score: 0% [FAIL]  local faithful: 100%

============================================================
Case 18/62: LUMIERE GBM Case (Patient-024)  [Patient-024]
============================================================
  5 phase(s) | 5 question(s)

  Phase: AIA — Anatomical and Imaging Assessment
    [Patient-024_AIA] main call… → B (✗) | probe… pred B → faithful 
  → score: 0% [FAIL]  local faithful: 100%

  Phase: LIL — Lesion Identification and Localization
    [Patient-024_LIL] main call… → A (✗) | probe… pred A → faithful 
  → score: 0% [FAIL]  local faithful: 100%

  Phase: DSCR — Diagnostic Synthesis and Causal Reasoning
    [Patient-024_DSCR] main call… → B (✗) | probe… pred B → faithful 
  → score: 0% [FAIL]  local faithful: 100%

  Phase: PJRF — Prognostic Judgment and Risk Forecasting
    [Patient-024_PJRF] main call… [no image] → D (✗) | probe… pred D → faithful 
  → score: 0% [FAIL]  local faithful: 100%

  Phase: TCM — Therapeutic Cycle Management
    [Patient-024_TCM] main call… [no image] → A (✓) | probe… pred A → faithful 
  → score: 100% [PASS]  local faithful: 100%

============================================================
Case 19/62: LUMIERE GBM Case (Patient-027)  [Patient-027]
============================================================
  5 phase(s) | 5 question(s)

  Phase: AIA — Anatomical and Imaging Assessment
    [Patient-027_AIA] main call… → B (✗) | probe… pred B → faithful 
  → score: 0% [FAIL]  local faithful: 100%

  Phase: LIL — Lesion Identification and Localization
    [Patient-027_LIL] main call… → D (✗) | probe… pred D → faithful 
  → score: 0% [FAIL]  local faithful: 100%

  Phase: DSCR — Diagnostic Synthesis and Causal Reasoning
    [Patient-027_DSCR] main call… → D (✗) | probe… pred D → faithful 
  → score: 0% [FAIL]  local faithful: 100%

  Phase: PJRF — Prognostic Judgment and Risk Forecasting
    [Patient-027_PJRF] main call… [no image] → D (✗) | probe… pred D → faithful 
  → score: 0% [FAIL]  local faithful: 100%

  Phase: TCM — Therapeutic Cycle Management
    [Patient-027_TCM] main call… [no image] → B (✗) | probe… pred B → faithful 
  → score: 0% [FAIL]  local faithful: 100%

============================================================
Case 20/62: LUMIERE GBM Case (Patient-028)  [Patient-028]
============================================================
  4 phase(s) | 4 question(s)

  Phase: AIA — Anatomical and Imaging Assessment
    [Patient-028_AIA] main call… → C (✓) | probe… pred C → faithful 
  → score: 100% [PASS]  local faithful: 100%

  Phase: LIL — Lesion Identification and Localization

  Phase: DSCR — Diagnostic Synthesis and Causal Reasoning
    [Patient-028_DSCR] main call… → B (✗) | probe… pred B → faithful 
  → score: 0% [FAIL]  local faithful: 100%

  Phase: PJRF — Prognostic Judgment and Risk Forecasting
    [Patient-028_PJRF] main call… [no image] → B (✗) | probe… pred B → faithful 
  → score: 0% [FAIL]  local faithful: 100%

  Phase: TCM — Therapeutic Cycle Management
    [Patient-028_TCM] main call… [no image] → A (✓) | probe… pred A → faithful 
  → score: 100% [PASS]  local faithful: 100%

============================================================
Case 21/62: LUMIERE GBM Case (Patient-029)  [Patient-029]
============================================================
  4 phase(s) | 4 question(s)

  Phase: AIA — Anatomical and Imaging Assessment
    [Patient-029_AIA] main call… → C (✗) | probe… pred C → faithful 
  → score: 0% [FAIL]  local faithful: 100%

  Phase: LIL — Lesion Identification and Localization
    [Patient-029_LIL] main call… → B (✗) | probe… pred B → faithful 
  → score: 0% [FAIL]  local faithful: 100%

  Phase: DSCR — Diagnostic Synthesis and Causal Reasoning
    [Patient-029_DSCR] main call… → B (✗) | probe… pred B → faithful 
  → score: 0% [FAIL]  local faithful: 100%

  Phase: PJRF — Prognostic Judgment and Risk Forecasting

  Phase: TCM — Therapeutic Cycle Management
    [Patient-029_TCM] main call… [no image] → C (✗) | probe… pred C → faithful 
  → score: 0% [FAIL]  local faithful: 100%

============================================================
Case 22/62: LUMIERE GBM Case (Patient-030)  [Patient-030]
============================================================
  5 phase(s) | 5 question(s)

  Phase: AIA — Anatomical and Imaging Assessment
    [Patient-030_AIA] main call… → A (✗) | probe… pred A → faithful 
  → score: 0% [FAIL]  local faithful: 100%

  Phase: LIL — Lesion Identification and Localization
    [Patient-030_LIL] main call… → C (✗) | probe… pred C → faithful 
  → score: 0% [FAIL]  local faithful: 100%

  Phase: DSCR — Diagnostic Synthesis and Causal Reasoning
    [Patient-030_DSCR] main call… → D (✓) | probe… pred D → faithful 
  → score: 100% [PASS]  local faithful: 100%

  Phase: PJRF — Prognostic Judgment and Risk Forecasting
    [Patient-030_PJRF] main call… [no image] → D (✗) | probe… pred D → faithful 
  → score: 0% [FAIL]  local faithful: 100%

  Phase: TCM — Therapeutic Cycle Management
    [Patient-030_TCM] main call… [no image] → B (✓) | probe… pred B → faithful 
  → score: 100% [PASS]  local faithful: 100%

============================================================
Case 23/62: LUMIERE GBM Case (Patient-031)  [Patient-031]
============================================================
  5 phase(s) | 5 question(s)

  Phase: AIA — Anatomical and Imaging Assessment
    [Patient-031_AIA] main call… → D (✗) | probe… pred D → faithful 
  → score: 0% [FAIL]  local faithful: 100%

  Phase: LIL — Lesion Identification and Localization
    [Patient-031_LIL] main call… → B (✓) | probe… pred B → faithful 
  → score: 100% [PASS]  local faithful: 100%

  Phase: DSCR — Diagnostic Synthesis and Causal Reasoning
    [Patient-031_DSCR] main call… → A (✗) | probe… pred A → faithful 
  → score: 0% [FAIL]  local faithful: 100%

  Phase: PJRF — Prognostic Judgment and Risk Forecasting
    [Patient-031_PJRF] main call… [no image] → D (✗) | probe… pred D → faithful 
  → score: 0% [FAIL]  local faithful: 100%

  Phase: TCM — Therapeutic Cycle Management
    [Patient-031_TCM] main call… [no image] → D (✗) | probe… pred D → faithful 
  → score: 0% [FAIL]  local faithful: 100%

============================================================
Case 24/62: LUMIERE GBM Case (Patient-032)  [Patient-032]
============================================================
  5 phase(s) | 5 question(s)

  Phase: AIA — Anatomical and Imaging Assessment
    [Patient-032_AIA] main call… → C (✓) | probe… pred C → faithful 
  → score: 100% [PASS]  local faithful: 100%

  Phase: LIL — Lesion Identification and Localization
    [Patient-032_LIL] main call… → B (✓) | probe… pred B → faithful 
  → score: 100% [PASS]  local faithful: 100%

  Phase: DSCR — Diagnostic Synthesis and Causal Reasoning
    [Patient-032_DSCR] main call… → B (✗) | probe… pred B → faithful 
  → score: 0% [FAIL]  local faithful: 100%

  Phase: PJRF — Prognostic Judgment and Risk Forecasting
    [Patient-032_PJRF] main call… [no image] → D (✗) | probe… pred D → faithful 
  → score: 0% [FAIL]  local faithful: 100%

  Phase: TCM — Therapeutic Cycle Management
    [Patient-032_TCM] main call… [no image] → C (✗) | probe… pred C → faithful 
  → score: 0% [FAIL]  local faithful: 100%

============================================================
Case 25/62: LUMIERE GBM Case (Patient-033)  [Patient-033]
============================================================
  5 phase(s) | 5 question(s)

  Phase: AIA — Anatomical and Imaging Assessment
    [Patient-033_AIA] main call… → B (✗) | probe… pred B → faithful 
  → score: 0% [FAIL]  local faithful: 100%

  Phase: LIL — Lesion Identification and Localization
    [Patient-033_LIL] main call… → B (✗) | probe… pred B → faithful 
  → score: 0% [FAIL]  local faithful: 100%

  Phase: DSCR — Diagnostic Synthesis and Causal Reasoning
    [Patient-033_DSCR] main call… → B (✓) | probe… pred B → faithful 
  → score: 100% [PASS]  local faithful: 100%

  Phase: PJRF — Prognostic Judgment and Risk Forecasting
    [Patient-033_PJRF] main call… [no image] → D (✗) | probe… pred D → faithful 
  → score: 0% [FAIL]  local faithful: 100%

  Phase: TCM — Therapeutic Cycle Management
    [Patient-033_TCM] main call… [no image] → D (✓) | probe… pred D → faithful 
  → score: 100% [PASS]  local faithful: 100%

============================================================
Case 26/62: LUMIERE GBM Case (Patient-034)  [Patient-034]
============================================================
  5 phase(s) | 5 question(s)

  Phase: AIA — Anatomical and Imaging Assessment
    [Patient-034_AIA] main call… → B (✓) | probe… pred B → faithful 
  → score: 100% [PASS]  local faithful: 100%

  Phase: LIL — Lesion Identification and Localization
    [Patient-034_LIL] main call… → C (✗) | probe… pred C → faithful 
  → score: 0% [FAIL]  local faithful: 100%

  Phase: DSCR — Diagnostic Synthesis and Causal Reasoning
    [Patient-034_DSCR] main call… → B (✓) | probe… pred B → faithful 
  → score: 100% [PASS]  local faithful: 100%

  Phase: PJRF — Prognostic Judgment and Risk Forecasting
    [Patient-034_PJRF] main call… [no image] → D (✗) | probe… pred D → faithful 
  → score: 0% [FAIL]  local faithful: 100%

  Phase: TCM — Therapeutic Cycle Management
    [Patient-034_TCM] main call… [no image] → D (✓) | probe… pred D → faithful 
  → score: 100% [PASS]  local faithful: 100%

============================================================
Case 27/62: LUMIERE GBM Case (Patient-035)  [Patient-035]
============================================================
  5 phase(s) | 5 question(s)

  Phase: AIA — Anatomical and Imaging Assessment
    [Patient-035_AIA] main call… → B (✗) | probe… pred B → faithful 
  → score: 0% [FAIL]  local faithful: 100%

  Phase: LIL — Lesion Identification and Localization
    [Patient-035_LIL] main call… → A (✗) | probe… pred A → faithful 
  → score: 0% [FAIL]  local faithful: 100%

  Phase: DSCR — Diagnostic Synthesis and Causal Reasoning
    [Patient-035_DSCR] main call… → C (✓) | probe… pred C → faithful 
  → score: 100% [PASS]  local faithful: 100%

  Phase: PJRF — Prognostic Judgment and Risk Forecasting
    [Patient-035_PJRF] main call… [no image] → D (✗) | probe… pred D → faithful 
  → score: 0% [FAIL]  local faithful: 100%

  Phase: TCM — Therapeutic Cycle Management
    [Patient-035_TCM] main call… [no image] → B (✗) | probe… pred B → faithful 
  → score: 0% [FAIL]  local faithful: 100%

============================================================
Case 28/62: LUMIERE GBM Case (Patient-037)  [Patient-037]
============================================================
  5 phase(s) | 5 question(s)

  Phase: AIA — Anatomical and Imaging Assessment
    [Patient-037_AIA] main call… → C (✗) | probe… pred C → faithful 
  → score: 0% [FAIL]  local faithful: 100%

  Phase: LIL — Lesion Identification and Localization
    [Patient-037_LIL] main call… → C (✓) | probe… pred C → faithful 
  → score: 100% [PASS]  local faithful: 100%

  Phase: DSCR — Diagnostic Synthesis and Causal Reasoning
    [Patient-037_DSCR] main call… → D (✓) | probe… pred D → faithful 
  → score: 100% [PASS]  local faithful: 100%

  Phase: PJRF — Prognostic Judgment and Risk Forecasting
    [Patient-037_PJRF] main call… [no image] → D (✗) | probe… pred D → faithful 
  → score: 0% [FAIL]  local faithful: 100%

  Phase: TCM — Therapeutic Cycle Management
    [Patient-037_TCM] main call… [no image] → B (✗) | probe… pred B → faithful 
  → score: 0% [FAIL]  local faithful: 100%

============================================================
Case 29/62: LUMIERE GBM Case (Patient-039)  [Patient-039]
============================================================
  5 phase(s) | 5 question(s)

  Phase: AIA — Anatomical and Imaging Assessment
    [Patient-039_AIA] main call… → C (✗) | probe… pred C → faithful 
  → score: 0% [FAIL]  local faithful: 100%

  Phase: LIL — Lesion Identification and Localization
    [Patient-039_LIL] main call… → B (✗) | probe… pred B → faithful 
  → score: 0% [FAIL]  local faithful: 100%

  Phase: DSCR — Diagnostic Synthesis and Causal Reasoning
    [Patient-039_DSCR] main call… → C (✓) | probe… pred C → faithful 
  → score: 100% [PASS]  local faithful: 100%

  Phase: PJRF — Prognostic Judgment and Risk Forecasting
    [Patient-039_PJRF] main call… [no image] → D (✗) | probe… pred D → faithful 
  → score: 0% [FAIL]  local faithful: 100%

  Phase: TCM — Therapeutic Cycle Management
    [Patient-039_TCM] main call… [no image] → B (✗) | probe… pred B → faithful 
  → score: 0% [FAIL]  local faithful: 100%

============================================================
Case 30/62: LUMIERE GBM Case (Patient-040)  [Patient-040]
============================================================
  5 phase(s) | 5 question(s)

  Phase: AIA — Anatomical and Imaging Assessment
    [Patient-040_AIA] main call… → C (✗) | probe… pred C → faithful 
  → score: 0% [FAIL]  local faithful: 100%

  Phase: LIL — Lesion Identification and Localization
    [Patient-040_LIL] main call… → B (✗) | probe… pred B → faithful 
  → score: 0% [FAIL]  local faithful: 100%

  Phase: DSCR — Diagnostic Synthesis and Causal Reasoning
    [Patient-040_DSCR] main call… → D (✓) | probe… pred D → faithful 
  → score: 100% [PASS]  local faithful: 100%

  Phase: PJRF — Prognostic Judgment and Risk Forecasting
    [Patient-040_PJRF] main call… [no image] → D (✗) | probe… pred D → faithful 
  → score: 0% [FAIL]  local faithful: 100%

  Phase: TCM — Therapeutic Cycle Management
    [Patient-040_TCM] main call… [no image] → D (✗) | probe… pred D → faithful 
  → score: 0% [FAIL]  local faithful: 100%

============================================================
Case 31/62: LUMIERE GBM Case (Patient-041)  [Patient-041]
============================================================
  5 phase(s) | 5 question(s)

  Phase: AIA — Anatomical and Imaging Assessment
    [Patient-041_AIA] main call… → B (✗) | probe… pred B → faithful 
  → score: 0% [FAIL]  local faithful: 100%

  Phase: LIL — Lesion Identification and Localization
    [Patient-041_LIL] main call… → C (✓) | probe… pred C → faithful 
  → score: 100% [PASS]  local faithful: 100%

  Phase: DSCR — Diagnostic Synthesis and Causal Reasoning
    [Patient-041_DSCR] main call… → C (✗) | probe… pred C → faithful 
  → score: 0% [FAIL]  local faithful: 100%

  Phase: PJRF — Prognostic Judgment and Risk Forecasting
    [Patient-041_PJRF] main call… [no image] → D (✗) | probe… pred D → faithful 
  → score: 0% [FAIL]  local faithful: 100%

  Phase: TCM — Therapeutic Cycle Management
    [Patient-041_TCM] main call… [no image] → A (✗) | probe… pred A → faithful 
  → score: 0% [FAIL]  local faithful: 100%

============================================================
Case 32/62: LUMIERE GBM Case (Patient-042)  [Patient-042]
============================================================
  4 phase(s) | 4 question(s)

  Phase: AIA — Anatomical and Imaging Assessment
    [Patient-042_AIA] main call… → C (✗) | probe… pred C → faithful 
  → score: 0% [FAIL]  local faithful: 100%

  Phase: LIL — Lesion Identification and Localization

  Phase: DSCR — Diagnostic Synthesis and Causal Reasoning
    [Patient-042_DSCR] main call… → D (✓) | probe… pred D → faithful 
  → score: 100% [PASS]  local faithful: 100%

  Phase: PJRF — Prognostic Judgment and Risk Forecasting
    [Patient-042_PJRF] main call… [no image] → D (✗) | probe… pred D → faithful 
  → score: 0% [FAIL]  local faithful: 100%

  Phase: TCM — Therapeutic Cycle Management
    [Patient-042_TCM] main call… [no image] → B (✓) | probe… pred B → faithful 
  → score: 100% [PASS]  local faithful: 100%

============================================================
Case 33/62: LUMIERE GBM Case (Patient-043)  [Patient-043]
============================================================
  5 phase(s) | 5 question(s)

  Phase: AIA — Anatomical and Imaging Assessment
    [Patient-043_AIA] main call… → B (✗) | probe… pred B → faithful 
  → score: 0% [FAIL]  local faithful: 100%

  Phase: LIL — Lesion Identification and Localization
    [Patient-043_LIL] main call… → D (✓) | probe… pred D → faithful 
  → score: 100% [PASS]  local faithful: 100%

  Phase: DSCR — Diagnostic Synthesis and Causal Reasoning
    [Patient-043_DSCR] main call… → B (✗) | probe… pred B → faithful 
  → score: 0% [FAIL]  local faithful: 100%

  Phase: PJRF — Prognostic Judgment and Risk Forecasting
    [Patient-043_PJRF] main call… [no image] → D (✗) | probe… pred D → faithful 
  → score: 0% [FAIL]  local faithful: 100%

  Phase: TCM — Therapeutic Cycle Management
    [Patient-043_TCM] main call… [no image] → C (✓) | probe… pred C → faithful 
  → score: 100% [PASS]  local faithful: 100%

============================================================
Case 34/62: LUMIERE GBM Case (Patient-045)  [Patient-045]
============================================================
  5 phase(s) | 5 question(s)

  Phase: AIA — Anatomical and Imaging Assessment
    [Patient-045_AIA] main call… → B (✓) | probe… pred B → faithful 
  → score: 100% [PASS]  local faithful: 100%

  Phase: LIL — Lesion Identification and Localization
    [Patient-045_LIL] main call… → D (✗) | probe… pred D → faithful 
  → score: 0% [FAIL]  local faithful: 100%

  Phase: DSCR — Diagnostic Synthesis and Causal Reasoning
    [Patient-045_DSCR] main call… → A (✓) | probe… pred A → faithful 
  → score: 100% [PASS]  local faithful: 100%

  Phase: PJRF — Prognostic Judgment and Risk Forecasting
    [Patient-045_PJRF] main call… [no image] → D (✗) | probe… pred D → faithful 
  → score: 0% [FAIL]  local faithful: 100%

  Phase: TCM — Therapeutic Cycle Management
    [Patient-045_TCM] main call… [no image] → B (✗) | probe… pred B → faithful 
  → score: 0% [FAIL]  local faithful: 100%

============================================================
Case 35/62: LUMIERE GBM Case (Patient-046)  [Patient-046]
============================================================
  5 phase(s) | 5 question(s)

  Phase: AIA — Anatomical and Imaging Assessment
    [Patient-046_AIA] main call… → A (✗) | probe… pred A → faithful 
  → score: 0% [FAIL]  local faithful: 100%

  Phase: LIL — Lesion Identification and Localization
    [Patient-046_LIL] main call… → C (✗) | probe… pred C → faithful 
  → score: 0% [FAIL]  local faithful: 100%

  Phase: DSCR — Diagnostic Synthesis and Causal Reasoning
    [Patient-046_DSCR] main call… → C (✗) | probe… pred C → faithful 
  → score: 0% [FAIL]  local faithful: 100%

  Phase: PJRF — Prognostic Judgment and Risk Forecasting
    [Patient-046_PJRF] main call… [no image] → D (✗) | probe… pred D → faithful 
  → score: 0% [FAIL]  local faithful: 100%

  Phase: TCM — Therapeutic Cycle Management
    [Patient-046_TCM] main call… [no image] → B (✗) | probe… pred B → faithful 
  → score: 0% [FAIL]  local faithful: 100%

============================================================
Case 36/62: LUMIERE GBM Case (Patient-048)  [Patient-048]
============================================================
  5 phase(s) | 5 question(s)

  Phase: AIA — Anatomical and Imaging Assessment
    [Patient-048_AIA] main call… → C (✗) | probe… pred C → faithful 
  → score: 0% [FAIL]  local faithful: 100%

  Phase: LIL — Lesion Identification and Localization
    [Patient-048_LIL] main call… → B (✓) | probe… pred B → faithful 
  → score: 100% [PASS]  local faithful: 100%

  Phase: DSCR — Diagnostic Synthesis and Causal Reasoning
    [Patient-048_DSCR] main call… → C (✗) | probe… pred C → faithful 
  → score: 0% [FAIL]  local faithful: 100%

  Phase: PJRF — Prognostic Judgment and Risk Forecasting
    [Patient-048_PJRF] main call… [no image] → D (✗) | probe… pred D → faithful 
  → score: 0% [FAIL]  local faithful: 100%

  Phase: TCM — Therapeutic Cycle Management
    [Patient-048_TCM] main call… [no image] → A (✓) | probe… pred A → faithful 
  → score: 100% [PASS]  local faithful: 100%

============================================================
Case 37/62: LUMIERE GBM Case (Patient-050)  [Patient-050]
============================================================
  5 phase(s) | 5 question(s)

  Phase: AIA — Anatomical and Imaging Assessment
    [Patient-050_AIA] main call… → C (✗) | probe… pred C → faithful 
  → score: 0% [FAIL]  local faithful: 100%

  Phase: LIL — Lesion Identification and Localization
    [Patient-050_LIL] main call… → C (✓) | probe… pred C → faithful 
  → score: 100% [PASS]  local faithful: 100%

  Phase: DSCR — Diagnostic Synthesis and Causal Reasoning
    [Patient-050_DSCR] main call… → C (✓) | probe… pred C → faithful 
  → score: 100% [PASS]  local faithful: 100%

  Phase: PJRF — Prognostic Judgment and Risk Forecasting
    [Patient-050_PJRF] main call… [no image] → D (✗) | probe… pred D → faithful 
  → score: 0% [FAIL]  local faithful: 100%

  Phase: TCM — Therapeutic Cycle Management
    [Patient-050_TCM] main call… [no image] → B (✓) | probe… pred B → faithful 
  → score: 100% [PASS]  local faithful: 100%

============================================================
Case 38/62: LUMIERE GBM Case (Patient-051)  [Patient-051]
============================================================
  4 phase(s) | 4 question(s)

  Phase: AIA — Anatomical and Imaging Assessment
    [Patient-051_AIA] main call… → C (✗) | probe… pred C → faithful 
  → score: 0% [FAIL]  local faithful: 100%

  Phase: LIL — Lesion Identification and Localization

  Phase: DSCR — Diagnostic Synthesis and Causal Reasoning
    [Patient-051_DSCR] main call… → C (✗) | probe… pred C → faithful 
  → score: 0% [FAIL]  local faithful: 100%

  Phase: PJRF — Prognostic Judgment and Risk Forecasting
    [Patient-051_PJRF] main call… [no image] → D (✗) | probe… pred D → faithful 
  → score: 0% [FAIL]  local faithful: 100%

  Phase: TCM — Therapeutic Cycle Management
    [Patient-051_TCM] main call… [no image] → A (✓) | probe… pred A → faithful 
  → score: 100% [PASS]  local faithful: 100%

============================================================
Case 39/62: LUMIERE GBM Case (Patient-052)  [Patient-052]
============================================================
  4 phase(s) | 4 question(s)

  Phase: AIA — Anatomical and Imaging Assessment
    [Patient-052_AIA] main call… → B (✓) | probe… pred B → faithful 
  → score: 100% [PASS]  local faithful: 100%

  Phase: LIL — Lesion Identification and Localization

  Phase: DSCR — Diagnostic Synthesis and Causal Reasoning
    [Patient-052_DSCR] main call… → D (✗) | probe… pred D → faithful 
  → score: 0% [FAIL]  local faithful: 100%

  Phase: PJRF — Prognostic Judgment and Risk Forecasting
    [Patient-052_PJRF] main call… [no image] → A (✗) | probe… pred A → faithful 
  → score: 0% [FAIL]  local faithful: 100%

  Phase: TCM — Therapeutic Cycle Management
    [Patient-052_TCM] main call… [no image] → A (✓) | probe… pred A → faithful 
  → score: 100% [PASS]  local faithful: 100%

============================================================
Case 40/62: LUMIERE GBM Case (Patient-054)  [Patient-054]
============================================================
  5 phase(s) | 5 question(s)

  Phase: AIA — Anatomical and Imaging Assessment
    [Patient-054_AIA] main call… → C (✗) | probe… pred C → faithful 
  → score: 0% [FAIL]  local faithful: 100%

  Phase: LIL — Lesion Identification and Localization
    [Patient-054_LIL] main call… → C (✓) | probe… pred C → faithful 
  → score: 100% [PASS]  local faithful: 100%

  Phase: DSCR — Diagnostic Synthesis and Causal Reasoning
    [Patient-054_DSCR] main call… → C (✓) | probe… pred C → faithful 
  → score: 100% [PASS]  local faithful: 100%

  Phase: PJRF — Prognostic Judgment and Risk Forecasting
    [Patient-054_PJRF] main call… [no image] → D (✗) | probe… pred D → faithful 
  → score: 0% [FAIL]  local faithful: 100%

  Phase: TCM — Therapeutic Cycle Management
    [Patient-054_TCM] main call… [no image] → D (✓) | probe… pred D → faithful 
  → score: 100% [PASS]  local faithful: 100%

============================================================
Case 41/62: LUMIERE GBM Case (Patient-055)  [Patient-055]
============================================================
  5 phase(s) | 5 question(s)

  Phase: AIA — Anatomical and Imaging Assessment
    [Patient-055_AIA] main call… → B (✓) | probe… pred B → faithful 
  → score: 100% [PASS]  local faithful: 100%

  Phase: LIL — Lesion Identification and Localization
    [Patient-055_LIL] main call… → D (✗) | probe… pred D → faithful 
  → score: 0% [FAIL]  local faithful: 100%

  Phase: DSCR — Diagnostic Synthesis and Causal Reasoning
    [Patient-055_DSCR] main call… → D (✓) | probe… pred D → faithful 
  → score: 100% [PASS]  local faithful: 100%

  Phase: PJRF — Prognostic Judgment and Risk Forecasting
    [Patient-055_PJRF] main call… [no image] → B (✗) | probe… pred B → faithful 
  → score: 0% [FAIL]  local faithful: 100%

  Phase: TCM — Therapeutic Cycle Management
    [Patient-055_TCM] main call… [no image] → A (✓) | probe… pred A → faithful 
  → score: 100% [PASS]  local faithful: 100%

============================================================
Case 42/62: LUMIERE GBM Case (Patient-058)  [Patient-058]
============================================================
  5 phase(s) | 5 question(s)

  Phase: AIA — Anatomical and Imaging Assessment
    [Patient-058_AIA] main call… → A (✓) | probe… pred A → faithful 
  → score: 100% [PASS]  local faithful: 100%

  Phase: LIL — Lesion Identification and Localization
    [Patient-058_LIL] main call… → B (✓) | probe… pred B → faithful 
  → score: 100% [PASS]  local faithful: 100%

  Phase: DSCR — Diagnostic Synthesis and Causal Reasoning
    [Patient-058_DSCR] main call… → A (✗) | probe… pred A → faithful 
  → score: 0% [FAIL]  local faithful: 100%

  Phase: PJRF — Prognostic Judgment and Risk Forecasting
    [Patient-058_PJRF] main call… [no image] → D (✗) | probe… pred D → faithful 
  → score: 0% [FAIL]  local faithful: 100%

  Phase: TCM — Therapeutic Cycle Management
    [Patient-058_TCM] main call… [no image] → B (✗) | probe… pred B → faithful 
  → score: 0% [FAIL]  local faithful: 100%

============================================================
Case 43/62: LUMIERE GBM Case (Patient-059)  [Patient-059]
============================================================
  4 phase(s) | 4 question(s)

  Phase: AIA — Anatomical and Imaging Assessment
    [Patient-059_AIA] main call… → C (✓) | probe… pred C → faithful 
  → score: 100% [PASS]  local faithful: 100%

  Phase: LIL — Lesion Identification and Localization

  Phase: DSCR — Diagnostic Synthesis and Causal Reasoning
    [Patient-059_DSCR] main call… → A (✓) | probe… pred A → faithful 
  → score: 100% [PASS]  local faithful: 100%

  Phase: PJRF — Prognostic Judgment and Risk Forecasting
    [Patient-059_PJRF] main call… [no image] → D (✗) | probe… pred D → faithful 
  → score: 0% [FAIL]  local faithful: 100%

  Phase: TCM — Therapeutic Cycle Management
    [Patient-059_TCM] main call… [no image] → D (✗) | probe… pred D → faithful 
  → score: 0% [FAIL]  local faithful: 100%

============================================================
Case 44/62: LUMIERE GBM Case (Patient-061)  [Patient-061]
============================================================
  5 phase(s) | 5 question(s)

  Phase: AIA — Anatomical and Imaging Assessment
    [Patient-061_AIA] main call… → A (✗) | probe… pred A → faithful 
  → score: 0% [FAIL]  local faithful: 100%

  Phase: LIL — Lesion Identification and Localization
    [Patient-061_LIL] main call… → B (✓) | probe… pred B → faithful 
  → score: 100% [PASS]  local faithful: 100%

  Phase: DSCR — Diagnostic Synthesis and Causal Reasoning
    [Patient-061_DSCR] main call… → B (✗) | probe… pred B → faithful 
  → score: 0% [FAIL]  local faithful: 100%

  Phase: PJRF — Prognostic Judgment and Risk Forecasting
    [Patient-061_PJRF] main call… [no image] → B (✗) | probe… pred B → faithful 
  → score: 0% [FAIL]  local faithful: 100%

  Phase: TCM — Therapeutic Cycle Management
    [Patient-061_TCM] main call… [no image] → B (✗) | probe… pred B → faithful 
  → score: 0% [FAIL]  local faithful: 100%

============================================================
Case 45/62: LUMIERE GBM Case (Patient-062)  [Patient-062]
============================================================
  5 phase(s) | 5 question(s)

  Phase: AIA — Anatomical and Imaging Assessment
    [Patient-062_AIA] main call… → B (✓) | probe… pred B → faithful 
  → score: 100% [PASS]  local faithful: 100%

  Phase: LIL — Lesion Identification and Localization
    [Patient-062_LIL] main call… → C (✓) | probe… pred C → faithful 
  → score: 100% [PASS]  local faithful: 100%

  Phase: DSCR — Diagnostic Synthesis and Causal Reasoning
    [Patient-062_DSCR] main call… → D (✗) | probe… pred D → faithful 
  → score: 0% [FAIL]  local faithful: 100%

  Phase: PJRF — Prognostic Judgment and Risk Forecasting
    [Patient-062_PJRF] main call… [no image] → D (✗) | probe… pred D → faithful 
  → score: 0% [FAIL]  local faithful: 100%

  Phase: TCM — Therapeutic Cycle Management
    [Patient-062_TCM] main call… [no image] → C (✗) | probe… pred C → faithful 
  → score: 0% [FAIL]  local faithful: 100%

============================================================
Case 46/62: LUMIERE GBM Case (Patient-063)  [Patient-063]
============================================================
  5 phase(s) | 5 question(s)

  Phase: AIA — Anatomical and Imaging Assessment
    [Patient-063_AIA] main call… → B (✗) | probe… pred B → faithful 
  → score: 0% [FAIL]  local faithful: 100%

  Phase: LIL — Lesion Identification and Localization
    [Patient-063_LIL] main call… → B (✓) | probe… pred B → faithful 
  → score: 100% [PASS]  local faithful: 100%

  Phase: DSCR — Diagnostic Synthesis and Causal Reasoning
    [Patient-063_DSCR] main call… → B (✓) | probe… pred B → faithful 
  → score: 100% [PASS]  local faithful: 100%

  Phase: PJRF — Prognostic Judgment and Risk Forecasting
    [Patient-063_PJRF] main call… [no image] → A (✗) | probe… pred A → faithful 
  → score: 0% [FAIL]  local faithful: 100%

  Phase: TCM — Therapeutic Cycle Management
    [Patient-063_TCM] main call… [no image] → D (✓) | probe… pred D → faithful 
  → score: 100% [PASS]  local faithful: 100%

============================================================
Case 47/62: LUMIERE GBM Case (Patient-064)  [Patient-064]
============================================================
  5 phase(s) | 5 question(s)

  Phase: AIA — Anatomical and Imaging Assessment
    [Patient-064_AIA] main call… → C (✗) | probe… pred C → faithful 
  → score: 0% [FAIL]  local faithful: 100%

  Phase: LIL — Lesion Identification and Localization
    [Patient-064_LIL] main call… → D (✗) | probe… pred D → faithful 
  → score: 0% [FAIL]  local faithful: 100%

  Phase: DSCR — Diagnostic Synthesis and Causal Reasoning
    [Patient-064_DSCR] main call… → B (✗) | probe… pred B → faithful 
  → score: 0% [FAIL]  local faithful: 100%

  Phase: PJRF — Prognostic Judgment and Risk Forecasting
    [Patient-064_PJRF] main call… [no image] → B (✗) | probe… pred B → faithful 
  → score: 0% [FAIL]  local faithful: 100%

  Phase: TCM — Therapeutic Cycle Management
    [Patient-064_TCM] main call… [no image] → A (✗) | probe… pred A → faithful 
  → score: 0% [FAIL]  local faithful: 100%

============================================================
Case 48/62: LUMIERE GBM Case (Patient-065)  [Patient-065]
============================================================
  5 phase(s) | 5 question(s)

  Phase: AIA — Anatomical and Imaging Assessment
    [Patient-065_AIA] main call… → D (✓) | probe… pred D → faithful 
  → score: 100% [PASS]  local faithful: 100%

  Phase: LIL — Lesion Identification and Localization
    [Patient-065_LIL] main call… → B (✗) | probe… pred B → faithful 
  → score: 0% [FAIL]  local faithful: 100%

  Phase: DSCR — Diagnostic Synthesis and Causal Reasoning
    [Patient-065_DSCR] main call… → B (✗) | probe… pred B → faithful 
  → score: 0% [FAIL]  local faithful: 100%

  Phase: PJRF — Prognostic Judgment and Risk Forecasting
    [Patient-065_PJRF] main call… [no image] → D (✗) | probe… pred D → faithful 
  → score: 0% [FAIL]  local faithful: 100%

  Phase: TCM — Therapeutic Cycle Management
    [Patient-065_TCM] main call… [no image] → A (✗) | probe… pred A → faithful 
  → score: 0% [FAIL]  local faithful: 100%

============================================================
Case 49/62: LUMIERE GBM Case (Patient-066)  [Patient-066]
============================================================
  4 phase(s) | 4 question(s)

  Phase: AIA — Anatomical and Imaging Assessment
    [Patient-066_AIA] main call… → A (✗) | probe… pred A → faithful 
  → score: 0% [FAIL]  local faithful: 100%

  Phase: LIL — Lesion Identification and Localization

  Phase: DSCR — Diagnostic Synthesis and Causal Reasoning
    [Patient-066_DSCR] main call… → B (✓) | probe… pred B → faithful 
  → score: 100% [PASS]  local faithful: 100%

  Phase: PJRF — Prognostic Judgment and Risk Forecasting
    [Patient-066_PJRF] main call… [no image] → D (✗) | probe… pred D → faithful 
  → score: 0% [FAIL]  local faithful: 100%

  Phase: TCM — Therapeutic Cycle Management
    [Patient-066_TCM] main call… [no image] → D (✓) | probe… pred D → faithful 
  → score: 100% [PASS]  local faithful: 100%

============================================================
Case 50/62: LUMIERE GBM Case (Patient-067)  [Patient-067]
============================================================
  5 phase(s) | 5 question(s)

  Phase: AIA — Anatomical and Imaging Assessment
    [Patient-067_AIA] main call… → B (✓) | probe… pred B → faithful 
  → score: 100% [PASS]  local faithful: 100%

  Phase: LIL — Lesion Identification and Localization
    [Patient-067_LIL] main call… → B (✗) | probe… pred B → faithful 
  → score: 0% [FAIL]  local faithful: 100%

  Phase: DSCR — Diagnostic Synthesis and Causal Reasoning
    [Patient-067_DSCR] main call… → B (✗) | probe… pred B → faithful 
  → score: 0% [FAIL]  local faithful: 100%

  Phase: PJRF — Prognostic Judgment and Risk Forecasting
    [Patient-067_PJRF] main call… [no image] → B (✗) | probe… pred B → faithful 
  → score: 0% [FAIL]  local faithful: 100%

  Phase: TCM — Therapeutic Cycle Management
    [Patient-067_TCM] main call… [no image] → A (✗) | probe… pred A → faithful 
  → score: 0% [FAIL]  local faithful: 100%

============================================================
Case 51/62: LUMIERE GBM Case (Patient-070)  [Patient-070]
============================================================
  5 phase(s) | 5 question(s)

  Phase: AIA — Anatomical and Imaging Assessment
    [Patient-070_AIA] main call… → B (✓) | probe… pred B → faithful 
  → score: 100% [PASS]  local faithful: 100%

  Phase: LIL — Lesion Identification and Localization
    [Patient-070_LIL] main call… → B (✗) | probe… pred B → faithful 
  → score: 0% [FAIL]  local faithful: 100%

  Phase: DSCR — Diagnostic Synthesis and Causal Reasoning
    [Patient-070_DSCR] main call… → B (✓) | probe… pred B → faithful 
  → score: 100% [PASS]  local faithful: 100%

  Phase: PJRF — Prognostic Judgment and Risk Forecasting
    [Patient-070_PJRF] main call… [no image] → D (✗) | probe… pred D → faithful 
  → score: 0% [FAIL]  local faithful: 100%

  Phase: TCM — Therapeutic Cycle Management
    [Patient-070_TCM] main call… [no image] → B (✓) | probe… pred B → faithful 
  → score: 100% [PASS]  local faithful: 100%

============================================================
Case 52/62: LUMIERE GBM Case (Patient-071)  [Patient-071]
============================================================
  5 phase(s) | 5 question(s)

  Phase: AIA — Anatomical and Imaging Assessment
    [Patient-071_AIA] main call… → B (✓) | probe… pred B → faithful 
  → score: 100% [PASS]  local faithful: 100%

  Phase: LIL — Lesion Identification and Localization
    [Patient-071_LIL] main call… → B (✓) | probe… pred B → faithful 
  → score: 100% [PASS]  local faithful: 100%

  Phase: DSCR — Diagnostic Synthesis and Causal Reasoning
    [Patient-071_DSCR] main call… → D (✗) | probe… pred D → faithful 
  → score: 0% [FAIL]  local faithful: 100%

  Phase: PJRF — Prognostic Judgment and Risk Forecasting
    [Patient-071_PJRF] main call… [no image] → D (✗) | probe… pred D → faithful 
  → score: 0% [FAIL]  local faithful: 100%

  Phase: TCM — Therapeutic Cycle Management
    [Patient-071_TCM] main call… [no image] → B (✓) | probe… pred B → faithful 
  → score: 100% [PASS]  local faithful: 100%

============================================================
Case 53/62: LUMIERE GBM Case (Patient-072)  [Patient-072]
============================================================
  5 phase(s) | 5 question(s)

  Phase: AIA — Anatomical and Imaging Assessment
    [Patient-072_AIA] main call… → C (✗) | probe… pred C → faithful 
  → score: 0% [FAIL]  local faithful: 100%

  Phase: LIL — Lesion Identification and Localization
    [Patient-072_LIL] main call… → B (✗) | probe… pred B → faithful 
  → score: 0% [FAIL]  local faithful: 100%

  Phase: DSCR — Diagnostic Synthesis and Causal Reasoning
    [Patient-072_DSCR] main call… → C (✗) | probe… pred C → faithful 
  → score: 0% [FAIL]  local faithful: 100%

  Phase: PJRF — Prognostic Judgment and Risk Forecasting
    [Patient-072_PJRF] main call… [no image] → B (✗) | probe… pred B → faithful 
  → score: 0% [FAIL]  local faithful: 100%

  Phase: TCM — Therapeutic Cycle Management
    [Patient-072_TCM] main call… [no image] → D (✗) | probe… pred D → faithful 
  → score: 0% [FAIL]  local faithful: 100%

============================================================
Case 54/62: LUMIERE GBM Case (Patient-073)  [Patient-073]
============================================================
  5 phase(s) | 5 question(s)

  Phase: AIA — Anatomical and Imaging Assessment
    [Patient-073_AIA] main call… → B (✗) | probe… pred B → faithful 
  → score: 0% [FAIL]  local faithful: 100%

  Phase: LIL — Lesion Identification and Localization
    [Patient-073_LIL] main call… → B (✗) | probe… pred B → faithful 
  → score: 0% [FAIL]  local faithful: 100%

  Phase: DSCR — Diagnostic Synthesis and Causal Reasoning
    [Patient-073_DSCR] main call… → C (✗) | probe… pred C → faithful 
  → score: 0% [FAIL]  local faithful: 100%

  Phase: PJRF — Prognostic Judgment and Risk Forecasting
    [Patient-073_PJRF] main call… [no image] → D (✗) | probe… pred D → faithful 
  → score: 0% [FAIL]  local faithful: 100%

  Phase: TCM — Therapeutic Cycle Management
    [Patient-073_TCM] main call… [no image] → C (✗) | probe… pred C → faithful 
  → score: 0% [FAIL]  local faithful: 100%

============================================================
Case 55/62: LUMIERE GBM Case (Patient-074)  [Patient-074]
============================================================
  5 phase(s) | 5 question(s)

  Phase: AIA — Anatomical and Imaging Assessment
    [Patient-074_AIA] main call… → B (✓) | probe… pred B → faithful 
  → score: 100% [PASS]  local faithful: 100%

  Phase: LIL — Lesion Identification and Localization
    [Patient-074_LIL] main call… → A (✗) | probe… pred A → faithful 
  → score: 0% [FAIL]  local faithful: 100%

  Phase: DSCR — Diagnostic Synthesis and Causal Reasoning
    [Patient-074_DSCR] main call… → D (✗) | probe… pred D → faithful 
  → score: 0% [FAIL]  local faithful: 100%

  Phase: PJRF — Prognostic Judgment and Risk Forecasting
    [Patient-074_PJRF] main call… [no image] → D (✗) | probe… pred D → faithful 
  → score: 0% [FAIL]  local faithful: 100%

  Phase: TCM — Therapeutic Cycle Management
    [Patient-074_TCM] main call… [no image] → A (✓) | probe… pred A → faithful 
  → score: 100% [PASS]  local faithful: 100%

============================================================
Case 56/62: LUMIERE GBM Case (Patient-075)  [Patient-075]
============================================================
  5 phase(s) | 5 question(s)

  Phase: AIA — Anatomical and Imaging Assessment
    [Patient-075_AIA] main call… → B (✗) | probe… pred B → faithful 
  → score: 0% [FAIL]  local faithful: 100%

  Phase: LIL — Lesion Identification and Localization
    [Patient-075_LIL] main call… → C (✗) | probe… pred C → faithful 
  → score: 0% [FAIL]  local faithful: 100%

  Phase: DSCR — Diagnostic Synthesis and Causal Reasoning
    [Patient-075_DSCR] main call… → B (✗) | probe… pred B → faithful 
  → score: 0% [FAIL]  local faithful: 100%

  Phase: PJRF — Prognostic Judgment and Risk Forecasting
    [Patient-075_PJRF] main call… [no image] → D (✗) | probe… pred D → faithful 
  → score: 0% [FAIL]  local faithful: 100%

  Phase: TCM — Therapeutic Cycle Management
    [Patient-075_TCM] main call… [no image] → C (✗) | probe… pred C → faithful 
  → score: 0% [FAIL]  local faithful: 100%

============================================================
Case 57/62: LUMIERE GBM Case (Patient-077)  [Patient-077]
============================================================
  5 phase(s) | 5 question(s)

  Phase: AIA — Anatomical and Imaging Assessment
    [Patient-077_AIA] main call… → B (✓) | probe… pred B → faithful 
  → score: 100% [PASS]  local faithful: 100%

  Phase: LIL — Lesion Identification and Localization
    [Patient-077_LIL] main call… → C (✗) | probe… pred C → faithful 
  → score: 0% [FAIL]  local faithful: 100%

  Phase: DSCR — Diagnostic Synthesis and Causal Reasoning
    [Patient-077_DSCR] main call… → C (✗) | probe… pred C → faithful 
  → score: 0% [FAIL]  local faithful: 100%

  Phase: PJRF — Prognostic Judgment and Risk Forecasting
    [Patient-077_PJRF] main call… [no image] → D (✗) | probe… pred D → faithful 
  → score: 0% [FAIL]  local faithful: 100%

  Phase: TCM — Therapeutic Cycle Management
    [Patient-077_TCM] main call… [no image] → B (✗) | probe… pred B → faithful 
  → score: 0% [FAIL]  local faithful: 100%

============================================================
Case 58/62: LUMIERE GBM Case (Patient-078)  [Patient-078]
============================================================
  4 phase(s) | 4 question(s)

  Phase: AIA — Anatomical and Imaging Assessment
    [Patient-078_AIA] main call… → B (✗) | probe… pred B → faithful 
  → score: 0% [FAIL]  local faithful: 100%

  Phase: LIL — Lesion Identification and Localization

  Phase: DSCR — Diagnostic Synthesis and Causal Reasoning
    [Patient-078_DSCR] main call… → B (✗) | probe… pred B → faithful 
  → score: 0% [FAIL]  local faithful: 100%

  Phase: PJRF — Prognostic Judgment and Risk Forecasting
    [Patient-078_PJRF] main call… [no image] → D (✗) | probe… pred D → faithful 
  → score: 0% [FAIL]  local faithful: 100%

  Phase: TCM — Therapeutic Cycle Management
    [Patient-078_TCM] main call… [no image] → D (✗) | probe… pred D → faithful 
  → score: 0% [FAIL]  local faithful: 100%

============================================================
Case 59/62: LUMIERE GBM Case (Patient-080)  [Patient-080]
============================================================
  5 phase(s) | 5 question(s)

  Phase: AIA — Anatomical and Imaging Assessment
    [Patient-080_AIA] main call… → C (✓) | probe… pred C → faithful 
  → score: 100% [PASS]  local faithful: 100%

  Phase: LIL — Lesion Identification and Localization
    [Patient-080_LIL] main call… → D (✓) | probe… pred D → faithful 
  → score: 100% [PASS]  local faithful: 100%

  Phase: DSCR — Diagnostic Synthesis and Causal Reasoning
    [Patient-080_DSCR] main call… → B (✓) | probe… pred B → faithful 
  → score: 100% [PASS]  local faithful: 100%

  Phase: PJRF — Prognostic Judgment and Risk Forecasting
    [Patient-080_PJRF] main call… [no image] → D (✗) | probe… pred D → faithful 
  → score: 0% [FAIL]  local faithful: 100%

  Phase: TCM — Therapeutic Cycle Management
    [Patient-080_TCM] main call… [no image] → A (✗) | probe… pred A → faithful 
  → score: 0% [FAIL]  local faithful: 100%

============================================================
Case 60/62: LUMIERE GBM Case (Patient-084)  [Patient-084]
============================================================
  5 phase(s) | 5 question(s)

  Phase: AIA — Anatomical and Imaging Assessment
    [Patient-084_AIA] main call… → B (✓) | probe… pred B → faithful 
  → score: 100% [PASS]  local faithful: 100%

  Phase: LIL — Lesion Identification and Localization
    [Patient-084_LIL] main call… → B (✗) | probe… pred B → faithful 
  → score: 0% [FAIL]  local faithful: 100%

  Phase: DSCR — Diagnostic Synthesis and Causal Reasoning
    [Patient-084_DSCR] main call… → A (✓) | probe… pred A → faithful 
  → score: 100% [PASS]  local faithful: 100%

  Phase: PJRF — Prognostic Judgment and Risk Forecasting
    [Patient-084_PJRF] main call… [no image] → D (✗) | probe… pred D → faithful 
  → score: 0% [FAIL]  local faithful: 100%

  Phase: TCM — Therapeutic Cycle Management
    [Patient-084_TCM] main call… [no image] → D (✗) | probe… pred D → faithful 
  → score: 0% [FAIL]  local faithful: 100%

============================================================
Case 61/62: LUMIERE GBM Case (Patient-089)  [Patient-089]
============================================================
  5 phase(s) | 5 question(s)

  Phase: AIA — Anatomical and Imaging Assessment
    [Patient-089_AIA] main call… → B (✗) | probe… pred B → faithful 
  → score: 0% [FAIL]  local faithful: 100%

  Phase: LIL — Lesion Identification and Localization
    [Patient-089_LIL] main call… → B (✗) | probe… pred B → faithful 
  → score: 0% [FAIL]  local faithful: 100%

  Phase: DSCR — Diagnostic Synthesis and Causal Reasoning
    [Patient-089_DSCR] main call… → C (✓) | probe… pred C → faithful 
  → score: 100% [PASS]  local faithful: 100%

  Phase: PJRF — Prognostic Judgment and Risk Forecasting
    [Patient-089_PJRF] main call… [no image] → D (✗) | probe… pred D → faithful 
  → score: 0% [FAIL]  local faithful: 100%

  Phase: TCM — Therapeutic Cycle Management
    [Patient-089_TCM] main call… [no image] → D (✓) | probe… pred D → faithful 
  → score: 100% [PASS]  local faithful: 100%

============================================================
Case 62/62: LUMIERE GBM Case (Patient-090)  [Patient-090]
============================================================
  5 phase(s) | 5 question(s)

  Phase: AIA — Anatomical and Imaging Assessment
    [Patient-090_AIA] main call… → C (✗) | probe… pred C → faithful 
  → score: 0% [FAIL]  local faithful: 100%

  Phase: LIL — Lesion Identification and Localization
    [Patient-090_LIL] main call… → A (✗) | probe… pred A → faithful 
  → score: 0% [FAIL]  local faithful: 100%

  Phase: DSCR — Diagnostic Synthesis and Causal Reasoning
    [Patient-090_DSCR] main call… → B (✓) | probe… pred B → faithful 
  → score: 100% [PASS]  local faithful: 100%

  Phase: PJRF — Prognostic Judgment and Risk Forecasting
    [Patient-090_PJRF] main call… [no image] → D (✗) | probe… pred D → faithful 
  → score: 0% [FAIL]  local faithful: 100%

  Phase: TCM — Therapeutic Cycle Management
    [Patient-090_TCM] main call… [no image] → D (✗) | probe… pred D → faithful 
  → score: 0% [FAIL]  local faithful: 100%
======================================================================
OmniBrainBench — Causal Chain Evaluation
Model: Llama-4-Scout   |   Cases: 62
======================================================================

Overall accuracy:   31.0%
Chain completion:   0/62 (0%)

── Phase Results 
  MajBase = accuracy of always guessing this phase's most common correct answer (flags class imbalance, e.g. DSCR's 'progressive disease' skew — high MajBase means raw Acc alone overstates model skill; low/blank means answers are too varied for the baseline to mean much, e.g. PJRF/TCM's free-text estimates).
Phase     Acc     95% CI    N  MajBase   LocalF  KBAlign  ConceptP   ChainF  GateBlk
------------------------------------------------------------------------------------
AIA       37%  [26%-50%]   62      26%     100%      36%        6%      —         0%
LIL       33%  [22%-47%]   51      31%     100%      43%       21%      —         0%
DSCR      45%  [33%-57%]   62      56%     100%      98%        8%      —         0%
PJRF       0%    [0%-6%]   61      —        97%      92%        0%      —         0%
TCM       39%  [28%-51%]   62      44%     100%      95%       27%      —         0%

── Adaptation Loop 
  Questions triggered:    0
  Adaptation rate:          —  

── Failure Taxonomy ─
  Perception failures:          73
  Reasoning failures:           34
  Decision-making failures:     99
  Correct-but-unfaithful:       0  ← clinically dangerous

── Per-Task Accuracy 
  Disease Diagnosis Reasoning                   acc=45%  n=62
  Treatment Plan Selection                      acc=39%  n=62
  Imaging Modality Identification               acc=37%  n=62
  Lesion Localization                           acc=33%  n=51
  Prognostic Factor Analysis                    acc=0%  n=61


Saved → results/lumiere_Llama-4-Scout_v4_nogate_noadapt_20260925_034927
  raw_results.json
  report.txt
  total_results.json
Built 62 LUMIERE cases | phase coverage: AIA:62 | LIL:51 | DSCR:62 | PJRF:61 | TCM:62

############################################################
  Model: Llama-4-Scout  (general)  [LUMIERE]
  Cases: 62   Gating: False   Adaptation: False   Text-only: True   Counterfactual-images: False
############################################################

============================================================
Case 1/62: LUMIERE GBM Case (Patient-001)  [Patient-001]
============================================================
  5 phase(s) | 5 question(s)

  Phase: AIA — Anatomical and Imaging Assessment
    [Patient-001_AIA] main call… [no image] → D (✗) | probe… pred D → faithful 
  → score: 0% [FAIL]  local faithful: 100%

  Phase: LIL — Lesion Identification and Localization
    [Patient-001_LIL] main call… [no image] → D (✗) | probe… pred D → faithful 
  → score: 0% [FAIL]  local faithful: 100%

  Phase: DSCR — Diagnostic Synthesis and Causal Reasoning
    [Patient-001_DSCR] main call… [no image] → B (✗) | probe… pred B → faithful 
  → score: 0% [FAIL]  local faithful: 100%

  Phase: PJRF — Prognostic Judgment and Risk Forecasting
    [Patient-001_PJRF] main call… [no image] → B (✗) | probe… pred B → faithful 
  → score: 0% [FAIL]  local faithful: 100%

  Phase: TCM — Therapeutic Cycle Management
    [Patient-001_TCM] main call… [no image] → A (✗) | probe… pred A → faithful 
  → score: 0% [FAIL]  local faithful: 100%

============================================================
Case 2/62: LUMIERE GBM Case (Patient-002)  [Patient-002]
============================================================
  5 phase(s) | 5 question(s)

  Phase: AIA — Anatomical and Imaging Assessment
    [Patient-002_AIA] main call… [no image] → A (✗) | probe… pred A → faithful 
  → score: 0% [FAIL]  local faithful: 100%

  Phase: LIL — Lesion Identification and Localization
    [Patient-002_LIL] main call… [no image] → C (✓) | probe… pred C → faithful 
  → score: 100% [PASS]  local faithful: 100%

  Phase: DSCR — Diagnostic Synthesis and Causal Reasoning
    [Patient-002_DSCR] main call… [no image] → A (✗) | probe… pred A → faithful 
  → score: 0% [FAIL]  local faithful: 100%

  Phase: PJRF — Prognostic Judgment and Risk Forecasting
    [Patient-002_PJRF] main call… [no image] → D (✗) | probe… pred D → faithful 
  → score: 0% [FAIL]  local faithful: 100%

  Phase: TCM — Therapeutic Cycle Management
    [Patient-002_TCM] main call… [no image] → A (✗) | probe… pred A → faithful 
  → score: 0% [FAIL]  local faithful: 100%

============================================================
Case 3/62: LUMIERE GBM Case (Patient-003)  [Patient-003]
============================================================
  5 phase(s) | 5 question(s)

  Phase: AIA — Anatomical and Imaging Assessment
    [Patient-003_AIA] main call… [no image] → D (✗) | probe… pred D → faithful 
  → score: 0% [FAIL]  local faithful: 100%

  Phase: LIL — Lesion Identification and Localization
    [Patient-003_LIL] main call… [no image] → D (✗) | probe… pred D → faithful 
  → score: 0% [FAIL]  local faithful: 100%

  Phase: DSCR — Diagnostic Synthesis and Causal Reasoning
    [Patient-003_DSCR] main call… [no image] → C (✗) | probe… pred C → faithful 
  → score: 0% [FAIL]  local faithful: 100%

  Phase: PJRF — Prognostic Judgment and Risk Forecasting
    [Patient-003_PJRF] main call… [no image] → D (✗) | probe… pred D → faithful 
  → score: 0% [FAIL]  local faithful: 100%

  Phase: TCM — Therapeutic Cycle Management
    [Patient-003_TCM] main call… [no image] → D (✗) | probe… pred D → faithful 
  → score: 0% [FAIL]  local faithful: 100%

============================================================
Case 4/62: LUMIERE GBM Case (Patient-004)  [Patient-004]
============================================================
  4 phase(s) | 4 question(s)

  Phase: AIA — Anatomical and Imaging Assessment
    [Patient-004_AIA] main call… [no image] → B (✗) | probe… pred B → faithful 
  → score: 0% [FAIL]  local faithful: 100%

  Phase: LIL — Lesion Identification and Localization

  Phase: DSCR — Diagnostic Synthesis and Causal Reasoning
    [Patient-004_DSCR] main call… [no image] → B (✓) | probe… pred B → faithful 
  → score: 100% [PASS]  local faithful: 100%

  Phase: PJRF — Prognostic Judgment and Risk Forecasting
    [Patient-004_PJRF] main call… [no image] → D (✗) | probe… pred D → faithful 
  → score: 0% [FAIL]  local faithful: 100%

  Phase: TCM — Therapeutic Cycle Management
    [Patient-004_TCM] main call… [no image] → C (✗) | probe… pred C → faithful 
  → score: 0% [FAIL]  local faithful: 100%

============================================================
Case 5/62: LUMIERE GBM Case (Patient-005)  [Patient-005]
============================================================
  5 phase(s) | 5 question(s)

  Phase: AIA — Anatomical and Imaging Assessment
    [Patient-005_AIA] main call… [no image] → A (✓) | probe… pred A → faithful 
  → score: 100% [PASS]  local faithful: 100%

  Phase: LIL — Lesion Identification and Localization
    [Patient-005_LIL] main call… [no image] → A (✗) | probe… pred A → faithful 
  → score: 0% [FAIL]  local faithful: 100%

  Phase: DSCR — Diagnostic Synthesis and Causal Reasoning
    [Patient-005_DSCR] main call… [no image] → D (✓) | probe… pred D → faithful 
  → score: 100% [PASS]  local faithful: 100%

  Phase: PJRF — Prognostic Judgment and Risk Forecasting
    [Patient-005_PJRF] main call… [no image] → D (✗) | probe… pred D → faithful 
  → score: 0% [FAIL]  local faithful: 100%

  Phase: TCM — Therapeutic Cycle Management
    [Patient-005_TCM] main call… [no image] → B (✗) | probe… pred B → faithful 
  → score: 0% [FAIL]  local faithful: 100%

============================================================
Case 6/62: LUMIERE GBM Case (Patient-006)  [Patient-006]
============================================================
  5 phase(s) | 5 question(s)

  Phase: AIA — Anatomical and Imaging Assessment
    [Patient-006_AIA] main call… [no image] → D (✗) | probe… pred D → faithful 
  → score: 0% [FAIL]  local faithful: 100%

  Phase: LIL — Lesion Identification and Localization
    [Patient-006_LIL] main call… [no image] → D (✗) | probe… pred D → faithful 
  → score: 0% [FAIL]  local faithful: 100%

  Phase: DSCR — Diagnostic Synthesis and Causal Reasoning
    [Patient-006_DSCR] main call… [no image] → A (✓) | probe… pred A → faithful 
  → score: 100% [PASS]  local faithful: 100%

  Phase: PJRF — Prognostic Judgment and Risk Forecasting
    [Patient-006_PJRF] main call… [no image] → D (✗) | probe… pred D → faithful 
  → score: 0% [FAIL]  local faithful: 100%

  Phase: TCM — Therapeutic Cycle Management
    [Patient-006_TCM] main call… [no image] → A (✗) | probe… pred A → faithful 
  → score: 0% [FAIL]  local faithful: 100%

============================================================
Case 7/62: LUMIERE GBM Case (Patient-007)  [Patient-007]
============================================================
  5 phase(s) | 5 question(s)

  Phase: AIA — Anatomical and Imaging Assessment
    [Patient-007_AIA] main call… [no image] → D (✗) | probe… pred D → faithful 
  → score: 0% [FAIL]  local faithful: 100%

  Phase: LIL — Lesion Identification and Localization
    [Patient-007_LIL] main call… [no image] → D (✗) | probe… pred D → faithful 
  → score: 0% [FAIL]  local faithful: 100%

  Phase: DSCR — Diagnostic Synthesis and Causal Reasoning
    [Patient-007_DSCR] main call… [no image] → B (✓) | probe… pred B → faithful 
  → score: 100% [PASS]  local faithful: 100%

  Phase: PJRF — Prognostic Judgment and Risk Forecasting
    [Patient-007_PJRF] main call… [no image] → B (✗) | probe… pred B → faithful 
  → score: 0% [FAIL]  local faithful: 100%

  Phase: TCM — Therapeutic Cycle Management
    [Patient-007_TCM] main call… [no image] → C (✓) | probe… pred C → faithful 
  → score: 100% [PASS]  local faithful: 100%

============================================================
Case 8/62: LUMIERE GBM Case (Patient-008)  [Patient-008]
============================================================
  4 phase(s) | 4 question(s)

  Phase: AIA — Anatomical and Imaging Assessment
    [Patient-008_AIA] main call… [no image] → C (✗) | probe… pred C → faithful 
  → score: 0% [FAIL]  local faithful: 100%

  Phase: LIL — Lesion Identification and Localization

  Phase: DSCR — Diagnostic Synthesis and Causal Reasoning
    [Patient-008_DSCR] main call… [no image] → B (✗) | probe… pred B → faithful 
  → score: 0% [FAIL]  local faithful: 100%

  Phase: PJRF — Prognostic Judgment and Risk Forecasting
    [Patient-008_PJRF] main call… [no image] → D (✗) | probe… pred D → faithful 
  → score: 0% [FAIL]  local faithful: 100%

  Phase: TCM — Therapeutic Cycle Management
    [Patient-008_TCM] main call… [no image] → B (✗) | probe… pred B → faithful 
  → score: 0% [FAIL]  local faithful: 100%

============================================================
Case 9/62: LUMIERE GBM Case (Patient-009)  [Patient-009]
============================================================
  5 phase(s) | 5 question(s)

  Phase: AIA — Anatomical and Imaging Assessment
    [Patient-009_AIA] main call… [no image] → D (✓) | probe… pred D → faithful 
  → score: 100% [PASS]  local faithful: 100%

  Phase: LIL — Lesion Identification and Localization
    [Patient-009_LIL] main call… [no image] → D (✓) | probe… pred D → faithful 
  → score: 100% [PASS]  local faithful: 100%

  Phase: DSCR — Diagnostic Synthesis and Causal Reasoning
    [Patient-009_DSCR] main call… [no image] → B (✓) | probe… pred B → faithful 
  → score: 100% [PASS]  local faithful: 100%

  Phase: PJRF — Prognostic Judgment and Risk Forecasting
    [Patient-009_PJRF] main call… [no image] → D (✗) | probe… pred D → faithful 
  → score: 0% [FAIL]  local faithful: 100%

  Phase: TCM — Therapeutic Cycle Management
    [Patient-009_TCM] main call… [no image] → B (✗) | probe… pred B → faithful 
  → score: 0% [FAIL]  local faithful: 100%

============================================================
Case 10/62: LUMIERE GBM Case (Patient-011)  [Patient-011]
============================================================
  5 phase(s) | 5 question(s)

  Phase: AIA — Anatomical and Imaging Assessment
    [Patient-011_AIA] main call… [no image] → B (✗) | probe… pred B → faithful 
  → score: 0% [FAIL]  local faithful: 100%

  Phase: LIL — Lesion Identification and Localization
    [Patient-011_LIL] main call… [no image] → C (✗) | probe… pred C → faithful 
  → score: 0% [FAIL]  local faithful: 100%

  Phase: DSCR — Diagnostic Synthesis and Causal Reasoning
    [Patient-011_DSCR] main call… [no image] → C (✓) | probe… pred C → faithful 
  → score: 100% [PASS]  local faithful: 100%

  Phase: PJRF — Prognostic Judgment and Risk Forecasting
    [Patient-011_PJRF] main call… [no image] → D (✗) | probe… pred D → faithful 
  → score: 0% [FAIL]  local faithful: 100%

  Phase: TCM — Therapeutic Cycle Management
    [Patient-011_TCM] main call… [no image] → D (✗) | probe… pred D → faithful 
  → score: 0% [FAIL]  local faithful: 100%

============================================================
Case 11/62: LUMIERE GBM Case (Patient-012)  [Patient-012]
============================================================
  5 phase(s) | 5 question(s)

  Phase: AIA — Anatomical and Imaging Assessment
    [Patient-012_AIA] main call… [no image] → B (✗) | probe… pred B → faithful 
  → score: 0% [FAIL]  local faithful: 100%

  Phase: LIL — Lesion Identification and Localization
    [Patient-012_LIL] main call… [no image] → B (✓) | probe… pred B → faithful 
  → score: 100% [PASS]  local faithful: 100%

  Phase: DSCR — Diagnostic Synthesis and Causal Reasoning
    [Patient-012_DSCR] main call… [no image] → A (✓) | probe… pred A → faithful 
  → score: 100% [PASS]  local faithful: 100%

  Phase: PJRF — Prognostic Judgment and Risk Forecasting
    [Patient-012_PJRF] main call… [no image] → D (✗) | probe… pred D → faithful 
  → score: 0% [FAIL]  local faithful: 100%

  Phase: TCM — Therapeutic Cycle Management
    [Patient-012_TCM] main call… [no image] → A (✗) | probe… pred A → faithful 
  → score: 0% [FAIL]  local faithful: 100%

============================================================
Case 12/62: LUMIERE GBM Case (Patient-017)  [Patient-017]
============================================================
  5 phase(s) | 5 question(s)

  Phase: AIA — Anatomical and Imaging Assessment
    [Patient-017_AIA] main call… [no image] → B (✓) | probe… pred B → faithful 
  → score: 100% [PASS]  local faithful: 100%

  Phase: LIL — Lesion Identification and Localization
    [Patient-017_LIL] main call… [no image] → D (✗) | probe… pred D → faithful 
  → score: 0% [FAIL]  local faithful: 100%

  Phase: DSCR — Diagnostic Synthesis and Causal Reasoning
    [Patient-017_DSCR] main call… [no image] → C (✓) | probe… pred C → faithful 
  → score: 100% [PASS]  local faithful: 100%

  Phase: PJRF — Prognostic Judgment and Risk Forecasting
    [Patient-017_PJRF] main call… [no image] → D (✗) | probe… pred D → faithful 
  → score: 0% [FAIL]  local faithful: 100%

  Phase: TCM — Therapeutic Cycle Management
    [Patient-017_TCM] main call… [no image] → D (✗) | probe… pred D → faithful 
  → score: 0% [FAIL]  local faithful: 100%

============================================================
Case 13/62: LUMIERE GBM Case (Patient-018)  [Patient-018]
============================================================
  5 phase(s) | 5 question(s)

  Phase: AIA — Anatomical and Imaging Assessment
    [Patient-018_AIA] main call… [no image] → A (✗) | probe… pred A → faithful 
  → score: 0% [FAIL]  local faithful: 100%

  Phase: LIL — Lesion Identification and Localization
    [Patient-018_LIL] main call… [no image] → A (✗) | probe… pred A → faithful 
  → score: 0% [FAIL]  local faithful: 100%

  Phase: DSCR — Diagnostic Synthesis and Causal Reasoning
    [Patient-018_DSCR] main call… [no image] → C (✗) | probe… pred C → faithful 
  → score: 0% [FAIL]  local faithful: 100%

  Phase: PJRF — Prognostic Judgment and Risk Forecasting
    [Patient-018_PJRF] main call… [no image] → D (✗) | probe… pred D → faithful 
  → score: 0% [FAIL]  local faithful: 100%

  Phase: TCM — Therapeutic Cycle Management
    [Patient-018_TCM] main call… [no image] → B (✗) | probe… pred B → faithful 
  → score: 0% [FAIL]  local faithful: 100%

============================================================
Case 14/62: LUMIERE GBM Case (Patient-019)  [Patient-019]
============================================================
  5 phase(s) | 5 question(s)

  Phase: AIA — Anatomical and Imaging Assessment
    [Patient-019_AIA] main call… [no image] → C (✗) | probe… pred C → faithful 
  → score: 0% [FAIL]  local faithful: 100%

  Phase: LIL — Lesion Identification and Localization
    [Patient-019_LIL] main call… [no image] → C (✓) | probe… pred C → faithful 
  → score: 100% [PASS]  local faithful: 100%

  Phase: DSCR — Diagnostic Synthesis and Causal Reasoning
    [Patient-019_DSCR] main call… [no image] → B (✓) | probe… pred B → faithful 
  → score: 100% [PASS]  local faithful: 100%

  Phase: PJRF — Prognostic Judgment and Risk Forecasting
    [Patient-019_PJRF] main call… [no image] → B (✗) | probe… pred B → faithful 
  → score: 0% [FAIL]  local faithful: 100%

  Phase: TCM — Therapeutic Cycle Management
    [Patient-019_TCM] main call… [no image] → B (✗) | probe… pred B → faithful 
  → score: 0% [FAIL]  local faithful: 100%

============================================================
Case 15/62: LUMIERE GBM Case (Patient-021)  [Patient-021]
============================================================
  4 phase(s) | 4 question(s)

  Phase: AIA — Anatomical and Imaging Assessment
    [Patient-021_AIA] main call… [no image] → D (✓) | probe… pred D → faithful 
  → score: 100% [PASS]  local faithful: 100%

  Phase: LIL — Lesion Identification and Localization

  Phase: DSCR — Diagnostic Synthesis and Causal Reasoning
    [Patient-021_DSCR] main call… [no image] → D (✗) | probe… pred D → faithful 
  → score: 0% [FAIL]  local faithful: 100%

  Phase: PJRF — Prognostic Judgment and Risk Forecasting
    [Patient-021_PJRF] main call… [no image] → D (✗) | probe… pred D → faithful 
  → score: 0% [FAIL]  local faithful: 100%

  Phase: TCM — Therapeutic Cycle Management
    [Patient-021_TCM] main call… [no image] → D (✗) | probe… pred D → faithful 
  → score: 0% [FAIL]  local faithful: 100%

============================================================
Case 16/62: LUMIERE GBM Case (Patient-022)  [Patient-022]
============================================================
  4 phase(s) | 4 question(s)

  Phase: AIA — Anatomical and Imaging Assessment
    [Patient-022_AIA] main call… [no image] → C (✗) | probe… pred C → faithful 
  → score: 0% [FAIL]  local faithful: 100%

  Phase: LIL — Lesion Identification and Localization

  Phase: DSCR — Diagnostic Synthesis and Causal Reasoning
    [Patient-022_DSCR] main call… [no image] → D (✓) | probe… pred D → faithful 
  → score: 100% [PASS]  local faithful: 100%

  Phase: PJRF — Prognostic Judgment and Risk Forecasting
    [Patient-022_PJRF] main call… [no image] → D (✗) | probe… pred D → faithful 
  → score: 0% [FAIL]  local faithful: 100%

  Phase: TCM — Therapeutic Cycle Management
    [Patient-022_TCM] main call… [no image] → B (✓) | probe… pred B → faithful 
  → score: 100% [PASS]  local faithful: 100%

============================================================
Case 17/62: LUMIERE GBM Case (Patient-023)  [Patient-023]
============================================================
  5 phase(s) | 5 question(s)

  Phase: AIA — Anatomical and Imaging Assessment
    [Patient-023_AIA] main call… [no image] → D (✗) | probe… pred D → faithful 
  → score: 0% [FAIL]  local faithful: 100%

  Phase: LIL — Lesion Identification and Localization
    [Patient-023_LIL] main call… [no image] → B (✓) | probe… pred B → faithful 
  → score: 100% [PASS]  local faithful: 100%

  Phase: DSCR — Diagnostic Synthesis and Causal Reasoning
    [Patient-023_DSCR] main call… [no image] → D (✗) | probe… pred D → faithful 
  → score: 0% [FAIL]  local faithful: 100%

  Phase: PJRF — Prognostic Judgment and Risk Forecasting
    [Patient-023_PJRF] main call… [no image] → B (✗) | probe… pred B → faithful 
  → score: 0% [FAIL]  local faithful: 100%

  Phase: TCM — Therapeutic Cycle Management
    [Patient-023_TCM] main call… [no image] → C (✗) | probe… pred C → faithful 
  → score: 0% [FAIL]  local faithful: 100%

============================================================
Case 18/62: LUMIERE GBM Case (Patient-024)  [Patient-024]
============================================================
  5 phase(s) | 5 question(s)

  Phase: AIA — Anatomical and Imaging Assessment
    [Patient-024_AIA] main call… [no image] → B (✗) | probe… pred B → faithful 
  → score: 0% [FAIL]  local faithful: 100%

  Phase: LIL — Lesion Identification and Localization
    [Patient-024_LIL] main call… [no image] → A (✗) | probe… pred A → faithful 
  → score: 0% [FAIL]  local faithful: 100%

  Phase: DSCR — Diagnostic Synthesis and Causal Reasoning
    [Patient-024_DSCR] main call… [no image] → A (✗) | probe… pred A → faithful 
  → score: 0% [FAIL]  local faithful: 100%

  Phase: PJRF — Prognostic Judgment and Risk Forecasting
    [Patient-024_PJRF] main call… [no image] → D (✗) | probe… pred D → faithful 
  → score: 0% [FAIL]  local faithful: 100%

  Phase: TCM — Therapeutic Cycle Management
    [Patient-024_TCM] main call… [no image] → D (✗) | probe… pred D → faithful 
  → score: 0% [FAIL]  local faithful: 100%

============================================================
Case 19/62: LUMIERE GBM Case (Patient-027)  [Patient-027]
============================================================
  5 phase(s) | 5 question(s)

  Phase: AIA — Anatomical and Imaging Assessment
    [Patient-027_AIA] main call… [no image] → A (✗) | probe… pred A → faithful 
  → score: 0% [FAIL]  local faithful: 100%

  Phase: LIL — Lesion Identification and Localization
    [Patient-027_LIL] main call… [no image] → D (✗) | probe… pred D → faithful 
  → score: 0% [FAIL]  local faithful: 100%

  Phase: DSCR — Diagnostic Synthesis and Causal Reasoning
    [Patient-027_DSCR] main call… [no image] → B (✓) | probe… pred B → faithful 
  → score: 100% [PASS]  local faithful: 100%

  Phase: PJRF — Prognostic Judgment and Risk Forecasting
    [Patient-027_PJRF] main call… [no image] → D (✗) | probe… pred D → faithful 
  → score: 0% [FAIL]  local faithful: 100%

  Phase: TCM — Therapeutic Cycle Management
    [Patient-027_TCM] main call… [no image] → D (✗) | probe… pred D → faithful 
  → score: 0% [FAIL]  local faithful: 100%

============================================================
Case 20/62: LUMIERE GBM Case (Patient-028)  [Patient-028]
============================================================
  4 phase(s) | 4 question(s)

  Phase: AIA — Anatomical and Imaging Assessment
    [Patient-028_AIA] main call… [no image] → C (✓) | probe… pred C → faithful 
  → score: 100% [PASS]  local faithful: 100%

  Phase: LIL — Lesion Identification and Localization

  Phase: DSCR — Diagnostic Synthesis and Causal Reasoning
    [Patient-028_DSCR] main call… [no image] → D (✗) | probe… pred D → faithful 
  → score: 0% [FAIL]  local faithful: 100%

  Phase: PJRF — Prognostic Judgment and Risk Forecasting
    [Patient-028_PJRF] main call… [no image] → D (✗) | probe… pred D → faithful 
  → score: 0% [FAIL]  local faithful: 100%

  Phase: TCM — Therapeutic Cycle Management
    [Patient-028_TCM] main call… [no image] → A (✓) | probe… pred A → faithful 
  → score: 100% [PASS]  local faithful: 100%

============================================================
Case 21/62: LUMIERE GBM Case (Patient-029)  [Patient-029]
============================================================
  4 phase(s) | 4 question(s)

  Phase: AIA — Anatomical and Imaging Assessment
    [Patient-029_AIA] main call… [no image] → C (✗) | probe… pred C → faithful 
  → score: 0% [FAIL]  local faithful: 100%

  Phase: LIL — Lesion Identification and Localization
    [Patient-029_LIL] main call… [no image] → B (✗) | probe… pred B → faithful 
  → score: 0% [FAIL]  local faithful: 100%

  Phase: DSCR — Diagnostic Synthesis and Causal Reasoning
    [Patient-029_DSCR] main call… [no image] → B (✗) | probe… pred B → faithful 
  → score: 0% [FAIL]  local faithful: 100%

  Phase: PJRF — Prognostic Judgment and Risk Forecasting

  Phase: TCM — Therapeutic Cycle Management
    [Patient-029_TCM] main call… [no image] → C (✗) | probe… pred C → faithful 
  → score: 0% [FAIL]  local faithful: 100%

============================================================
Case 22/62: LUMIERE GBM Case (Patient-030)  [Patient-030]
============================================================
  5 phase(s) | 5 question(s)

  Phase: AIA — Anatomical and Imaging Assessment
    [Patient-030_AIA] main call… [no image] → A (✗) | probe… pred A → faithful 
  → score: 0% [FAIL]  local faithful: 100%

  Phase: LIL — Lesion Identification and Localization
    [Patient-030_LIL] main call… [no image] → C (✗) | probe… pred C → faithful 
  → score: 0% [FAIL]  local faithful: 100%

  Phase: DSCR — Diagnostic Synthesis and Causal Reasoning
    [Patient-030_DSCR] main call… [no image] → B (✗) | probe… pred B → faithful 
  → score: 0% [FAIL]  local faithful: 100%

  Phase: PJRF — Prognostic Judgment and Risk Forecasting
    [Patient-030_PJRF] main call… [no image] → B (✗) | probe… pred B → faithful 
  → score: 0% [FAIL]  local faithful: 100%

  Phase: TCM — Therapeutic Cycle Management
    [Patient-030_TCM] main call… [no image] → B (✓) | probe… pred B → faithful 
  → score: 100% [PASS]  local faithful: 100%

============================================================
Case 23/62: LUMIERE GBM Case (Patient-031)  [Patient-031]
============================================================
  5 phase(s) | 5 question(s)

  Phase: AIA — Anatomical and Imaging Assessment
    [Patient-031_AIA] main call… [no image] → D (✗) | probe… pred D → faithful 
  → score: 0% [FAIL]  local faithful: 100%

  Phase: LIL — Lesion Identification and Localization
    [Patient-031_LIL] main call… [no image] → B (✓) | probe… pred B → faithful 
  → score: 100% [PASS]  local faithful: 100%

  Phase: DSCR — Diagnostic Synthesis and Causal Reasoning
    [Patient-031_DSCR] main call… [no image] → A (✗) | probe… pred A → faithful 
  → score: 0% [FAIL]  local faithful: 100%

  Phase: PJRF — Prognostic Judgment and Risk Forecasting
    [Patient-031_PJRF] main call… [no image] → D (✗) | probe… pred D → faithful 
  → score: 0% [FAIL]  local faithful: 100%

  Phase: TCM — Therapeutic Cycle Management
    [Patient-031_TCM] main call… [no image] → D (✗) | probe… pred D → faithful 
  → score: 0% [FAIL]  local faithful: 100%

============================================================
Case 24/62: LUMIERE GBM Case (Patient-032)  [Patient-032]
============================================================
  5 phase(s) | 5 question(s)

  Phase: AIA — Anatomical and Imaging Assessment
    [Patient-032_AIA] main call… [no image] → C (✓) | probe… pred C → faithful 
  → score: 100% [PASS]  local faithful: 100%

  Phase: LIL — Lesion Identification and Localization
    [Patient-032_LIL] main call… [no image] → A (✗) | probe… pred A → faithful 
  → score: 0% [FAIL]  local faithful: 100%

  Phase: DSCR — Diagnostic Synthesis and Causal Reasoning
    [Patient-032_DSCR] main call… [no image] → B (✗) | probe… pred B → faithful 
  → score: 0% [FAIL]  local faithful: 100%

  Phase: PJRF — Prognostic Judgment and Risk Forecasting
    [Patient-032_PJRF] main call… [no image] → D (✗) | probe… pred D → faithful 
  → score: 0% [FAIL]  local faithful: 100%

  Phase: TCM — Therapeutic Cycle Management
    [Patient-032_TCM] main call… [no image] → C (✗) | probe… pred C → faithful 
  → score: 0% [FAIL]  local faithful: 100%

============================================================
Case 25/62: LUMIERE GBM Case (Patient-033)  [Patient-033]
============================================================
  5 phase(s) | 5 question(s)

  Phase: AIA — Anatomical and Imaging Assessment
    [Patient-033_AIA] main call… [no image] → B (✗) | probe… pred B → faithful 
  → score: 0% [FAIL]  local faithful: 100%

  Phase: LIL — Lesion Identification and Localization
    [Patient-033_LIL] main call… [no image] → C (✗) | probe… pred C → faithful 
  → score: 0% [FAIL]  local faithful: 100%

  Phase: DSCR — Diagnostic Synthesis and Causal Reasoning
    [Patient-033_DSCR] main call… [no image] → D (✗) | probe… pred D → faithful 
  → score: 0% [FAIL]  local faithful: 100%

  Phase: PJRF — Prognostic Judgment and Risk Forecasting
    [Patient-033_PJRF] main call… [no image] → D (✗) | probe… pred D → faithful 
  → score: 0% [FAIL]  local faithful: 100%

  Phase: TCM — Therapeutic Cycle Management
    [Patient-033_TCM] main call… [no image] → A (✗) | probe… pred A → faithful 
  → score: 0% [FAIL]  local faithful: 100%

============================================================
Case 26/62: LUMIERE GBM Case (Patient-034)  [Patient-034]
============================================================
  5 phase(s) | 5 question(s)

  Phase: AIA — Anatomical and Imaging Assessment
    [Patient-034_AIA] main call… [no image] → B (✓) | probe… pred B → faithful 
  → score: 100% [PASS]  local faithful: 100%

  Phase: LIL — Lesion Identification and Localization
    [Patient-034_LIL] main call… [no image] → C (✗) | probe… pred C → faithful 
  → score: 0% [FAIL]  local faithful: 100%

  Phase: DSCR — Diagnostic Synthesis and Causal Reasoning
    [Patient-034_DSCR] main call… [no image] → B (✓) | probe… pred B → faithful 
  → score: 100% [PASS]  local faithful: 100%

  Phase: PJRF — Prognostic Judgment and Risk Forecasting
    [Patient-034_PJRF] main call… [no image] → D (✗) | probe… pred D → faithful 
  → score: 0% [FAIL]  local faithful: 100%

  Phase: TCM — Therapeutic Cycle Management
    [Patient-034_TCM] main call… [no image] → D (✓) | probe… pred D → faithful 
  → score: 100% [PASS]  local faithful: 100%

============================================================
Case 27/62: LUMIERE GBM Case (Patient-035)  [Patient-035]
============================================================
  5 phase(s) | 5 question(s)

  Phase: AIA — Anatomical and Imaging Assessment
    [Patient-035_AIA] main call… [no image] → B (✗) | probe… pred B → faithful 
  → score: 0% [FAIL]  local faithful: 100%

  Phase: LIL — Lesion Identification and Localization
    [Patient-035_LIL] main call… [no image] → A (✗) | probe… pred A → faithful 
  → score: 0% [FAIL]  local faithful: 100%

  Phase: DSCR — Diagnostic Synthesis and Causal Reasoning
    [Patient-035_DSCR] main call… [no image] → C (✓) | probe… pred C → faithful 
  → score: 100% [PASS]  local faithful: 100%

  Phase: PJRF — Prognostic Judgment and Risk Forecasting
    [Patient-035_PJRF] main call… [no image] → D (✗) | probe… pred D → faithful 
  → score: 0% [FAIL]  local faithful: 100%

  Phase: TCM — Therapeutic Cycle Management
    [Patient-035_TCM] main call… [no image] → B (✗) | probe… pred B → faithful 
  → score: 0% [FAIL]  local faithful: 100%

============================================================
Case 28/62: LUMIERE GBM Case (Patient-037)  [Patient-037]
============================================================
  5 phase(s) | 5 question(s)

  Phase: AIA — Anatomical and Imaging Assessment
    [Patient-037_AIA] main call… [no image] → C (✗) | probe… pred C → faithful 
  → score: 0% [FAIL]  local faithful: 100%

  Phase: LIL — Lesion Identification and Localization
    [Patient-037_LIL] main call… [no image] → A (✗) | probe… pred A → faithful 
  → score: 0% [FAIL]  local faithful: 100%

  Phase: DSCR — Diagnostic Synthesis and Causal Reasoning
    [Patient-037_DSCR] main call… [no image] → D (✓) | probe… pred D → faithful 
  → score: 100% [PASS]  local faithful: 100%

  Phase: PJRF — Prognostic Judgment and Risk Forecasting
    [Patient-037_PJRF] main call… [no image] → D (✗) | probe… pred D → faithful 
  → score: 0% [FAIL]  local faithful: 100%

  Phase: TCM — Therapeutic Cycle Management
    [Patient-037_TCM] main call… [no image] → B (✗) | probe… pred B → faithful 
  → score: 0% [FAIL]  local faithful: 100%

============================================================
Case 29/62: LUMIERE GBM Case (Patient-039)  [Patient-039]
============================================================
  5 phase(s) | 5 question(s)

  Phase: AIA — Anatomical and Imaging Assessment
    [Patient-039_AIA] main call… [no image] → B (✗) | probe… pred B → faithful 
  → score: 0% [FAIL]  local faithful: 100%

  Phase: LIL — Lesion Identification and Localization
    [Patient-039_LIL] main call… [no image] → B (✗) | probe… pred B → faithful 
  → score: 0% [FAIL]  local faithful: 100%

  Phase: DSCR — Diagnostic Synthesis and Causal Reasoning
    [Patient-039_DSCR] main call… [no image] → A (✗) | probe… pred A → faithful 
  → score: 0% [FAIL]  local faithful: 100%

  Phase: PJRF — Prognostic Judgment and Risk Forecasting
    [Patient-039_PJRF] main call… [no image] → D (✗) | probe… pred D → faithful 
  → score: 0% [FAIL]  local faithful: 100%

  Phase: TCM — Therapeutic Cycle Management
    [Patient-039_TCM] main call… [no image] → A (✗) | probe… pred A → faithful 
  → score: 0% [FAIL]  local faithful: 100%

============================================================
Case 30/62: LUMIERE GBM Case (Patient-040)  [Patient-040]
============================================================
  5 phase(s) | 5 question(s)

  Phase: AIA — Anatomical and Imaging Assessment
    [Patient-040_AIA] main call… [no image] → C (✗) | probe… pred C → faithful 
  → score: 0% [FAIL]  local faithful: 100%

  Phase: LIL — Lesion Identification and Localization
    [Patient-040_LIL] main call… [no image] → C (✗) | probe… pred C → faithful 
  → score: 0% [FAIL]  local faithful: 100%

  Phase: DSCR — Diagnostic Synthesis and Causal Reasoning
    [Patient-040_DSCR] main call… [no image] → D (✓) | probe… pred D → faithful 
  → score: 100% [PASS]  local faithful: 100%

  Phase: PJRF — Prognostic Judgment and Risk Forecasting
    [Patient-040_PJRF] main call… [no image] → D (✗) | probe… pred D → faithful 
  → score: 0% [FAIL]  local faithful: 100%

  Phase: TCM — Therapeutic Cycle Management
    [Patient-040_TCM] main call… [no image] → D (✗) | probe… pred D → faithful 
  → score: 0% [FAIL]  local faithful: 100%

============================================================
Case 31/62: LUMIERE GBM Case (Patient-041)  [Patient-041]
============================================================
  5 phase(s) | 5 question(s)

  Phase: AIA — Anatomical and Imaging Assessment
    [Patient-041_AIA] main call… [no image] → C (✗) | probe… pred C → faithful 
  → score: 0% [FAIL]  local faithful: 100%

  Phase: LIL — Lesion Identification and Localization
    [Patient-041_LIL] main call… [no image] → C (✓) | probe… pred C → faithful 
  → score: 100% [PASS]  local faithful: 100%

  Phase: DSCR — Diagnostic Synthesis and Causal Reasoning
    [Patient-041_DSCR] main call… [no image] → C (✗) | probe… pred C → faithful 
  → score: 0% [FAIL]  local faithful: 100%

  Phase: PJRF — Prognostic Judgment and Risk Forecasting
    [Patient-041_PJRF] main call… [no image] → D (✗) | probe… pred D → faithful 
  → score: 0% [FAIL]  local faithful: 100%

  Phase: TCM — Therapeutic Cycle Management
    [Patient-041_TCM] main call… [no image] → A (✗) | probe… pred A → faithful 
  → score: 0% [FAIL]  local faithful: 100%

============================================================
Case 32/62: LUMIERE GBM Case (Patient-042)  [Patient-042]
============================================================
  4 phase(s) | 4 question(s)

  Phase: AIA — Anatomical and Imaging Assessment
    [Patient-042_AIA] main call… [no image] → C (✗) | probe… pred C → faithful 
  → score: 0% [FAIL]  local faithful: 100%

  Phase: LIL — Lesion Identification and Localization

  Phase: DSCR — Diagnostic Synthesis and Causal Reasoning
    [Patient-042_DSCR] main call… [no image] → D (✓) | probe… pred D → faithful 
  → score: 100% [PASS]  local faithful: 100%

  Phase: PJRF — Prognostic Judgment and Risk Forecasting
    [Patient-042_PJRF] main call… [no image] → D (✗) | probe… pred D → faithful 
  → score: 0% [FAIL]  local faithful: 100%

  Phase: TCM — Therapeutic Cycle Management
    [Patient-042_TCM] main call… [no image] → B (✓) | probe… pred B → faithful 
  → score: 100% [PASS]  local faithful: 100%

============================================================
Case 33/62: LUMIERE GBM Case (Patient-043)  [Patient-043]
============================================================
  5 phase(s) | 5 question(s)

  Phase: AIA — Anatomical and Imaging Assessment
    [Patient-043_AIA] main call… [no image] → B (✗) | probe… pred B → faithful 
  → score: 0% [FAIL]  local faithful: 100%

  Phase: LIL — Lesion Identification and Localization
    [Patient-043_LIL] main call… [no image] → D (✓) | probe… pred D → faithful 
  → score: 100% [PASS]  local faithful: 100%

  Phase: DSCR — Diagnostic Synthesis and Causal Reasoning
    [Patient-043_DSCR] main call… [no image] → D (✗) | probe… pred D → faithful 
  → score: 0% [FAIL]  local faithful: 100%

  Phase: PJRF — Prognostic Judgment and Risk Forecasting
    [Patient-043_PJRF] main call… [no image] → D (✗) | probe… pred D → faithful 
  → score: 0% [FAIL]  local faithful: 100%

  Phase: TCM — Therapeutic Cycle Management
    [Patient-043_TCM] main call… [no image] → C (✓) | probe… pred C → faithful 
  → score: 100% [PASS]  local faithful: 100%

============================================================
Case 34/62: LUMIERE GBM Case (Patient-045)  [Patient-045]
============================================================
  5 phase(s) | 5 question(s)

  Phase: AIA — Anatomical and Imaging Assessment
    [Patient-045_AIA] main call… [no image] → B (✓) | probe… pred B → faithful 
  → score: 100% [PASS]  local faithful: 100%

  Phase: LIL — Lesion Identification and Localization
    [Patient-045_LIL] main call… [no image] → A (✗) | probe… pred A → faithful 
  → score: 0% [FAIL]  local faithful: 100%

  Phase: DSCR — Diagnostic Synthesis and Causal Reasoning
    [Patient-045_DSCR] main call… [no image] → A (✓) | probe… pred A → faithful 
  → score: 100% [PASS]  local faithful: 100%

  Phase: PJRF — Prognostic Judgment and Risk Forecasting
    [Patient-045_PJRF] main call… [no image] → D (✗) | probe… pred D → faithful 
  → score: 0% [FAIL]  local faithful: 100%

  Phase: TCM — Therapeutic Cycle Management
    [Patient-045_TCM] main call… [no image] → B (✗) | probe… pred B → faithful 
  → score: 0% [FAIL]  local faithful: 100%

============================================================
Case 35/62: LUMIERE GBM Case (Patient-046)  [Patient-046]
============================================================
  5 phase(s) | 5 question(s)

  Phase: AIA — Anatomical and Imaging Assessment
    [Patient-046_AIA] main call… [no image] → A (✗) | probe… pred A → faithful 
  → score: 0% [FAIL]  local faithful: 100%

  Phase: LIL — Lesion Identification and Localization
    [Patient-046_LIL] main call… [no image] → B (✗) | probe… pred B → faithful 
  → score: 0% [FAIL]  local faithful: 100%

  Phase: DSCR — Diagnostic Synthesis and Causal Reasoning
    [Patient-046_DSCR] main call… [no image] → C (✗) | probe… pred C → faithful 
  → score: 0% [FAIL]  local faithful: 100%

  Phase: PJRF — Prognostic Judgment and Risk Forecasting
    [Patient-046_PJRF] main call… [no image] → D (✗) | probe… pred D → faithful 
  → score: 0% [FAIL]  local faithful: 100%

  Phase: TCM — Therapeutic Cycle Management
    [Patient-046_TCM] main call… [no image] → B (✗) | probe… pred B → faithful 
  → score: 0% [FAIL]  local faithful: 100%

============================================================
Case 36/62: LUMIERE GBM Case (Patient-048)  [Patient-048]
============================================================
  5 phase(s) | 5 question(s)

  Phase: AIA — Anatomical and Imaging Assessment
    [Patient-048_AIA] main call… [no image] → A (✗) | probe… pred A → faithful 
  → score: 0% [FAIL]  local faithful: 100%

  Phase: LIL — Lesion Identification and Localization
    [Patient-048_LIL] main call… [no image] → D (✗) | probe… pred D → faithful 
  → score: 0% [FAIL]  local faithful: 100%

  Phase: DSCR — Diagnostic Synthesis and Causal Reasoning
    [Patient-048_DSCR] main call… [no image] → A (✓) | probe… pred A → faithful 
  → score: 100% [PASS]  local faithful: 100%

  Phase: PJRF — Prognostic Judgment and Risk Forecasting
    [Patient-048_PJRF] main call… [no image] → D (✗) | probe… pred D → faithful 
  → score: 0% [FAIL]  local faithful: 100%

  Phase: TCM — Therapeutic Cycle Management
    [Patient-048_TCM] main call… [no image] → B (✗) | probe… pred B → faithful 
  → score: 0% [FAIL]  local faithful: 100%

============================================================
Case 37/62: LUMIERE GBM Case (Patient-050)  [Patient-050]
============================================================
  5 phase(s) | 5 question(s)

  Phase: AIA — Anatomical and Imaging Assessment
    [Patient-050_AIA] main call… [no image] → C (✗) | probe… pred C → faithful 
  → score: 0% [FAIL]  local faithful: 100%

  Phase: LIL — Lesion Identification and Localization
    [Patient-050_LIL] main call… [no image] → D (✗) | probe… pred D → faithful 
  → score: 0% [FAIL]  local faithful: 100%

  Phase: DSCR — Diagnostic Synthesis and Causal Reasoning
    [Patient-050_DSCR] main call… [no image] → C (✓) | probe… pred C → faithful 
  → score: 100% [PASS]  local faithful: 100%

  Phase: PJRF — Prognostic Judgment and Risk Forecasting
    [Patient-050_PJRF] main call… [no image] → D (✗) | probe… pred D → faithful 
  → score: 0% [FAIL]  local faithful: 100%

  Phase: TCM — Therapeutic Cycle Management
    [Patient-050_TCM] main call… [no image] → B (✓) | probe… pred B → faithful 
  → score: 100% [PASS]  local faithful: 100%

============================================================
Case 38/62: LUMIERE GBM Case (Patient-051)  [Patient-051]
============================================================
  4 phase(s) | 4 question(s)

  Phase: AIA — Anatomical and Imaging Assessment
    [Patient-051_AIA] main call… [no image] → C (✗) | probe… pred C → faithful 
  → score: 0% [FAIL]  local faithful: 100%

  Phase: LIL — Lesion Identification and Localization

  Phase: DSCR — Diagnostic Synthesis and Causal Reasoning
    [Patient-051_DSCR] main call… [no image] → D (✗) | probe… pred D → faithful 
  → score: 0% [FAIL]  local faithful: 100%

  Phase: PJRF — Prognostic Judgment and Risk Forecasting
    [Patient-051_PJRF] main call… [no image] → D (✗) | probe… pred D → faithful 
  → score: 0% [FAIL]  local faithful: 100%

  Phase: TCM — Therapeutic Cycle Management
    [Patient-051_TCM] main call… [no image] → C (✗) | probe… pred C → faithful 
  → score: 0% [FAIL]  local faithful: 100%

============================================================
Case 39/62: LUMIERE GBM Case (Patient-052)  [Patient-052]
============================================================
  4 phase(s) | 4 question(s)

  Phase: AIA — Anatomical and Imaging Assessment
    [Patient-052_AIA] main call… [no image] → A (✗) | probe… pred A → faithful 
  → score: 0% [FAIL]  local faithful: 100%

  Phase: LIL — Lesion Identification and Localization

  Phase: DSCR — Diagnostic Synthesis and Causal Reasoning
    [Patient-052_DSCR] main call… [no image] → A (✓) | probe… pred A → faithful 
  → score: 100% [PASS]  local faithful: 100%

  Phase: PJRF — Prognostic Judgment and Risk Forecasting
    [Patient-052_PJRF] main call… [no image] → B (✗) | probe… pred B → faithful 
  → score: 0% [FAIL]  local faithful: 100%

  Phase: TCM — Therapeutic Cycle Management
    [Patient-052_TCM] main call… [no image] → B (✗) | probe… pred B → faithful 
  → score: 0% [FAIL]  local faithful: 100%

============================================================
Case 40/62: LUMIERE GBM Case (Patient-054)  [Patient-054]
============================================================
  5 phase(s) | 5 question(s)

  Phase: AIA — Anatomical and Imaging Assessment
    [Patient-054_AIA] main call… [no image] → D (✗) | probe… pred D → faithful 
  → score: 0% [FAIL]  local faithful: 100%

  Phase: LIL — Lesion Identification and Localization
    [Patient-054_LIL] main call… [no image] → B (✗) | probe… pred B → faithful 
  → score: 0% [FAIL]  local faithful: 100%

  Phase: DSCR — Diagnostic Synthesis and Causal Reasoning
    [Patient-054_DSCR] main call… [no image] → D (✗) | probe… pred D → faithful 
  → score: 0% [FAIL]  local faithful: 100%

  Phase: PJRF — Prognostic Judgment and Risk Forecasting
    [Patient-054_PJRF] main call… [no image] → D (✗) | probe… pred D → faithful 
  → score: 0% [FAIL]  local faithful: 100%

  Phase: TCM — Therapeutic Cycle Management
    [Patient-054_TCM] main call… [no image] → B (✗) | probe… pred B → faithful 
  → score: 0% [FAIL]  local faithful: 100%

============================================================
Case 41/62: LUMIERE GBM Case (Patient-055)  [Patient-055]
============================================================
  5 phase(s) | 5 question(s)

  Phase: AIA — Anatomical and Imaging Assessment
    [Patient-055_AIA] main call… [no image] → B (✓) | probe… pred B → faithful 
  → score: 100% [PASS]  local faithful: 100%

  Phase: LIL — Lesion Identification and Localization
    [Patient-055_LIL] main call… [no image] → A (✓) | probe… pred A → faithful 
  → score: 100% [PASS]  local faithful: 100%

  Phase: DSCR — Diagnostic Synthesis and Causal Reasoning
    [Patient-055_DSCR] main call… [no image] → C (✗) | probe… pred C → faithful 
  → score: 0% [FAIL]  local faithful: 100%

  Phase: PJRF — Prognostic Judgment and Risk Forecasting
    [Patient-055_PJRF] main call… [no image] → B (✗) | probe… pred B → faithful 
  → score: 0% [FAIL]  local faithful: 100%

  Phase: TCM — Therapeutic Cycle Management
    [Patient-055_TCM] main call… [no image] → B (✗) | probe… pred B → faithful 
  → score: 0% [FAIL]  local faithful: 100%

============================================================
Case 42/62: LUMIERE GBM Case (Patient-058)  [Patient-058]
============================================================
  5 phase(s) | 5 question(s)

  Phase: AIA — Anatomical and Imaging Assessment
    [Patient-058_AIA] main call… [no image] → A (✓) | probe… pred A → faithful 
  → score: 100% [PASS]  local faithful: 100%

  Phase: LIL — Lesion Identification and Localization
    [Patient-058_LIL] main call… [no image] → C (✗) | probe… pred C → faithful 
  → score: 0% [FAIL]  local faithful: 100%

  Phase: DSCR — Diagnostic Synthesis and Causal Reasoning
    [Patient-058_DSCR] main call… [no image] → A (✗) | probe… pred A → faithful 
  → score: 0% [FAIL]  local faithful: 100%

  Phase: PJRF — Prognostic Judgment and Risk Forecasting
    [Patient-058_PJRF] main call… [no image] → D (✗) | probe… pred D → faithful 
  → score: 0% [FAIL]  local faithful: 100%

  Phase: TCM — Therapeutic Cycle Management
    [Patient-058_TCM] main call… [no image] → A (✗) | probe… pred A → faithful 
  → score: 0% [FAIL]  local faithful: 100%

============================================================
Case 43/62: LUMIERE GBM Case (Patient-059)  [Patient-059]
============================================================
  4 phase(s) | 4 question(s)

  Phase: AIA — Anatomical and Imaging Assessment
    [Patient-059_AIA] main call… [no image] → C (✓) | probe… pred C → faithful 
  → score: 100% [PASS]  local faithful: 100%

  Phase: LIL — Lesion Identification and Localization

  Phase: DSCR — Diagnostic Synthesis and Causal Reasoning
    [Patient-059_DSCR] main call… [no image] → D (✗) | probe… pred D → faithful 
  → score: 0% [FAIL]  local faithful: 100%

  Phase: PJRF — Prognostic Judgment and Risk Forecasting
    [Patient-059_PJRF] main call… [no image] → D (✗) | probe… pred D → faithful 
  → score: 0% [FAIL]  local faithful: 100%

  Phase: TCM — Therapeutic Cycle Management
    [Patient-059_TCM] main call… [no image] → A (✓) | probe… pred A → faithful 
  → score: 100% [PASS]  local faithful: 100%

============================================================
Case 44/62: LUMIERE GBM Case (Patient-061)  [Patient-061]
============================================================
  5 phase(s) | 5 question(s)

  Phase: AIA — Anatomical and Imaging Assessment
    [Patient-061_AIA] main call… [no image] → A (✗) | probe… pred A → faithful 
  → score: 0% [FAIL]  local faithful: 100%

  Phase: LIL — Lesion Identification and Localization
    [Patient-061_LIL] main call… [no image] → A (✗) | probe… pred A → faithful 
  → score: 0% [FAIL]  local faithful: 100%

  Phase: DSCR — Diagnostic Synthesis and Causal Reasoning
    [Patient-061_DSCR] main call… [no image] → D (✓) | probe… pred D → faithful 
  → score: 100% [PASS]  local faithful: 100%

  Phase: PJRF — Prognostic Judgment and Risk Forecasting
    [Patient-061_PJRF] main call… [no image] → D (✗) | probe… pred D → faithful 
  → score: 0% [FAIL]  local faithful: 100%

  Phase: TCM — Therapeutic Cycle Management
    [Patient-061_TCM] main call… [no image] → A (✓) | probe… pred A → faithful 
  → score: 100% [PASS]  local faithful: 100%

============================================================
Case 45/62: LUMIERE GBM Case (Patient-062)  [Patient-062]
============================================================
  5 phase(s) | 5 question(s)

  Phase: AIA — Anatomical and Imaging Assessment
    [Patient-062_AIA] main call… [no image] → C (✗) | probe… pred C → faithful 
  → score: 0% [FAIL]  local faithful: 100%

  Phase: LIL — Lesion Identification and Localization
    [Patient-062_LIL] main call… [no image] → D (✗) | probe… pred D → faithful 
  → score: 0% [FAIL]  local faithful: 100%

  Phase: DSCR — Diagnostic Synthesis and Causal Reasoning
    [Patient-062_DSCR] main call… [no image] → D (✗) | probe… pred D → faithful 
  → score: 0% [FAIL]  local faithful: 100%

  Phase: PJRF — Prognostic Judgment and Risk Forecasting
    [Patient-062_PJRF] main call… [no image] → D (✗) | probe… pred D → faithful 
  → score: 0% [FAIL]  local faithful: 100%

  Phase: TCM — Therapeutic Cycle Management
    [Patient-062_TCM] main call… [no image] → C (✗) | probe… pred C → faithful 
  → score: 0% [FAIL]  local faithful: 100%

============================================================
Case 46/62: LUMIERE GBM Case (Patient-063)  [Patient-063]
============================================================
  5 phase(s) | 5 question(s)

  Phase: AIA — Anatomical and Imaging Assessment
    [Patient-063_AIA] main call… [no image] → B (✗) | probe… pred B → faithful 
  → score: 0% [FAIL]  local faithful: 100%

  Phase: LIL — Lesion Identification and Localization
    [Patient-063_LIL] main call… [no image] → B (✓) | probe… pred B → faithful 
  → score: 100% [PASS]  local faithful: 100%

  Phase: DSCR — Diagnostic Synthesis and Causal Reasoning
    [Patient-063_DSCR] main call… [no image] → B (✓) | probe… pred B → faithful 
  → score: 100% [PASS]  local faithful: 100%

  Phase: PJRF — Prognostic Judgment and Risk Forecasting
    [Patient-063_PJRF] main call… [no image] → A (✗) | probe… pred A → faithful 
  → score: 0% [FAIL]  local faithful: 100%

  Phase: TCM — Therapeutic Cycle Management
    [Patient-063_TCM] main call… [no image] → D (✓) | probe… pred D → faithful 
  → score: 100% [PASS]  local faithful: 100%

============================================================
Case 47/62: LUMIERE GBM Case (Patient-064)  [Patient-064]
============================================================
  5 phase(s) | 5 question(s)

  Phase: AIA — Anatomical and Imaging Assessment
    [Patient-064_AIA] main call… [no image] → A (✗) | probe… pred A → faithful 
  → score: 0% [FAIL]  local faithful: 100%

  Phase: LIL — Lesion Identification and Localization
    [Patient-064_LIL] main call… [no image] → D (✗) | probe… pred D → faithful 
  → score: 0% [FAIL]  local faithful: 100%

  Phase: DSCR — Diagnostic Synthesis and Causal Reasoning
    [Patient-064_DSCR] main call… [no image] → D (✗) | probe… pred D → faithful 
  → score: 0% [FAIL]  local faithful: 100%

  Phase: PJRF — Prognostic Judgment and Risk Forecasting
    [Patient-064_PJRF] main call… [no image] → D (✗) | probe… pred D → faithful 
  → score: 0% [FAIL]  local faithful: 100%

  Phase: TCM — Therapeutic Cycle Management
    [Patient-064_TCM] main call… [no image] → B (✓) | probe… pred B → faithful 
  → score: 100% [PASS]  local faithful: 100%

============================================================
Case 48/62: LUMIERE GBM Case (Patient-065)  [Patient-065]
============================================================
  5 phase(s) | 5 question(s)

  Phase: AIA — Anatomical and Imaging Assessment
    [Patient-065_AIA] main call… [no image] → D (✓) | probe… pred D → faithful 
  → score: 100% [PASS]  local faithful: 100%

  Phase: LIL — Lesion Identification and Localization
    [Patient-065_LIL] main call… [no image] → B (✗) | probe… pred B → faithful 
  → score: 0% [FAIL]  local faithful: 100%

  Phase: DSCR — Diagnostic Synthesis and Causal Reasoning
    [Patient-065_DSCR] main call… [no image] → A (✗) | probe… pred A → faithful 
  → score: 0% [FAIL]  local faithful: 100%

  Phase: PJRF — Prognostic Judgment and Risk Forecasting
    [Patient-065_PJRF] main call… [no image] → D (✗) | probe… pred D → faithful 
  → score: 0% [FAIL]  local faithful: 100%

  Phase: TCM — Therapeutic Cycle Management
    [Patient-065_TCM] main call… [no image] → D (✗) | probe… pred D → faithful 
  → score: 0% [FAIL]  local faithful: 100%

============================================================
Case 49/62: LUMIERE GBM Case (Patient-066)  [Patient-066]
============================================================
  4 phase(s) | 4 question(s)

  Phase: AIA — Anatomical and Imaging Assessment
    [Patient-066_AIA] main call… [no image] → A (✗) | probe… pred A → faithful 
  → score: 0% [FAIL]  local faithful: 100%

  Phase: LIL — Lesion Identification and Localization

  Phase: DSCR — Diagnostic Synthesis and Causal Reasoning
    [Patient-066_DSCR] main call… [no image] → B (✓) | probe… pred B → faithful 
  → score: 100% [PASS]  local faithful: 100%

  Phase: PJRF — Prognostic Judgment and Risk Forecasting
    [Patient-066_PJRF] main call… [no image] → D (✗) | probe… pred D → faithful 
  → score: 0% [FAIL]  local faithful: 100%

  Phase: TCM — Therapeutic Cycle Management
    [Patient-066_TCM] main call… [no image] → D (✓) | probe… pred D → faithful 
  → score: 100% [PASS]  local faithful: 100%

============================================================
Case 50/62: LUMIERE GBM Case (Patient-067)  [Patient-067]
============================================================
  5 phase(s) | 5 question(s)

  Phase: AIA — Anatomical and Imaging Assessment
    [Patient-067_AIA] main call… [no image] → D (✗) | probe… pred D → faithful 
  → score: 0% [FAIL]  local faithful: 100%

  Phase: LIL — Lesion Identification and Localization
    [Patient-067_LIL] main call… [no image] → B (✗) | probe… pred B → faithful 
  → score: 0% [FAIL]  local faithful: 100%

  Phase: DSCR — Diagnostic Synthesis and Causal Reasoning
    [Patient-067_DSCR] main call… [no image] → D (✗) | probe… pred D → faithful 
  → score: 0% [FAIL]  local faithful: 100%

  Phase: PJRF — Prognostic Judgment and Risk Forecasting
    [Patient-067_PJRF] main call… [no image] → D (✗) | probe… pred D → faithful 
  → score: 0% [FAIL]  local faithful: 100%

  Phase: TCM — Therapeutic Cycle Management
    [Patient-067_TCM] main call… [no image] → D (✗) | probe… pred D → faithful 
  → score: 0% [FAIL]  local faithful: 100%

============================================================
Case 51/62: LUMIERE GBM Case (Patient-070)  [Patient-070]
============================================================
  5 phase(s) | 5 question(s)

  Phase: AIA — Anatomical and Imaging Assessment
    [Patient-070_AIA] main call… [no image] → B (✓) | probe… pred B → faithful 
  → score: 100% [PASS]  local faithful: 100%

  Phase: LIL — Lesion Identification and Localization
    [Patient-070_LIL] main call… [no image] → D (✗) | probe… pred D → faithful 
  → score: 0% [FAIL]  local faithful: 100%

  Phase: DSCR — Diagnostic Synthesis and Causal Reasoning
    [Patient-070_DSCR] main call… [no image] → D (✗) | probe… pred D → faithful 
  → score: 0% [FAIL]  local faithful: 100%

  Phase: PJRF — Prognostic Judgment and Risk Forecasting
    [Patient-070_PJRF] main call… [no image] → B (✗) | probe… pred B → faithful 
  → score: 0% [FAIL]  local faithful: 100%

  Phase: TCM — Therapeutic Cycle Management
    [Patient-070_TCM] main call… [no image] → C (✗) | probe… pred C → faithful 
  → score: 0% [FAIL]  local faithful: 100%

============================================================
Case 52/62: LUMIERE GBM Case (Patient-071)  [Patient-071]
============================================================
  5 phase(s) | 5 question(s)

  Phase: AIA — Anatomical and Imaging Assessment
    [Patient-071_AIA] main call… [no image] → B (✓) | probe… pred B → faithful 
  → score: 100% [PASS]  local faithful: 100%

  Phase: LIL — Lesion Identification and Localization
    [Patient-071_LIL] main call… [no image] → D (✗) | probe… pred D → faithful 
  → score: 0% [FAIL]  local faithful: 100%

  Phase: DSCR — Diagnostic Synthesis and Causal Reasoning
    [Patient-071_DSCR] main call… [no image] → C (✓) | probe… pred C → faithful 
  → score: 100% [PASS]  local faithful: 100%

  Phase: PJRF — Prognostic Judgment and Risk Forecasting
    [Patient-071_PJRF] main call… [no image] → D (✗) | probe… pred D → faithful 
  → score: 0% [FAIL]  local faithful: 100%

  Phase: TCM — Therapeutic Cycle Management
    [Patient-071_TCM] main call… [no image] → B (✓) | probe… pred B → faithful 
  → score: 100% [PASS]  local faithful: 100%

============================================================
Case 53/62: LUMIERE GBM Case (Patient-072)  [Patient-072]
============================================================
  5 phase(s) | 5 question(s)

  Phase: AIA — Anatomical and Imaging Assessment
    [Patient-072_AIA] main call… [no image] → D (✗) | probe… pred D → faithful 
  → score: 0% [FAIL]  local faithful: 100%

  Phase: LIL — Lesion Identification and Localization
    [Patient-072_LIL] main call… [no image] → C (✓) | probe… pred C → faithful 
  → score: 100% [PASS]  local faithful: 100%

  Phase: DSCR — Diagnostic Synthesis and Causal Reasoning
    [Patient-072_DSCR] main call… [no image] → B (✓) | probe… pred B → faithful 
  → score: 100% [PASS]  local faithful: 100%

  Phase: PJRF — Prognostic Judgment and Risk Forecasting
    [Patient-072_PJRF] main call… [no image] → B (✗) | probe… pred B → faithful 
  → score: 0% [FAIL]  local faithful: 100%

  Phase: TCM — Therapeutic Cycle Management
    [Patient-072_TCM] main call… [no image] → B (✓) | probe… pred B → faithful 
  → score: 100% [PASS]  local faithful: 100%

============================================================
Case 54/62: LUMIERE GBM Case (Patient-073)  [Patient-073]
============================================================
  5 phase(s) | 5 question(s)

  Phase: AIA — Anatomical and Imaging Assessment
    [Patient-073_AIA] main call… [no image] → B (✗) | probe… pred B → faithful 
  → score: 0% [FAIL]  local faithful: 100%

  Phase: LIL — Lesion Identification and Localization
    [Patient-073_LIL] main call… [no image] → C (✗) | probe… pred C → faithful 
  → score: 0% [FAIL]  local faithful: 100%

  Phase: DSCR — Diagnostic Synthesis and Causal Reasoning
    [Patient-073_DSCR] main call… [no image] → C (✗) | probe… pred C → faithful 
  → score: 0% [FAIL]  local faithful: 100%

  Phase: PJRF — Prognostic Judgment and Risk Forecasting
    [Patient-073_PJRF] main call… [no image] → D (✗) | probe… pred D → faithful 
  → score: 0% [FAIL]  local faithful: 100%

  Phase: TCM — Therapeutic Cycle Management
    [Patient-073_TCM] main call… [no image] → C (✗) | probe… pred C → faithful 
  → score: 0% [FAIL]  local faithful: 100%

============================================================
Case 55/62: LUMIERE GBM Case (Patient-074)  [Patient-074]
============================================================
  5 phase(s) | 5 question(s)

  Phase: AIA — Anatomical and Imaging Assessment
    [Patient-074_AIA] main call… [no image] → C (✗) | probe… pred C → faithful 
  → score: 0% [FAIL]  local faithful: 100%

  Phase: LIL — Lesion Identification and Localization
    [Patient-074_LIL] main call… [no image] → D (✗) | probe… pred D → faithful 
  → score: 0% [FAIL]  local faithful: 100%

  Phase: DSCR — Diagnostic Synthesis and Causal Reasoning
    [Patient-074_DSCR] main call… [no image] → A (✗) | probe… pred A → faithful 
  → score: 0% [FAIL]  local faithful: 100%

  Phase: PJRF — Prognostic Judgment and Risk Forecasting
    [Patient-074_PJRF] main call… [no image] → D (✗) | probe… pred D → faithful 
  → score: 0% [FAIL]  local faithful: 100%

  Phase: TCM — Therapeutic Cycle Management
    [Patient-074_TCM] main call… [no image] → C (✗) | probe… pred C → faithful 
  → score: 0% [FAIL]  local faithful: 100%

============================================================
Case 56/62: LUMIERE GBM Case (Patient-075)  [Patient-075]
============================================================
  5 phase(s) | 5 question(s)

  Phase: AIA — Anatomical and Imaging Assessment
    [Patient-075_AIA] main call… [no image] → B (✗) | probe… pred B → faithful 
  → score: 0% [FAIL]  local faithful: 100%

  Phase: LIL — Lesion Identification and Localization
    [Patient-075_LIL] main call… [no image] → B (✓) | probe… pred B → faithful 
  → score: 100% [PASS]  local faithful: 100%

  Phase: DSCR — Diagnostic Synthesis and Causal Reasoning
    [Patient-075_DSCR] main call… [no image] → B (✗) | probe… pred B → faithful 
  → score: 0% [FAIL]  local faithful: 100%

  Phase: PJRF — Prognostic Judgment and Risk Forecasting
    [Patient-075_PJRF] main call… [no image] → D (✗) | probe… pred D → faithful 
  → score: 0% [FAIL]  local faithful: 100%

  Phase: TCM — Therapeutic Cycle Management
    [Patient-075_TCM] main call… [no image] → C (✗) | probe… pred C → faithful 
  → score: 0% [FAIL]  local faithful: 100%

============================================================
Case 57/62: LUMIERE GBM Case (Patient-077)  [Patient-077]
============================================================
  5 phase(s) | 5 question(s)

  Phase: AIA — Anatomical and Imaging Assessment
    [Patient-077_AIA] main call… [no image] → B (✓) | probe… pred B → faithful 
  → score: 100% [PASS]  local faithful: 100%

  Phase: LIL — Lesion Identification and Localization
    [Patient-077_LIL] main call… [no image] → A (✓) | probe… pred A → faithful 
  → score: 100% [PASS]  local faithful: 100%

  Phase: DSCR — Diagnostic Synthesis and Causal Reasoning
    [Patient-077_DSCR] main call… [no image] → B (✓) | probe… pred B → faithful 
  → score: 100% [PASS]  local faithful: 100%

  Phase: PJRF — Prognostic Judgment and Risk Forecasting
    [Patient-077_PJRF] main call… [no image] → D (✗) | probe… pred D → faithful 
  → score: 0% [FAIL]  local faithful: 100%

  Phase: TCM — Therapeutic Cycle Management
    [Patient-077_TCM] main call… [no image] → B (✗) | probe… pred B → faithful 
  → score: 0% [FAIL]  local faithful: 100%

============================================================
Case 58/62: LUMIERE GBM Case (Patient-078)  [Patient-078]
============================================================
  4 phase(s) | 4 question(s)

  Phase: AIA — Anatomical and Imaging Assessment
    [Patient-078_AIA] main call… [no image] → B (✗) | probe… pred B → faithful 
  → score: 0% [FAIL]  local faithful: 100%

  Phase: LIL — Lesion Identification and Localization

  Phase: DSCR — Diagnostic Synthesis and Causal Reasoning
    [Patient-078_DSCR] main call… [no image] → B (✗) | probe… pred B → faithful 
  → score: 0% [FAIL]  local faithful: 100%

  Phase: PJRF — Prognostic Judgment and Risk Forecasting
    [Patient-078_PJRF] main call… [no image] → D (✗) | probe… pred D → faithful 
  → score: 0% [FAIL]  local faithful: 100%

  Phase: TCM — Therapeutic Cycle Management
    [Patient-078_TCM] main call… [no image] → D (✗) | probe… pred D → faithful 
  → score: 0% [FAIL]  local faithful: 100%

============================================================
Case 59/62: LUMIERE GBM Case (Patient-080)  [Patient-080]
============================================================
  5 phase(s) | 5 question(s)

  Phase: AIA — Anatomical and Imaging Assessment
    [Patient-080_AIA] main call… [no image] → C (✓) | probe… pred C → faithful 
  → score: 100% [PASS]  local faithful: 100%

  Phase: LIL — Lesion Identification and Localization
    [Patient-080_LIL] main call… [no image] → B (✗) | probe… pred B → faithful 
  → score: 0% [FAIL]  local faithful: 100%

  Phase: DSCR — Diagnostic Synthesis and Causal Reasoning
    [Patient-080_DSCR] main call… [no image] → B (✓) | probe… pred B → faithful 
  → score: 100% [PASS]  local faithful: 100%

  Phase: PJRF — Prognostic Judgment and Risk Forecasting
    [Patient-080_PJRF] main call… [no image] → D (✗) | probe… pred D → faithful 
  → score: 0% [FAIL]  local faithful: 100%

  Phase: TCM — Therapeutic Cycle Management
    [Patient-080_TCM] main call… [no image] → A (✗) | probe… pred A → faithful 
  → score: 0% [FAIL]  local faithful: 100%

============================================================
Case 60/62: LUMIERE GBM Case (Patient-084)  [Patient-084]
============================================================
  5 phase(s) | 5 question(s)

  Phase: AIA — Anatomical and Imaging Assessment
    [Patient-084_AIA] main call… [no image] → B (✓) | probe… pred B → faithful 
  → score: 100% [PASS]  local faithful: 100%

  Phase: LIL — Lesion Identification and Localization
    [Patient-084_LIL] main call… [no image] → C (✗) | probe… pred C → faithful 
  → score: 0% [FAIL]  local faithful: 100%

  Phase: DSCR — Diagnostic Synthesis and Causal Reasoning
    [Patient-084_DSCR] main call… [no image] → A (✓) | probe… pred A → faithful 
  → score: 100% [PASS]  local faithful: 100%

  Phase: PJRF — Prognostic Judgment and Risk Forecasting
    [Patient-084_PJRF] main call… [no image] → D (✗) | probe… pred D → faithful 
  → score: 0% [FAIL]  local faithful: 100%

  Phase: TCM — Therapeutic Cycle Management
    [Patient-084_TCM] main call… [no image] → D (✗) | probe… pred D → faithful 
  → score: 0% [FAIL]  local faithful: 100%

============================================================
Case 61/62: LUMIERE GBM Case (Patient-089)  [Patient-089]
============================================================
  5 phase(s) | 5 question(s)

  Phase: AIA — Anatomical and Imaging Assessment
    [Patient-089_AIA] main call… [no image] → B (✗) | probe… pred B → faithful 
  → score: 0% [FAIL]  local faithful: 100%

  Phase: LIL — Lesion Identification and Localization
    [Patient-089_LIL] main call… [no image] → A (✗) | probe… pred A → faithful 
  → score: 0% [FAIL]  local faithful: 100%

  Phase: DSCR — Diagnostic Synthesis and Causal Reasoning
    [Patient-089_DSCR] main call… [no image] → C (✓) | probe… pred C → faithful 
  → score: 100% [PASS]  local faithful: 100%

  Phase: PJRF — Prognostic Judgment and Risk Forecasting
    [Patient-089_PJRF] main call… [no image] → D (✗) | probe… pred D → faithful 
  → score: 0% [FAIL]  local faithful: 100%

  Phase: TCM — Therapeutic Cycle Management
    [Patient-089_TCM] main call… [no image] → D (✓) | probe… pred D → faithful 
  → score: 100% [PASS]  local faithful: 100%

============================================================
Case 62/62: LUMIERE GBM Case (Patient-090)  [Patient-090]
============================================================
  5 phase(s) | 5 question(s)

  Phase: AIA — Anatomical and Imaging Assessment
    [Patient-090_AIA] main call… [no image] → C (✗) | probe… pred C → faithful 
  → score: 0% [FAIL]  local faithful: 100%

  Phase: LIL — Lesion Identification and Localization
    [Patient-090_LIL] main call… [no image] → A (✗) | probe… pred A → faithful 
  → score: 0% [FAIL]  local faithful: 100%

  Phase: DSCR — Diagnostic Synthesis and Causal Reasoning
    [Patient-090_DSCR] main call… [no image] → A (✗) | probe… pred A → faithful 
  → score: 0% [FAIL]  local faithful: 100%

  Phase: PJRF — Prognostic Judgment and Risk Forecasting
    [Patient-090_PJRF] main call… [no image] → D (✗) | probe… pred D → faithful 
  → score: 0% [FAIL]  local faithful: 100%

  Phase: TCM — Therapeutic Cycle Management
    [Patient-090_TCM] main call… [no image] → C (✗) | probe… pred C → faithful 
  → score: 0% [FAIL]  local faithful: 100%
======================================================================
OmniBrainBench — Causal Chain Evaluation
Model: Llama-4-Scout   |   Cases: 62
======================================================================

Overall accuracy:   25.2%
Chain completion:   0/62 (0%)

── Phase Results 
  MajBase = accuracy of always guessing this phase's most common correct answer (flags class imbalance, e.g. DSCR's 'progressive disease' skew — high MajBase means raw Acc alone overstates model skill; low/blank means answers are too varied for the baseline to mean much, e.g. PJRF/TCM's free-text estimates).
Phase     Acc     95% CI    N  MajBase   LocalF  KBAlign  ConceptP   ChainF  GateBlk
------------------------------------------------------------------------------------
AIA       27%  [18%-40%]   62      26%     100%      33%        6%      —         0%
LIL       26%  [16%-39%]   51      31%     100%      45%       20%      —         0%
DSCR      47%  [35%-59%]   62      56%     100%      99%        6%      —         0%
PJRF       0%    [0%-6%]   61      —       100%      92%        0%      —         0%
TCM       26%  [17%-38%]   62      44%     100%      96%       25%      —         0%

── Adaptation Loop 
  Questions triggered:    0
  Adaptation rate:          —  

── Failure Taxonomy ─
  Perception failures:          83
  Reasoning failures:           33
  Decision-making failures:     107
  Correct-but-unfaithful:       0  ← clinically dangerous

── Per-Task Accuracy 
  Disease Diagnosis Reasoning                   acc=47%  n=62
  Imaging Modality Identification               acc=27%  n=62
  Treatment Plan Selection                      acc=26%  n=62
  Lesion Localization                           acc=26%  n=51
  Prognostic Factor Analysis                    acc=0%  n=61


Saved → results/lumiere_Llama-4-Scout_textonly_v4_nogate_noadapt_20260925_054424
  raw_results.json
  report.txt
  total_results.json
