=== pull gemma3:12b
INFO:    underlay of /etc/localtime required more than 50 (83) bind mounts
[?2026h[?25l[1Gpulling manifest ⠋ [K[?25h[?2026l[?2026h[?25l[1Gpulling manifest ⠙ [K[?25h[?2026l[?2026h[?25l[1Gpulling manifest ⠹ [K[?25h[?2026l[?2026h[?25l[1Gpulling manifest ⠸ [K[?25h[?2026l[?2026h[?25l[1Gpulling manifest ⠼ [K[?25h[?2026l[?2026h[?25l[1Gpulling manifest ⠴ [K[?25h[?2026l[?2026h[?25l[1Gpulling manifest [K
pulling e8ad13eff07a:   0% ▕                  ▏ 250 KB/8.1 GB                  [K[?25h[?2026l[?2026h[?25l[A[1Gpulling manifest [K
pulling e8ad13eff07a:   1% ▕                  ▏  45 MB/8.1 GB                  [K[?25h[?2026l[?2026h[?25l[A[1Gpulling manifest [K
pulling e8ad13eff07a:   1% ▕                  ▏  72 MB/8.1 GB                  [K[?25h[?2026l[?2026h[?25l[A[1Gpulling manifest [K
pulling e8ad13eff07a:   1% ▕                  ▏ 108 MB/8.1 GB                  [K[?25h[?2026l[?2026h[?25l[A[1Gpulling manifest [K
pulling e8ad13eff07a:   2% ▕                  ▏ 163 MB/8.1 GB                  [K[?25h[?2026l[?2026h[?25l[A[1Gpulling manifest [K
pulling e8ad13eff07a:   2% ▕                  ▏ 184 MB/8.1 GB                  [K[?25h[?2026l[?2026h[?25l[A[1Gpulling manifest [K
pulling e8ad13eff07a:   3% ▕                  ▏ 214 MB/8.1 GB                  [K[?25h[?2026l[?2026h[?25l[A[1Gpulling manifest [K
pulling e8ad13eff07a:   3% ▕                  ▏ 266 MB/8.1 GB                  [K[?25h[?2026l[?2026h[?25l[A[1Gpulling manifest [K
pulling e8ad13eff07a:   4% ▕                  ▏ 294 MB/8.1 GB                  [K[?25h[?2026l[?2026h[?25l[A[1Gpulling manifest [K
pulling e8ad13eff07a:   4% ▕                  ▏ 329 MB/8.1 GB                  [K[?25h[?2026l[?2026h[?25l[A[1Gpulling manifest [K
pulling e8ad13eff07a:   5% ▕                  ▏ 380 MB/8.1 GB  379 MB/s     20s[K[?25h[?2026l[?2026h[?25l[A[1Gpulling manifest [K
pulling e8ad13eff07a:   5% ▕                  ▏ 413 MB/8.1 GB  379 MB/s     20s[K[?25h[?2026l[?2026h[?25l[A[1Gpulling manifest [K
pulling e8ad13eff07a:   6% ▕█                 ▏ 455 MB/8.1 GB  379 MB/s     20s[K[?25h[?2026l[?2026h[?25l[A[1Gpulling manifest [K
pulling e8ad13eff07a:   6% ▕█                 ▏ 511 MB/8.1 GB  379 MB/s     20s[K[?25h[?2026l[?2026h[?25l[A[1Gpulling manifest [K
pulling e8ad13eff07a:   7% ▕█                 ▏ 534 MB/8.1 GB  379 MB/s     20s[K[?25h[?2026l[?2026h[?25l[A[1Gpulling manifest [K
pulling e8ad13eff07a:   7% ▕█                 ▏ 574 MB/8.1 GB  379 MB/s     19s[K[?25h[?2026l[?2026h[?25l[A[1Gpulling manifest [K
pulling e8ad13eff07a:   8% ▕█                 ▏ 628 MB/8.1 GB  379 MB/s     19s[K[?25h[?2026l[?2026h[?25l[A[1Gpulling manifest [K
pulling e8ad13eff07a:   8% ▕█                 ▏ 657 MB/8.1 GB  379 MB/s     19s[K[?25h[?2026l[?2026h[?25l[A[1Gpulling manifest [K
pulling e8ad13eff07a:   9% ▕█                 ▏ 700 MB/8.1 GB  379 MB/s     19s[K[?25h[?2026l[?2026h[?25l[A[1Gpulling manifest [K
pulling e8ad13eff07a:   9% ▕█                 ▏ 750 MB/8.1 GB  379 MB/s     19s[K[?25h[?2026l[?2026h[?25l[A[1Gpulling manifest [K
pulling e8ad13eff07a:   9% ▕█                 ▏ 771 MB/8.1 GB  379 MB/s     19s[K[?25h[?2026l[?2026h[?25l[A[1Gpulling manifest [K
pulling e8ad13eff07a:  10% ▕█                 ▏ 799 MB/8.1 GB  396 MB/s     18s[K[?25h[?2026l[?2026h[?25l[A[1Gpulling manifest [K
pulling e8ad13eff07a:  10% ▕█                 ▏ 835 MB/8.1 GB  396 MB/s     18s[K[?25h[?2026l[?2026h[?25l[A[1Gpulling manifest [K
pulling e8ad13eff07a:  11% ▕█                 ▏ 862 MB/8.1 GB  396 MB/s     18s[K[?25h[?2026l[?2026h[?25l[A[1Gpulling manifest [K
pulling e8ad13eff07a:  11% ▕█                 ▏ 899 MB/8.1 GB  396 MB/s     18s[K[?25h[?2026l[?2026h[?25l[A[1Gpulling manifest [K
pulling e8ad13eff07a:  12% ▕██                ▏ 953 MB/8.1 GB  396 MB/s     18s[K[?25h[?2026l[?2026h[?25l[A[1Gpulling manifest [K
pulling e8ad13eff07a:  12% ▕██                ▏ 976 MB/8.1 GB  396 MB/s     18s[K[?25h[?2026l[?2026h[?25l[A[1Gpulling manifest [K
pulling e8ad13eff07a:  13% ▕██                ▏ 1.0 GB/8.1 GB  396 MB/s     17s[K[?25h[?2026l[?2026h[?25l[A[1Gpulling manifest [K
pulling e8ad13eff07a:  13% ▕██                ▏ 1.1 GB/8.1 GB  396 MB/s     17s[K[?25h[?2026l[?2026h[?25l[A[1Gpulling manifest [K
pulling e8ad13eff07a:  13% ▕██                ▏ 1.1 GB/8.1 GB  396 MB/s     17s[K[?25h[?2026l[?2026h[?25l[A[1Gpulling manifest [K
pulling e8ad13eff07a:  14% ▕██                ▏ 1.1 GB/8.1 GB  396 MB/s     17s[K[?25h[?2026l[?2026h[?25l[A[1Gpulling manifest [K
pulling e8ad13eff07a:  14% ▕██                ▏ 1.2 GB/8.1 GB  384 MB/s     18s[K[?25h[?2026l[?2026h[?25l[A[1Gpulling manifest [K
pulling e8ad13eff07a:  15% ▕██                ▏ 1.2 GB/8.1 GB  384 MB/s     18s[K[?25h[?2026l[?2026h[?25l[A[1Gpulling manifest [K
pulling e8ad13eff07a:  15% ▕██                ▏ 1.2 GB/8.1 GB  384 MB/s     17s[K[?25h[?2026l[?2026h[?25l[A[1Gpulling manifest [K
pulling e8ad13eff07a:  16% ▕██                ▏ 1.3 GB/8.1 GB  384 MB/s     17s[K[?25h[?2026l[?2026h[?25l[A[1Gpulling manifest [K
pulling e8ad13eff07a:  16% ▕██                ▏ 1.3 GB/8.1 GB  384 MB/s     17s[K[?25h[?2026l[?2026h[?25l[A[1Gpulling manifest [K
pulling e8ad13eff07a:  17% ▕██                ▏ 1.3 GB/8.1 GB  384 MB/s     17s[K[?25h[?2026l[?2026h[?25l[A[1Gpulling manifest [K
pulling e8ad13eff07a:  17% ▕███               ▏ 1.4 GB/8.1 GB  384 MB/s     17s[K[?25h[?2026l[?2026h[?25l[A[1Gpulling manifest [K
pulling e8ad13eff07a:  17% ▕███               ▏ 1.4 GB/8.1 GB  384 MB/s     17s[K[?25h[?2026l[?2026h[?25l[A[1Gpulling manifest [K
pulling e8ad13eff07a:  18% ▕███               ▏ 1.4 GB/8.1 GB  384 MB/s     17s[K[?25h[?2026l[?2026h[?25l[A[1Gpulling manifest [K
pulling e8ad13eff07a:  18% ▕███               ▏ 1.5 GB/8.1 GB  384 MB/s     17s[K[?25h[?2026l[?2026h[?25l[A[1Gpulling manifest [K
pulling e8ad13eff07a:  19% ▕███               ▏ 1.5 GB/8.1 GB  384 MB/s     17s[K[?25h[?2026l[?2026h[?25l[A[1Gpulling manifest [K
pulling e8ad13eff07a:  19% ▕███               ▏ 1.6 GB/8.1 GB  384 MB/s     17s[K[?25h[?2026l[?2026h[?25l[A[1Gpulling manifest [K
pulling e8ad13eff07a:  20% ▕███               ▏ 1.6 GB/8.1 GB  384 MB/s     17s[K[?25h[?2026l[?2026h[?25l[A[1Gpulling manifest [K
pulling e8ad13eff07a:  20% ▕███               ▏ 1.6 GB/8.1 GB  384 MB/s     16s[K[?25h[?2026l[?2026h[?25l[A[1Gpulling manifest [K
pulling e8ad13eff07a:  21% ▕███               ▏ 1.7 GB/8.1 GB  384 MB/s     16s[K[?25h[?2026l[?2026h[?25l[A[1Gpulling manifest [K
pulling e8ad13eff07a:  21% ▕███               ▏ 1.7 GB/8.1 GB  384 MB/s     16s[K[?25h[?2026l[?2026h[?25l[A[1Gpulling manifest [K
pulling e8ad13eff07a:  22% ▕███               ▏ 1.8 GB/8.1 GB  384 MB/s     16s[K[?25h[?2026l[?2026h[?25l[A[1Gpulling manifest [K
pulling e8ad13eff07a:  22% ▕████              ▏ 1.8 GB/8.1 GB  384 MB/s     16s[K[?25h[?2026l[?2026h[?25l[A[1Gpulling manifest [K
pulling e8ad13eff07a:  23% ▕████              ▏ 1.9 GB/8.1 GB  384 MB/s     16s[K[?25h[?2026l[?2026h[?25l[A[1Gpulling manifest [K
pulling e8ad13eff07a:  23% ▕████              ▏ 1.9 GB/8.1 GB  384 MB/s     16s[K[?25h[?2026l[?2026h[?25l[A[1Gpulling manifest [K
pulling e8ad13eff07a:  24% ▕████              ▏ 1.9 GB/8.1 GB  384 MB/s     16s[K[?25h[?2026l[?2026h[?25l[A[1Gpulling manifest [K
pulling e8ad13eff07a:  24% ▕████              ▏ 2.0 GB/8.1 GB  394 MB/s     15s[K[?25h[?2026l[?2026h[?25l[A[1Gpulling manifest [K
pulling e8ad13eff07a:  25% ▕████              ▏ 2.0 GB/8.1 GB  394 MB/s     15s[K[?25h[?2026l[?2026h[?25l[A[1Gpulling manifest [K
pulling e8ad13eff07a:  25% ▕████              ▏ 2.1 GB/8.1 GB  394 MB/s     15s[K[?25h[?2026l[?2026h[?25l[A[1Gpulling manifest [K
pulling e8ad13eff07a:  26% ▕████              ▏ 2.1 GB/8.1 GB  394 MB/s     15s[K[?25h[?2026l[?2026h[?25l[A[1Gpulling manifest [K
pulling e8ad13eff07a:  26% ▕████              ▏ 2.1 GB/8.1 GB  394 MB/s     15s[K[?25h[?2026l[?2026h[?25l[A[1Gpulling manifest [K
pulling e8ad13eff07a:  27% ▕████              ▏ 2.2 GB/8.1 GB  394 MB/s     15s[K[?25h[?2026l[?2026h[?25l[A[1Gpulling manifest [K
pulling e8ad13eff07a:  27% ▕████              ▏ 2.2 GB/8.1 GB  394 MB/s     15s[K[?25h[?2026l[?2026h[?25l[A[1Gpulling manifest [K
pulling e8ad13eff07a:  27% ▕████              ▏ 2.2 GB/8.1 GB  394 MB/s     14s[K[?25h[?2026l[?2026h[?25l[A[1Gpulling manifest [K
pulling e8ad13eff07a:  28% ▕█████             ▏ 2.3 GB/8.1 GB  394 MB/s     14s[K[?25h[?2026l[?2026h[?25l[A[1Gpulling manifest [K
pulling e8ad13eff07a:  28% ▕█████             ▏ 2.3 GB/8.1 GB  394 MB/s     14s[K[?25h[?2026l[?2026h[?25l[A[1Gpulling manifest [K
pulling e8ad13eff07a:  29% ▕█████             ▏ 2.3 GB/8.1 GB  388 MB/s     14s[K[?25h[?2026l[?2026h[?25l[A[1Gpulling manifest [K
pulling e8ad13eff07a:  29% ▕█████             ▏ 2.4 GB/8.1 GB  388 MB/s     14s[K[?25h[?2026l[?2026h[?25l[A[1Gpulling manifest [K
pulling e8ad13eff07a:  30% ▕█████             ▏ 2.4 GB/8.1 GB  388 MB/s     14s[K[?25h[?2026l[?2026h[?25l[A[1Gpulling manifest [K
pulling e8ad13eff07a:  30% ▕█████             ▏ 2.4 GB/8.1 GB  388 MB/s     14s[K[?25h[?2026l[?2026h[?25l[A[1Gpulling manifest [K
pulling e8ad13eff07a:  30% ▕█████             ▏ 2.5 GB/8.1 GB  388 MB/s     14s[K[?25h[?2026l[?2026h[?25l[A[1Gpulling manifest [K
pulling e8ad13eff07a:  31% ▕█████             ▏ 2.5 GB/8.1 GB  388 MB/s     14s[K[?25h[?2026l[?2026h[?25l[A[1Gpulling manifest [K
pulling e8ad13eff07a:  31% ▕█████             ▏ 2.5 GB/8.1 GB  388 MB/s     14s[K[?25h[?2026l[?2026h[?25l[A[1Gpulling manifest [K
pulling e8ad13eff07a:  32% ▕█████             ▏ 2.6 GB/8.1 GB  388 MB/s     14s[K[?25h[?2026l[?2026h[?25l[A[1Gpulling manifest [K
pulling e8ad13eff07a:  32% ▕█████             ▏ 2.6 GB/8.1 GB  388 MB/s     14s[K[?25h[?2026l[?2026h[?25l[A[1Gpulling manifest [K
pulling e8ad13eff07a:  33% ▕█████             ▏ 2.7 GB/8.1 GB  388 MB/s     14s[K[?25h[?2026l[?2026h[?25l[A[1Gpulling manifest [K
pulling e8ad13eff07a:  34% ▕██████            ▏ 2.7 GB/8.1 GB  388 MB/s     13s[K[?25h[?2026l[?2026h[?25l[A[1Gpulling manifest [K
pulling e8ad13eff07a:  34% ▕██████            ▏ 2.8 GB/8.1 GB  395 MB/s     13s[K[?25h[?2026l[?2026h[?25l[A[1Gpulling manifest [K
pulling e8ad13eff07a:  34% ▕██████            ▏ 2.8 GB/8.1 GB  395 MB/s     13s[K[?25h[?2026l[?2026h[?25l[A[1Gpulling manifest [K
pulling e8ad13eff07a:  35% ▕██████            ▏ 2.8 GB/8.1 GB  395 MB/s     13s[K[?25h[?2026l[?2026h[?25l[A[1Gpulling manifest [K
pulling e8ad13eff07a:  36% ▕██████            ▏ 2.9 GB/8.1 GB  395 MB/s     13s[K[?25h[?2026l[?2026h[?25l[A[1Gpulling manifest [K
pulling e8ad13eff07a:  36% ▕██████            ▏ 2.9 GB/8.1 GB  395 MB/s     13s[K[?25h[?2026l[?2026h[?25l[A[1Gpulling manifest [K
pulling e8ad13eff07a:  36% ▕██████            ▏ 3.0 GB/8.1 GB  395 MB/s     13s[K[?25h[?2026l[?2026h[?25l[A[1Gpulling manifest [K
pulling e8ad13eff07a:  37% ▕██████            ▏ 3.0 GB/8.1 GB  395 MB/s     12s[K[?25h[?2026l[?2026h[?25l[A[1Gpulling manifest [K
pulling e8ad13eff07a:  37% ▕██████            ▏ 3.0 GB/8.1 GB  395 MB/s     12s[K[?25h[?2026l[?2026h[?25l[A[1Gpulling manifest [K
pulling e8ad13eff07a:  38% ▕██████            ▏ 3.1 GB/8.1 GB  395 MB/s     12s[K[?25h[?2026l[?2026h[?25l[A[1Gpulling manifest [K
pulling e8ad13eff07a:  39% ▕██████            ▏ 3.1 GB/8.1 GB  395 MB/s     12s[K[?25h[?2026l[?2026h[?25l[A[1Gpulling manifest [K
pulling e8ad13eff07a:  39% ▕███████           ▏ 3.2 GB/8.1 GB  396 MB/s     12s[K[?25h[?2026l[?2026h[?25l[A[1Gpulling manifest [K
pulling e8ad13eff07a:  39% ▕███████           ▏ 3.2 GB/8.1 GB  396 MB/s     12s[K[?25h[?2026l[?2026h[?25l[A[1Gpulling manifest [K
pulling e8ad13eff07a:  40% ▕███████           ▏ 3.3 GB/8.1 GB  396 MB/s     12s[K[?25h[?2026l[?2026h[?25l[A[1Gpulling manifest [K
pulling e8ad13eff07a:  40% ▕███████           ▏ 3.3 GB/8.1 GB  396 MB/s     12s[K[?25h[?2026l[?2026h[?25l[A[1Gpulling manifest [K
pulling e8ad13eff07a:  41% ▕███████           ▏ 3.3 GB/8.1 GB  396 MB/s     12s[K[?25h[?2026l[?2026h[?25l[A[1Gpulling manifest [K
pulling e8ad13eff07a:  41% ▕███████           ▏ 3.4 GB/8.1 GB  396 MB/s     12s[K[?25h[?2026l[?2026h[?25l[A[1Gpulling manifest [K
pulling e8ad13eff07a:  42% ▕███████           ▏ 3.4 GB/8.1 GB  396 MB/s     12s[K[?25h[?2026l[?2026h[?25l[A[1Gpulling manifest [K
pulling e8ad13eff07a:  42% ▕███████           ▏ 3.4 GB/8.1 GB  396 MB/s     11s[K[?25h[?2026l[?2026h[?25l[A[1Gpulling manifest [K
pulling e8ad13eff07a:  42% ▕███████           ▏ 3.5 GB/8.1 GB  396 MB/s     11s[K[?25h[?2026l[?2026h[?25l[A[1Gpulling manifest [K
pulling e8ad13eff07a:  43% ▕███████           ▏ 3.5 GB/8.1 GB  396 MB/s     11s[K[?25h[?2026l[?2026h[?25l[A[1Gpulling manifest [K
pulling e8ad13eff07a:  43% ▕███████           ▏ 3.5 GB/8.1 GB  396 MB/s     11s[K[?25h[?2026l[?2026h[?25l[A[1Gpulling manifest [K
pulling e8ad13eff07a:  44% ▕███████           ▏ 3.6 GB/8.1 GB  393 MB/s     11s[K[?25h[?2026l[?2026h[?25l[A[1Gpulling manifest [K
pulling e8ad13eff07a:  44% ▕███████           ▏ 3.6 GB/8.1 GB  393 MB/s     11s[K[?25h[?2026l[?2026h[?25l[A[1Gpulling manifest [K
pulling e8ad13eff07a:  45% ▕████████          ▏ 3.6 GB/8.1 GB  393 MB/s     11s[K[?25h[?2026l[?2026h[?25l[A[1Gpulling manifest [K
pulling e8ad13eff07a:  45% ▕████████          ▏ 3.7 GB/8.1 GB  393 MB/s     11s[K[?25h[?2026l[?2026h[?25l[A[1Gpulling manifest [K
pulling e8ad13eff07a:  46% ▕████████          ▏ 3.7 GB/8.1 GB  393 MB/s     11s[K[?25h[?2026l[?2026h[?25l[A[1Gpulling manifest [K
pulling e8ad13eff07a:  46% ▕████████          ▏ 3.8 GB/8.1 GB  393 MB/s     11s[K[?25h[?2026l[?2026h[?25l[A[1Gpulling manifest [K
pulling e8ad13eff07a:  47% ▕████████          ▏ 3.8 GB/8.1 GB  393 MB/s     11s[K[?25h[?2026l[?2026h[?25l[A[1Gpulling manifest [K
pulling e8ad13eff07a:  47% ▕████████          ▏ 3.8 GB/8.1 GB  393 MB/s     10s[K[?25h[?2026l[?2026h[?25l[A[1Gpulling manifest [K
pulling e8ad13eff07a:  48% ▕████████          ▏ 3.9 GB/8.1 GB  393 MB/s     10s[K[?25h[?2026l[?2026h[?25l[A[1Gpulling manifest [K
pulling e8ad13eff07a:  48% ▕████████          ▏ 3.9 GB/8.1 GB  393 MB/s     10s[K[?25h[?2026l[?2026h[?25l[A[1Gpulling manifest [K
pulling e8ad13eff07a:  49% ▕████████          ▏ 4.0 GB/8.1 GB  393 MB/s     10s[K[?25h[?2026l[?2026h[?25l[A[1Gpulling manifest [K
pulling e8ad13eff07a:  49% ▕████████          ▏ 4.0 GB/8.1 GB  401 MB/s     10s[K[?25h[?2026l[?2026h[?25l[A[1Gpulling manifest [K
pulling e8ad13eff07a:  50% ▕████████          ▏ 4.1 GB/8.1 GB  401 MB/s     10s[K[?25h[?2026l[?2026h[?25l[A[1Gpulling manifest [K
pulling e8ad13eff07a:  50% ▕█████████         ▏ 4.1 GB/8.1 GB  401 MB/s     10s[K[?25h[?2026l[?2026h[?25l[A[1Gpulling manifest [K
pulling e8ad13eff07a:  51% ▕█████████         ▏ 4.2 GB/8.1 GB  401 MB/s      9s[K[?25h[?2026l[?2026h[?25l[A[1Gpulling manifest [K
pulling e8ad13eff07a:  52% ▕█████████         ▏ 4.2 GB/8.1 GB  401 MB/s      9s[K[?25h[?2026l[?2026h[?25l[A[1Gpulling manifest [K
pulling e8ad13eff07a:  52% ▕█████████         ▏ 4.2 GB/8.1 GB  401 MB/s      9s[K[?25h[?2026l[?2026h[?25l[A[1Gpulling manifest [K
pulling e8ad13eff07a:  52% ▕█████████         ▏ 4.2 GB/8.1 GB  401 MB/s      9s[K[?25h[?2026l[?2026h[?25l[A[1Gpulling manifest [K
pulling e8ad13eff07a:  53% ▕█████████         ▏ 4.3 GB/8.1 GB  401 MB/s      9s[K[?25h[?2026l[?2026h[?25l[A[1Gpulling manifest [K
pulling e8ad13eff07a:  53% ▕█████████         ▏ 4.3 GB/8.1 GB  401 MB/s      9s[K[?25h[?2026l[?2026h[?25l[A[1Gpulling manifest [K
pulling e8ad13eff07a:  53% ▕█████████         ▏ 4.4 GB/8.1 GB  401 MB/s      9s[K[?25h[?2026l[?2026h[?25l[A[1Gpulling manifest [K
pulling e8ad13eff07a:  54% ▕█████████         ▏ 4.4 GB/8.1 GB  400 MB/s      9s[K[?25h[?2026l[?2026h[?25l[A[1Gpulling manifest [K
pulling e8ad13eff07a:  54% ▕█████████         ▏ 4.4 GB/8.1 GB  400 MB/s      9s[K[?25h[?2026l[?2026h[?25l[A[1Gpulling manifest [K
pulling e8ad13eff07a:  55% ▕█████████         ▏ 4.5 GB/8.1 GB  400 MB/s      9s[K[?25h[?2026l[?2026h[?25l[A[1Gpulling manifest [K
pulling e8ad13eff07a:  55% ▕█████████         ▏ 4.5 GB/8.1 GB  400 MB/s      9s[K[?25h[?2026l[?2026h[?25l[A[1Gpulling manifest [K
pulling e8ad13eff07a:  56% ▕██████████        ▏ 4.6 GB/8.1 GB  400 MB/s      8s[K[?25h[?2026l[?2026h[?25l[A[1Gpulling manifest [K
pulling e8ad13eff07a:  56% ▕██████████        ▏ 4.6 GB/8.1 GB  400 MB/s      8s[K[?25h[?2026l[?2026h[?25l[A[1Gpulling manifest [K
pulling e8ad13eff07a:  57% ▕██████████        ▏ 4.6 GB/8.1 GB  400 MB/s      8s[K[?25h[?2026l[?2026h[?25l[A[1Gpulling manifest [K
pulling e8ad13eff07a:  57% ▕██████████        ▏ 4.7 GB/8.1 GB  400 MB/s      8s[K[?25h[?2026l[?2026h[?25l[A[1Gpulling manifest [K
pulling e8ad13eff07a:  58% ▕██████████        ▏ 4.7 GB/8.1 GB  400 MB/s      8s[K[?25h[?2026l[?2026h[?25l[A[1Gpulling manifest [K
pulling e8ad13eff07a:  59% ▕██████████        ▏ 4.8 GB/8.1 GB  400 MB/s      8s[K[?25h[?2026l[?2026h[?25l[A[1Gpulling manifest [K
pulling e8ad13eff07a:  59% ▕██████████        ▏ 4.8 GB/8.1 GB  406 MB/s      8s[K[?25h[?2026l[?2026h[?25l[A[1Gpulling manifest [K
pulling e8ad13eff07a:  60% ▕██████████        ▏ 4.9 GB/8.1 GB  406 MB/s      8s[K[?25h[?2026l[?2026h[?25l[A[1Gpulling manifest [K
pulling e8ad13eff07a:  60% ▕██████████        ▏ 4.9 GB/8.1 GB  406 MB/s      7s[K[?25h[?2026l[?2026h[?25l[A[1Gpulling manifest [K
pulling e8ad13eff07a:  61% ▕██████████        ▏ 4.9 GB/8.1 GB  406 MB/s      7s[K[?25h[?2026l[?2026h[?25l[A[1Gpulling manifest [K
pulling e8ad13eff07a:  61% ▕███████████       ▏ 5.0 GB/8.1 GB  406 MB/s      7s[K[?25h[?2026l[?2026h[?25l[A[1Gpulling manifest [K
pulling e8ad13eff07a:  62% ▕███████████       ▏ 5.0 GB/8.1 GB  406 MB/s      7s[K[?25h[?2026l[?2026h[?25l[A[1Gpulling manifest [K
pulling e8ad13eff07a:  62% ▕███████████       ▏ 5.1 GB/8.1 GB  406 MB/s      7s[K[?25h[?2026l[?2026h[?25l[A[1Gpulling manifest [K
pulling e8ad13eff07a:  63% ▕███████████       ▏ 5.1 GB/8.1 GB  406 MB/s      7s[K[?25h[?2026l[?2026h[?25l[A[1Gpulling manifest [K
pulling e8ad13eff07a:  63% ▕███████████       ▏ 5.2 GB/8.1 GB  406 MB/s      7s[K[?25h[?2026l[?2026h[?25l[A[1Gpulling manifest [K
pulling e8ad13eff07a:  64% ▕███████████       ▏ 5.2 GB/8.1 GB  406 MB/s      7s[K[?25h[?2026l[?2026h[?25l[A[1Gpulling manifest [K
pulling e8ad13eff07a:  64% ▕███████████       ▏ 5.2 GB/8.1 GB  406 MB/s      7s[K[?25h[?2026l[?2026h[?25l[A[1Gpulling manifest [K
pulling e8ad13eff07a:  65% ▕███████████       ▏ 5.3 GB/8.1 GB  416 MB/s      6s[K[?25h[?2026l[?2026h[?25l[A[1Gpulling manifest [K
pulling e8ad13eff07a:  66% ▕███████████       ▏ 5.3 GB/8.1 GB  416 MB/s      6s[K[?25h[?2026l[?2026h[?25l[A[1Gpulling manifest [K
pulling e8ad13eff07a:  66% ▕███████████       ▏ 5.4 GB/8.1 GB  416 MB/s      6s[K[?25h[?2026l[?2026h[?25l[A[1Gpulling manifest [K
pulling e8ad13eff07a:  67% ▕████████████      ▏ 5.4 GB/8.1 GB  416 MB/s      6s[K[?25h[?2026l[?2026h[?25l[A[1Gpulling manifest [K
pulling e8ad13eff07a:  67% ▕████████████      ▏ 5.5 GB/8.1 GB  416 MB/s      6s[K[?25h[?2026l[?2026h[?25l[A[1Gpulling manifest [K
pulling e8ad13eff07a:  68% ▕████████████      ▏ 5.5 GB/8.1 GB  416 MB/s      6s[K[?25h[?2026l[?2026h[?25l[A[1Gpulling manifest [K
pulling e8ad13eff07a:  68% ▕████████████      ▏ 5.6 GB/8.1 GB  416 MB/s      6s[K[?25h[?2026l[?2026h[?25l[A[1Gpulling manifest [K
pulling e8ad13eff07a:  69% ▕████████████      ▏ 5.6 GB/8.1 GB  416 MB/s      6s[K[?25h[?2026l[?2026h[?25l[A[1Gpulling manifest [K
pulling e8ad13eff07a:  69% ▕████████████      ▏ 5.6 GB/8.1 GB  416 MB/s      6s[K[?25h[?2026l[?2026h[?25l[A[1Gpulling manifest [K
pulling e8ad13eff07a:  70% ▕████████████      ▏ 5.7 GB/8.1 GB  416 MB/s      5s[K[?25h[?2026l[?2026h[?25l[A[1Gpulling manifest [K
pulling e8ad13eff07a:  70% ▕████████████      ▏ 5.7 GB/8.1 GB  417 MB/s      5s[K[?25h[?2026l[?2026h[?25l[A[1Gpulling manifest [K
pulling e8ad13eff07a:  71% ▕████████████      ▏ 5.8 GB/8.1 GB  417 MB/s      5s[K[?25h[?2026l[?2026h[?25l[A[1Gpulling manifest [K
pulling e8ad13eff07a:  71% ▕████████████      ▏ 5.8 GB/8.1 GB  417 MB/s      5s[K[?25h[?2026l[?2026h[?25l[A[1Gpulling manifest [K
pulling e8ad13eff07a:  72% ▕████████████      ▏ 5.8 GB/8.1 GB  417 MB/s      5s[K[?25h[?2026l[?2026h[?25l[A[1Gpulling manifest [K
pulling e8ad13eff07a:  72% ▕████████████      ▏ 5.9 GB/8.1 GB  417 MB/s      5s[K[?25h[?2026l[?2026h[?25l[A[1Gpulling manifest [K
pulling e8ad13eff07a:  73% ▕█████████████     ▏ 5.9 GB/8.1 GB  417 MB/s      5s[K[?25h[?2026l[?2026h[?25l[A[1Gpulling manifest [K
pulling e8ad13eff07a:  73% ▕█████████████     ▏ 6.0 GB/8.1 GB  417 MB/s      5s[K[?25h[?2026l[?2026h[?25l[A[1Gpulling manifest [K
pulling e8ad13eff07a:  73% ▕█████████████     ▏ 6.0 GB/8.1 GB  417 MB/s      5s[K[?25h[?2026l[?2026h[?25l[A[1Gpulling manifest [K
pulling e8ad13eff07a:  74% ▕█████████████     ▏ 6.0 GB/8.1 GB  417 MB/s      5s[K[?25h[?2026l[?2026h[?25l[A[1Gpulling manifest [K
pulling e8ad13eff07a:  74% ▕█████████████     ▏ 6.1 GB/8.1 GB  417 MB/s      4s[K[?25h[?2026l[?2026h[?25l[A[1Gpulling manifest [K
pulling e8ad13eff07a:  75% ▕█████████████     ▏ 6.1 GB/8.1 GB  419 MB/s      4s[K[?25h[?2026l[?2026h[?25l[A[1Gpulling manifest [K
pulling e8ad13eff07a:  75% ▕█████████████     ▏ 6.1 GB/8.1 GB  419 MB/s      4s[K[?25h[?2026l[?2026h[?25l[A[1Gpulling manifest [K
pulling e8ad13eff07a:  76% ▕█████████████     ▏ 6.2 GB/8.1 GB  419 MB/s      4s[K[?25h[?2026l[?2026h[?25l[A[1Gpulling manifest [K
pulling e8ad13eff07a:  76% ▕█████████████     ▏ 6.2 GB/8.1 GB  419 MB/s      4s[K[?25h[?2026l[?2026h[?25l[A[1Gpulling manifest [K
pulling e8ad13eff07a:  77% ▕█████████████     ▏ 6.3 GB/8.1 GB  419 MB/s      4s[K[?25h[?2026l[?2026h[?25l[A[1Gpulling manifest [K
pulling e8ad13eff07a:  77% ▕█████████████     ▏ 6.3 GB/8.1 GB  419 MB/s      4s[K[?25h[?2026l[?2026h[?25l[A[1Gpulling manifest [K
pulling e8ad13eff07a:  78% ▕██████████████    ▏ 6.3 GB/8.1 GB  419 MB/s      4s[K[?25h[?2026l[?2026h[?25l[A[1Gpulling manifest [K
pulling e8ad13eff07a:  79% ▕██████████████    ▏ 6.4 GB/8.1 GB  419 MB/s      4s[K[?25h[?2026l[?2026h[?25l[A[1Gpulling manifest [K
pulling e8ad13eff07a:  79% ▕██████████████    ▏ 6.4 GB/8.1 GB  419 MB/s      4s[K[?25h[?2026l[?2026h[?25l[A[1Gpulling manifest [K
pulling e8ad13eff07a:  79% ▕██████████████    ▏ 6.5 GB/8.1 GB  419 MB/s      4s[K[?25h[?2026l[?2026h[?25l[A[1Gpulling manifest [K
pulling e8ad13eff07a:  80% ▕██████████████    ▏ 6.5 GB/8.1 GB  415 MB/s      3s[K[?25h[?2026l[?2026h[?25l[A[1Gpulling manifest [K
pulling e8ad13eff07a:  80% ▕██████████████    ▏ 6.5 GB/8.1 GB  415 MB/s      3s[K[?25h[?2026l[?2026h[?25l[A[1Gpulling manifest [K
pulling e8ad13eff07a:  80% ▕██████████████    ▏ 6.6 GB/8.1 GB  415 MB/s      3s[K[?25h[?2026l[?2026h[?25l[A[1Gpulling manifest [K
pulling e8ad13eff07a:  81% ▕██████████████    ▏ 6.6 GB/8.1 GB  415 MB/s      3s[K[?25h[?2026l[?2026h[?25l[A[1Gpulling manifest [K
pulling e8ad13eff07a:  81% ▕██████████████    ▏ 6.6 GB/8.1 GB  415 MB/s      3s[K[?25h[?2026l[?2026h[?25l[A[1Gpulling manifest [K
pulling e8ad13eff07a:  82% ▕██████████████    ▏ 6.7 GB/8.1 GB  415 MB/s      3s[K[?25h[?2026l[?2026h[?25l[A[1Gpulling manifest [K
pulling e8ad13eff07a:  83% ▕██████████████    ▏ 6.7 GB/8.1 GB  415 MB/s      3s[K[?25h[?2026l[?2026h[?25l[A[1Gpulling manifest [K
pulling e8ad13eff07a:  83% ▕██████████████    ▏ 6.8 GB/8.1 GB  415 MB/s      3s[K[?25h[?2026l[?2026h[?25l[A[1Gpulling manifest [K
pulling e8ad13eff07a:  83% ▕███████████████   ▏ 6.8 GB/8.1 GB  415 MB/s      3s[K[?25h[?2026l[?2026h[?25l[A[1Gpulling manifest [K
pulling e8ad13eff07a:  84% ▕███████████████   ▏ 6.8 GB/8.1 GB  415 MB/s      3s[K[?25h[?2026l[?2026h[?25l[A[1Gpulling manifest [K
pulling e8ad13eff07a:  84% ▕███████████████   ▏ 6.9 GB/8.1 GB  415 MB/s      3s[K[?25h[?2026l[?2026h[?25l[A[1Gpulling manifest [K
pulling e8ad13eff07a:  85% ▕███████████████   ▏ 6.9 GB/8.1 GB  413 MB/s      3s[K[?25h[?2026l[?2026h[?25l[A[1Gpulling manifest [K
pulling e8ad13eff07a:  85% ▕███████████████   ▏ 7.0 GB/8.1 GB  413 MB/s      2s[K[?25h[?2026l[?2026h[?25l[A[1Gpulling manifest [K
pulling e8ad13eff07a:  86% ▕███████████████   ▏ 7.0 GB/8.1 GB  413 MB/s      2s[K[?25h[?2026l[?2026h[?25l[A[1Gpulling manifest [K
pulling e8ad13eff07a:  86% ▕███████████████   ▏ 7.0 GB/8.1 GB  413 MB/s      2s[K[?25h[?2026l[?2026h[?25l[A[1Gpulling manifest [K
pulling e8ad13eff07a:  86% ▕███████████████   ▏ 7.0 GB/8.1 GB  413 MB/s      2s[K[?25h[?2026l[?2026h[?25l[A[1Gpulling manifest [K
pulling e8ad13eff07a:  87% ▕███████████████   ▏ 7.1 GB/8.1 GB  413 MB/s      2s[K[?25h[?2026l[?2026h[?25l[A[1Gpulling manifest [K
pulling e8ad13eff07a:  87% ▕███████████████   ▏ 7.1 GB/8.1 GB  413 MB/s      2s[K[?25h[?2026l[?2026h[?25l[A[1Gpulling manifest [K
pulling e8ad13eff07a:  88% ▕███████████████   ▏ 7.1 GB/8.1 GB  413 MB/s      2s[K[?25h[?2026l[?2026h[?25l[A[1Gpulling manifest [K
pulling e8ad13eff07a:  88% ▕███████████████   ▏ 7.2 GB/8.1 GB  413 MB/s      2s[K[?25h[?2026l[?2026h[?25l[A[1Gpulling manifest [K
pulling e8ad13eff07a:  88% ▕███████████████   ▏ 7.2 GB/8.1 GB  413 MB/s      2s[K[?25h[?2026l[?2026h[?25l[A[1Gpulling manifest [K
pulling e8ad13eff07a:  89% ▕████████████████  ▏ 7.3 GB/8.1 GB  411 MB/s      2s[K[?25h[?2026l[?2026h[?25l[A[1Gpulling manifest [K
pulling e8ad13eff07a:  89% ▕████████████████  ▏ 7.3 GB/8.1 GB  411 MB/s      2s[K[?25h[?2026l[?2026h[?25l[A[1Gpulling manifest [K
pulling e8ad13eff07a:  90% ▕████████████████  ▏ 7.3 GB/8.1 GB  411 MB/s      1s[K[?25h[?2026l[?2026h[?25l[A[1Gpulling manifest [K
pulling e8ad13eff07a:  91% ▕████████████████  ▏ 7.4 GB/8.1 GB  411 MB/s      1s[K[?25h[?2026l[?2026h[?25l[A[1Gpulling manifest [K
pulling e8ad13eff07a:  91% ▕████████████████  ▏ 7.4 GB/8.1 GB  411 MB/s      1s[K[?25h[?2026l[?2026h[?25l[A[1Gpulling manifest [K
pulling e8ad13eff07a:  91% ▕████████████████  ▏ 7.4 GB/8.1 GB  411 MB/s      1s[K[?25h[?2026l[?2026h[?25l[A[1Gpulling manifest [K
pulling e8ad13eff07a:  92% ▕████████████████  ▏ 7.5 GB/8.1 GB  411 MB/s      1s[K[?25h[?2026l[?2026h[?25l[A[1Gpulling manifest [K
pulling e8ad13eff07a:  92% ▕████████████████  ▏ 7.5 GB/8.1 GB  411 MB/s      1s[K[?25h[?2026l[?2026h[?25l[A[1Gpulling manifest [K
pulling e8ad13eff07a:  93% ▕████████████████  ▏ 7.6 GB/8.1 GB  411 MB/s      1s[K[?25h[?2026l[?2026h[?25l[A[1Gpulling manifest [K
pulling e8ad13eff07a:  94% ▕████████████████  ▏ 7.6 GB/8.1 GB  411 MB/s      1s[K[?25h[?2026l[?2026h[?25l[A[1Gpulling manifest [K
pulling e8ad13eff07a:  94% ▕████████████████  ▏ 7.7 GB/8.1 GB  408 MB/s      1s[K[?25h[?2026l[?2026h[?25l[A[1Gpulling manifest [K
pulling e8ad13eff07a:  95% ▕█████████████████ ▏ 7.7 GB/8.1 GB  408 MB/s      1s[K[?25h[?2026l[?2026h[?25l[A[1Gpulling manifest [K
pulling e8ad13eff07a:  96% ▕█████████████████ ▏ 7.8 GB/8.1 GB  408 MB/s      0s[K[?25h[?2026l[?2026h[?25l[A[1Gpulling manifest [K
pulling e8ad13eff07a:  96% ▕█████████████████ ▏ 7.8 GB/8.1 GB  408 MB/s      0s[K[?25h[?2026l[?2026h[?25l[A[1Gpulling manifest [K
pulling e8ad13eff07a:  97% ▕█████████████████ ▏ 7.9 GB/8.1 GB  408 MB/s      0s[K[?25h[?2026l[?2026h[?25l[A[1Gpulling manifest [K
pulling e8ad13eff07a:  97% ▕█████████████████ ▏ 7.9 GB/8.1 GB  408 MB/s      0s[K[?25h[?2026l[?2026h[?25l[A[1Gpulling manifest [K
pulling e8ad13eff07a:  98% ▕█████████████████ ▏ 8.0 GB/8.1 GB  408 MB/s      0s[K[?25h[?2026l[?2026h[?25l[A[1Gpulling manifest [K
pulling e8ad13eff07a:  98% ▕█████████████████ ▏ 8.0 GB/8.1 GB  408 MB/s      0s[K[?25h[?2026l[?2026h[?25l[A[1Gpulling manifest [K
pulling e8ad13eff07a:  99% ▕█████████████████ ▏ 8.1 GB/8.1 GB  408 MB/s      0s[K[?25h[?2026l[?2026h[?25l[A[1Gpulling manifest [K
pulling e8ad13eff07a:  99% ▕█████████████████ ▏ 8.1 GB/8.1 GB  408 MB/s      0s[K[?25h[?2026l[?2026h[?25l[A[1Gpulling manifest [K
pulling e8ad13eff07a:  99% ▕█████████████████ ▏ 8.1 GB/8.1 GB  407 MB/s      0s[K[?25h[?2026l[?2026h[?25l[A[1Gpulling manifest [K
pulling e8ad13eff07a:  99% ▕█████████████████ ▏ 8.1 GB/8.1 GB  407 MB/s      0s[K[?25h[?2026l[?2026h[?25l[A[1Gpulling manifest [K
pulling e8ad13eff07a:  99% ▕█████████████████ ▏ 8.1 GB/8.1 GB  407 MB/s      0s[K[?25h[?2026l[?2026h[?25l[A[1Gpulling manifest [K
pulling e8ad13eff07a:  99% ▕█████████████████ ▏ 8.1 GB/8.1 GB  407 MB/s      0s[K[?25h[?2026l[?2026h[?25l[A[1Gpulling manifest [K
pulling e8ad13eff07a:  99% ▕█████████████████ ▏ 8.1 GB/8.1 GB  407 MB/s      0s[K[?25h[?2026l[?2026h[?25l[A[1Gpulling manifest [K
pulling e8ad13eff07a:  99% ▕█████████████████ ▏ 8.1 GB/8.1 GB  407 MB/s      0s[K[?25h[?2026l[?2026h[?25l[A[1Gpulling manifest [K
pulling e8ad13eff07a:  99% ▕█████████████████ ▏ 8.1 GB/8.1 GB  407 MB/s      0s[K[?25h[?2026l[?2026h[?25l[A[1Gpulling manifest [K
pulling e8ad13eff07a:  99% ▕█████████████████ ▏ 8.1 GB/8.1 GB  407 MB/s      0s[K[?25h[?2026l[?2026h[?25l[A[1Gpulling manifest [K
pulling e8ad13eff07a:  99% ▕█████████████████ ▏ 8.1 GB/8.1 GB  407 MB/s      0s[K[?25h[?2026l[?2026h[?25l[A[1Gpulling manifest [K
pulling e8ad13eff07a:  99% ▕█████████████████ ▏ 8.1 GB/8.1 GB  407 MB/s      0s[K[?25h[?2026l[?2026h[?25l[A[1Gpulling manifest [K
pulling e8ad13eff07a:  99% ▕█████████████████ ▏ 8.1 GB/8.1 GB  364 MB/s      0s[K[?25h[?2026l[?2026h[?25l[A[1Gpulling manifest [K
pulling e8ad13eff07a:  99% ▕█████████████████ ▏ 8.1 GB/8.1 GB  364 MB/s      0s[K[?25h[?2026l[?2026h[?25l[A[1Gpulling manifest [K
pulling e8ad13eff07a:  99% ▕█████████████████ ▏ 8.1 GB/8.1 GB  364 MB/s      0s[K[?25h[?2026l[?2026h[?25l[A[1Gpulling manifest [K
pulling e8ad13eff07a:  99% ▕█████████████████ ▏ 8.1 GB/8.1 GB  364 MB/s      0s[K[?25h[?2026l[?2026h[?25l[A[1Gpulling manifest [K
pulling e8ad13eff07a:  99% ▕█████████████████ ▏ 8.1 GB/8.1 GB  364 MB/s      0s[K[?25h[?2026l[?2026h[?25l[A[1Gpulling manifest [K
pulling e8ad13eff07a:  99% ▕█████████████████ ▏ 8.1 GB/8.1 GB  364 MB/s      0s[K[?25h[?2026l[?2026h[?25l[A[1Gpulling manifest [K
pulling e8ad13eff07a: 100% ▕█████████████████ ▏ 8.1 GB/8.1 GB  364 MB/s      0s[K[?25h[?2026l[?2026h[?25l[A[1Gpulling manifest [K
pulling e8ad13eff07a: 100% ▕█████████████████ ▏ 8.1 GB/8.1 GB  364 MB/s      0s[K[?25h[?2026l[?2026h[?25l[A[1Gpulling manifest [K
pulling e8ad13eff07a: 100% ▕█████████████████ ▏ 8.1 GB/8.1 GB  364 MB/s      0s[K[?25h[?2026l[?2026h[?25l[A[1Gpulling manifest [K
pulling e8ad13eff07a: 100% ▕█████████████████ ▏ 8.1 GB/8.1 GB  364 MB/s      0s[K[?25h[?2026l[?2026h[?25l[A[1Gpulling manifest [K
pulling e8ad13eff07a: 100% ▕█████████████████ ▏ 8.1 GB/8.1 GB  364 MB/s      0s[K[?25h[?2026l[?2026h[?25l[A[1Gpulling manifest [K
pulling e8ad13eff07a: 100% ▕█████████████████ ▏ 8.1 GB/8.1 GB  314 MB/s      0s[K[?25h[?2026l[?2026h[?25l[A[1Gpulling manifest [K
pulling e8ad13eff07a: 100% ▕█████████████████ ▏ 8.1 GB/8.1 GB  314 MB/s      0s[K[?25h[?2026l[?2026h[?25l[A[1Gpulling manifest [K
pulling e8ad13eff07a: 100% ▕█████████████████ ▏ 8.1 GB/8.1 GB  314 MB/s      0s[K[?25h[?2026l[?2026h[?25l[A[1Gpulling manifest [K
pulling e8ad13eff07a: 100% ▕█████████████████ ▏ 8.1 GB/8.1 GB  314 MB/s      0s[K[?25h[?2026l[?2026h[?25l[A[1Gpulling manifest [K
pulling e8ad13eff07a: 100% ▕█████████████████ ▏ 8.1 GB/8.1 GB  314 MB/s      0s[K[?25h[?2026l[?2026h[?25l[A[1Gpulling manifest [K
pulling e8ad13eff07a: 100% ▕█████████████████ ▏ 8.1 GB/8.1 GB  314 MB/s      0s[K[?25h[?2026l[?2026h[?25l[A[1Gpulling manifest [K
pulling e8ad13eff07a: 100% ▕█████████████████ ▏ 8.1 GB/8.1 GB  314 MB/s      0s[K[?25h[?2026l[?2026h[?25l[A[1Gpulling manifest [K
pulling e8ad13eff07a: 100% ▕█████████████████ ▏ 8.1 GB/8.1 GB  314 MB/s      0s[K[?25h[?2026l[?2026h[?25l[A[1Gpulling manifest [K
pulling e8ad13eff07a: 100% ▕█████████████████ ▏ 8.1 GB/8.1 GB  314 MB/s      0s[K[?25h[?2026l[?2026h[?25l[A[1Gpulling manifest [K
pulling e8ad13eff07a: 100% ▕█████████████████ ▏ 8.1 GB/8.1 GB  314 MB/s      0s[K[?25h[?2026l[?2026h[?25l[A[1Gpulling manifest [K
pulling e8ad13eff07a: 100% ▕█████████████████ ▏ 8.1 GB/8.1 GB  268 MB/s      0s[K[?25h[?2026l[?2026h[?25l[A[1Gpulling manifest [K
pulling e8ad13eff07a: 100% ▕██████████████████▏ 8.1 GB                         [K[?25h[?2026l[?2026h[?25l[A[1Gpulling manifest [K
pulling e8ad13eff07a: 100% ▕██████████████████▏ 8.1 GB                         [K[?25h[?2026l[?2026h[?25l[A[1Gpulling manifest [K
pulling e8ad13eff07a: 100% ▕██████████████████▏ 8.1 GB                         [K[?25h[?2026l[?2026h[?25l[A[1Gpulling manifest [K
pulling e8ad13eff07a: 100% ▕██████████████████▏ 8.1 GB                         [K[?25h[?2026l[?2026h[?25l[A[1Gpulling manifest [K
pulling e8ad13eff07a: 100% ▕██████████████████▏ 8.1 GB                         [K[?25h[?2026l[?2026h[?25l[A[1Gpulling manifest [K
pulling e8ad13eff07a: 100% ▕██████████████████▏ 8.1 GB                         [K[?25h[?2026l[?2026h[?25l[A[1Gpulling manifest [K
pulling e8ad13eff07a: 100% ▕██████████████████▏ 8.1 GB                         [K[?25h[?2026l[?2026h[?25l[A[1Gpulling manifest [K
pulling e8ad13eff07a: 100% ▕██████████████████▏ 8.1 GB                         [K[?25h[?2026l[?2026h[?25l[A[1Gpulling manifest [K
pulling e8ad13eff07a: 100% ▕██████████████████▏ 8.1 GB                         [K[?25h[?2026l[?2026h[?25l[A[1Gpulling manifest [K
pulling e8ad13eff07a: 100% ▕██████████████████▏ 8.1 GB                         [K[?25h[?2026l[?2026h[?25l[A[1Gpulling manifest [K
pulling e8ad13eff07a: 100% ▕██████████████████▏ 8.1 GB                         [K[?25h[?2026l[?2026h[?25l[A[1Gpulling manifest [K
pulling e8ad13eff07a: 100% ▕██████████████████▏ 8.1 GB                         [K[?25h[?2026l[?2026h[?25l[A[1Gpulling manifest [K
pulling e8ad13eff07a: 100% ▕██████████████████▏ 8.1 GB                         [K
pulling e0a42594d802: 100% ▕██████████████████▏  358 B                         [K[?25h[?2026l[?2026h[?25l[A[A[1Gpulling manifest [K
pulling e8ad13eff07a: 100% ▕██████████████████▏ 8.1 GB                         [K
pulling e0a42594d802: 100% ▕██████████████████▏  358 B                         [K[?25h[?2026l[?2026h[?25l[A[A[1Gpulling manifest [K
pulling e8ad13eff07a: 100% ▕██████████████████▏ 8.1 GB                         [K
pulling e0a42594d802: 100% ▕██████████████████▏  358 B                         [K[?25h[?2026l[?2026h[?25l[A[A[1Gpulling manifest [K
pulling e8ad13eff07a: 100% ▕██████████████████▏ 8.1 GB                         [K
pulling e0a42594d802: 100% ▕██████████████████▏  358 B                         [K[?25h[?2026l[?2026h[?25l[A[A[1Gpulling manifest [K
pulling e8ad13eff07a: 100% ▕██████████████████▏ 8.1 GB                         [K
pulling e0a42594d802: 100% ▕██████████████████▏  358 B                         [K[?25h[?2026l[?2026h[?25l[A[A[1Gpulling manifest [K
pulling e8ad13eff07a: 100% ▕██████████████████▏ 8.1 GB                         [K
pulling e0a42594d802: 100% ▕██████████████████▏  358 B                         [K[?25h[?2026l[?2026h[?25l[A[A[1Gpulling manifest [K
pulling e8ad13eff07a: 100% ▕██████████████████▏ 8.1 GB                         [K
pulling e0a42594d802: 100% ▕██████████████████▏  358 B                         [K[?25h[?2026l[?2026h[?25l[A[A[1Gpulling manifest [K
pulling e8ad13eff07a: 100% ▕██████████████████▏ 8.1 GB                         [K
pulling e0a42594d802: 100% ▕██████████████████▏  358 B                         [K[?25h[?2026l[?2026h[?25l[A[A[1Gpulling manifest [K
pulling e8ad13eff07a: 100% ▕██████████████████▏ 8.1 GB                         [K
pulling e0a42594d802: 100% ▕██████████████████▏  358 B                         [K[?25h[?2026l[?2026h[?25l[A[A[1Gpulling manifest [K
pulling e8ad13eff07a: 100% ▕██████████████████▏ 8.1 GB                         [K
pulling e0a42594d802: 100% ▕██████████████████▏  358 B                         [K[?25h[?2026l[?2026h[?25l[A[A[1Gpulling manifest [K
pulling e8ad13eff07a: 100% ▕██████████████████▏ 8.1 GB                         [K
pulling e0a42594d802: 100% ▕██████████████████▏  358 B                         [K[?25h[?2026l[?2026h[?25l[A[A[1Gpulling manifest [K
pulling e8ad13eff07a: 100% ▕██████████████████▏ 8.1 GB                         [K
pulling e0a42594d802: 100% ▕██████████████████▏  358 B                         [K[?25h[?2026l[?2026h[?25l[A[A[1Gpulling manifest [K
pulling e8ad13eff07a: 100% ▕██████████████████▏ 8.1 GB                         [K
pulling e0a42594d802: 100% ▕██████████████████▏  358 B                         [K[?25h[?2026l[?2026h[?25l[A[A[1Gpulling manifest [K
pulling e8ad13eff07a: 100% ▕██████████████████▏ 8.1 GB                         [K
pulling e0a42594d802: 100% ▕██████████████████▏  358 B                         [K
pulling dd084c7d92a3: 100% ▕██████████████████▏ 8.4 KB                         [K[?25h[?2026l[?2026h[?25l[A[A[A[1Gpulling manifest [K
pulling e8ad13eff07a: 100% ▕██████████████████▏ 8.1 GB                         [K
pulling e0a42594d802: 100% ▕██████████████████▏  358 B                         [K
pulling dd084c7d92a3: 100% ▕██████████████████▏ 8.4 KB                         [K[?25h[?2026l[?2026h[?25l[A[A[A[1Gpulling manifest [K
pulling e8ad13eff07a: 100% ▕██████████████████▏ 8.1 GB                         [K
pulling e0a42594d802: 100% ▕██████████████████▏  358 B                         [K
pulling dd084c7d92a3: 100% ▕██████████████████▏ 8.4 KB                         [K[?25h[?2026l[?2026h[?25l[A[A[A[1Gpulling manifest [K
pulling e8ad13eff07a: 100% ▕██████████████████▏ 8.1 GB                         [K
pulling e0a42594d802: 100% ▕██████████████████▏  358 B                         [K
pulling dd084c7d92a3: 100% ▕██████████████████▏ 8.4 KB                         [K[?25h[?2026l[?2026h[?25l[A[A[A[1Gpulling manifest [K
pulling e8ad13eff07a: 100% ▕██████████████████▏ 8.1 GB                         [K
pulling e0a42594d802: 100% ▕██████████████████▏  358 B                         [K
pulling dd084c7d92a3: 100% ▕██████████████████▏ 8.4 KB                         [K[?25h[?2026l[?2026h[?25l[A[A[A[1Gpulling manifest [K
pulling e8ad13eff07a: 100% ▕██████████████████▏ 8.1 GB                         [K
pulling e0a42594d802: 100% ▕██████████████████▏  358 B                         [K
pulling dd084c7d92a3: 100% ▕██████████████████▏ 8.4 KB                         [K[?25h[?2026l[?2026h[?25l[A[A[A[1Gpulling manifest [K
pulling e8ad13eff07a: 100% ▕██████████████████▏ 8.1 GB                         [K
pulling e0a42594d802: 100% ▕██████████████████▏  358 B                         [K
pulling dd084c7d92a3: 100% ▕██████████████████▏ 8.4 KB                         [K[?25h[?2026l[?2026h[?25l[A[A[A[1Gpulling manifest [K
pulling e8ad13eff07a: 100% ▕██████████████████▏ 8.1 GB                         [K
pulling e0a42594d802: 100% ▕██████████████████▏  358 B                         [K
pulling dd084c7d92a3: 100% ▕██████████████████▏ 8.4 KB                         [K[?25h[?2026l[?2026h[?25l[A[A[A[1Gpulling manifest [K
pulling e8ad13eff07a: 100% ▕██████████████████▏ 8.1 GB                         [K
pulling e0a42594d802: 100% ▕██████████████████▏  358 B                         [K
pulling dd084c7d92a3: 100% ▕██████████████████▏ 8.4 KB                         [K[?25h[?2026l[?2026h[?25l[A[A[A[1Gpulling manifest [K
pulling e8ad13eff07a: 100% ▕██████████████████▏ 8.1 GB                         [K
pulling e0a42594d802: 100% ▕██████████████████▏  358 B                         [K
pulling dd084c7d92a3: 100% ▕██████████████████▏ 8.4 KB                         [K[?25h[?2026l[?2026h[?25l[A[A[A[1Gpulling manifest [K
pulling e8ad13eff07a: 100% ▕██████████████████▏ 8.1 GB                         [K
pulling e0a42594d802: 100% ▕██████████████████▏  358 B                         [K
pulling dd084c7d92a3: 100% ▕██████████████████▏ 8.4 KB                         [K[?25h[?2026l[?2026h[?25l[A[A[A[1Gpulling manifest [K
pulling e8ad13eff07a: 100% ▕██████████████████▏ 8.1 GB                         [K
pulling e0a42594d802: 100% ▕██████████████████▏  358 B                         [K
pulling dd084c7d92a3: 100% ▕██████████████████▏ 8.4 KB                         [K
pulling 3116c5225075: 100% ▕██████████████████▏   77 B                         [K[?25h[?2026l[?2026h[?25l[A[A[A[A[1Gpulling manifest [K
pulling e8ad13eff07a: 100% ▕██████████████████▏ 8.1 GB                         [K
pulling e0a42594d802: 100% ▕██████████████████▏  358 B                         [K
pulling dd084c7d92a3: 100% ▕██████████████████▏ 8.4 KB                         [K
pulling 3116c5225075: 100% ▕██████████████████▏   77 B                         [K[?25h[?2026l[?2026h[?25l[A[A[A[A[1Gpulling manifest [K
pulling e8ad13eff07a: 100% ▕██████████████████▏ 8.1 GB                         [K
pulling e0a42594d802: 100% ▕██████████████████▏  358 B                         [K
pulling dd084c7d92a3: 100% ▕██████████████████▏ 8.4 KB                         [K
pulling 3116c5225075: 100% ▕██████████████████▏   77 B                         [K[?25h[?2026l[?2026h[?25l[A[A[A[A[1Gpulling manifest [K
pulling e8ad13eff07a: 100% ▕██████████████████▏ 8.1 GB                         [K
pulling e0a42594d802: 100% ▕██████████████████▏  358 B                         [K
pulling dd084c7d92a3: 100% ▕██████████████████▏ 8.4 KB                         [K
pulling 3116c5225075: 100% ▕██████████████████▏   77 B                         [K[?25h[?2026l[?2026h[?25l[A[A[A[A[1Gpulling manifest [K
pulling e8ad13eff07a: 100% ▕██████████████████▏ 8.1 GB                         [K
pulling e0a42594d802: 100% ▕██████████████████▏  358 B                         [K
pulling dd084c7d92a3: 100% ▕██████████████████▏ 8.4 KB                         [K
pulling 3116c5225075: 100% ▕██████████████████▏   77 B                         [K[?25h[?2026l[?2026h[?25l[A[A[A[A[1Gpulling manifest [K
pulling e8ad13eff07a: 100% ▕██████████████████▏ 8.1 GB                         [K
pulling e0a42594d802: 100% ▕██████████████████▏  358 B                         [K
pulling dd084c7d92a3: 100% ▕██████████████████▏ 8.4 KB                         [K
pulling 3116c5225075: 100% ▕██████████████████▏   77 B                         [K[?25h[?2026l[?2026h[?25l[A[A[A[A[1Gpulling manifest [K
pulling e8ad13eff07a: 100% ▕██████████████████▏ 8.1 GB                         [K
pulling e0a42594d802: 100% ▕██████████████████▏  358 B                         [K
pulling dd084c7d92a3: 100% ▕██████████████████▏ 8.4 KB                         [K
pulling 3116c5225075: 100% ▕██████████████████▏   77 B                         [K[?25h[?2026l[?2026h[?25l[A[A[A[A[1Gpulling manifest [K
pulling e8ad13eff07a: 100% ▕██████████████████▏ 8.1 GB                         [K
pulling e0a42594d802: 100% ▕██████████████████▏  358 B                         [K
pulling dd084c7d92a3: 100% ▕██████████████████▏ 8.4 KB                         [K
pulling 3116c5225075: 100% ▕██████████████████▏   77 B                         [K[?25h[?2026l[?2026h[?25l[A[A[A[A[1Gpulling manifest [K
pulling e8ad13eff07a: 100% ▕██████████████████▏ 8.1 GB                         [K
pulling e0a42594d802: 100% ▕██████████████████▏  358 B                         [K
pulling dd084c7d92a3: 100% ▕██████████████████▏ 8.4 KB                         [K
pulling 3116c5225075: 100% ▕██████████████████▏   77 B                         [K[?25h[?2026l[?2026h[?25l[A[A[A[A[1Gpulling manifest [K
pulling e8ad13eff07a: 100% ▕██████████████████▏ 8.1 GB                         [K
pulling e0a42594d802: 100% ▕██████████████████▏  358 B                         [K
pulling dd084c7d92a3: 100% ▕██████████████████▏ 8.4 KB                         [K
pulling 3116c5225075: 100% ▕██████████████████▏   77 B                         [K[?25h[?2026l[?2026h[?25l[A[A[A[A[1Gpulling manifest [K
pulling e8ad13eff07a: 100% ▕██████████████████▏ 8.1 GB                         [K
pulling e0a42594d802: 100% ▕██████████████████▏  358 B                         [K
pulling dd084c7d92a3: 100% ▕██████████████████▏ 8.4 KB                         [K
pulling 3116c5225075: 100% ▕██████████████████▏   77 B                         [K[?25h[?2026l[?2026h[?25l[A[A[A[A[1Gpulling manifest [K
pulling e8ad13eff07a: 100% ▕██████████████████▏ 8.1 GB                         [K
pulling e0a42594d802: 100% ▕██████████████████▏  358 B                         [K
pulling dd084c7d92a3: 100% ▕██████████████████▏ 8.4 KB                         [K
pulling 3116c5225075: 100% ▕██████████████████▏   77 B                         [K
pulling 6819964c2bcf: 100% ▕██████████████████▏  490 B                         [K[?25h[?2026l[?2026h[?25l[A[A[A[A[A[1Gpulling manifest [K
pulling e8ad13eff07a: 100% ▕██████████████████▏ 8.1 GB                         [K
pulling e0a42594d802: 100% ▕██████████████████▏  358 B                         [K
pulling dd084c7d92a3: 100% ▕██████████████████▏ 8.4 KB                         [K
pulling 3116c5225075: 100% ▕██████████████████▏   77 B                         [K
pulling 6819964c2bcf: 100% ▕██████████████████▏  490 B                         [K[?25h[?2026l[?2026h[?25l[A[A[A[A[A[1Gpulling manifest [K
pulling e8ad13eff07a: 100% ▕██████████████████▏ 8.1 GB                         [K
pulling e0a42594d802: 100% ▕██████████████████▏  358 B                         [K
pulling dd084c7d92a3: 100% ▕██████████████████▏ 8.4 KB                         [K
pulling 3116c5225075: 100% ▕██████████████████▏   77 B                         [K
pulling 6819964c2bcf: 100% ▕██████████████████▏  490 B                         [K[?25h[?2026l[?2026h[?25l[A[A[A[A[A[1Gpulling manifest [K
pulling e8ad13eff07a: 100% ▕██████████████████▏ 8.1 GB                         [K
pulling e0a42594d802: 100% ▕██████████████████▏  358 B                         [K
pulling dd084c7d92a3: 100% ▕██████████████████▏ 8.4 KB                         [K
pulling 3116c5225075: 100% ▕██████████████████▏   77 B                         [K
pulling 6819964c2bcf: 100% ▕██████████████████▏  490 B                         [K[?25h[?2026l[?2026h[?25l[A[A[A[A[A[1Gpulling manifest [K
pulling e8ad13eff07a: 100% ▕██████████████████▏ 8.1 GB                         [K
pulling e0a42594d802: 100% ▕██████████████████▏  358 B                         [K
pulling dd084c7d92a3: 100% ▕██████████████████▏ 8.4 KB                         [K
pulling 3116c5225075: 100% ▕██████████████████▏   77 B                         [K
pulling 6819964c2bcf: 100% ▕██████████████████▏  490 B                         [K[?25h[?2026l[?2026h[?25l[A[A[A[A[A[1Gpulling manifest [K
pulling e8ad13eff07a: 100% ▕██████████████████▏ 8.1 GB                         [K
pulling e0a42594d802: 100% ▕██████████████████▏  358 B                         [K
pulling dd084c7d92a3: 100% ▕██████████████████▏ 8.4 KB                         [K
pulling 3116c5225075: 100% ▕██████████████████▏   77 B                         [K
pulling 6819964c2bcf: 100% ▕██████████████████▏  490 B                         [K[?25h[?2026l[?2026h[?25l[A[A[A[A[A[1Gpulling manifest [K
pulling e8ad13eff07a: 100% ▕██████████████████▏ 8.1 GB                         [K
pulling e0a42594d802: 100% ▕██████████████████▏  358 B                         [K
pulling dd084c7d92a3: 100% ▕██████████████████▏ 8.4 KB                         [K
pulling 3116c5225075: 100% ▕██████████████████▏   77 B                         [K
pulling 6819964c2bcf: 100% ▕██████████████████▏  490 B                         [K[?25h[?2026l[?2026h[?25l[A[A[A[A[A[1Gpulling manifest [K
pulling e8ad13eff07a: 100% ▕██████████████████▏ 8.1 GB                         [K
pulling e0a42594d802: 100% ▕██████████████████▏  358 B                         [K
pulling dd084c7d92a3: 100% ▕██████████████████▏ 8.4 KB                         [K
pulling 3116c5225075: 100% ▕██████████████████▏   77 B                         [K
pulling 6819964c2bcf: 100% ▕██████████████████▏  490 B                         [K[?25h[?2026l[?2026h[?25l[A[A[A[A[A[1Gpulling manifest [K
pulling e8ad13eff07a: 100% ▕██████████████████▏ 8.1 GB                         [K
pulling e0a42594d802: 100% ▕██████████████████▏  358 B                         [K
pulling dd084c7d92a3: 100% ▕██████████████████▏ 8.4 KB                         [K
pulling 3116c5225075: 100% ▕██████████████████▏   77 B                         [K
pulling 6819964c2bcf: 100% ▕██████████████████▏  490 B                         [K[?25h[?2026l[?2026h[?25l[A[A[A[A[A[1Gpulling manifest [K
pulling e8ad13eff07a: 100% ▕██████████████████▏ 8.1 GB                         [K
pulling e0a42594d802: 100% ▕██████████████████▏  358 B                         [K
pulling dd084c7d92a3: 100% ▕██████████████████▏ 8.4 KB                         [K
pulling 3116c5225075: 100% ▕██████████████████▏   77 B                         [K
pulling 6819964c2bcf: 100% ▕██████████████████▏  490 B                         [K
verifying sha256 digest ⠋ [K[?25h[?2026l[?2026h[?25l[A[A[A[A[A[A[1Gpulling manifest [K
pulling e8ad13eff07a: 100% ▕██████████████████▏ 8.1 GB                         [K
pulling e0a42594d802: 100% ▕██████████████████▏  358 B                         [K
pulling dd084c7d92a3: 100% ▕██████████████████▏ 8.4 KB                         [K
pulling 3116c5225075: 100% ▕██████████████████▏   77 B                         [K
pulling 6819964c2bcf: 100% ▕██████████████████▏  490 B                         [K
verifying sha256 digest ⠙ [K[?25h[?2026l[?2026h[?25l[A[A[A[A[A[A[1Gpulling manifest [K
pulling e8ad13eff07a: 100% ▕██████████████████▏ 8.1 GB                         [K
pulling e0a42594d802: 100% ▕██████████████████▏  358 B                         [K
pulling dd084c7d92a3: 100% ▕██████████████████▏ 8.4 KB                         [K
pulling 3116c5225075: 100% ▕██████████████████▏   77 B                         [K
pulling 6819964c2bcf: 100% ▕██████████████████▏  490 B                         [K
verifying sha256 digest ⠹ [K[?25h[?2026l[?2026h[?25l[A[A[A[A[A[A[1Gpulling manifest [K
pulling e8ad13eff07a: 100% ▕██████████████████▏ 8.1 GB                         [K
pulling e0a42594d802: 100% ▕██████████████████▏  358 B                         [K
pulling dd084c7d92a3: 100% ▕██████████████████▏ 8.4 KB                         [K
pulling 3116c5225075: 100% ▕██████████████████▏   77 B                         [K
pulling 6819964c2bcf: 100% ▕██████████████████▏  490 B                         [K
verifying sha256 digest ⠸ [K[?25h[?2026l[?2026h[?25l[A[A[A[A[A[A[1Gpulling manifest [K
pulling e8ad13eff07a: 100% ▕██████████████████▏ 8.1 GB                         [K
pulling e0a42594d802: 100% ▕██████████████████▏  358 B                         [K
pulling dd084c7d92a3: 100% ▕██████████████████▏ 8.4 KB                         [K
pulling 3116c5225075: 100% ▕██████████████████▏   77 B                         [K
pulling 6819964c2bcf: 100% ▕██████████████████▏  490 B                         [K
verifying sha256 digest ⠼ [K[?25h[?2026l[?2026h[?25l[A[A[A[A[A[A[1Gpulling manifest [K
pulling e8ad13eff07a: 100% ▕██████████████████▏ 8.1 GB                         [K
pulling e0a42594d802: 100% ▕██████████████████▏  358 B                         [K
pulling dd084c7d92a3: 100% ▕██████████████████▏ 8.4 KB                         [K
pulling 3116c5225075: 100% ▕██████████████████▏   77 B                         [K
pulling 6819964c2bcf: 100% ▕██████████████████▏  490 B                         [K
verifying sha256 digest ⠴ [K[?25h[?2026l[?2026h[?25l[A[A[A[A[A[A[1Gpulling manifest [K
pulling e8ad13eff07a: 100% ▕██████████████████▏ 8.1 GB                         [K
pulling e0a42594d802: 100% ▕██████████████████▏  358 B                         [K
pulling dd084c7d92a3: 100% ▕██████████████████▏ 8.4 KB                         [K
pulling 3116c5225075: 100% ▕██████████████████▏   77 B                         [K
pulling 6819964c2bcf: 100% ▕██████████████████▏  490 B                         [K
verifying sha256 digest ⠦ [K[?25h[?2026l[?2026h[?25l[A[A[A[A[A[A[1Gpulling manifest [K
pulling e8ad13eff07a: 100% ▕██████████████████▏ 8.1 GB                         [K
pulling e0a42594d802: 100% ▕██████████████████▏  358 B                         [K
pulling dd084c7d92a3: 100% ▕██████████████████▏ 8.4 KB                         [K
pulling 3116c5225075: 100% ▕██████████████████▏   77 B                         [K
pulling 6819964c2bcf: 100% ▕██████████████████▏  490 B                         [K
verifying sha256 digest ⠧ [K[?25h[?2026l[?2026h[?25l[A[A[A[A[A[A[1Gpulling manifest [K
pulling e8ad13eff07a: 100% ▕██████████████████▏ 8.1 GB                         [K
pulling e0a42594d802: 100% ▕██████████████████▏  358 B                         [K
pulling dd084c7d92a3: 100% ▕██████████████████▏ 8.4 KB                         [K
pulling 3116c5225075: 100% ▕██████████████████▏   77 B                         [K
pulling 6819964c2bcf: 100% ▕██████████████████▏  490 B                         [K
verifying sha256 digest ⠇ [K[?25h[?2026l[?2026h[?25l[A[A[A[A[A[A[1Gpulling manifest [K
pulling e8ad13eff07a: 100% ▕██████████████████▏ 8.1 GB                         [K
pulling e0a42594d802: 100% ▕██████████████████▏  358 B                         [K
pulling dd084c7d92a3: 100% ▕██████████████████▏ 8.4 KB                         [K
pulling 3116c5225075: 100% ▕██████████████████▏   77 B                         [K
pulling 6819964c2bcf: 100% ▕██████████████████▏  490 B                         [K
verifying sha256 digest ⠏ [K[?25h[?2026l[?2026h[?25l[A[A[A[A[A[A[1Gpulling manifest [K
pulling e8ad13eff07a: 100% ▕██████████████████▏ 8.1 GB                         [K
pulling e0a42594d802: 100% ▕██████████████████▏  358 B                         [K
pulling dd084c7d92a3: 100% ▕██████████████████▏ 8.4 KB                         [K
pulling 3116c5225075: 100% ▕██████████████████▏   77 B                         [K
pulling 6819964c2bcf: 100% ▕██████████████████▏  490 B                         [K
verifying sha256 digest ⠋ [K[?25h[?2026l[?2026h[?25l[A[A[A[A[A[A[1Gpulling manifest [K
pulling e8ad13eff07a: 100% ▕██████████████████▏ 8.1 GB                         [K
pulling e0a42594d802: 100% ▕██████████████████▏  358 B                         [K
pulling dd084c7d92a3: 100% ▕██████████████████▏ 8.4 KB                         [K
pulling 3116c5225075: 100% ▕██████████████████▏   77 B                         [K
pulling 6819964c2bcf: 100% ▕██████████████████▏  490 B                         [K
verifying sha256 digest ⠙ [K[?25h[?2026l[?2026h[?25l[A[A[A[A[A[A[1Gpulling manifest [K
pulling e8ad13eff07a: 100% ▕██████████████████▏ 8.1 GB                         [K
pulling e0a42594d802: 100% ▕██████████████████▏  358 B                         [K
pulling dd084c7d92a3: 100% ▕██████████████████▏ 8.4 KB                         [K
pulling 3116c5225075: 100% ▕██████████████████▏   77 B                         [K
pulling 6819964c2bcf: 100% ▕██████████████████▏  490 B                         [K
verifying sha256 digest ⠹ [K[?25h[?2026l[?2026h[?25l[A[A[A[A[A[A[1Gpulling manifest [K
pulling e8ad13eff07a: 100% ▕██████████████████▏ 8.1 GB                         [K
pulling e0a42594d802: 100% ▕██████████████████▏  358 B                         [K
pulling dd084c7d92a3: 100% ▕██████████████████▏ 8.4 KB                         [K
pulling 3116c5225075: 100% ▕██████████████████▏   77 B                         [K
pulling 6819964c2bcf: 100% ▕██████████████████▏  490 B                         [K
verifying sha256 digest ⠸ [K[?25h[?2026l[?2026h[?25l[A[A[A[A[A[A[1Gpulling manifest [K
pulling e8ad13eff07a: 100% ▕██████████████████▏ 8.1 GB                         [K
pulling e0a42594d802: 100% ▕██████████████████▏  358 B                         [K
pulling dd084c7d92a3: 100% ▕██████████████████▏ 8.4 KB                         [K
pulling 3116c5225075: 100% ▕██████████████████▏   77 B                         [K
pulling 6819964c2bcf: 100% ▕██████████████████▏  490 B                         [K
verifying sha256 digest ⠼ [K[?25h[?2026l[?2026h[?25l[A[A[A[A[A[A[1Gpulling manifest [K
pulling e8ad13eff07a: 100% ▕██████████████████▏ 8.1 GB                         [K
pulling e0a42594d802: 100% ▕██████████████████▏  358 B                         [K
pulling dd084c7d92a3: 100% ▕██████████████████▏ 8.4 KB                         [K
pulling 3116c5225075: 100% ▕██████████████████▏   77 B                         [K
pulling 6819964c2bcf: 100% ▕██████████████████▏  490 B                         [K
verifying sha256 digest ⠴ [K[?25h[?2026l[?2026h[?25l[A[A[A[A[A[A[1Gpulling manifest [K
pulling e8ad13eff07a: 100% ▕██████████████████▏ 8.1 GB                         [K
pulling e0a42594d802: 100% ▕██████████████████▏  358 B                         [K
pulling dd084c7d92a3: 100% ▕██████████████████▏ 8.4 KB                         [K
pulling 3116c5225075: 100% ▕██████████████████▏   77 B                         [K
pulling 6819964c2bcf: 100% ▕██████████████████▏  490 B                         [K
verifying sha256 digest ⠦ [K[?25h[?2026l[?2026h[?25l[A[A[A[A[A[A[1Gpulling manifest [K
pulling e8ad13eff07a: 100% ▕██████████████████▏ 8.1 GB                         [K
pulling e0a42594d802: 100% ▕██████████████████▏  358 B                         [K
pulling dd084c7d92a3: 100% ▕██████████████████▏ 8.4 KB                         [K
pulling 3116c5225075: 100% ▕██████████████████▏   77 B                         [K
pulling 6819964c2bcf: 100% ▕██████████████████▏  490 B                         [K
verifying sha256 digest ⠧ [K[?25h[?2026l[?2026h[?25l[A[A[A[A[A[A[1Gpulling manifest [K
pulling e8ad13eff07a: 100% ▕██████████████████▏ 8.1 GB                         [K
pulling e0a42594d802: 100% ▕██████████████████▏  358 B                         [K
pulling dd084c7d92a3: 100% ▕██████████████████▏ 8.4 KB                         [K
pulling 3116c5225075: 100% ▕██████████████████▏   77 B                         [K
pulling 6819964c2bcf: 100% ▕██████████████████▏  490 B                         [K
verifying sha256 digest ⠇ [K[?25h[?2026l[?2026h[?25l[A[A[A[A[A[A[1Gpulling manifest [K
pulling e8ad13eff07a: 100% ▕██████████████████▏ 8.1 GB                         [K
pulling e0a42594d802: 100% ▕██████████████████▏  358 B                         [K
pulling dd084c7d92a3: 100% ▕██████████████████▏ 8.4 KB                         [K
pulling 3116c5225075: 100% ▕██████████████████▏   77 B                         [K
pulling 6819964c2bcf: 100% ▕██████████████████▏  490 B                         [K
verifying sha256 digest ⠏ [K[?25h[?2026l[?2026h[?25l[A[A[A[A[A[A[1Gpulling manifest [K
pulling e8ad13eff07a: 100% ▕██████████████████▏ 8.1 GB                         [K
pulling e0a42594d802: 100% ▕██████████████████▏  358 B                         [K
pulling dd084c7d92a3: 100% ▕██████████████████▏ 8.4 KB                         [K
pulling 3116c5225075: 100% ▕██████████████████▏   77 B                         [K
pulling 6819964c2bcf: 100% ▕██████████████████▏  490 B                         [K
verifying sha256 digest ⠋ [K[?25h[?2026l[?2026h[?25l[A[A[A[A[A[A[1Gpulling manifest [K
pulling e8ad13eff07a: 100% ▕██████████████████▏ 8.1 GB                         [K
pulling e0a42594d802: 100% ▕██████████████████▏  358 B                         [K
pulling dd084c7d92a3: 100% ▕██████████████████▏ 8.4 KB                         [K
pulling 3116c5225075: 100% ▕██████████████████▏   77 B                         [K
pulling 6819964c2bcf: 100% ▕██████████████████▏  490 B                         [K
verifying sha256 digest ⠙ [K[?25h[?2026l[?2026h[?25l[A[A[A[A[A[A[1Gpulling manifest [K
pulling e8ad13eff07a: 100% ▕██████████████████▏ 8.1 GB                         [K
pulling e0a42594d802: 100% ▕██████████████████▏  358 B                         [K
pulling dd084c7d92a3: 100% ▕██████████████████▏ 8.4 KB                         [K
pulling 3116c5225075: 100% ▕██████████████████▏   77 B                         [K
pulling 6819964c2bcf: 100% ▕██████████████████▏  490 B                         [K
verifying sha256 digest ⠹ [K[?25h[?2026l[?2026h[?25l[A[A[A[A[A[A[1Gpulling manifest [K
pulling e8ad13eff07a: 100% ▕██████████████████▏ 8.1 GB                         [K
pulling e0a42594d802: 100% ▕██████████████████▏  358 B                         [K
pulling dd084c7d92a3: 100% ▕██████████████████▏ 8.4 KB                         [K
pulling 3116c5225075: 100% ▕██████████████████▏   77 B                         [K
pulling 6819964c2bcf: 100% ▕██████████████████▏  490 B                         [K
verifying sha256 digest ⠸ [K[?25h[?2026l[?2026h[?25l[A[A[A[A[A[A[1Gpulling manifest [K
pulling e8ad13eff07a: 100% ▕██████████████████▏ 8.1 GB                         [K
pulling e0a42594d802: 100% ▕██████████████████▏  358 B                         [K
pulling dd084c7d92a3: 100% ▕██████████████████▏ 8.4 KB                         [K
pulling 3116c5225075: 100% ▕██████████████████▏   77 B                         [K
pulling 6819964c2bcf: 100% ▕██████████████████▏  490 B                         [K
verifying sha256 digest ⠼ [K[?25h[?2026l[?2026h[?25l[A[A[A[A[A[A[1Gpulling manifest [K
pulling e8ad13eff07a: 100% ▕██████████████████▏ 8.1 GB                         [K
pulling e0a42594d802: 100% ▕██████████████████▏  358 B                         [K
pulling dd084c7d92a3: 100% ▕██████████████████▏ 8.4 KB                         [K
pulling 3116c5225075: 100% ▕██████████████████▏   77 B                         [K
pulling 6819964c2bcf: 100% ▕██████████████████▏  490 B                         [K
verifying sha256 digest ⠴ [K[?25h[?2026l[?2026h[?25l[A[A[A[A[A[A[1Gpulling manifest [K
pulling e8ad13eff07a: 100% ▕██████████████████▏ 8.1 GB                         [K
pulling e0a42594d802: 100% ▕██████████████████▏  358 B                         [K
pulling dd084c7d92a3: 100% ▕██████████████████▏ 8.4 KB                         [K
pulling 3116c5225075: 100% ▕██████████████████▏   77 B                         [K
pulling 6819964c2bcf: 100% ▕██████████████████▏  490 B                         [K
verifying sha256 digest ⠦ [K[?25h[?2026l[?2026h[?25l[A[A[A[A[A[A[1Gpulling manifest [K
pulling e8ad13eff07a: 100% ▕██████████████████▏ 8.1 GB                         [K
pulling e0a42594d802: 100% ▕██████████████████▏  358 B                         [K
pulling dd084c7d92a3: 100% ▕██████████████████▏ 8.4 KB                         [K
pulling 3116c5225075: 100% ▕██████████████████▏   77 B                         [K
pulling 6819964c2bcf: 100% ▕██████████████████▏  490 B                         [K
verifying sha256 digest ⠧ [K[?25h[?2026l[?2026h[?25l[A[A[A[A[A[A[1Gpulling manifest [K
pulling e8ad13eff07a: 100% ▕██████████████████▏ 8.1 GB                         [K
pulling e0a42594d802: 100% ▕██████████████████▏  358 B                         [K
pulling dd084c7d92a3: 100% ▕██████████████████▏ 8.4 KB                         [K
pulling 3116c5225075: 100% ▕██████████████████▏   77 B                         [K
pulling 6819964c2bcf: 100% ▕██████████████████▏  490 B                         [K
verifying sha256 digest ⠇ [K[?25h[?2026l[?2026h[?25l[A[A[A[A[A[A[1Gpulling manifest [K
pulling e8ad13eff07a: 100% ▕██████████████████▏ 8.1 GB                         [K
pulling e0a42594d802: 100% ▕██████████████████▏  358 B                         [K
pulling dd084c7d92a3: 100% ▕██████████████████▏ 8.4 KB                         [K
pulling 3116c5225075: 100% ▕██████████████████▏   77 B                         [K
pulling 6819964c2bcf: 100% ▕██████████████████▏  490 B                         [K
verifying sha256 digest ⠏ [K[?25h[?2026l[?2026h[?25l[A[A[A[A[A[A[1Gpulling manifest [K
pulling e8ad13eff07a: 100% ▕██████████████████▏ 8.1 GB                         [K
pulling e0a42594d802: 100% ▕██████████████████▏  358 B                         [K
pulling dd084c7d92a3: 100% ▕██████████████████▏ 8.4 KB                         [K
pulling 3116c5225075: 100% ▕██████████████████▏   77 B                         [K
pulling 6819964c2bcf: 100% ▕██████████████████▏  490 B                         [K
verifying sha256 digest ⠋ [K[?25h[?2026l[?2026h[?25l[A[A[A[A[A[A[1Gpulling manifest [K
pulling e8ad13eff07a: 100% ▕██████████████████▏ 8.1 GB                         [K
pulling e0a42594d802: 100% ▕██████████████████▏  358 B                         [K
pulling dd084c7d92a3: 100% ▕██████████████████▏ 8.4 KB                         [K
pulling 3116c5225075: 100% ▕██████████████████▏   77 B                         [K
pulling 6819964c2bcf: 100% ▕██████████████████▏  490 B                         [K
verifying sha256 digest ⠙ [K[?25h[?2026l[?2026h[?25l[A[A[A[A[A[A[1Gpulling manifest [K
pulling e8ad13eff07a: 100% ▕██████████████████▏ 8.1 GB                         [K
pulling e0a42594d802: 100% ▕██████████████████▏  358 B                         [K
pulling dd084c7d92a3: 100% ▕██████████████████▏ 8.4 KB                         [K
pulling 3116c5225075: 100% ▕██████████████████▏   77 B                         [K
pulling 6819964c2bcf: 100% ▕██████████████████▏  490 B                         [K
verifying sha256 digest ⠹ [K[?25h[?2026l[?2026h[?25l[A[A[A[A[A[A[1Gpulling manifest [K
pulling e8ad13eff07a: 100% ▕██████████████████▏ 8.1 GB                         [K
pulling e0a42594d802: 100% ▕██████████████████▏  358 B                         [K
pulling dd084c7d92a3: 100% ▕██████████████████▏ 8.4 KB                         [K
pulling 3116c5225075: 100% ▕██████████████████▏   77 B                         [K
pulling 6819964c2bcf: 100% ▕██████████████████▏  490 B                         [K
verifying sha256 digest ⠸ [K[?25h[?2026l[?2026h[?25l[A[A[A[A[A[A[1Gpulling manifest [K
pulling e8ad13eff07a: 100% ▕██████████████████▏ 8.1 GB                         [K
pulling e0a42594d802: 100% ▕██████████████████▏  358 B                         [K
pulling dd084c7d92a3: 100% ▕██████████████████▏ 8.4 KB                         [K
pulling 3116c5225075: 100% ▕██████████████████▏   77 B                         [K
pulling 6819964c2bcf: 100% ▕██████████████████▏  490 B                         [K
verifying sha256 digest ⠼ [K[?25h[?2026l[?2026h[?25l[A[A[A[A[A[A[1Gpulling manifest [K
pulling e8ad13eff07a: 100% ▕██████████████████▏ 8.1 GB                         [K
pulling e0a42594d802: 100% ▕██████████████████▏  358 B                         [K
pulling dd084c7d92a3: 100% ▕██████████████████▏ 8.4 KB                         [K
pulling 3116c5225075: 100% ▕██████████████████▏   77 B                         [K
pulling 6819964c2bcf: 100% ▕██████████████████▏  490 B                         [K
verifying sha256 digest ⠴ [K[?25h[?2026l[?2026h[?25l[A[A[A[A[A[A[1Gpulling manifest [K
pulling e8ad13eff07a: 100% ▕██████████████████▏ 8.1 GB                         [K
pulling e0a42594d802: 100% ▕██████████████████▏  358 B                         [K
pulling dd084c7d92a3: 100% ▕██████████████████▏ 8.4 KB                         [K
pulling 3116c5225075: 100% ▕██████████████████▏   77 B                         [K
pulling 6819964c2bcf: 100% ▕██████████████████▏  490 B                         [K
verifying sha256 digest ⠦ [K[?25h[?2026l[?2026h[?25l[A[A[A[A[A[A[1Gpulling manifest [K
pulling e8ad13eff07a: 100% ▕██████████████████▏ 8.1 GB                         [K
pulling e0a42594d802: 100% ▕██████████████████▏  358 B                         [K
pulling dd084c7d92a3: 100% ▕██████████████████▏ 8.4 KB                         [K
pulling 3116c5225075: 100% ▕██████████████████▏   77 B                         [K
pulling 6819964c2bcf: 100% ▕██████████████████▏  490 B                         [K
verifying sha256 digest ⠧ [K[?25h[?2026l[?2026h[?25l[A[A[A[A[A[A[1Gpulling manifest [K
pulling e8ad13eff07a: 100% ▕██████████████████▏ 8.1 GB                         [K
pulling e0a42594d802: 100% ▕██████████████████▏  358 B                         [K
pulling dd084c7d92a3: 100% ▕██████████████████▏ 8.4 KB                         [K
pulling 3116c5225075: 100% ▕██████████████████▏   77 B                         [K
pulling 6819964c2bcf: 100% ▕██████████████████▏  490 B                         [K
verifying sha256 digest ⠇ [K[?25h[?2026l[?2026h[?25l[A[A[A[A[A[A[1Gpulling manifest [K
pulling e8ad13eff07a: 100% ▕██████████████████▏ 8.1 GB                         [K
pulling e0a42594d802: 100% ▕██████████████████▏  358 B                         [K
pulling dd084c7d92a3: 100% ▕██████████████████▏ 8.4 KB                         [K
pulling 3116c5225075: 100% ▕██████████████████▏   77 B                         [K
pulling 6819964c2bcf: 100% ▕██████████████████▏  490 B                         [K
verifying sha256 digest ⠏ [K[?25h[?2026l[?2026h[?25l[A[A[A[A[A[A[1Gpulling manifest [K
pulling e8ad13eff07a: 100% ▕██████████████████▏ 8.1 GB                         [K
pulling e0a42594d802: 100% ▕██████████████████▏  358 B                         [K
pulling dd084c7d92a3: 100% ▕██████████████████▏ 8.4 KB                         [K
pulling 3116c5225075: 100% ▕██████████████████▏   77 B                         [K
pulling 6819964c2bcf: 100% ▕██████████████████▏  490 B                         [K
verifying sha256 digest ⠋ [K[?25h[?2026l[?2026h[?25l[A[A[A[A[A[A[1Gpulling manifest [K
pulling e8ad13eff07a: 100% ▕██████████████████▏ 8.1 GB                         [K
pulling e0a42594d802: 100% ▕██████████████████▏  358 B                         [K
pulling dd084c7d92a3: 100% ▕██████████████████▏ 8.4 KB                         [K
pulling 3116c5225075: 100% ▕██████████████████▏   77 B                         [K
pulling 6819964c2bcf: 100% ▕██████████████████▏  490 B                         [K
verifying sha256 digest ⠙ [K[?25h[?2026l[?2026h[?25l[A[A[A[A[A[A[1Gpulling manifest [K
pulling e8ad13eff07a: 100% ▕██████████████████▏ 8.1 GB                         [K
pulling e0a42594d802: 100% ▕██████████████████▏  358 B                         [K
pulling dd084c7d92a3: 100% ▕██████████████████▏ 8.4 KB                         [K
pulling 3116c5225075: 100% ▕██████████████████▏   77 B                         [K
pulling 6819964c2bcf: 100% ▕██████████████████▏  490 B                         [K
verifying sha256 digest ⠹ [K[?25h[?2026l[?2026h[?25l[A[A[A[A[A[A[1Gpulling manifest [K
pulling e8ad13eff07a: 100% ▕██████████████████▏ 8.1 GB                         [K
pulling e0a42594d802: 100% ▕██████████████████▏  358 B                         [K
pulling dd084c7d92a3: 100% ▕██████████████████▏ 8.4 KB                         [K
pulling 3116c5225075: 100% ▕██████████████████▏   77 B                         [K
pulling 6819964c2bcf: 100% ▕██████████████████▏  490 B                         [K
verifying sha256 digest ⠸ [K[?25h[?2026l[?2026h[?25l[A[A[A[A[A[A[1Gpulling manifest [K
pulling e8ad13eff07a: 100% ▕██████████████████▏ 8.1 GB                         [K
pulling e0a42594d802: 100% ▕██████████████████▏  358 B                         [K
pulling dd084c7d92a3: 100% ▕██████████████████▏ 8.4 KB                         [K
pulling 3116c5225075: 100% ▕██████████████████▏   77 B                         [K
pulling 6819964c2bcf: 100% ▕██████████████████▏  490 B                         [K
verifying sha256 digest ⠼ [K[?25h[?2026l[?2026h[?25l[A[A[A[A[A[A[1Gpulling manifest [K
pulling e8ad13eff07a: 100% ▕██████████████████▏ 8.1 GB                         [K
pulling e0a42594d802: 100% ▕██████████████████▏  358 B                         [K
pulling dd084c7d92a3: 100% ▕██████████████████▏ 8.4 KB                         [K
pulling 3116c5225075: 100% ▕██████████████████▏   77 B                         [K
pulling 6819964c2bcf: 100% ▕██████████████████▏  490 B                         [K
verifying sha256 digest ⠴ [K[?25h[?2026l[?2026h[?25l[A[A[A[A[A[A[1Gpulling manifest [K
pulling e8ad13eff07a: 100% ▕██████████████████▏ 8.1 GB                         [K
pulling e0a42594d802: 100% ▕██████████████████▏  358 B                         [K
pulling dd084c7d92a3: 100% ▕██████████████████▏ 8.4 KB                         [K
pulling 3116c5225075: 100% ▕██████████████████▏   77 B                         [K
pulling 6819964c2bcf: 100% ▕██████████████████▏  490 B                         [K
verifying sha256 digest ⠦ [K[?25h[?2026l[?2026h[?25l[A[A[A[A[A[A[1Gpulling manifest [K
pulling e8ad13eff07a: 100% ▕██████████████████▏ 8.1 GB                         [K
pulling e0a42594d802: 100% ▕██████████████████▏  358 B                         [K
pulling dd084c7d92a3: 100% ▕██████████████████▏ 8.4 KB                         [K
pulling 3116c5225075: 100% ▕██████████████████▏   77 B                         [K
pulling 6819964c2bcf: 100% ▕██████████████████▏  490 B                         [K
verifying sha256 digest ⠧ [K[?25h[?2026l[?2026h[?25l[A[A[A[A[A[A[1Gpulling manifest [K
pulling e8ad13eff07a: 100% ▕██████████████████▏ 8.1 GB                         [K
pulling e0a42594d802: 100% ▕██████████████████▏  358 B                         [K
pulling dd084c7d92a3: 100% ▕██████████████████▏ 8.4 KB                         [K
pulling 3116c5225075: 100% ▕██████████████████▏   77 B                         [K
pulling 6819964c2bcf: 100% ▕██████████████████▏  490 B                         [K
verifying sha256 digest ⠇ [K[?25h[?2026l[?2026h[?25l[A[A[A[A[A[A[1Gpulling manifest [K
pulling e8ad13eff07a: 100% ▕██████████████████▏ 8.1 GB                         [K
pulling e0a42594d802: 100% ▕██████████████████▏  358 B                         [K
pulling dd084c7d92a3: 100% ▕██████████████████▏ 8.4 KB                         [K
pulling 3116c5225075: 100% ▕██████████████████▏   77 B                         [K
pulling 6819964c2bcf: 100% ▕██████████████████▏  490 B                         [K
verifying sha256 digest ⠏ [K[?25h[?2026l[?2026h[?25l[A[A[A[A[A[A[1Gpulling manifest [K
pulling e8ad13eff07a: 100% ▕██████████████████▏ 8.1 GB                         [K
pulling e0a42594d802: 100% ▕██████████████████▏  358 B                         [K
pulling dd084c7d92a3: 100% ▕██████████████████▏ 8.4 KB                         [K
pulling 3116c5225075: 100% ▕██████████████████▏   77 B                         [K
pulling 6819964c2bcf: 100% ▕██████████████████▏  490 B                         [K
verifying sha256 digest ⠋ [K[?25h[?2026l[?2026h[?25l[A[A[A[A[A[A[1Gpulling manifest [K
pulling e8ad13eff07a: 100% ▕██████████████████▏ 8.1 GB                         [K
pulling e0a42594d802: 100% ▕██████████████████▏  358 B                         [K
pulling dd084c7d92a3: 100% ▕██████████████████▏ 8.4 KB                         [K
pulling 3116c5225075: 100% ▕██████████████████▏   77 B                         [K
pulling 6819964c2bcf: 100% ▕██████████████████▏  490 B                         [K
verifying sha256 digest ⠙ [K[?25h[?2026l[?2026h[?25l[A[A[A[A[A[A[1Gpulling manifest [K
pulling e8ad13eff07a: 100% ▕██████████████████▏ 8.1 GB                         [K
pulling e0a42594d802: 100% ▕██████████████████▏  358 B                         [K
pulling dd084c7d92a3: 100% ▕██████████████████▏ 8.4 KB                         [K
pulling 3116c5225075: 100% ▕██████████████████▏   77 B                         [K
pulling 6819964c2bcf: 100% ▕██████████████████▏  490 B                         [K
verifying sha256 digest ⠹ [K[?25h[?2026l[?2026h[?25l[A[A[A[A[A[A[1Gpulling manifest [K
pulling e8ad13eff07a: 100% ▕██████████████████▏ 8.1 GB                         [K
pulling e0a42594d802: 100% ▕██████████████████▏  358 B                         [K
pulling dd084c7d92a3: 100% ▕██████████████████▏ 8.4 KB                         [K
pulling 3116c5225075: 100% ▕██████████████████▏   77 B                         [K
pulling 6819964c2bcf: 100% ▕██████████████████▏  490 B                         [K
verifying sha256 digest ⠸ [K[?25h[?2026l[?2026h[?25l[A[A[A[A[A[A[1Gpulling manifest [K
pulling e8ad13eff07a: 100% ▕██████████████████▏ 8.1 GB                         [K
pulling e0a42594d802: 100% ▕██████████████████▏  358 B                         [K
pulling dd084c7d92a3: 100% ▕██████████████████▏ 8.4 KB                         [K
pulling 3116c5225075: 100% ▕██████████████████▏   77 B                         [K
pulling 6819964c2bcf: 100% ▕██████████████████▏  490 B                         [K
verifying sha256 digest ⠼ [K[?25h[?2026l[?2026h[?25l[A[A[A[A[A[A[1Gpulling manifest [K
pulling e8ad13eff07a: 100% ▕██████████████████▏ 8.1 GB                         [K
pulling e0a42594d802: 100% ▕██████████████████▏  358 B                         [K
pulling dd084c7d92a3: 100% ▕██████████████████▏ 8.4 KB                         [K
pulling 3116c5225075: 100% ▕██████████████████▏   77 B                         [K
pulling 6819964c2bcf: 100% ▕██████████████████▏  490 B                         [K
verifying sha256 digest ⠴ [K[?25h[?2026l[?2026h[?25l[A[A[A[A[A[A[1Gpulling manifest [K
pulling e8ad13eff07a: 100% ▕██████████████████▏ 8.1 GB                         [K
pulling e0a42594d802: 100% ▕██████████████████▏  358 B                         [K
pulling dd084c7d92a3: 100% ▕██████████████████▏ 8.4 KB                         [K
pulling 3116c5225075: 100% ▕██████████████████▏   77 B                         [K
pulling 6819964c2bcf: 100% ▕██████████████████▏  490 B                         [K
verifying sha256 digest ⠦ [K[?25h[?2026l[?2026h[?25l[A[A[A[A[A[A[1Gpulling manifest [K
pulling e8ad13eff07a: 100% ▕██████████████████▏ 8.1 GB                         [K
pulling e0a42594d802: 100% ▕██████████████████▏  358 B                         [K
pulling dd084c7d92a3: 100% ▕██████████████████▏ 8.4 KB                         [K
pulling 3116c5225075: 100% ▕██████████████████▏   77 B                         [K
pulling 6819964c2bcf: 100% ▕██████████████████▏  490 B                         [K
verifying sha256 digest ⠧ [K[?25h[?2026l[?2026h[?25l[A[A[A[A[A[A[1Gpulling manifest [K
pulling e8ad13eff07a: 100% ▕██████████████████▏ 8.1 GB                         [K
pulling e0a42594d802: 100% ▕██████████████████▏  358 B                         [K
pulling dd084c7d92a3: 100% ▕██████████████████▏ 8.4 KB                         [K
pulling 3116c5225075: 100% ▕██████████████████▏   77 B                         [K
pulling 6819964c2bcf: 100% ▕██████████████████▏  490 B                         [K
verifying sha256 digest ⠇ [K[?25h[?2026l[?2026h[?25l[A[A[A[A[A[A[1Gpulling manifest [K
pulling e8ad13eff07a: 100% ▕██████████████████▏ 8.1 GB                         [K
pulling e0a42594d802: 100% ▕██████████████████▏  358 B                         [K
pulling dd084c7d92a3: 100% ▕██████████████████▏ 8.4 KB                         [K
pulling 3116c5225075: 100% ▕██████████████████▏   77 B                         [K
pulling 6819964c2bcf: 100% ▕██████████████████▏  490 B                         [K
verifying sha256 digest ⠏ [K[?25h[?2026l[?2026h[?25l[A[A[A[A[A[A[1Gpulling manifest [K
pulling e8ad13eff07a: 100% ▕██████████████████▏ 8.1 GB                         [K
pulling e0a42594d802: 100% ▕██████████████████▏  358 B                         [K
pulling dd084c7d92a3: 100% ▕██████████████████▏ 8.4 KB                         [K
pulling 3116c5225075: 100% ▕██████████████████▏   77 B                         [K
pulling 6819964c2bcf: 100% ▕██████████████████▏  490 B                         [K
verifying sha256 digest ⠋ [K[?25h[?2026l[?2026h[?25l[A[A[A[A[A[A[1Gpulling manifest [K
pulling e8ad13eff07a: 100% ▕██████████████████▏ 8.1 GB                         [K
pulling e0a42594d802: 100% ▕██████████████████▏  358 B                         [K
pulling dd084c7d92a3: 100% ▕██████████████████▏ 8.4 KB                         [K
pulling 3116c5225075: 100% ▕██████████████████▏   77 B                         [K
pulling 6819964c2bcf: 100% ▕██████████████████▏  490 B                         [K
verifying sha256 digest ⠙ [K[?25h[?2026l[?2026h[?25l[A[A[A[A[A[A[1Gpulling manifest [K
pulling e8ad13eff07a: 100% ▕██████████████████▏ 8.1 GB                         [K
pulling e0a42594d802: 100% ▕██████████████████▏  358 B                         [K
pulling dd084c7d92a3: 100% ▕██████████████████▏ 8.4 KB                         [K
pulling 3116c5225075: 100% ▕██████████████████▏   77 B                         [K
pulling 6819964c2bcf: 100% ▕██████████████████▏  490 B                         [K
verifying sha256 digest ⠹ [K[?25h[?2026l[?2026h[?25l[A[A[A[A[A[A[1Gpulling manifest [K
pulling e8ad13eff07a: 100% ▕██████████████████▏ 8.1 GB                         [K
pulling e0a42594d802: 100% ▕██████████████████▏  358 B                         [K
pulling dd084c7d92a3: 100% ▕██████████████████▏ 8.4 KB                         [K
pulling 3116c5225075: 100% ▕██████████████████▏   77 B                         [K
pulling 6819964c2bcf: 100% ▕██████████████████▏  490 B                         [K
verifying sha256 digest ⠸ [K[?25h[?2026l[?2026h[?25l[A[A[A[A[A[A[1Gpulling manifest [K
pulling e8ad13eff07a: 100% ▕██████████████████▏ 8.1 GB                         [K
pulling e0a42594d802: 100% ▕██████████████████▏  358 B                         [K
pulling dd084c7d92a3: 100% ▕██████████████████▏ 8.4 KB                         [K
pulling 3116c5225075: 100% ▕██████████████████▏   77 B                         [K
pulling 6819964c2bcf: 100% ▕██████████████████▏  490 B                         [K
verifying sha256 digest ⠼ [K[?25h[?2026l[?2026h[?25l[A[A[A[A[A[A[1Gpulling manifest [K
pulling e8ad13eff07a: 100% ▕██████████████████▏ 8.1 GB                         [K
pulling e0a42594d802: 100% ▕██████████████████▏  358 B                         [K
pulling dd084c7d92a3: 100% ▕██████████████████▏ 8.4 KB                         [K
pulling 3116c5225075: 100% ▕██████████████████▏   77 B                         [K
pulling 6819964c2bcf: 100% ▕██████████████████▏  490 B                         [K
verifying sha256 digest ⠴ [K[?25h[?2026l[?2026h[?25l[A[A[A[A[A[A[1Gpulling manifest [K
pulling e8ad13eff07a: 100% ▕██████████████████▏ 8.1 GB                         [K
pulling e0a42594d802: 100% ▕██████████████████▏  358 B                         [K
pulling dd084c7d92a3: 100% ▕██████████████████▏ 8.4 KB                         [K
pulling 3116c5225075: 100% ▕██████████████████▏   77 B                         [K
pulling 6819964c2bcf: 100% ▕██████████████████▏  490 B                         [K
verifying sha256 digest ⠦ [K[?25h[?2026l[?2026h[?25l[A[A[A[A[A[A[1Gpulling manifest [K
pulling e8ad13eff07a: 100% ▕██████████████████▏ 8.1 GB                         [K
pulling e0a42594d802: 100% ▕██████████████████▏  358 B                         [K
pulling dd084c7d92a3: 100% ▕██████████████████▏ 8.4 KB                         [K
pulling 3116c5225075: 100% ▕██████████████████▏   77 B                         [K
pulling 6819964c2bcf: 100% ▕██████████████████▏  490 B                         [K
verifying sha256 digest ⠧ [K[?25h[?2026l[?2026h[?25l[A[A[A[A[A[A[1Gpulling manifest [K
pulling e8ad13eff07a: 100% ▕██████████████████▏ 8.1 GB                         [K
pulling e0a42594d802: 100% ▕██████████████████▏  358 B                         [K
pulling dd084c7d92a3: 100% ▕██████████████████▏ 8.4 KB                         [K
pulling 3116c5225075: 100% ▕██████████████████▏   77 B                         [K
pulling 6819964c2bcf: 100% ▕██████████████████▏  490 B                         [K
verifying sha256 digest ⠇ [K[?25h[?2026l[?2026h[?25l[A[A[A[A[A[A[1Gpulling manifest [K
pulling e8ad13eff07a: 100% ▕██████████████████▏ 8.1 GB                         [K
pulling e0a42594d802: 100% ▕██████████████████▏  358 B                         [K
pulling dd084c7d92a3: 100% ▕██████████████████▏ 8.4 KB                         [K
pulling 3116c5225075: 100% ▕██████████████████▏   77 B                         [K
pulling 6819964c2bcf: 100% ▕██████████████████▏  490 B                         [K
verifying sha256 digest [K
writing manifest [K
success [K[?25h[?2026l
=== pull gemma3:27b
INFO:    underlay of /etc/localtime required more than 50 (83) bind mounts
[?2026h[?25l[1Gpulling manifest ⠋ [K[?25h[?2026l[?2026h[?25l[1Gpulling manifest ⠙ [K[?25h[?2026l[?2026h[?25l[1Gpulling manifest ⠹ [K[?25h[?2026l[?2026h[?25l[1Gpulling manifest ⠸ [K[?25h[?2026l[?2026h[?25l[1Gpulling manifest ⠼ [K[?25h[?2026l[?2026h[?25l[1Gpulling manifest [K
pulling e796792eba26:   0% ▕                  ▏ 1.6 MB/ 17 GB                  [K[?25h[?2026l[?2026h[?25l[A[1Gpulling manifest [K
pulling e796792eba26:   0% ▕                  ▏  29 MB/ 17 GB                  [K[?25h[?2026l[?2026h[?25l[A[1Gpulling manifest [K
pulling e796792eba26:   0% ▕                  ▏  60 MB/ 17 GB                  [K[?25h[?2026l[?2026h[?25l[A[1Gpulling manifest [K
pulling e796792eba26:   1% ▕                  ▏  91 MB/ 17 GB                  [K[?25h[?2026l[?2026h[?25l[A[1Gpulling manifest [K
pulling e796792eba26:   1% ▕                  ▏ 116 MB/ 17 GB                  [K[?25h[?2026l[?2026h[?25l[A[1Gpulling manifest [K
pulling e796792eba26:   1% ▕                  ▏ 136 MB/ 17 GB                  [K[?25h[?2026l[?2026h[?25l[A[1Gpulling manifest [K
pulling e796792eba26:   1% ▕                  ▏ 158 MB/ 17 GB                  [K[?25h[?2026l[?2026h[?25l[A[1Gpulling manifest [K
pulling e796792eba26:   1% ▕                  ▏ 182 MB/ 17 GB                  [K[?25h[?2026l[?2026h[?25l[A[1Gpulling manifest [K
pulling e796792eba26:   1% ▕                  ▏ 212 MB/ 17 GB                  [K[?25h[?2026l[?2026h[?25l[A[1Gpulling manifest [K
pulling e796792eba26:   1% ▕                  ▏ 241 MB/ 17 GB                  [K[?25h[?2026l[?2026h[?25l[A[1Gpulling manifest [K
pulling e796792eba26:   1% ▕                  ▏ 260 MB/ 17 GB  258 MB/s    1m6s[K[?25h[?2026l[?2026h[?25l[A[1Gpulling manifest [K
pulling e796792eba26:   2% ▕                  ▏ 287 MB/ 17 GB  258 MB/s    1m6s[K[?25h[?2026l[?2026h[?25l[A[1Gpulling manifest [K
pulling e796792eba26:   2% ▕                  ▏ 306 MB/ 17 GB  258 MB/s    1m6s[K[?25h[?2026l[?2026h[?25l[A[1Gpulling manifest [K
pulling e796792eba26:   2% ▕                  ▏ 334 MB/ 17 GB  258 MB/s    1m5s[K[?25h[?2026l[?2026h[?25l[A[1Gpulling manifest [K
pulling e796792eba26:   2% ▕                  ▏ 353 MB/ 17 GB  258 MB/s    1m5s[K[?25h[?2026l[?2026h[?25l[A[1Gpulling manifest [K
pulling e796792eba26:   2% ▕                  ▏ 370 MB/ 17 GB  258 MB/s    1m5s[K[?25h[?2026l[?2026h[?25l[A[1Gpulling manifest [K
pulling e796792eba26:   2% ▕                  ▏ 388 MB/ 17 GB  258 MB/s    1m5s[K[?25h[?2026l[?2026h[?25l[A[1Gpulling manifest [K
pulling e796792eba26:   2% ▕                  ▏ 406 MB/ 17 GB  258 MB/s    1m5s[K[?25h[?2026l[?2026h[?25l[A[1Gpulling manifest [K
pulling e796792eba26:   2% ▕                  ▏ 430 MB/ 17 GB  258 MB/s    1m5s[K[?25h[?2026l[?2026h[?25l[A[1Gpulling manifest [K
pulling e796792eba26:   3% ▕                  ▏ 453 MB/ 17 GB  258 MB/s    1m5s[K[?25h[?2026l[?2026h[?25l[A[1Gpulling manifest [K
pulling e796792eba26:   3% ▕                  ▏ 471 MB/ 17 GB  258 MB/s    1m5s[K[?25h[?2026l[?2026h[?25l[A[1Gpulling manifest [K
pulling e796792eba26:   3% ▕                  ▏ 499 MB/ 17 GB  245 MB/s    1m8s[K[?25h[?2026l[?2026h[?25l[A[1Gpulling manifest [K
pulling e796792eba26:   3% ▕                  ▏ 519 MB/ 17 GB  245 MB/s    1m8s[K[?25h[?2026l[?2026h[?25l[A[1Gpulling manifest [K
pulling e796792eba26:   3% ▕                  ▏ 544 MB/ 17 GB  245 MB/s    1m8s[K[?25h[?2026l[?2026h[?25l[A[1Gpulling manifest [K
pulling e796792eba26:   3% ▕                  ▏ 572 MB/ 17 GB  245 MB/s    1m8s[K[?25h[?2026l[?2026h[?25l[A[1Gpulling manifest [K
pulling e796792eba26:   3% ▕                  ▏ 601 MB/ 17 GB  245 MB/s    1m8s[K[?25h[?2026l[?2026h[?25l[A[1Gpulling manifest [K
pulling e796792eba26:   4% ▕                  ▏ 619 MB/ 17 GB  245 MB/s    1m8s[K[?25h[?2026l[?2026h[?25l[A[1Gpulling manifest [K
pulling e796792eba26:   4% ▕                  ▏ 641 MB/ 17 GB  245 MB/s    1m8s[K[?25h[?2026l[?2026h[?25l[A[1Gpulling manifest [K
pulling e796792eba26:   4% ▕                  ▏ 666 MB/ 17 GB  245 MB/s    1m8s[K[?25h[?2026l[?2026h[?25l[A[1Gpulling manifest [K
pulling e796792eba26:   4% ▕                  ▏ 688 MB/ 17 GB  245 MB/s    1m8s[K[?25h[?2026l[?2026h[?25l[A[1Gpulling manifest [K
pulling e796792eba26:   4% ▕                  ▏ 713 MB/ 17 GB  245 MB/s    1m7s[K[?25h[?2026l[?2026h[?25l[A[1Gpulling manifest [K
pulling e796792eba26:   4% ▕                  ▏ 742 MB/ 17 GB  246 MB/s    1m7s[K[?25h[?2026l[?2026h[?25l[A[1Gpulling manifest [K
pulling e796792eba26:   4% ▕                  ▏ 768 MB/ 17 GB  246 MB/s    1m7s[K[?25h[?2026l[?2026h[?25l[A[1Gpulling manifest [K
pulling e796792eba26:   5% ▕                  ▏ 793 MB/ 17 GB  246 MB/s    1m7s[K[?25h[?2026l[?2026h[?25l[A[1Gpulling manifest [K
pulling e796792eba26:   5% ▕                  ▏ 815 MB/ 17 GB  246 MB/s    1m7s[K[?25h[?2026l[?2026h[?25l[A[1Gpulling manifest [K
pulling e796792eba26:   5% ▕                  ▏ 842 MB/ 17 GB  246 MB/s    1m7s[K[?25h[?2026l[?2026h[?25l[A[1Gpulling manifest [K
pulling e796792eba26:   5% ▕                  ▏ 870 MB/ 17 GB  246 MB/s    1m6s[K[?25h[?2026l[?2026h[?25l[A[1Gpulling manifest [K
pulling e796792eba26:   5% ▕                  ▏ 900 MB/ 17 GB  246 MB/s    1m6s[K[?25h[?2026l[?2026h[?25l[A[1Gpulling manifest [K
pulling e796792eba26:   5% ▕                  ▏ 928 MB/ 17 GB  246 MB/s    1m6s[K[?25h[?2026l[?2026h[?25l[A[1Gpulling manifest [K
pulling e796792eba26:   5% ▕                  ▏ 954 MB/ 17 GB  246 MB/s    1m6s[K[?25h[?2026l[?2026h[?25l[A[1Gpulling manifest [K
pulling e796792eba26:   6% ▕█                 ▏ 975 MB/ 17 GB  246 MB/s    1m6s[K[?25h[?2026l[?2026h[?25l[A[1Gpulling manifest [K
pulling e796792eba26:   6% ▕█                 ▏ 1.0 GB/ 17 GB  250 MB/s    1m5s[K[?25h[?2026l[?2026h[?25l[A[1Gpulling manifest [K
pulling e796792eba26:   6% ▕█                 ▏ 1.0 GB/ 17 GB  250 MB/s    1m5s[K[?25h[?2026l[?2026h[?25l[A[1Gpulling manifest [K
pulling e796792eba26:   6% ▕█                 ▏ 1.1 GB/ 17 GB  250 MB/s    1m5s[K[?25h[?2026l[?2026h[?25l[A[1Gpulling manifest [K
pulling e796792eba26:   6% ▕█                 ▏ 1.1 GB/ 17 GB  250 MB/s    1m5s[K[?25h[?2026l[?2026h[?25l[A[1Gpulling manifest [K
pulling e796792eba26:   6% ▕█                 ▏ 1.1 GB/ 17 GB  250 MB/s    1m4s[K[?25h[?2026l[?2026h[?25l[A[1Gpulling manifest [K
pulling e796792eba26:   7% ▕█                 ▏ 1.1 GB/ 17 GB  250 MB/s    1m4s[K[?25h[?2026l[?2026h[?25l[A[1Gpulling manifest [K
pulling e796792eba26:   7% ▕█                 ▏ 1.2 GB/ 17 GB  250 MB/s    1m4s[K[?25h[?2026l[?2026h[?25l[A[1Gpulling manifest [K
pulling e796792eba26:   7% ▕█                 ▏ 1.2 GB/ 17 GB  250 MB/s    1m4s[K[?25h[?2026l[?2026h[?25l[A[1Gpulling manifest [K
pulling e796792eba26:   7% ▕█                 ▏ 1.2 GB/ 17 GB  250 MB/s    1m4s[K[?25h[?2026l[?2026h[?25l[A[1Gpulling manifest [K
pulling e796792eba26:   7% ▕█                 ▏ 1.2 GB/ 17 GB  250 MB/s    1m4s[K[?25h[?2026l[?2026h[?25l[A[1Gpulling manifest [K
pulling e796792eba26:   7% ▕█                 ▏ 1.3 GB/ 17 GB  250 MB/s    1m4s[K[?25h[?2026l[?2026h[?25l[A[1Gpulling manifest [K
pulling e796792eba26:   7% ▕█                 ▏ 1.3 GB/ 17 GB  258 MB/s    1m2s[K[?25h[?2026l[?2026h[?25l[A[1Gpulling manifest [K
pulling e796792eba26:   8% ▕█                 ▏ 1.3 GB/ 17 GB  258 MB/s    1m2s[K[?25h[?2026l[?2026h[?25l[A[1Gpulling manifest [K
pulling e796792eba26:   8% ▕█                 ▏ 1.3 GB/ 17 GB  258 MB/s    1m2s[K[?25h[?2026l[?2026h[?25l[A[1Gpulling manifest [K
pulling e796792eba26:   8% ▕█                 ▏ 1.4 GB/ 17 GB  258 MB/s    1m2s[K[?25h[?2026l[?2026h[?25l[A[1Gpulling manifest [K
pulling e796792eba26:   8% ▕█                 ▏ 1.4 GB/ 17 GB  258 MB/s    1m1s[K[?25h[?2026l[?2026h[?25l[A[1Gpulling manifest [K
pulling e796792eba26:   8% ▕█                 ▏ 1.4 GB/ 17 GB  258 MB/s    1m1s[K[?25h[?2026l[?2026h[?25l[A[1Gpulling manifest [K
pulling e796792eba26:   8% ▕█                 ▏ 1.4 GB/ 17 GB  258 MB/s    1m1s[K[?25h[?2026l[?2026h[?25l[A[1Gpulling manifest [K
pulling e796792eba26:   8% ▕█                 ▏ 1.5 GB/ 17 GB  258 MB/s    1m1s[K[?25h[?2026l[?2026h[?25l[A[1Gpulling manifest [K
pulling e796792eba26:   9% ▕█                 ▏ 1.5 GB/ 17 GB  258 MB/s    1m1s[K[?25h[?2026l[?2026h[?25l[A[1Gpulling manifest [K
pulling e796792eba26:   9% ▕█                 ▏ 1.5 GB/ 17 GB  258 MB/s    1m1s[K[?25h[?2026l[?2026h[?25l[A[1Gpulling manifest [K
pulling e796792eba26:   9% ▕█                 ▏ 1.5 GB/ 17 GB  258 MB/s    1m1s[K[?25h[?2026l[?2026h[?25l[A[1Gpulling manifest [K
pulling e796792eba26:   9% ▕█                 ▏ 1.6 GB/ 17 GB  261 MB/s    1m0s[K[?25h[?2026l[?2026h[?25l[A[1Gpulling manifest [K
pulling e796792eba26:   9% ▕█                 ▏ 1.6 GB/ 17 GB  261 MB/s    1m0s[K[?25h[?2026l[?2026h[?25l[A[1Gpulling manifest [K
pulling e796792eba26:   9% ▕█                 ▏ 1.6 GB/ 17 GB  261 MB/s    1m0s[K[?25h[?2026l[?2026h[?25l[A[1Gpulling manifest [K
pulling e796792eba26:  10% ▕█                 ▏ 1.7 GB/ 17 GB  261 MB/s    1m0s[K[?25h[?2026l[?2026h[?25l[A[1Gpulling manifest [K
pulling e796792eba26:  10% ▕█                 ▏ 1.7 GB/ 17 GB  261 MB/s    1m0s[K[?25h[?2026l[?2026h[?25l[A[1Gpulling manifest [K
pulling e796792eba26:  10% ▕█                 ▏ 1.7 GB/ 17 GB  261 MB/s     59s[K[?25h[?2026l[?2026h[?25l[A[1Gpulling manifest [K
pulling e796792eba26:  10% ▕█                 ▏ 1.7 GB/ 17 GB  261 MB/s     59s[K[?25h[?2026l[?2026h[?25l[A[1Gpulling manifest [K
pulling e796792eba26:  10% ▕█                 ▏ 1.8 GB/ 17 GB  261 MB/s     59s[K[?25h[?2026l[?2026h[?25l[A[1Gpulling manifest [K
pulling e796792eba26:  10% ▕█                 ▏ 1.8 GB/ 17 GB  261 MB/s     59s[K[?25h[?2026l[?2026h[?25l[A[1Gpulling manifest [K
pulling e796792eba26:  10% ▕█                 ▏ 1.8 GB/ 17 GB  261 MB/s     59s[K[?25h[?2026l[?2026h[?25l[A[1Gpulling manifest [K
pulling e796792eba26:  11% ▕█                 ▏ 1.8 GB/ 17 GB  262 MB/s     59s[K[?25h[?2026l[?2026h[?25l[A[1Gpulling manifest [K
pulling e796792eba26:  11% ▕█                 ▏ 1.9 GB/ 17 GB  262 MB/s     59s[K[?25h[?2026l[?2026h[?25l[A[1Gpulling manifest [K
pulling e796792eba26:  11% ▕█                 ▏ 1.9 GB/ 17 GB  262 MB/s     58s[K[?25h[?2026l[?2026h[?25l[A[1Gpulling manifest [K
pulling e796792eba26:  11% ▕█                 ▏ 1.9 GB/ 17 GB  262 MB/s     58s[K[?25h[?2026l[?2026h[?25l[A[1Gpulling manifest [K
pulling e796792eba26:  11% ▕██                ▏ 2.0 GB/ 17 GB  262 MB/s     58s[K[?25h[?2026l[?2026h[?25l[A[1Gpulling manifest [K
pulling e796792eba26:  11% ▕██                ▏ 2.0 GB/ 17 GB  262 MB/s     58s[K[?25h[?2026l[?2026h[?25l[A[1Gpulling manifest [K
pulling e796792eba26:  12% ▕██                ▏ 2.0 GB/ 17 GB  262 MB/s     58s[K[?25h[?2026l[?2026h[?25l[A[1Gpulling manifest [K
pulling e796792eba26:  12% ▕██                ▏ 2.0 GB/ 17 GB  262 MB/s     58s[K[?25h[?2026l[?2026h[?25l[A[1Gpulling manifest [K
pulling e796792eba26:  12% ▕██                ▏ 2.1 GB/ 17 GB  262 MB/s     58s[K[?25h[?2026l[?2026h[?25l[A[1Gpulling manifest [K
pulling e796792eba26:  12% ▕██                ▏ 2.1 GB/ 17 GB  262 MB/s     58s[K[?25h[?2026l[?2026h[?25l[A[1Gpulling manifest [K
pulling e796792eba26:  12% ▕██                ▏ 2.1 GB/ 17 GB  262 MB/s     58s[K[?25h[?2026l[?2026h[?25l[A[1Gpulling manifest [K
pulling e796792eba26:  12% ▕██                ▏ 2.1 GB/ 17 GB  267 MB/s     57s[K[?25h[?2026l[?2026h[?25l[A[1Gpulling manifest [K
pulling e796792eba26:  12% ▕██                ▏ 2.2 GB/ 17 GB  267 MB/s     56s[K[?25h[?2026l[?2026h[?25l[A[1Gpulling manifest [K
pulling e796792eba26:  13% ▕██                ▏ 2.2 GB/ 17 GB  267 MB/s     56s[K[?25h[?2026l[?2026h[?25l[A[1Gpulling manifest [K
pulling e796792eba26:  13% ▕██                ▏ 2.2 GB/ 17 GB  267 MB/s     56s[K[?25h[?2026l[?2026h[?25l[A[1Gpulling manifest [K
pulling e796792eba26:  13% ▕██                ▏ 2.3 GB/ 17 GB  267 MB/s     56s[K[?25h[?2026l[?2026h[?25l[A[1Gpulling manifest [K
pulling e796792eba26:  13% ▕██                ▏ 2.3 GB/ 17 GB  267 MB/s     56s[K[?25h[?2026l[?2026h[?25l[A[1Gpulling manifest [K
pulling e796792eba26:  13% ▕██                ▏ 2.3 GB/ 17 GB  267 MB/s     56s[K[?25h[?2026l[?2026h[?25l[A[1Gpulling manifest [K
pulling e796792eba26:  13% ▕██                ▏ 2.3 GB/ 17 GB  267 MB/s     56s[K[?25h[?2026l[?2026h[?25l[A[1Gpulling manifest [K
pulling e796792eba26:  14% ▕██                ▏ 2.4 GB/ 17 GB  267 MB/s     56s[K[?25h[?2026l[?2026h[?25l[A[1Gpulling manifest [K
pulling e796792eba26:  14% ▕██                ▏ 2.4 GB/ 17 GB  267 MB/s     56s[K[?25h[?2026l[?2026h[?25l[A[1Gpulling manifest [K
pulling e796792eba26:  14% ▕██                ▏ 2.4 GB/ 17 GB  269 MB/s     55s[K[?25h[?2026l[?2026h[?25l[A[1Gpulling manifest [K
pulling e796792eba26:  14% ▕██                ▏ 2.5 GB/ 17 GB  269 MB/s     55s[K[?25h[?2026l[?2026h[?25l[A[1Gpulling manifest [K
pulling e796792eba26:  14% ▕██                ▏ 2.5 GB/ 17 GB  269 MB/s     55s[K[?25h[?2026l[?2026h[?25l[A[1Gpulling manifest [K
pulling e796792eba26:  14% ▕██                ▏ 2.5 GB/ 17 GB  269 MB/s     55s[K[?25h[?2026l[?2026h[?25l[A[1Gpulling manifest [K
pulling e796792eba26:  15% ▕██                ▏ 2.5 GB/ 17 GB  269 MB/s     55s[K[?25h[?2026l[?2026h[?25l[A[1Gpulling manifest [K
pulling e796792eba26:  15% ▕██                ▏ 2.6 GB/ 17 GB  269 MB/s     55s[K[?25h[?2026l[?2026h[?25l[A[1Gpulling manifest [K
pulling e796792eba26:  15% ▕██                ▏ 2.6 GB/ 17 GB  269 MB/s     54s[K[?25h[?2026l[?2026h[?25l[A[1Gpulling manifest [K
pulling e796792eba26:  15% ▕██                ▏ 2.6 GB/ 17 GB  269 MB/s     54s[K[?25h[?2026l[?2026h[?25l[A[1Gpulling manifest [K
pulling e796792eba26:  15% ▕██                ▏ 2.6 GB/ 17 GB  269 MB/s     54s[K[?25h[?2026l[?2026h[?25l[A[1Gpulling manifest [K
pulling e796792eba26:  15% ▕██                ▏ 2.7 GB/ 17 GB  269 MB/s     54s[K[?25h[?2026l[?2026h[?25l[A[1Gpulling manifest [K
pulling e796792eba26:  15% ▕██                ▏ 2.7 GB/ 17 GB  269 MB/s     54s[K[?25h[?2026l[?2026h[?25l[A[1Gpulling manifest [K
pulling e796792eba26:  16% ▕██                ▏ 2.7 GB/ 17 GB  269 MB/s     54s[K[?25h[?2026l[?2026h[?25l[A[1Gpulling manifest [K
pulling e796792eba26:  16% ▕██                ▏ 2.7 GB/ 17 GB  269 MB/s     54s[K[?25h[?2026l[?2026h[?25l[A[1Gpulling manifest [K
pulling e796792eba26:  16% ▕██                ▏ 2.8 GB/ 17 GB  269 MB/s     54s[K[?25h[?2026l[?2026h[?25l[A[1Gpulling manifest [K
pulling e796792eba26:  16% ▕██                ▏ 2.8 GB/ 17 GB  269 MB/s     54s[K[?25h[?2026l[?2026h[?25l[A[1Gpulling manifest [K
pulling e796792eba26:  16% ▕██                ▏ 2.8 GB/ 17 GB  269 MB/s     54s[K[?25h[?2026l[?2026h[?25l[A[1Gpulling manifest [K
pulling e796792eba26:  16% ▕██                ▏ 2.8 GB/ 17 GB  269 MB/s     54s[K[?25h[?2026l[?2026h[?25l[A[1Gpulling manifest [K
pulling e796792eba26:  16% ▕██                ▏ 2.9 GB/ 17 GB  269 MB/s     53s[K[?25h[?2026l[?2026h[?25l[A[1Gpulling manifest [K
pulling e796792eba26:  17% ▕██                ▏ 2.9 GB/ 17 GB  269 MB/s     53s[K[?25h[?2026l[?2026h[?25l[A[1Gpulling manifest [K
pulling e796792eba26:  17% ▕███               ▏ 2.9 GB/ 17 GB  269 MB/s     53s[K[?25h[?2026l[?2026h[?25l[A[1Gpulling manifest [K
pulling e796792eba26:  17% ▕███               ▏ 2.9 GB/ 17 GB  269 MB/s     53s[K[?25h[?2026l[?2026h[?25l[A[1Gpulling manifest [K
pulling e796792eba26:  17% ▕███               ▏ 2.9 GB/ 17 GB  272 MB/s     53s[K[?25h[?2026l[?2026h[?25l[A[1Gpulling manifest [K
pulling e796792eba26:  17% ▕███               ▏ 3.0 GB/ 17 GB  272 MB/s     52s[K[?25h[?2026l[?2026h[?25l[A[1Gpulling manifest [K
pulling e796792eba26:  17% ▕███               ▏ 3.0 GB/ 17 GB  272 MB/s     52s[K[?25h[?2026l[?2026h[?25l[A[1Gpulling manifest [K
pulling e796792eba26:  17% ▕███               ▏ 3.0 GB/ 17 GB  272 MB/s     52s[K[?25h[?2026l[?2026h[?25l[A[1Gpulling manifest [K
pulling e796792eba26:  18% ▕███               ▏ 3.1 GB/ 17 GB  272 MB/s     52s[K[?25h[?2026l[?2026h[?25l[A[1Gpulling manifest [K
pulling e796792eba26:  18% ▕███               ▏ 3.1 GB/ 17 GB  272 MB/s     52s[K[?25h[?2026l[?2026h[?25l[A[1Gpulling manifest [K
pulling e796792eba26:  18% ▕███               ▏ 3.1 GB/ 17 GB  272 MB/s     52s[K[?25h[?2026l[?2026h[?25l[A[1Gpulling manifest [K
pulling e796792eba26:  18% ▕███               ▏ 3.1 GB/ 17 GB  272 MB/s     52s[K[?25h[?2026l[?2026h[?25l[A[1Gpulling manifest [K
pulling e796792eba26:  18% ▕███               ▏ 3.2 GB/ 17 GB  272 MB/s     52s[K[?25h[?2026l[?2026h[?25l[A[1Gpulling manifest [K
pulling e796792eba26:  18% ▕███               ▏ 3.2 GB/ 17 GB  272 MB/s     52s[K[?25h[?2026l[?2026h[?25l[A[1Gpulling manifest [K
pulling e796792eba26:  18% ▕███               ▏ 3.2 GB/ 17 GB  273 MB/s     51s[K[?25h[?2026l[?2026h[?25l[A[1Gpulling manifest [K
pulling e796792eba26:  19% ▕███               ▏ 3.2 GB/ 17 GB  273 MB/s     51s[K[?25h[?2026l[?2026h[?25l[A[1Gpulling manifest [K
pulling e796792eba26:  19% ▕███               ▏ 3.3 GB/ 17 GB  273 MB/s     51s[K[?25h[?2026l[?2026h[?25l[A[1Gpulling manifest [K
pulling e796792eba26:  19% ▕███               ▏ 3.3 GB/ 17 GB  273 MB/s     51s[K[?25h[?2026l[?2026h[?25l[A[1Gpulling manifest [K
pulling e796792eba26:  19% ▕███               ▏ 3.3 GB/ 17 GB  273 MB/s     51s[K[?25h[?2026l[?2026h[?25l[A[1Gpulling manifest [K
pulling e796792eba26:  19% ▕███               ▏ 3.3 GB/ 17 GB  273 MB/s     51s[K[?25h[?2026l[?2026h[?25l[A[1Gpulling manifest [K
pulling e796792eba26:  19% ▕███               ▏ 3.3 GB/ 17 GB  273 MB/s     51s[K[?25h[?2026l[?2026h[?25l[A[1Gpulling manifest [K
pulling e796792eba26:  19% ▕███               ▏ 3.4 GB/ 17 GB  273 MB/s     51s[K[?25h[?2026l[?2026h[?25l[A[1Gpulling manifest [K
pulling e796792eba26:  19% ▕███               ▏ 3.4 GB/ 17 GB  273 MB/s     51s[K[?25h[?2026l[?2026h[?25l[A[1Gpulling manifest [K
pulling e796792eba26:  20% ▕███               ▏ 3.4 GB/ 17 GB  273 MB/s     51s[K[?25h[?2026l[?2026h[?25l[A[1Gpulling manifest [K
pulling e796792eba26:  20% ▕███               ▏ 3.4 GB/ 17 GB  273 MB/s     51s[K[?25h[?2026l[?2026h[?25l[A[1Gpulling manifest [K
pulling e796792eba26:  20% ▕███               ▏ 3.5 GB/ 17 GB  274 MB/s     50s[K[?25h[?2026l[?2026h[?25l[A[1Gpulling manifest [K
pulling e796792eba26:  20% ▕███               ▏ 3.5 GB/ 17 GB  274 MB/s     50s[K[?25h[?2026l[?2026h[?25l[A[1Gpulling manifest [K
pulling e796792eba26:  20% ▕███               ▏ 3.5 GB/ 17 GB  274 MB/s     50s[K[?25h[?2026l[?2026h[?25l[A[1Gpulling manifest [K
pulling e796792eba26:  20% ▕███               ▏ 3.5 GB/ 17 GB  274 MB/s     50s[K[?25h[?2026l[?2026h[?25l[A[1Gpulling manifest [K
pulling e796792eba26:  21% ▕███               ▏ 3.6 GB/ 17 GB  274 MB/s     50s[K[?25h[?2026l[?2026h[?25l[A[1Gpulling manifest [K
pulling e796792eba26:  21% ▕███               ▏ 3.6 GB/ 17 GB  274 MB/s     50s[K[?25h[?2026l[?2026h[?25l[A[1Gpulling manifest [K
pulling e796792eba26:  21% ▕███               ▏ 3.6 GB/ 17 GB  274 MB/s     50s[K[?25h[?2026l[?2026h[?25l[A[1Gpulling manifest [K
pulling e796792eba26:  21% ▕███               ▏ 3.6 GB/ 17 GB  274 MB/s     50s[K[?25h[?2026l[?2026h[?25l[A[1Gpulling manifest [K
pulling e796792eba26:  21% ▕███               ▏ 3.7 GB/ 17 GB  274 MB/s     50s[K[?25h[?2026l[?2026h[?25l[A[1Gpulling manifest [K
pulling e796792eba26:  21% ▕███               ▏ 3.7 GB/ 17 GB  274 MB/s     49s[K[?25h[?2026l[?2026h[?25l[A[1Gpulling manifest [K
pulling e796792eba26:  21% ▕███               ▏ 3.7 GB/ 17 GB  268 MB/s     50s[K[?25h[?2026l[?2026h[?25l[A[1Gpulling manifest [K
pulling e796792eba26:  22% ▕███               ▏ 3.7 GB/ 17 GB  268 MB/s     50s[K[?25h[?2026l[?2026h[?25l[A[1Gpulling manifest [K
pulling e796792eba26:  22% ▕███               ▏ 3.8 GB/ 17 GB  268 MB/s     50s[K[?25h[?2026l[?2026h[?25l[A[1Gpulling manifest [K
pulling e796792eba26:  22% ▕███               ▏ 3.8 GB/ 17 GB  268 MB/s     50s[K[?25h[?2026l[?2026h[?25l[A[1Gpulling manifest [K
pulling e796792eba26:  22% ▕███               ▏ 3.8 GB/ 17 GB  268 MB/s     50s[K[?25h[?2026l[?2026h[?25l[A[1Gpulling manifest [K
pulling e796792eba26:  22% ▕████              ▏ 3.9 GB/ 17 GB  268 MB/s     50s[K[?25h[?2026l[?2026h[?25l[A[1Gpulling manifest [K
pulling e796792eba26:  22% ▕████              ▏ 3.9 GB/ 17 GB  268 MB/s     50s[K[?25h[?2026l[?2026h[?25l[A[1Gpulling manifest [K
pulling e796792eba26:  23% ▕████              ▏ 3.9 GB/ 17 GB  268 MB/s     50s[K[?25h[?2026l[?2026h[?25l[A[1Gpulling manifest [K
pulling e796792eba26:  23% ▕████              ▏ 3.9 GB/ 17 GB  268 MB/s     50s[K[?25h[?2026l[?2026h[?25l[A[1Gpulling manifest [K
pulling e796792eba26:  23% ▕████              ▏ 4.0 GB/ 17 GB  268 MB/s     49s[K[?25h[?2026l[?2026h[?25l[A[1Gpulling manifest [K
pulling e796792eba26:  23% ▕████              ▏ 4.0 GB/ 17 GB  268 MB/s     49s[K[?25h[?2026l[?2026h[?25l[A[1Gpulling manifest [K
pulling e796792eba26:  23% ▕████              ▏ 4.0 GB/ 17 GB  268 MB/s     49s[K[?25h[?2026l[?2026h[?25l[A[1Gpulling manifest [K
pulling e796792eba26:  23% ▕████              ▏ 4.0 GB/ 17 GB  268 MB/s     49s[K[?25h[?2026l[?2026h[?25l[A[1Gpulling manifest [K
pulling e796792eba26:  23% ▕████              ▏ 4.1 GB/ 17 GB  268 MB/s     49s[K[?25h[?2026l[?2026h[?25l[A[1Gpulling manifest [K
pulling e796792eba26:  24% ▕████              ▏ 4.1 GB/ 17 GB  268 MB/s     49s[K[?25h[?2026l[?2026h[?25l[A[1Gpulling manifest [K
pulling e796792eba26:  24% ▕████              ▏ 4.1 GB/ 17 GB  268 MB/s     49s[K[?25h[?2026l[?2026h[?25l[A[1Gpulling manifest [K
pulling e796792eba26:  24% ▕████              ▏ 4.2 GB/ 17 GB  268 MB/s     49s[K[?25h[?2026l[?2026h[?25l[A[1Gpulling manifest [K
pulling e796792eba26:  24% ▕████              ▏ 4.2 GB/ 17 GB  268 MB/s     49s[K[?25h[?2026l[?2026h[?25l[A[1Gpulling manifest [K
pulling e796792eba26:  24% ▕████              ▏ 4.2 GB/ 17 GB  268 MB/s     49s[K[?25h[?2026l[?2026h[?25l[A[1Gpulling manifest [K
pulling e796792eba26:  24% ▕████              ▏ 4.2 GB/ 17 GB  268 MB/s     49s[K[?25h[?2026l[?2026h[?25l[A[1Gpulling manifest [K
pulling e796792eba26:  24% ▕████              ▏ 4.2 GB/ 17 GB  268 MB/s     49s[K[?25h[?2026l[?2026h[?25l[A[1Gpulling manifest [K
pulling e796792eba26:  25% ▕████              ▏ 4.3 GB/ 17 GB  269 MB/s     48s[K[?25h[?2026l[?2026h[?25l[A[1Gpulling manifest [K
pulling e796792eba26:  25% ▕████              ▏ 4.3 GB/ 17 GB  269 MB/s     48s[K[?25h[?2026l[?2026h[?25l[A[1Gpulling manifest [K
pulling e796792eba26:  25% ▕████              ▏ 4.3 GB/ 17 GB  269 MB/s     48s[K[?25h[?2026l[?2026h[?25l[A[1Gpulling manifest [K
pulling e796792eba26:  25% ▕████              ▏ 4.4 GB/ 17 GB  269 MB/s     48s[K[?25h[?2026l[?2026h[?25l[A[1Gpulling manifest [K
pulling e796792eba26:  25% ▕████              ▏ 4.4 GB/ 17 GB  269 MB/s     48s[K[?25h[?2026l[?2026h[?25l[A[1Gpulling manifest [K
pulling e796792eba26:  25% ▕████              ▏ 4.4 GB/ 17 GB  269 MB/s     48s[K[?25h[?2026l[?2026h[?25l[A[1Gpulling manifest [K
pulling e796792eba26:  26% ▕████              ▏ 4.5 GB/ 17 GB  269 MB/s     47s[K[?25h[?2026l[?2026h[?25l[A[1Gpulling manifest [K
pulling e796792eba26:  26% ▕████              ▏ 4.5 GB/ 17 GB  269 MB/s     47s[K[?25h[?2026l[?2026h[?25l[A[1Gpulling manifest [K
pulling e796792eba26:  26% ▕████              ▏ 4.5 GB/ 17 GB  269 MB/s     47s[K[?25h[?2026l[?2026h[?25l[A[1Gpulling manifest [K
pulling e796792eba26:  26% ▕████              ▏ 4.6 GB/ 17 GB  269 MB/s     47s[K[?25h[?2026l[?2026h[?25l[A[1Gpulling manifest [K
pulling e796792eba26:  26% ▕████              ▏ 4.6 GB/ 17 GB  270 MB/s     47s[K[?25h[?2026l[?2026h[?25l[A[1Gpulling manifest [K
pulling e796792eba26:  26% ▕████              ▏ 4.6 GB/ 17 GB  270 MB/s     47s[K[?25h[?2026l[?2026h[?25l[A[1Gpulling manifest [K
pulling e796792eba26:  27% ▕████              ▏ 4.6 GB/ 17 GB  270 MB/s     47s[K[?25h[?2026l[?2026h[?25l[A[1Gpulling manifest [K
pulling e796792eba26:  27% ▕████              ▏ 4.7 GB/ 17 GB  270 MB/s     47s[K[?25h[?2026l[?2026h[?25l[A[1Gpulling manifest [K
pulling e796792eba26:  27% ▕████              ▏ 4.7 GB/ 17 GB  270 MB/s     47s[K[?25h[?2026l[?2026h[?25l[A[1Gpulling manifest [K
pulling e796792eba26:  27% ▕████              ▏ 4.7 GB/ 17 GB  270 MB/s     46s[K[?25h[?2026l[?2026h[?25l[A[1Gpulling manifest [K
pulling e796792eba26:  27% ▕████              ▏ 4.8 GB/ 17 GB  270 MB/s     46s[K[?25h[?2026l[?2026h[?25l[A[1Gpulling manifest [K
pulling e796792eba26:  27% ▕████              ▏ 4.8 GB/ 17 GB  270 MB/s     46s[K[?25h[?2026l[?2026h[?25l[A[1Gpulling manifest [K
pulling e796792eba26:  28% ▕████              ▏ 4.8 GB/ 17 GB  270 MB/s     46s[K[?25h[?2026l[?2026h[?25l[A[1Gpulling manifest [K
pulling e796792eba26:  28% ▕█████             ▏ 4.8 GB/ 17 GB  270 MB/s     46s[K[?25h[?2026l[?2026h[?25l[A[1Gpulling manifest [K
pulling e796792eba26:  28% ▕█████             ▏ 4.9 GB/ 17 GB  271 MB/s     46s[K[?25h[?2026l[?2026h[?25l[A[1Gpulling manifest [K
pulling e796792eba26:  28% ▕█████             ▏ 4.9 GB/ 17 GB  271 MB/s     46s[K[?25h[?2026l[?2026h[?25l[A[1Gpulling manifest [K
pulling e796792eba26:  28% ▕█████             ▏ 4.9 GB/ 17 GB  271 MB/s     45s[K[?25h[?2026l[?2026h[?25l[A[1Gpulling manifest [K
pulling e796792eba26:  28% ▕█████             ▏ 5.0 GB/ 17 GB  271 MB/s     45s[K[?25h[?2026l[?2026h[?25l[A[1Gpulling manifest [K
pulling e796792eba26:  29% ▕█████             ▏ 5.0 GB/ 17 GB  271 MB/s     45s[K[?25h[?2026l[?2026h[?25l[A[1Gpulling manifest [K
pulling e796792eba26:  29% ▕█████             ▏ 5.0 GB/ 17 GB  271 MB/s     45s[K[?25h[?2026l[?2026h[?25l[A[1Gpulling manifest [K
pulling e796792eba26:  29% ▕█████             ▏ 5.0 GB/ 17 GB  271 MB/s     45s[K[?25h[?2026l[?2026h[?25l[A[1Gpulling manifest [K
pulling e796792eba26:  29% ▕█████             ▏ 5.0 GB/ 17 GB  271 MB/s     45s[K[?25h[?2026l[?2026h[?25l[A[1Gpulling manifest [K
pulling e796792eba26:  29% ▕█████             ▏ 5.1 GB/ 17 GB  271 MB/s     45s[K[?25h[?2026l[?2026h[?25l[A[1Gpulling manifest [K
pulling e796792eba26:  29% ▕█████             ▏ 5.1 GB/ 17 GB  271 MB/s     45s[K[?25h[?2026l[?2026h[?25l[A[1Gpulling manifest [K
pulling e796792eba26:  29% ▕█████             ▏ 5.1 GB/ 17 GB  271 MB/s     45s[K[?25h[?2026l[?2026h[?25l[A[1Gpulling manifest [K
pulling e796792eba26:  30% ▕█████             ▏ 5.1 GB/ 17 GB  271 MB/s     45s[K[?25h[?2026l[?2026h[?25l[A[1Gpulling manifest [K
pulling e796792eba26:  30% ▕█████             ▏ 5.2 GB/ 17 GB  271 MB/s     45s[K[?25h[?2026l[?2026h[?25l[A[1Gpulling manifest [K
pulling e796792eba26:  30% ▕█████             ▏ 5.2 GB/ 17 GB  271 MB/s     44s[K[?25h[?2026l[?2026h[?25l[A[1Gpulling manifest [K
pulling e796792eba26:  30% ▕█████             ▏ 5.2 GB/ 17 GB  271 MB/s     44s[K[?25h[?2026l[?2026h[?25l[A[1Gpulling manifest [K
pulling e796792eba26:  30% ▕█████             ▏ 5.2 GB/ 17 GB  271 MB/s     44s[K[?25h[?2026l[?2026h[?25l[A[1Gpulling manifest [K
pulling e796792eba26:  30% ▕█████             ▏ 5.3 GB/ 17 GB  271 MB/s     44s[K[?25h[?2026l[?2026h[?25l[A[1Gpulling manifest [K
pulling e796792eba26:  30% ▕█████             ▏ 5.3 GB/ 17 GB  271 MB/s     44s[K[?25h[?2026l[?2026h[?25l[A[1Gpulling manifest [K
pulling e796792eba26:  31% ▕█████             ▏ 5.3 GB/ 17 GB  271 MB/s     44s[K[?25h[?2026l[?2026h[?25l[A[1Gpulling manifest [K
pulling e796792eba26:  31% ▕█████             ▏ 5.3 GB/ 17 GB  271 MB/s     44s[K[?25h[?2026l[?2026h[?25l[A[1Gpulling manifest [K
pulling e796792eba26:  31% ▕█████             ▏ 5.4 GB/ 17 GB  271 MB/s     44s[K[?25h[?2026l[?2026h[?25l[A[1Gpulling manifest [K
pulling e796792eba26:  31% ▕█████             ▏ 5.4 GB/ 17 GB  273 MB/s     43s[K[?25h[?2026l[?2026h[?25l[A[1Gpulling manifest [K
pulling e796792eba26:  31% ▕█████             ▏ 5.4 GB/ 17 GB  273 MB/s     43s[K[?25h[?2026l[?2026h[?25l[A[1Gpulling manifest [K
pulling e796792eba26:  31% ▕█████             ▏ 5.5 GB/ 17 GB  273 MB/s     43s[K[?25h[?2026l[?2026h[?25l[A[1Gpulling manifest [K
pulling e796792eba26:  31% ▕█████             ▏ 5.5 GB/ 17 GB  273 MB/s     43s[K[?25h[?2026l[?2026h[?25l[A[1Gpulling manifest [K
pulling e796792eba26:  32% ▕█████             ▏ 5.5 GB/ 17 GB  273 MB/s     43s[K[?25h[?2026l[?2026h[?25l[A[1Gpulling manifest [K
pulling e796792eba26:  32% ▕█████             ▏ 5.5 GB/ 17 GB  273 MB/s     43s[K[?25h[?2026l[?2026h[?25l[A[1Gpulling manifest [K
pulling e796792eba26:  32% ▕█████             ▏ 5.5 GB/ 17 GB  273 MB/s     43s[K[?25h[?2026l[?2026h[?25l[A[1Gpulling manifest [K
pulling e796792eba26:  32% ▕█████             ▏ 5.6 GB/ 17 GB  273 MB/s     43s[K[?25h[?2026l[?2026h[?25l[A[1Gpulling manifest [K
pulling e796792eba26:  32% ▕█████             ▏ 5.6 GB/ 17 GB  273 MB/s     43s[K[?25h[?2026l[?2026h[?25l[A[1Gpulling manifest [K
pulling e796792eba26:  32% ▕█████             ▏ 5.6 GB/ 17 GB  273 MB/s     43s[K[?25h[?2026l[?2026h[?25l[A[1Gpulling manifest [K
pulling e796792eba26:  32% ▕█████             ▏ 5.6 GB/ 17 GB  270 MB/s     43s[K[?25h[?2026l[?2026h[?25l[A[1Gpulling manifest [K
pulling e796792eba26:  33% ▕█████             ▏ 5.7 GB/ 17 GB  270 MB/s     43s[K[?25h[?2026l[?2026h[?25l[A[1Gpulling manifest [K
pulling e796792eba26:  33% ▕█████             ▏ 5.7 GB/ 17 GB  270 MB/s     43s[K[?25h[?2026l[?2026h[?25l[A[1Gpulling manifest [K
pulling e796792eba26:  33% ▕█████             ▏ 5.7 GB/ 17 GB  270 MB/s     43s[K[?25h[?2026l[?2026h[?25l[A[1Gpulling manifest [K
pulling e796792eba26:  33% ▕█████             ▏ 5.7 GB/ 17 GB  270 MB/s     43s[K[?25h[?2026l[?2026h[?25l[A[1Gpulling manifest [K
pulling e796792eba26:  33% ▕█████             ▏ 5.7 GB/ 17 GB  270 MB/s     43s[K[?25h[?2026l[?2026h[?25l[A[1Gpulling manifest [K
pulling e796792eba26:  33% ▕█████             ▏ 5.8 GB/ 17 GB  270 MB/s     43s[K[?25h[?2026l[?2026h[?25l[A[1Gpulling manifest [K
pulling e796792eba26:  33% ▕█████             ▏ 5.8 GB/ 17 GB  270 MB/s     42s[K[?25h[?2026l[?2026h[?25l[A[1Gpulling manifest [K
pulling e796792eba26:  33% ▕█████             ▏ 5.8 GB/ 17 GB  270 MB/s     42s[K[?25h[?2026l[?2026h[?25l[A[1Gpulling manifest [K
pulling e796792eba26:  33% ▕██████            ▏ 5.8 GB/ 17 GB  270 MB/s     42s[K[?25h[?2026l[?2026h[?25l[A[1Gpulling manifest [K
pulling e796792eba26:  34% ▕██████            ▏ 5.8 GB/ 17 GB  270 MB/s     42s[K[?25h[?2026l[?2026h[?25l[A[1Gpulling manifest [K
pulling e796792eba26:  34% ▕██████            ▏ 5.9 GB/ 17 GB  266 MB/s     43s[K[?25h[?2026l[?2026h[?25l[A[1Gpulling manifest [K
pulling e796792eba26:  34% ▕██████            ▏ 5.9 GB/ 17 GB  266 MB/s     43s[K[?25h[?2026l[?2026h[?25l[A[1Gpulling manifest [K
pulling e796792eba26:  34% ▕██████            ▏ 5.9 GB/ 17 GB  266 MB/s     43s[K[?25h[?2026l[?2026h[?25l[A[1Gpulling manifest [K
pulling e796792eba26:  34% ▕██████            ▏ 5.9 GB/ 17 GB  266 MB/s     43s[K[?25h[?2026l[?2026h[?25l[A[1Gpulling manifest [K
pulling e796792eba26:  34% ▕██████            ▏ 6.0 GB/ 17 GB  266 MB/s     42s[K[?25h[?2026l[?2026h[?25l[A[1Gpulling manifest [K
pulling e796792eba26:  34% ▕██████            ▏ 6.0 GB/ 17 GB  266 MB/s     42s[K[?25h[?2026l[?2026h[?25l[A[1Gpulling manifest [K
pulling e796792eba26:  35% ▕██████            ▏ 6.0 GB/ 17 GB  266 MB/s     42s[K[?25h[?2026l[?2026h[?25l[A[1Gpulling manifest [K
pulling e796792eba26:  35% ▕██████            ▏ 6.0 GB/ 17 GB  266 MB/s     42s[K[?25h[?2026l[?2026h[?25l[A[1Gpulling manifest [K
pulling e796792eba26:  35% ▕██████            ▏ 6.1 GB/ 17 GB  266 MB/s     42s[K[?25h[?2026l[?2026h[?25l[A[1Gpulling manifest [K
pulling e796792eba26:  35% ▕██████            ▏ 6.1 GB/ 17 GB  266 MB/s     42s[K[?25h[?2026l[?2026h[?25l[A[1Gpulling manifest [K
pulling e796792eba26:  35% ▕██████            ▏ 6.1 GB/ 17 GB  266 MB/s     42s[K[?25h[?2026l[?2026h[?25l[A[1Gpulling manifest [K
pulling e796792eba26:  35% ▕██████            ▏ 6.1 GB/ 17 GB  268 MB/s     41s[K[?25h[?2026l[?2026h[?25l[A[1Gpulling manifest [K
pulling e796792eba26:  35% ▕██████            ▏ 6.2 GB/ 17 GB  268 MB/s     41s[K[?25h[?2026l[?2026h[?25l[A[1Gpulling manifest [K
pulling e796792eba26:  36% ▕██████            ▏ 6.2 GB/ 17 GB  268 MB/s     41s[K[?25h[?2026l[?2026h[?25l[A[1Gpulling manifest [K
pulling e796792eba26:  36% ▕██████            ▏ 6.2 GB/ 17 GB  268 MB/s     41s[K[?25h[?2026l[?2026h[?25l[A[1Gpulling manifest [K
pulling e796792eba26:  36% ▕██████            ▏ 6.2 GB/ 17 GB  268 MB/s     41s[K[?25h[?2026l[?2026h[?25l[A[1Gpulling manifest [K
pulling e796792eba26:  36% ▕██████            ▏ 6.3 GB/ 17 GB  268 MB/s     41s[K[?25h[?2026l[?2026h[?25l[A[1Gpulling manifest [K
pulling e796792eba26:  36% ▕██████            ▏ 6.3 GB/ 17 GB  268 MB/s     41s[K[?25h[?2026l[?2026h[?25l[A[1Gpulling manifest [K
pulling e796792eba26:  36% ▕██████            ▏ 6.3 GB/ 17 GB  268 MB/s     41s[K[?25h[?2026l[?2026h[?25l[A[1Gpulling manifest [K
pulling e796792eba26:  36% ▕██████            ▏ 6.3 GB/ 17 GB  268 MB/s     41s[K[?25h[?2026l[?2026h[?25l[A[1Gpulling manifest [K
pulling e796792eba26:  37% ▕██████            ▏ 6.4 GB/ 17 GB  268 MB/s     41s[K[?25h[?2026l[?2026h[?25l[A[1Gpulling manifest [K
pulling e796792eba26:  37% ▕██████            ▏ 6.4 GB/ 17 GB  264 MB/s     41s[K[?25h[?2026l[?2026h[?25l[A[1Gpulling manifest [K
pulling e796792eba26:  37% ▕██████            ▏ 6.4 GB/ 17 GB  264 MB/s     41s[K[?25h[?2026l[?2026h[?25l[A[1Gpulling manifest [K
pulling e796792eba26:  37% ▕██████            ▏ 6.4 GB/ 17 GB  264 MB/s     41s[K[?25h[?2026l[?2026h[?25l[A[1Gpulling manifest [K
pulling e796792eba26:  37% ▕██████            ▏ 6.5 GB/ 17 GB  264 MB/s     41s[K[?25h[?2026l[?2026h[?25l[A[1Gpulling manifest [K
pulling e796792eba26:  37% ▕██████            ▏ 6.5 GB/ 17 GB  264 MB/s     41s[K[?25h[?2026l[?2026h[?25l[A[1Gpulling manifest [K
pulling e796792eba26:  37% ▕██████            ▏ 6.5 GB/ 17 GB  264 MB/s     41s[K[?25h[?2026l[?2026h[?25l[A[1Gpulling manifest [K
pulling e796792eba26:  37% ▕██████            ▏ 6.5 GB/ 17 GB  264 MB/s     41s[K[?25h[?2026l[?2026h[?25l[A[1Gpulling manifest [K
pulling e796792eba26:  38% ▕██████            ▏ 6.5 GB/ 17 GB  264 MB/s     40s[K[?25h[?2026l[?2026h[?25l[A[1Gpulling manifest [K
pulling e796792eba26:  38% ▕██████            ▏ 6.6 GB/ 17 GB  264 MB/s     40s[K[?25h[?2026l[?2026h[?25l[A[1Gpulling manifest [K
pulling e796792eba26:  38% ▕██████            ▏ 6.6 GB/ 17 GB  264 MB/s     40s[K[?25h[?2026l[?2026h[?25l[A[1Gpulling manifest [K
pulling e796792eba26:  38% ▕██████            ▏ 6.6 GB/ 17 GB  264 MB/s     40s[K[?25h[?2026l[?2026h[?25l[A[1Gpulling manifest [K
pulling e796792eba26:  38% ▕██████            ▏ 6.6 GB/ 17 GB  262 MB/s     41s[K[?25h[?2026l[?2026h[?25l[A[1Gpulling manifest [K
pulling e796792eba26:  38% ▕██████            ▏ 6.7 GB/ 17 GB  262 MB/s     40s[K[?25h[?2026l[?2026h[?25l[A[1Gpulling manifest [K
pulling e796792eba26:  38% ▕██████            ▏ 6.7 GB/ 17 GB  262 MB/s     40s[K[?25h[?2026l[?2026h[?25l[A[1Gpulling manifest [K
pulling e796792eba26:  38% ▕██████            ▏ 6.7 GB/ 17 GB  262 MB/s     40s[K[?25h[?2026l[?2026h[?25l[A[1Gpulling manifest [K
pulling e796792eba26:  39% ▕██████            ▏ 6.7 GB/ 17 GB  262 MB/s     40s[K[?25h[?2026l[?2026h[?25l[A[1Gpulling manifest [K
pulling e796792eba26:  39% ▕██████            ▏ 6.7 GB/ 17 GB  262 MB/s     40s[K[?25h[?2026l[?2026h[?25l[A[1Gpulling manifest [K
pulling e796792eba26:  39% ▕███████           ▏ 6.8 GB/ 17 GB  262 MB/s     40s[K[?25h[?2026l[?2026h[?25l[A[1Gpulling manifest [K
pulling e796792eba26:  39% ▕███████           ▏ 6.8 GB/ 17 GB  262 MB/s     40s[K[?25h[?2026l[?2026h[?25l[A[1Gpulling manifest [K
pulling e796792eba26:  39% ▕███████           ▏ 6.8 GB/ 17 GB  262 MB/s     40s[K[?25h[?2026l[?2026h[?25l[A[1Gpulling manifest [K
pulling e796792eba26:  39% ▕███████           ▏ 6.8 GB/ 17 GB  262 MB/s     40s[K[?25h[?2026l[?2026h[?25l[A[1Gpulling manifest [K
pulling e796792eba26:  39% ▕███████           ▏ 6.9 GB/ 17 GB  254 MB/s     41s[K[?25h[?2026l[?2026h[?25l[A[1Gpulling manifest [K
pulling e796792eba26:  40% ▕███████           ▏ 6.9 GB/ 17 GB  254 MB/s     41s[K[?25h[?2026l[?2026h[?25l[A[1Gpulling manifest [K
pulling e796792eba26:  40% ▕███████           ▏ 6.9 GB/ 17 GB  254 MB/s     41s[K[?25h[?2026l[?2026h[?25l[A[1Gpulling manifest [K
pulling e796792eba26:  40% ▕███████           ▏ 6.9 GB/ 17 GB  254 MB/s     41s[K[?25h[?2026l[?2026h[?25l[A[1Gpulling manifest [K
pulling e796792eba26:  40% ▕███████           ▏ 6.9 GB/ 17 GB  254 MB/s     41s[K[?25h[?2026l[?2026h[?25l[A[1Gpulling manifest [K
pulling e796792eba26:  40% ▕███████           ▏ 7.0 GB/ 17 GB  254 MB/s     41s[K[?25h[?2026l[?2026h[?25l[A[1Gpulling manifest [K
pulling e796792eba26:  40% ▕███████           ▏ 7.0 GB/ 17 GB  254 MB/s     41s[K[?25h[?2026l[?2026h[?25l[A[1Gpulling manifest [K
pulling e796792eba26:  40% ▕███████           ▏ 7.0 GB/ 17 GB  254 MB/s     40s[K[?25h[?2026l[?2026h[?25l[A[1Gpulling manifest [K
pulling e796792eba26:  40% ▕███████           ▏ 7.0 GB/ 17 GB  254 MB/s     40s[K[?25h[?2026l[?2026h[?25l[A[1Gpulling manifest [K
pulling e796792eba26:  41% ▕███████           ▏ 7.1 GB/ 17 GB  254 MB/s     40s[K[?25h[?2026l[?2026h[?25l[A[1Gpulling manifest [K
pulling e796792eba26:  41% ▕███████           ▏ 7.1 GB/ 17 GB  245 MB/s     42s[K[?25h[?2026l[?2026h[?25l[A[1Gpulling manifest [K
pulling e796792eba26:  41% ▕███████           ▏ 7.1 GB/ 17 GB  245 MB/s     41s[K[?25h[?2026l[?2026h[?25l[A[1Gpulling manifest [K
pulling e796792eba26:  41% ▕███████           ▏ 7.1 GB/ 17 GB  245 MB/s     41s[K[?25h[?2026l[?2026h[?25l[A[1Gpulling manifest [K
pulling e796792eba26:  41% ▕███████           ▏ 7.2 GB/ 17 GB  245 MB/s     41s[K[?25h[?2026l[?2026h[?25l[A[1Gpulling manifest [K
pulling e796792eba26:  41% ▕███████           ▏ 7.2 GB/ 17 GB  245 MB/s     41s[K[?25h[?2026l[?2026h[?25l[A[1Gpulling manifest [K
pulling e796792eba26:  41% ▕███████           ▏ 7.2 GB/ 17 GB  245 MB/s     41s[K[?25h[?2026l[?2026h[?25l[A[1Gpulling manifest [K
pulling e796792eba26:  42% ▕███████           ▏ 7.2 GB/ 17 GB  245 MB/s     41s[K[?25h[?2026l[?2026h[?25l[A[1Gpulling manifest [K
pulling e796792eba26:  42% ▕███████           ▏ 7.3 GB/ 17 GB  245 MB/s     41s[K[?25h[?2026l[?2026h[?25l[A[1Gpulling manifest [K
pulling e796792eba26:  42% ▕███████           ▏ 7.3 GB/ 17 GB  245 MB/s     41s[K[?25h[?2026l[?2026h[?25l[A[1Gpulling manifest [K
pulling e796792eba26:  42% ▕███████           ▏ 7.3 GB/ 17 GB  245 MB/s     41s[K[?25h[?2026l[?2026h[?25l[A[1Gpulling manifest [K
pulling e796792eba26:  42% ▕███████           ▏ 7.3 GB/ 17 GB  245 MB/s     41s[K[?25h[?2026l[?2026h[?25l[A[1Gpulling manifest [K
pulling e796792eba26:  42% ▕███████           ▏ 7.3 GB/ 17 GB  244 MB/s     41s[K[?25h[?2026l[?2026h[?25l[A[1Gpulling manifest [K
pulling e796792eba26:  42% ▕███████           ▏ 7.3 GB/ 17 GB  244 MB/s     41s[K[?25h[?2026l[?2026h[?25l[A[1Gpulling manifest [K
pulling e796792eba26:  42% ▕███████           ▏ 7.4 GB/ 17 GB  244 MB/s     41s[K[?25h[?2026l[?2026h[?25l[A[1Gpulling manifest [K
pulling e796792eba26:  42% ▕███████           ▏ 7.4 GB/ 17 GB  244 MB/s     40s[K[?25h[?2026l[?2026h[?25l[A[1Gpulling manifest [K
pulling e796792eba26:  43% ▕███████           ▏ 7.4 GB/ 17 GB  244 MB/s     40s[K[?25h[?2026l[?2026h[?25l[A[1Gpulling manifest [K
pulling e796792eba26:  43% ▕███████           ▏ 7.4 GB/ 17 GB  244 MB/s     40s[K[?25h[?2026l[?2026h[?25l[A[1Gpulling manifest [K
pulling e796792eba26:  43% ▕███████           ▏ 7.5 GB/ 17 GB  244 MB/s     40s[K[?25h[?2026l[?2026h[?25l[A[1Gpulling manifest [K
pulling e796792eba26:  43% ▕███████           ▏ 7.5 GB/ 17 GB  244 MB/s     40s[K[?25h[?2026l[?2026h[?25l[A[1Gpulling manifest [K
pulling e796792eba26:  43% ▕███████           ▏ 7.5 GB/ 17 GB  244 MB/s     40s[K[?25h[?2026l[?2026h[?25l[A[1Gpulling manifest [K
pulling e796792eba26:  43% ▕███████           ▏ 7.6 GB/ 17 GB  244 MB/s     40s[K[?25h[?2026l[?2026h[?25l[A[1Gpulling manifest [K
pulling e796792eba26:  44% ▕███████           ▏ 7.6 GB/ 17 GB  241 MB/s     40s[K[?25h[?2026l[?2026h[?25l[A[1Gpulling manifest [K
pulling e796792eba26:  44% ▕███████           ▏ 7.6 GB/ 17 GB  241 MB/s     40s[K[?25h[?2026l[?2026h[?25l[A[1Gpulling manifest [K
pulling e796792eba26:  44% ▕███████           ▏ 7.6 GB/ 17 GB  241 MB/s     40s[K[?25h[?2026l[?2026h[?25l[A[1Gpulling manifest [K
pulling e796792eba26:  44% ▕███████           ▏ 7.6 GB/ 17 GB  241 MB/s     40s[K[?25h[?2026l[?2026h[?25l[A[1Gpulling manifest [K
pulling e796792eba26:  44% ▕███████           ▏ 7.7 GB/ 17 GB  241 MB/s     40s[K[?25h[?2026l[?2026h[?25l[A[1Gpulling manifest [K
pulling e796792eba26:  44% ▕███████           ▏ 7.7 GB/ 17 GB  241 MB/s     40s[K[?25h[?2026l[?2026h[?25l[A[1Gpulling manifest [K
pulling e796792eba26:  44% ▕███████           ▏ 7.7 GB/ 17 GB  241 MB/s     40s[K[?25h[?2026l[?2026h[?25l[A[1Gpulling manifest [K
pulling e796792eba26:  45% ▕████████          ▏ 7.7 GB/ 17 GB  241 MB/s     39s[K[?25h[?2026l[?2026h[?25l[A[1Gpulling manifest [K
pulling e796792eba26:  45% ▕████████          ▏ 7.8 GB/ 17 GB  241 MB/s     39s[K[?25h[?2026l[?2026h[?25l[A[1Gpulling manifest [K
pulling e796792eba26:  45% ▕████████          ▏ 7.8 GB/ 17 GB  241 MB/s     39s[K[?25h[?2026l[?2026h[?25l[A[1Gpulling manifest [K
pulling e796792eba26:  45% ▕████████          ▏ 7.8 GB/ 17 GB  241 MB/s     39s[K[?25h[?2026l[?2026h[?25l[A[1Gpulling manifest [K
pulling e796792eba26:  45% ▕████████          ▏ 7.8 GB/ 17 GB  245 MB/s     38s[K[?25h[?2026l[?2026h[?25l[A[1Gpulling manifest [K
pulling e796792eba26:  45% ▕████████          ▏ 7.9 GB/ 17 GB  245 MB/s     38s[K[?25h[?2026l[?2026h[?25l[A[1Gpulling manifest [K
pulling e796792eba26:  45% ▕████████          ▏ 7.9 GB/ 17 GB  245 MB/s     38s[K[?25h[?2026l[?2026h[?25l[A[1Gpulling manifest [K
pulling e796792eba26:  45% ▕████████          ▏ 7.9 GB/ 17 GB  245 MB/s     38s[K[?25h[?2026l[?2026h[?25l[A[1Gpulling manifest [K
pulling e796792eba26:  46% ▕████████          ▏ 7.9 GB/ 17 GB  245 MB/s     38s[K[?25h[?2026l[?2026h[?25l[A[1Gpulling manifest [K
pulling e796792eba26:  46% ▕████████          ▏ 8.0 GB/ 17 GB  245 MB/s     38s[K[?25h[?2026l[?2026h[?25l[A[1Gpulling manifest [K
pulling e796792eba26:  46% ▕████████          ▏ 8.0 GB/ 17 GB  245 MB/s     38s[K[?25h[?2026l[?2026h[?25l[A[1Gpulling manifest [K
pulling e796792eba26:  46% ▕████████          ▏ 8.0 GB/ 17 GB  245 MB/s     38s[K[?25h[?2026l[?2026h[?25l[A[1Gpulling manifest [K
pulling e796792eba26:  46% ▕████████          ▏ 8.0 GB/ 17 GB  245 MB/s     38s[K[?25h[?2026l[?2026h[?25l[A[1Gpulling manifest [K
pulling e796792eba26:  46% ▕████████          ▏ 8.1 GB/ 17 GB  245 MB/s     38s[K[?25h[?2026l[?2026h[?25l[A[1Gpulling manifest [K
pulling e796792eba26:  47% ▕████████          ▏ 8.1 GB/ 17 GB  247 MB/s     37s[K[?25h[?2026l[?2026h[?25l[A[1Gpulling manifest [K
pulling e796792eba26:  47% ▕████████          ▏ 8.1 GB/ 17 GB  247 MB/s     37s[K[?25h[?2026l[?2026h[?25l[A[1Gpulling manifest [K
pulling e796792eba26:  47% ▕████████          ▏ 8.2 GB/ 17 GB  247 MB/s     37s[K[?25h[?2026l[?2026h[?25l[A[1Gpulling manifest [K
pulling e796792eba26:  47% ▕████████          ▏ 8.2 GB/ 17 GB  247 MB/s     37s[K[?25h[?2026l[?2026h[?25l[A[1Gpulling manifest [K
pulling e796792eba26:  47% ▕████████          ▏ 8.2 GB/ 17 GB  247 MB/s     37s[K[?25h[?2026l[?2026h[?25l[A[1Gpulling manifest [K
pulling e796792eba26:  47% ▕████████          ▏ 8.2 GB/ 17 GB  247 MB/s     37s[K[?25h[?2026l[?2026h[?25l[A[1Gpulling manifest [K
pulling e796792eba26:  47% ▕████████          ▏ 8.3 GB/ 17 GB  247 MB/s     36s[K[?25h[?2026l[?2026h[?25l[A[1Gpulling manifest [K
pulling e796792eba26:  48% ▕████████          ▏ 8.3 GB/ 17 GB  247 MB/s     36s[K[?25h[?2026l[?2026h[?25l[A[1Gpulling manifest [K
pulling e796792eba26:  48% ▕████████          ▏ 8.3 GB/ 17 GB  247 MB/s     36s[K[?25h[?2026l[?2026h[?25l[A[1Gpulling manifest [K
pulling e796792eba26:  48% ▕████████          ▏ 8.3 GB/ 17 GB  247 MB/s     36s[K[?25h[?2026l[?2026h[?25l[A[1Gpulling manifest [K
pulling e796792eba26:  48% ▕████████          ▏ 8.3 GB/ 17 GB  246 MB/s     36s[K[?25h[?2026l[?2026h[?25l[A[1Gpulling manifest [K
pulling e796792eba26:  48% ▕████████          ▏ 8.4 GB/ 17 GB  246 MB/s     36s[K[?25h[?2026l[?2026h[?25l[A[1Gpulling manifest [K
pulling e796792eba26:  48% ▕████████          ▏ 8.4 GB/ 17 GB  246 MB/s     36s[K[?25h[?2026l[?2026h[?25l[A[1Gpulling manifest [K
pulling e796792eba26:  48% ▕████████          ▏ 8.4 GB/ 17 GB  246 MB/s     36s[K[?25h[?2026l[?2026h[?25l[A[1Gpulling manifest [K
pulling e796792eba26:  49% ▕████████          ▏ 8.4 GB/ 17 GB  246 MB/s     36s[K[?25h[?2026l[?2026h[?25l[A[1Gpulling manifest [K
pulling e796792eba26:  49% ▕████████          ▏ 8.5 GB/ 17 GB  246 MB/s     36s[K[?25h[?2026l[?2026h[?25l[A[1Gpulling manifest [K
pulling e796792eba26:  49% ▕████████          ▏ 8.5 GB/ 17 GB  246 MB/s     36s[K[?25h[?2026l[?2026h[?25l[A[1Gpulling manifest [K
pulling e796792eba26:  49% ▕████████          ▏ 8.5 GB/ 17 GB  246 MB/s     35s[K[?25h[?2026l[?2026h[?25l[A[1Gpulling manifest [K
pulling e796792eba26:  49% ▕████████          ▏ 8.6 GB/ 17 GB  246 MB/s     35s[K[?25h[?2026l[?2026h[?25l[A[1Gpulling manifest [K
pulling e796792eba26:  49% ▕████████          ▏ 8.6 GB/ 17 GB  246 MB/s     35s[K[?25h[?2026l[?2026h[?25l[A[1Gpulling manifest [K
pulling e796792eba26:  49% ▕████████          ▏ 8.6 GB/ 17 GB  246 MB/s     35s[K[?25h[?2026l[?2026h[?25l[A[1Gpulling manifest [K
pulling e796792eba26:  50% ▕████████          ▏ 8.6 GB/ 17 GB  248 MB/s     35s[K[?25h[?2026l[?2026h[?25l[A[1Gpulling manifest [K
pulling e796792eba26:  50% ▕████████          ▏ 8.6 GB/ 17 GB  248 MB/s     35s[K[?25h[?2026l[?2026h[?25l[A[1Gpulling manifest [K
pulling e796792eba26:  50% ▕████████          ▏ 8.7 GB/ 17 GB  248 MB/s     35s[K[?25h[?2026l[?2026h[?25l[A[1Gpulling manifest [K
pulling e796792eba26:  50% ▕████████          ▏ 8.7 GB/ 17 GB  248 MB/s     35s[K[?25h[?2026l[?2026h[?25l[A[1Gpulling manifest [K
pulling e796792eba26:  50% ▕█████████         ▏ 8.7 GB/ 17 GB  248 MB/s     34s[K[?25h[?2026l[?2026h[?25l[A[1Gpulling manifest [K
pulling e796792eba26:  50% ▕█████████         ▏ 8.7 GB/ 17 GB  248 MB/s     34s[K[?25h[?2026l[?2026h[?25l[A[1Gpulling manifest [K
pulling e796792eba26:  50% ▕█████████         ▏ 8.8 GB/ 17 GB  248 MB/s     34s[K[?25h[?2026l[?2026h[?25l[A[1Gpulling manifest [K
pulling e796792eba26:  51% ▕█████████         ▏ 8.8 GB/ 17 GB  248 MB/s     34s[K[?25h[?2026l[?2026h[?25l[A[1Gpulling manifest [K
pulling e796792eba26:  51% ▕█████████         ▏ 8.8 GB/ 17 GB  248 MB/s     34s[K[?25h[?2026l[?2026h[?25l[A[1Gpulling manifest [K
pulling e796792eba26:  51% ▕█████████         ▏ 8.8 GB/ 17 GB  248 MB/s     34s[K[?25h[?2026l[?2026h[?25l[A[1Gpulling manifest [K
pulling e796792eba26:  51% ▕█████████         ▏ 8.9 GB/ 17 GB  249 MB/s     34s[K[?25h[?2026l[?2026h[?25l[A[1Gpulling manifest [K
pulling e796792eba26:  51% ▕█████████         ▏ 8.9 GB/ 17 GB  249 MB/s     34s[K[?25h[?2026l[?2026h[?25l[A[1Gpulling manifest [K
pulling e796792eba26:  51% ▕█████████         ▏ 8.9 GB/ 17 GB  249 MB/s     33s[K[?25h[?2026l[?2026h[?25l[A[1Gpulling manifest [K
pulling e796792eba26:  51% ▕█████████         ▏ 9.0 GB/ 17 GB  249 MB/s     33s[K[?25h[?2026l[?2026h[?25l[A[1Gpulling manifest [K
pulling e796792eba26:  52% ▕█████████         ▏ 9.0 GB/ 17 GB  249 MB/s     33s[K[?25h[?2026l[?2026h[?25l[A[1Gpulling manifest [K
pulling e796792eba26:  52% ▕█████████         ▏ 9.0 GB/ 17 GB  249 MB/s     33s[K[?25h[?2026l[?2026h[?25l[A[1Gpulling manifest [K
pulling e796792eba26:  52% ▕█████████         ▏ 9.0 GB/ 17 GB  249 MB/s     33s[K[?25h[?2026l[?2026h[?25l[A[1Gpulling manifest [K
pulling e796792eba26:  52% ▕█████████         ▏ 9.0 GB/ 17 GB  249 MB/s     33s[K[?25h[?2026l[?2026h[?25l[A[1Gpulling manifest [K
pulling e796792eba26:  52% ▕█████████         ▏ 9.1 GB/ 17 GB  249 MB/s     33s[K[?25h[?2026l[?2026h[?25l[A[1Gpulling manifest [K
pulling e796792eba26:  52% ▕█████████         ▏ 9.1 GB/ 17 GB  249 MB/s     33s[K[?25h[?2026l[?2026h[?25l[A[1Gpulling manifest [K
pulling e796792eba26:  52% ▕█████████         ▏ 9.1 GB/ 17 GB  251 MB/s     32s[K[?25h[?2026l[?2026h[?25l[A[1Gpulling manifest [K
pulling e796792eba26:  53% ▕█████████         ▏ 9.1 GB/ 17 GB  251 MB/s     32s[K[?25h[?2026l[?2026h[?25l[A[1Gpulling manifest [K
pulling e796792eba26:  53% ▕█████████         ▏ 9.2 GB/ 17 GB  251 MB/s     32s[K[?25h[?2026l[?2026h[?25l[A[1Gpulling manifest [K
pulling e796792eba26:  53% ▕█████████         ▏ 9.2 GB/ 17 GB  251 MB/s     32s[K[?25h[?2026l[?2026h[?25l[A[1Gpulling manifest [K
pulling e796792eba26:  53% ▕█████████         ▏ 9.2 GB/ 17 GB  251 MB/s     32s[K[?25h[?2026l[?2026h[?25l[A[1Gpulling manifest [K
pulling e796792eba26:  53% ▕█████████         ▏ 9.2 GB/ 17 GB  251 MB/s     32s[K[?25h[?2026l[?2026h[?25l[A[1Gpulling manifest [K
pulling e796792eba26:  53% ▕█████████         ▏ 9.3 GB/ 17 GB  251 MB/s     32s[K[?25h[?2026l[?2026h[?25l[A[1Gpulling manifest [K
pulling e796792eba26:  53% ▕█████████         ▏ 9.3 GB/ 17 GB  251 MB/s     32s[K[?25h[?2026l[?2026h[?25l[A[1Gpulling manifest [K
pulling e796792eba26:  54% ▕█████████         ▏ 9.3 GB/ 17 GB  251 MB/s     32s[K[?25h[?2026l[?2026h[?25l[A[1Gpulling manifest [K
pulling e796792eba26:  54% ▕█████████         ▏ 9.3 GB/ 17 GB  251 MB/s     32s[K[?25h[?2026l[?2026h[?25l[A[1Gpulling manifest [K
pulling e796792eba26:  54% ▕█████████         ▏ 9.4 GB/ 17 GB  254 MB/s     31s[K[?25h[?2026l[?2026h[?25l[A[1Gpulling manifest [K
pulling e796792eba26:  54% ▕█████████         ▏ 9.4 GB/ 17 GB  254 MB/s     31s[K[?25h[?2026l[?2026h[?25l[A[1Gpulling manifest [K
pulling e796792eba26:  54% ▕█████████         ▏ 9.4 GB/ 17 GB  254 MB/s     31s[K[?25h[?2026l[?2026h[?25l[A[1Gpulling manifest [K
pulling e796792eba26:  54% ▕█████████         ▏ 9.5 GB/ 17 GB  254 MB/s     31s[K[?25h[?2026l[?2026h[?25l[A[1Gpulling manifest [K
pulling e796792eba26:  55% ▕█████████         ▏ 9.5 GB/ 17 GB  254 MB/s     31s[K[?25h[?2026l[?2026h[?25l[A[1Gpulling manifest [K
pulling e796792eba26:  55% ▕█████████         ▏ 9.5 GB/ 17 GB  254 MB/s     30s[K[?25h[?2026l[?2026h[?25l[A[1Gpulling manifest [K
pulling e796792eba26:  55% ▕█████████         ▏ 9.5 GB/ 17 GB  254 MB/s     30s[K[?25h[?2026l[?2026h[?25l[A[1Gpulling manifest [K
pulling e796792eba26:  55% ▕█████████         ▏ 9.5 GB/ 17 GB  254 MB/s     30s[K[?25h[?2026l[?2026h[?25l[A[1Gpulling manifest [K
pulling e796792eba26:  55% ▕█████████         ▏ 9.6 GB/ 17 GB  254 MB/s     30s[K[?25h[?2026l[?2026h[?25l[A[1Gpulling manifest [K
pulling e796792eba26:  55% ▕█████████         ▏ 9.6 GB/ 17 GB  254 MB/s     30s[K[?25h[?2026l[?2026h[?25l[A[1Gpulling manifest [K
pulling e796792eba26:  55% ▕█████████         ▏ 9.6 GB/ 17 GB  254 MB/s     30s[K[?25h[?2026l[?2026h[?25l[A[1Gpulling manifest [K
pulling e796792eba26:  55% ▕█████████         ▏ 9.6 GB/ 17 GB  257 MB/s     30s[K[?25h[?2026l[?2026h[?25l[A[1Gpulling manifest [K
pulling e796792eba26:  56% ▕██████████        ▏ 9.7 GB/ 17 GB  257 MB/s     30s[K[?25h[?2026l[?2026h[?25l[A[1Gpulling manifest [K
pulling e796792eba26:  56% ▕██████████        ▏ 9.7 GB/ 17 GB  257 MB/s     29s[K[?25h[?2026l[?2026h[?25l[A[1Gpulling manifest [K
pulling e796792eba26:  56% ▕██████████        ▏ 9.7 GB/ 17 GB  257 MB/s     29s[K[?25h[?2026l[?2026h[?25l[A[1Gpulling manifest [K
pulling e796792eba26:  56% ▕██████████        ▏ 9.7 GB/ 17 GB  257 MB/s     29s[K[?25h[?2026l[?2026h[?25l[A[1Gpulling manifest [K
pulling e796792eba26:  56% ▕██████████        ▏ 9.7 GB/ 17 GB  257 MB/s     29s[K[?25h[?2026l[?2026h[?25l[A[1Gpulling manifest [K
pulling e796792eba26:  56% ▕██████████        ▏ 9.8 GB/ 17 GB  257 MB/s     29s[K[?25h[?2026l[?2026h[?25l[A[1Gpulling manifest [K
pulling e796792eba26:  56% ▕██████████        ▏ 9.8 GB/ 17 GB  257 MB/s     29s[K[?25h[?2026l[?2026h[?25l[A[1Gpulling manifest [K
pulling e796792eba26:  56% ▕██████████        ▏ 9.8 GB/ 17 GB  257 MB/s     29s[K[?25h[?2026l[?2026h[?25l[A[1Gpulling manifest [K
pulling e796792eba26:  57% ▕██████████        ▏ 9.8 GB/ 17 GB  257 MB/s     29s[K[?25h[?2026l[?2026h[?25l[A[1Gpulling manifest [K
pulling e796792eba26:  57% ▕██████████        ▏ 9.9 GB/ 17 GB  254 MB/s     29s[K[?25h[?2026l[?2026h[?25l[A[1Gpulling manifest [K
pulling e796792eba26:  57% ▕██████████        ▏ 9.9 GB/ 17 GB  254 MB/s     29s[K[?25h[?2026l[?2026h[?25l[A[1Gpulling manifest [K
pulling e796792eba26:  57% ▕██████████        ▏ 9.9 GB/ 17 GB  254 MB/s     29s[K[?25h[?2026l[?2026h[?25l[A[1Gpulling manifest [K
pulling e796792eba26:  57% ▕██████████        ▏ 9.9 GB/ 17 GB  254 MB/s     29s[K[?25h[?2026l[?2026h[?25l[A[1Gpulling manifest [K
pulling e796792eba26:  57% ▕█████████        ▏ 10.0 GB/ 17 GB  254 MB/s     29s[K[?25h[?2026l[?2026h[?25l[A[1Gpulling manifest [K
pulling e796792eba26:  57% ▕█████████        ▏ 10.0 GB/ 17 GB  254 MB/s     29s[K[?25h[?2026l[?2026h[?25l[A[1Gpulling manifest [K
pulling e796792eba26:  58% ▕██████████        ▏  10 GB/ 17 GB  254 MB/s     29s[K[?25h[?2026l[?2026h[?25l[A[1Gpulling manifest [K
pulling e796792eba26:  58% ▕██████████        ▏  10 GB/ 17 GB  254 MB/s     28s[K[?25h[?2026l[?2026h[?25l[A[1Gpulling manifest [K
pulling e796792eba26:  58% ▕██████████        ▏  10 GB/ 17 GB  254 MB/s     28s[K[?25h[?2026l[?2026h[?25l[A[1Gpulling manifest [K
pulling e796792eba26:  58% ▕██████████        ▏  10 GB/ 17 GB  254 MB/s     28s[K[?25h[?2026l[?2026h[?25l[A[1Gpulling manifest [K
pulling e796792eba26:  58% ▕██████████        ▏  10 GB/ 17 GB  254 MB/s     28s[K[?25h[?2026l[?2026h[?25l[A[1Gpulling manifest [K
pulling e796792eba26:  58% ▕██████████        ▏  10 GB/ 17 GB  252 MB/s     28s[K[?25h[?2026l[?2026h[?25l[A[1Gpulling manifest [K
pulling e796792eba26:  58% ▕██████████        ▏  10 GB/ 17 GB  252 MB/s     28s[K[?25h[?2026l[?2026h[?25l[A[1Gpulling manifest [K
pulling e796792eba26:  58% ▕██████████        ▏  10 GB/ 17 GB  252 MB/s     28s[K[?25h[?2026l[?2026h[?25l[A[1Gpulling manifest [K
pulling e796792eba26:  59% ▕██████████        ▏  10 GB/ 17 GB  252 MB/s     28s[K[?25h[?2026l[?2026h[?25l[A[1Gpulling manifest [K
pulling e796792eba26:  59% ▕██████████        ▏  10 GB/ 17 GB  252 MB/s     28s[K[?25h[?2026l[?2026h[?25l[A[1Gpulling manifest [K
pulling e796792eba26:  59% ▕██████████        ▏  10 GB/ 17 GB  252 MB/s     28s[K[?25h[?2026l[?2026h[?25l[A[1Gpulling manifest [K
pulling e796792eba26:  59% ▕██████████        ▏  10 GB/ 17 GB  252 MB/s     28s[K[?25h[?2026l[?2026h[?25l[A[1Gpulling manifest [K
pulling e796792eba26:  59% ▕██████████        ▏  10 GB/ 17 GB  252 MB/s     28s[K[?25h[?2026l[?2026h[?25l[A[1Gpulling manifest [K
pulling e796792eba26:  59% ▕██████████        ▏  10 GB/ 17 GB  252 MB/s     28s[K[?25h[?2026l[?2026h[?25l[A[1Gpulling manifest [K
pulling e796792eba26:  59% ▕██████████        ▏  10 GB/ 17 GB  252 MB/s     27s[K[?25h[?2026l[?2026h[?25l[A[1Gpulling manifest [K
pulling e796792eba26:  60% ▕██████████        ▏  10 GB/ 17 GB  250 MB/s     28s[K[?25h[?2026l[?2026h[?25l[A[1Gpulling manifest [K
pulling e796792eba26:  60% ▕██████████        ▏  10 GB/ 17 GB  250 MB/s     28s[K[?25h[?2026l[?2026h[?25l[A[1Gpulling manifest [K
pulling e796792eba26:  60% ▕██████████        ▏  10 GB/ 17 GB  250 MB/s     27s[K[?25h[?2026l[?2026h[?25l[A[1Gpulling manifest [K
pulling e796792eba26:  60% ▕██████████        ▏  10 GB/ 17 GB  250 MB/s     27s[K[?25h[?2026l[?2026h[?25l[A[1Gpulling manifest [K
pulling e796792eba26:  60% ▕██████████        ▏  10 GB/ 17 GB  250 MB/s     27s[K[?25h[?2026l[?2026h[?25l[A[1Gpulling manifest [K
pulling e796792eba26:  60% ▕██████████        ▏  10 GB/ 17 GB  250 MB/s     27s[K[?25h[?2026l[?2026h[?25l[A[1Gpulling manifest [K
pulling e796792eba26:  60% ▕██████████        ▏  10 GB/ 17 GB  250 MB/s     27s[K[?25h[?2026l[?2026h[?25l[A[1Gpulling manifest [K
pulling e796792eba26:  60% ▕██████████        ▏  10 GB/ 17 GB  250 MB/s     27s[K[?25h[?2026l[?2026h[?25l[A[1Gpulling manifest [K
pulling e796792eba26:  60% ▕██████████        ▏  10 GB/ 17 GB  250 MB/s     27s[K[?25h[?2026l[?2026h[?25l[A[1Gpulling manifest [K
pulling e796792eba26:  61% ▕██████████        ▏  10 GB/ 17 GB  250 MB/s     27s[K[?25h[?2026l[?2026h[?25l[A[1Gpulling manifest [K
pulling e796792eba26:  61% ▕██████████        ▏  10 GB/ 17 GB  245 MB/s     27s[K[?25h[?2026l[?2026h[?25l[A[1Gpulling manifest [K
pulling e796792eba26:  61% ▕██████████        ▏  10 GB/ 17 GB  245 MB/s     27s[K[?25h[?2026l[?2026h[?25l[A[1Gpulling manifest [K
pulling e796792eba26:  61% ▕██████████        ▏  10 GB/ 17 GB  245 MB/s     27s[K[?25h[?2026l[?2026h[?25l[A[1Gpulling manifest [K
pulling e796792eba26:  61% ▕██████████        ▏  10 GB/ 17 GB  245 MB/s     27s[K[?25h[?2026l[?2026h[?25l[A[1Gpulling manifest [K
pulling e796792eba26:  61% ▕███████████       ▏  10 GB/ 17 GB  245 MB/s     27s[K[?25h[?2026l[?2026h[?25l[A[1Gpulling manifest [K
pulling e796792eba26:  61% ▕███████████       ▏  10 GB/ 17 GB  245 MB/s     27s[K[?25h[?2026l[?2026h[?25l[A[1Gpulling manifest [K
pulling e796792eba26:  61% ▕███████████       ▏  10 GB/ 17 GB  245 MB/s     27s[K[?25h[?2026l[?2026h[?25l[A[1Gpulling manifest [K
pulling e796792eba26:  62% ▕███████████       ▏  10 GB/ 17 GB  245 MB/s     27s[K[?25h[?2026l[?2026h[?25l[A[1Gpulling manifest [K
pulling e796792eba26:  62% ▕███████████       ▏  10 GB/ 17 GB  245 MB/s     27s[K[?25h[?2026l[?2026h[?25l[A[1Gpulling manifest [K
pulling e796792eba26:  62% ▕███████████       ▏  10 GB/ 17 GB  245 MB/s     27s[K[?25h[?2026l[?2026h[?25l[A[1Gpulling manifest [K
pulling e796792eba26:  62% ▕███████████       ▏  10 GB/ 17 GB  240 MB/s     27s[K[?25h[?2026l[?2026h[?25l[A[1Gpulling manifest [K
pulling e796792eba26:  62% ▕███████████       ▏  10 GB/ 17 GB  240 MB/s     27s[K[?25h[?2026l[?2026h[?25l[A[1Gpulling manifest [K
pulling e796792eba26:  62% ▕███████████       ▏  10 GB/ 17 GB  240 MB/s     27s[K[?25h[?2026l[?2026h[?25l[A[1Gpulling manifest [K
pulling e796792eba26:  62% ▕███████████       ▏  10 GB/ 17 GB  240 MB/s     27s[K[?25h[?2026l[?2026h[?25l[A[1Gpulling manifest [K
pulling e796792eba26:  62% ▕███████████       ▏  10 GB/ 17 GB  240 MB/s     27s[K[?25h[?2026l[?2026h[?25l[A[1Gpulling manifest [K
pulling e796792eba26:  63% ▕███████████       ▏  10 GB/ 17 GB  240 MB/s     27s[K[?25h[?2026l[?2026h[?25l[A[1Gpulling manifest [K
pulling e796792eba26:  63% ▕███████████       ▏  10 GB/ 17 GB  240 MB/s     26s[K[?25h[?2026l[?2026h[?25l[A[1Gpulling manifest [K
pulling e796792eba26:  63% ▕███████████       ▏  10 GB/ 17 GB  240 MB/s     26s[K[?25h[?2026l[?2026h[?25l[A[1Gpulling manifest [K
pulling e796792eba26:  63% ▕███████████       ▏  10 GB/ 17 GB  240 MB/s     26s[K[?25h[?2026l[?2026h[?25l[A[1Gpulling manifest [K
pulling e796792eba26:  63% ▕███████████       ▏  10 GB/ 17 GB  240 MB/s     26s[K[?25h[?2026l[?2026h[?25l[A[1Gpulling manifest [K
pulling e796792eba26:  63% ▕███████████       ▏  10 GB/ 17 GB  240 MB/s     26s[K[?25h[?2026l[?2026h[?25l[A[1Gpulling manifest [K
pulling e796792eba26:  63% ▕███████████       ▏  11 GB/ 17 GB  237 MB/s     26s[K[?25h[?2026l[?2026h[?25l[A[1Gpulling manifest [K
pulling e796792eba26:  63% ▕███████████       ▏  11 GB/ 17 GB  237 MB/s     26s[K[?25h[?2026l[?2026h[?25l[A[1Gpulling manifest [K
pulling e796792eba26:  64% ▕███████████       ▏  11 GB/ 17 GB  237 MB/s     26s[K[?25h[?2026l[?2026h[?25l[A[1Gpulling manifest [K
pulling e796792eba26:  64% ▕███████████       ▏  11 GB/ 17 GB  237 MB/s     26s[K[?25h[?2026l[?2026h[?25l[A[1Gpulling manifest [K
pulling e796792eba26:  64% ▕███████████       ▏  11 GB/ 17 GB  237 MB/s     26s[K[?25h[?2026l[?2026h[?25l[A[1Gpulling manifest [K
pulling e796792eba26:  64% ▕███████████       ▏  11 GB/ 17 GB  237 MB/s     26s[K[?25h[?2026l[?2026h[?25l[A[1Gpulling manifest [K
pulling e796792eba26:  64% ▕███████████       ▏  11 GB/ 17 GB  237 MB/s     26s[K[?25h[?2026l[?2026h[?25l[A[1Gpulling manifest [K
pulling e796792eba26:  64% ▕███████████       ▏  11 GB/ 17 GB  237 MB/s     26s[K[?25h[?2026l[?2026h[?25l[A[1Gpulling manifest [K
pulling e796792eba26:  65% ▕███████████       ▏  11 GB/ 17 GB  237 MB/s     25s[K[?25h[?2026l[?2026h[?25l[A[1Gpulling manifest [K
pulling e796792eba26:  65% ▕███████████       ▏  11 GB/ 17 GB  237 MB/s     25s[K[?25h[?2026l[?2026h[?25l[A[1Gpulling manifest [K
pulling e796792eba26:  65% ▕███████████       ▏  11 GB/ 17 GB  240 MB/s     25s[K[?25h[?2026l[?2026h[?25l[A[1Gpulling manifest [K
pulling e796792eba26:  65% ▕███████████       ▏  11 GB/ 17 GB  240 MB/s     25s[K[?25h[?2026l[?2026h[?25l[A[1Gpulling manifest [K
pulling e796792eba26:  65% ▕███████████       ▏  11 GB/ 17 GB  240 MB/s     25s[K[?25h[?2026l[?2026h[?25l[A[1Gpulling manifest [K
pulling e796792eba26:  65% ▕███████████       ▏  11 GB/ 17 GB  240 MB/s     25s[K[?25h[?2026l[?2026h[?25l[A[1Gpulling manifest [K
pulling e796792eba26:  65% ▕███████████       ▏  11 GB/ 17 GB  240 MB/s     25s[K[?25h[?2026l[?2026h[?25l[A[1Gpulling manifest [K
pulling e796792eba26:  66% ▕███████████       ▏  11 GB/ 17 GB  240 MB/s     24s[K[?25h[?2026l[?2026h[?25l[A[1Gpulling manifest [K
pulling e796792eba26:  66% ▕███████████       ▏  11 GB/ 17 GB  240 MB/s     24s[K[?25h[?2026l[?2026h[?25l[A[1Gpulling manifest [K
pulling e796792eba26:  66% ▕███████████       ▏  11 GB/ 17 GB  240 MB/s     24s[K[?25h[?2026l[?2026h[?25l[A[1Gpulling manifest [K
pulling e796792eba26:  66% ▕███████████       ▏  11 GB/ 17 GB  240 MB/s     24s[K[?25h[?2026l[?2026h[?25l[A[1Gpulling manifest [K
pulling e796792eba26:  66% ▕███████████       ▏  11 GB/ 17 GB  240 MB/s     24s[K[?25h[?2026l[?2026h[?25l[A[1Gpulling manifest [K
pulling e796792eba26:  66% ▕███████████       ▏  11 GB/ 17 GB  236 MB/s     24s[K[?25h[?2026l[?2026h[?25l[A[1Gpulling manifest [K
pulling e796792eba26:  66% ▕███████████       ▏  11 GB/ 17 GB  236 MB/s     24s[K[?25h[?2026l[?2026h[?25l[A[1Gpulling manifest [K
pulling e796792eba26:  66% ▕███████████       ▏  11 GB/ 17 GB  236 MB/s     24s[K[?25h[?2026l[?2026h[?25l[A[1Gpulling manifest [K
pulling e796792eba26:  66% ▕███████████       ▏  11 GB/ 17 GB  236 MB/s     24s[K[?25h[?2026l[?2026h[?25l[A[1Gpulling manifest [K
pulling e796792eba26:  67% ▕███████████       ▏  11 GB/ 17 GB  236 MB/s     24s[K[?25h[?2026l[?2026h[?25l[A[1Gpulling manifest [K
pulling e796792eba26:  67% ▕███████████       ▏  11 GB/ 17 GB  236 MB/s     24s[K[?25h[?2026l[?2026h[?25l[A[1Gpulling manifest [K
pulling e796792eba26:  67% ▕████████████      ▏  11 GB/ 17 GB  236 MB/s     24s[K[?25h[?2026l[?2026h[?25l[A[1Gpulling manifest [K
pulling e796792eba26:  67% ▕████████████      ▏  11 GB/ 17 GB  236 MB/s     24s[K[?25h[?2026l[?2026h[?25l[A[1Gpulling manifest [K
pulling e796792eba26:  67% ▕████████████      ▏  11 GB/ 17 GB  236 MB/s     24s[K[?25h[?2026l[?2026h[?25l[A[1Gpulling manifest [K
pulling e796792eba26:  67% ▕████████████      ▏  11 GB/ 17 GB  236 MB/s     24s[K[?25h[?2026l[?2026h[?25l[A[1Gpulling manifest [K
pulling e796792eba26:  67% ▕████████████      ▏  11 GB/ 17 GB  236 MB/s     24s[K[?25h[?2026l[?2026h[?25l[A[1Gpulling manifest [K
pulling e796792eba26:  67% ▕████████████      ▏  11 GB/ 17 GB  230 MB/s     24s[K[?25h[?2026l[?2026h[?25l[A[1Gpulling manifest [K
pulling e796792eba26:  68% ▕████████████      ▏  11 GB/ 17 GB  230 MB/s     24s[K[?25h[?2026l[?2026h[?25l[A[1Gpulling manifest [K
pulling e796792eba26:  68% ▕████████████      ▏  11 GB/ 17 GB  230 MB/s     24s[K[?25h[?2026l[?2026h[?25l[A[1Gpulling manifest [K
pulling e796792eba26:  68% ▕████████████      ▏  11 GB/ 17 GB  230 MB/s     24s[K[?25h[?2026l[?2026h[?25l[A[1Gpulling manifest [K
pulling e796792eba26:  68% ▕████████████      ▏  11 GB/ 17 GB  230 MB/s     24s[K[?25h[?2026l[?2026h[?25l[A[1Gpulling manifest [K
pulling e796792eba26:  68% ▕████████████      ▏  11 GB/ 17 GB  230 MB/s     24s[K[?25h[?2026l[?2026h[?25l[A[1Gpulling manifest [K
pulling e796792eba26:  68% ▕████████████      ▏  11 GB/ 17 GB  230 MB/s     23s[K[?25h[?2026l[?2026h[?25l[A[1Gpulling manifest [K
pulling e796792eba26:  68% ▕████████████      ▏  11 GB/ 17 GB  230 MB/s     23s[K[?25h[?2026l[?2026h[?25l[A[1Gpulling manifest [K
pulling e796792eba26:  69% ▕████████████      ▏  11 GB/ 17 GB  230 MB/s     23s[K[?25h[?2026l[?2026h[?25l[A[1Gpulling manifest [K
pulling e796792eba26:  69% ▕████████████      ▏  11 GB/ 17 GB  230 MB/s     23s[K[?25h[?2026l[?2026h[?25l[A[1Gpulling manifest [K
pulling e796792eba26:  69% ▕████████████      ▏  11 GB/ 17 GB  233 MB/s     23s[K[?25h[?2026l[?2026h[?25l[A[1Gpulling manifest [K
pulling e796792eba26:  69% ▕████████████      ▏  11 GB/ 17 GB  233 MB/s     23s[K[?25h[?2026l[?2026h[?25l[A[1Gpulling manifest [K
pulling e796792eba26:  69% ▕████████████      ▏  11 GB/ 17 GB  233 MB/s     23s[K[?25h[?2026l[?2026h[?25l[A[1Gpulling manifest [K
pulling e796792eba26:  69% ▕████████████      ▏  12 GB/ 17 GB  233 MB/s     23s[K[?25h[?2026l[?2026h[?25l[A[1Gpulling manifest [K
pulling e796792eba26:  69% ▕████████████      ▏  12 GB/ 17 GB  233 MB/s     22s[K[?25h[?2026l[?2026h[?25l[A[1Gpulling manifest [K
pulling e796792eba26:  69% ▕████████████      ▏  12 GB/ 17 GB  233 MB/s     22s[K[?25h[?2026l[?2026h[?25l[A[1Gpulling manifest [K
pulling e796792eba26:  70% ▕████████████      ▏  12 GB/ 17 GB  233 MB/s     22s[K[?25h[?2026l[?2026h[?25l[A[1Gpulling manifest [K
pulling e796792eba26:  70% ▕████████████      ▏  12 GB/ 17 GB  233 MB/s     22s[K[?25h[?2026l[?2026h[?25l[A[1Gpulling manifest [K
pulling e796792eba26:  70% ▕████████████      ▏  12 GB/ 17 GB  233 MB/s     22s[K[?25h[?2026l[?2026h[?25l[A[1Gpulling manifest [K
pulling e796792eba26:  70% ▕████████████      ▏  12 GB/ 17 GB  233 MB/s     22s[K[?25h[?2026l[?2026h[?25l[A[1Gpulling manifest [K
pulling e796792eba26:  70% ▕████████████      ▏  12 GB/ 17 GB  233 MB/s     22s[K[?25h[?2026l[?2026h[?25l[A[1Gpulling manifest [K
pulling e796792eba26:  70% ▕████████████      ▏  12 GB/ 17 GB  231 MB/s     22s[K[?25h[?2026l[?2026h[?25l[A[1Gpulling manifest [K
pulling e796792eba26:  70% ▕████████████      ▏  12 GB/ 17 GB  231 MB/s     22s[K[?25h[?2026l[?2026h[?25l[A[1Gpulling manifest [K
pulling e796792eba26:  70% ▕████████████      ▏  12 GB/ 17 GB  231 MB/s     22s[K[?25h[?2026l[?2026h[?25l[A[1Gpulling manifest [K
pulling e796792eba26:  70% ▕████████████      ▏  12 GB/ 17 GB  231 MB/s     22s[K[?25h[?2026l[?2026h[?25l[A[1Gpulling manifest [K
pulling e796792eba26:  71% ▕████████████      ▏  12 GB/ 17 GB  231 MB/s     22s[K[?25h[?2026l[?2026h[?25l[A[1Gpulling manifest [K
pulling e796792eba26:  71% ▕████████████      ▏  12 GB/ 17 GB  231 MB/s     21s[K[?25h[?2026l[?2026h[?25l[A[1Gpulling manifest [K
pulling e796792eba26:  71% ▕████████████      ▏  12 GB/ 17 GB  231 MB/s     21s[K[?25h[?2026l[?2026h[?25l[A[1Gpulling manifest [K
pulling e796792eba26:  71% ▕████████████      ▏  12 GB/ 17 GB  231 MB/s     21s[K[?25h[?2026l[?2026h[?25l[A[1Gpulling manifest [K
pulling e796792eba26:  71% ▕████████████      ▏  12 GB/ 17 GB  231 MB/s     21s[K[?25h[?2026l[?2026h[?25l[A[1Gpulling manifest [K
pulling e796792eba26:  71% ▕████████████      ▏  12 GB/ 17 GB  231 MB/s     21s[K[?25h[?2026l[?2026h[?25l[A[1Gpulling manifest [K
pulling e796792eba26:  71% ▕████████████      ▏  12 GB/ 17 GB  231 MB/s     21s[K[?25h[?2026l[?2026h[?25l[A[1Gpulling manifest [K
pulling e796792eba26:  72% ▕████████████      ▏  12 GB/ 17 GB  233 MB/s     21s[K[?25h[?2026l[?2026h[?25l[A[1Gpulling manifest [K
pulling e796792eba26:  72% ▕████████████      ▏  12 GB/ 17 GB  233 MB/s     21s[K[?25h[?2026l[?2026h[?25l[A[1Gpulling manifest [K
pulling e796792eba26:  72% ▕████████████      ▏  12 GB/ 17 GB  233 MB/s     20s[K[?25h[?2026l[?2026h[?25l[A[1Gpulling manifest [K
pulling e796792eba26:  72% ▕████████████      ▏  12 GB/ 17 GB  233 MB/s     20s[K[?25h[?2026l[?2026h[?25l[A[1Gpulling manifest [K
pulling e796792eba26:  72% ▕████████████      ▏  12 GB/ 17 GB  233 MB/s     20s[K[?25h[?2026l[?2026h[?25l[A[1Gpulling manifest [K
pulling e796792eba26:  72% ▕█████████████     ▏  12 GB/ 17 GB  233 MB/s     20s[K[?25h[?2026l[?2026h[?25l[A[1Gpulling manifest [K
pulling e796792eba26:  73% ▕█████████████     ▏  12 GB/ 17 GB  233 MB/s     20s[K[?25h[?2026l[?2026h[?25l[A[1Gpulling manifest [K
pulling e796792eba26:  73% ▕█████████████     ▏  12 GB/ 17 GB  233 MB/s     20s[K[?25h[?2026l[?2026h[?25l[A[1Gpulling manifest [K
pulling e796792eba26:  73% ▕█████████████     ▏  12 GB/ 17 GB  233 MB/s     20s[K[?25h[?2026l[?2026h[?25l[A[1Gpulling manifest [K
pulling e796792eba26:  73% ▕█████████████     ▏  12 GB/ 17 GB  233 MB/s     20s[K[?25h[?2026l[?2026h[?25l[A[1Gpulling manifest [K
pulling e796792eba26:  73% ▕█████████████     ▏  12 GB/ 17 GB  238 MB/s     19s[K[?25h[?2026l[?2026h[?25l[A[1Gpulling manifest [K
pulling e796792eba26:  73% ▕█████████████     ▏  12 GB/ 17 GB  238 MB/s     19s[K[?25h[?2026l[?2026h[?25l[A[1Gpulling manifest [K
pulling e796792eba26:  73% ▕█████████████     ▏  12 GB/ 17 GB  238 MB/s     19s[K[?25h[?2026l[?2026h[?25l[A[1Gpulling manifest [K
pulling e796792eba26:  73% ▕█████████████     ▏  12 GB/ 17 GB  238 MB/s     19s[K[?25h[?2026l[?2026h[?25l[A[1Gpulling manifest [K
pulling e796792eba26:  74% ▕█████████████     ▏  12 GB/ 17 GB  238 MB/s     19s[K[?25h[?2026l[?2026h[?25l[A[1Gpulling manifest [K
pulling e796792eba26:  74% ▕█████████████     ▏  12 GB/ 17 GB  238 MB/s     19s[K[?25h[?2026l[?2026h[?25l[A[1Gpulling manifest [K
pulling e796792eba26:  74% ▕█████████████     ▏  12 GB/ 17 GB  238 MB/s     19s[K[?25h[?2026l[?2026h[?25l[A[1Gpulling manifest [K
pulling e796792eba26:  74% ▕█████████████     ▏  12 GB/ 17 GB  238 MB/s     18s[K[?25h[?2026l[?2026h[?25l[A[1Gpulling manifest [K
pulling e796792eba26:  74% ▕█████████████     ▏  12 GB/ 17 GB  238 MB/s     18s[K[?25h[?2026l[?2026h[?25l[A[1Gpulling manifest [K
pulling e796792eba26:  74% ▕█████████████     ▏  12 GB/ 17 GB  238 MB/s     18s[K[?25h[?2026l[?2026h[?25l[A[1Gpulling manifest [K
pulling e796792eba26:  74% ▕█████████████     ▏  12 GB/ 17 GB  238 MB/s     18s[K[?25h[?2026l[?2026h[?25l[A[1Gpulling manifest [K
pulling e796792eba26:  74% ▕█████████████     ▏  12 GB/ 17 GB  242 MB/s     18s[K[?25h[?2026l[?2026h[?25l[A[1Gpulling manifest [K
pulling e796792eba26:  75% ▕█████████████     ▏  12 GB/ 17 GB  242 MB/s     18s[K[?25h[?2026l[?2026h[?25l[A[1Gpulling manifest [K
pulling e796792eba26:  75% ▕█████████████     ▏  13 GB/ 17 GB  242 MB/s     18s[K[?25h[?2026l[?2026h[?25l[A[1Gpulling manifest [K
pulling e796792eba26:  75% ▕█████████████     ▏  13 GB/ 17 GB  242 MB/s     18s[K[?25h[?2026l[?2026h[?25l[A[1Gpulling manifest [K
pulling e796792eba26:  75% ▕█████████████     ▏  13 GB/ 17 GB  242 MB/s     17s[K[?25h[?2026l[?2026h[?25l[A[1Gpulling manifest [K
pulling e796792eba26:  75% ▕█████████████     ▏  13 GB/ 17 GB  242 MB/s     17s[K[?25h[?2026l[?2026h[?25l[A[1Gpulling manifest [K
pulling e796792eba26:  75% ▕█████████████     ▏  13 GB/ 17 GB  242 MB/s     17s[K[?25h[?2026l[?2026h[?25l[A[1Gpulling manifest [K
pulling e796792eba26:  75% ▕█████████████     ▏  13 GB/ 17 GB  242 MB/s     17s[K[?25h[?2026l[?2026h[?25l[A[1Gpulling manifest [K
pulling e796792eba26:  76% ▕█████████████     ▏  13 GB/ 17 GB  242 MB/s     17s[K[?25h[?2026l[?2026h[?25l[A[1Gpulling manifest [K
pulling e796792eba26:  76% ▕█████████████     ▏  13 GB/ 17 GB  242 MB/s     17s[K[?25h[?2026l[?2026h[?25l[A[1Gpulling manifest [K
pulling e796792eba26:  76% ▕█████████████     ▏  13 GB/ 17 GB  242 MB/s     17s[K[?25h[?2026l[?2026h[?25l[A[1Gpulling manifest [K
pulling e796792eba26:  76% ▕█████████████     ▏  13 GB/ 17 GB  243 MB/s     17s[K[?25h[?2026l[?2026h[?25l[A[1Gpulling manifest [K
pulling e796792eba26:  76% ▕█████████████     ▏  13 GB/ 17 GB  243 MB/s     17s[K[?25h[?2026l[?2026h[?25l[A[1Gpulling manifest [K
pulling e796792eba26:  76% ▕█████████████     ▏  13 GB/ 17 GB  243 MB/s     17s[K[?25h[?2026l[?2026h[?25l[A[1Gpulling manifest [K
pulling e796792eba26:  76% ▕█████████████     ▏  13 GB/ 17 GB  243 MB/s     16s[K[?25h[?2026l[?2026h[?25l[A[1Gpulling manifest [K
pulling e796792eba26:  77% ▕█████████████     ▏  13 GB/ 17 GB  243 MB/s     16s[K[?25h[?2026l[?2026h[?25l[A[1Gpulling manifest [K
pulling e796792eba26:  77% ▕█████████████     ▏  13 GB/ 17 GB  243 MB/s     16s[K[?25h[?2026l[?2026h[?25l[A[1Gpulling manifest [K
pulling e796792eba26:  77% ▕█████████████     ▏  13 GB/ 17 GB  243 MB/s     16s[K[?25h[?2026l[?2026h[?25l[A[1Gpulling manifest [K
pulling e796792eba26:  77% ▕█████████████     ▏  13 GB/ 17 GB  243 MB/s     16s[K[?25h[?2026l[?2026h[?25l[A[1Gpulling manifest [K
pulling e796792eba26:  77% ▕█████████████     ▏  13 GB/ 17 GB  243 MB/s     16s[K[?25h[?2026l[?2026h[?25l[A[1Gpulling manifest [K
pulling e796792eba26:  77% ▕█████████████     ▏  13 GB/ 17 GB  243 MB/s     16s[K[?25h[?2026l[?2026h[?25l[A[1Gpulling manifest [K
pulling e796792eba26:  77% ▕█████████████     ▏  13 GB/ 17 GB  241 MB/s     16s[K[?25h[?2026l[?2026h[?25l[A[1Gpulling manifest [K
pulling e796792eba26:  78% ▕█████████████     ▏  13 GB/ 17 GB  241 MB/s     16s[K[?25h[?2026l[?2026h[?25l[A[1Gpulling manifest [K
pulling e796792eba26:  78% ▕█████████████     ▏  13 GB/ 17 GB  241 MB/s     16s[K[?25h[?2026l[?2026h[?25l[A[1Gpulling manifest [K
pulling e796792eba26:  78% ▕█████████████     ▏  13 GB/ 17 GB  241 MB/s     15s[K[?25h[?2026l[?2026h[?25l[A[1Gpulling manifest [K
pulling e796792eba26:  78% ▕██████████████    ▏  13 GB/ 17 GB  241 MB/s     15s[K[?25h[?2026l[?2026h[?25l[A[1Gpulling manifest [K
pulling e796792eba26:  78% ▕██████████████    ▏  13 GB/ 17 GB  241 MB/s     15s[K[?25h[?2026l[?2026h[?25l[A[1Gpulling manifest [K
pulling e796792eba26:  78% ▕██████████████    ▏  13 GB/ 17 GB  241 MB/s     15s[K[?25h[?2026l[?2026h[?25l[A[1Gpulling manifest [K
pulling e796792eba26:  78% ▕██████████████    ▏  13 GB/ 17 GB  241 MB/s     15s[K[?25h[?2026l[?2026h[?25l[A[1Gpulling manifest [K
pulling e796792eba26:  78% ▕██████████████    ▏  13 GB/ 17 GB  241 MB/s     15s[K[?25h[?2026l[?2026h[?25l[A[1Gpulling manifest [K
pulling e796792eba26:  78% ▕██████████████    ▏  13 GB/ 17 GB  241 MB/s     15s[K[?25h[?2026l[?2026h[?25l[A[1Gpulling manifest [K
pulling e796792eba26:  79% ▕██████████████    ▏  13 GB/ 17 GB  216 MB/s     17s[K[?25h[?2026l[?2026h[?25l[A[1Gpulling manifest [K
pulling e796792eba26:  79% ▕██████████████    ▏  13 GB/ 17 GB  216 MB/s     17s[K[?25h[?2026l[?2026h[?25l[A[1Gpulling manifest [K
pulling e796792eba26:  79% ▕██████████████    ▏  13 GB/ 17 GB  216 MB/s     17s[K[?25h[?2026l[?2026h[?25l[A[1Gpulling manifest [K
pulling e796792eba26:  79% ▕██████████████    ▏  13 GB/ 17 GB  216 MB/s     16s[K[?25h[?2026l[?2026h[?25l[A[1Gpulling manifest [K
pulling e796792eba26:  79% ▕██████████████    ▏  13 GB/ 17 GB  216 MB/s     16s[K[?25h[?2026l[?2026h[?25l[A[1Gpulling manifest [K
pulling e796792eba26:  79% ▕██████████████    ▏  13 GB/ 17 GB  216 MB/s     16s[K[?25h[?2026l[?2026h[?25l[A[1Gpulling manifest [K
pulling e796792eba26:  79% ▕██████████████    ▏  13 GB/ 17 GB  216 MB/s     16s[K[?25h[?2026l[?2026h[?25l[A[1Gpulling manifest [K
pulling e796792eba26:  79% ▕██████████████    ▏  13 GB/ 17 GB  216 MB/s     16s[K[?25h[?2026l[?2026h[?25l[A[1Gpulling manifest [K
pulling e796792eba26:  79% ▕██████████████    ▏  13 GB/ 17 GB  216 MB/s     16s[K[?25h[?2026l[?2026h[?25l[A[1Gpulling manifest [K
pulling e796792eba26:  80% ▕██████████████    ▏  13 GB/ 17 GB  216 MB/s     16s[K[?25h[?2026l[?2026h[?25l[A[1Gpulling manifest [K
pulling e796792eba26:  80% ▕██████████████    ▏  13 GB/ 17 GB  216 MB/s     16s[K[?25h[?2026l[?2026h[?25l[A[1Gpulling manifest [K
pulling e796792eba26:  80% ▕██████████████    ▏  13 GB/ 17 GB  240 MB/s     14s[K[?25h[?2026l[?2026h[?25l[A[1Gpulling manifest [K
pulling e796792eba26:  80% ▕██████████████    ▏  13 GB/ 17 GB  240 MB/s     14s[K[?25h[?2026l[?2026h[?25l[A[1Gpulling manifest [K
pulling e796792eba26:  80% ▕██████████████    ▏  13 GB/ 17 GB  240 MB/s     14s[K[?25h[?2026l[?2026h[?25l[A[1Gpulling manifest [K
pulling e796792eba26:  80% ▕██████████████    ▏  13 GB/ 17 GB  240 MB/s     14s[K[?25h[?2026l[?2026h[?25l[A[1Gpulling manifest [K
pulling e796792eba26:  80% ▕██████████████    ▏  13 GB/ 17 GB  240 MB/s     14s[K[?25h[?2026l[?2026h[?25l[A[1Gpulling manifest [K
pulling e796792eba26:  80% ▕██████████████    ▏  13 GB/ 17 GB  240 MB/s     14s[K[?25h[?2026l[?2026h[?25l[A[1Gpulling manifest [K
pulling e796792eba26:  81% ▕██████████████    ▏  14 GB/ 17 GB  240 MB/s     14s[K[?25h[?2026l[?2026h[?25l[A[1Gpulling manifest [K
pulling e796792eba26:  81% ▕██████████████    ▏  14 GB/ 17 GB  240 MB/s     14s[K[?25h[?2026l[?2026h[?25l[A[1Gpulling manifest [K
pulling e796792eba26:  81% ▕██████████████    ▏  14 GB/ 17 GB  240 MB/s     13s[K[?25h[?2026l[?2026h[?25l[A[1Gpulling manifest [K
pulling e796792eba26:  81% ▕██████████████    ▏  14 GB/ 17 GB  240 MB/s     13s[K[?25h[?2026l[?2026h[?25l[A[1Gpulling manifest [K
pulling e796792eba26:  81% ▕██████████████    ▏  14 GB/ 17 GB  237 MB/s     13s[K[?25h[?2026l[?2026h[?25l[A[1Gpulling manifest [K
pulling e796792eba26:  81% ▕██████████████    ▏  14 GB/ 17 GB  237 MB/s     13s[K[?25h[?2026l[?2026h[?25l[A[1Gpulling manifest [K
pulling e796792eba26:  81% ▕██████████████    ▏  14 GB/ 17 GB  237 MB/s     13s[K[?25h[?2026l[?2026h[?25l[A[1Gpulling manifest [K
pulling e796792eba26:  81% ▕██████████████    ▏  14 GB/ 17 GB  237 MB/s     13s[K[?25h[?2026l[?2026h[?25l[A[1Gpulling manifest [K
pulling e796792eba26:  82% ▕██████████████    ▏  14 GB/ 17 GB  237 MB/s     13s[K[?25h[?2026l[?2026h[?25l[A[1Gpulling manifest [K
pulling e796792eba26:  82% ▕██████████████    ▏  14 GB/ 17 GB  237 MB/s     13s[K[?25h[?2026l[?2026h[?25l[A[1Gpulling manifest [K
pulling e796792eba26:  82% ▕██████████████    ▏  14 GB/ 17 GB  237 MB/s     13s[K[?25h[?2026l[?2026h[?25l[A[1Gpulling manifest [K
pulling e796792eba26:  82% ▕██████████████    ▏  14 GB/ 17 GB  237 MB/s     13s[K[?25h[?2026l[?2026h[?25l[A[1Gpulling manifest [K
pulling e796792eba26:  82% ▕██████████████    ▏  14 GB/ 17 GB  237 MB/s     13s[K[?25h[?2026l[?2026h[?25l[A[1Gpulling manifest [K
pulling e796792eba26:  82% ▕██████████████    ▏  14 GB/ 17 GB  237 MB/s     13s[K[?25h[?2026l[?2026h[?25l[A[1Gpulling manifest [K
pulling e796792eba26:  82% ▕██████████████    ▏  14 GB/ 17 GB  233 MB/s     13s[K[?25h[?2026l[?2026h[?25l[A[1Gpulling manifest [K
pulling e796792eba26:  82% ▕██████████████    ▏  14 GB/ 17 GB  233 MB/s     13s[K[?25h[?2026l[?2026h[?25l[A[1Gpulling manifest [K
pulling e796792eba26:  82% ▕██████████████    ▏  14 GB/ 17 GB  233 MB/s     13s[K[?25h[?2026l[?2026h[?25l[A[1Gpulling manifest [K
pulling e796792eba26:  83% ▕██████████████    ▏  14 GB/ 17 GB  233 MB/s     12s[K[?25h[?2026l[?2026h[?25l[A[1Gpulling manifest [K
pulling e796792eba26:  83% ▕██████████████    ▏  14 GB/ 17 GB  233 MB/s     12s[K[?25h[?2026l[?2026h[?25l[A[1Gpulling manifest [K
pulling e796792eba26:  83% ▕██████████████    ▏  14 GB/ 17 GB  233 MB/s     12s[K[?25h[?2026l[?2026h[?25l[A[1Gpulling manifest [K
pulling e796792eba26:  83% ▕██████████████    ▏  14 GB/ 17 GB  233 MB/s     12s[K[?25h[?2026l[?2026h[?25l[A[1Gpulling manifest [K
pulling e796792eba26:  83% ▕██████████████    ▏  14 GB/ 17 GB  233 MB/s     12s[K[?25h[?2026l[?2026h[?25l[A[1Gpulling manifest [K
pulling e796792eba26:  83% ▕██████████████    ▏  14 GB/ 17 GB  233 MB/s     12s[K[?25h[?2026l[?2026h[?25l[A[1Gpulling manifest [K
pulling e796792eba26:  83% ▕███████████████   ▏  14 GB/ 17 GB  233 MB/s     12s[K[?25h[?2026l[?2026h[?25l[A[1Gpulling manifest [K
pulling e796792eba26:  83% ▕███████████████   ▏  14 GB/ 17 GB  230 MB/s     12s[K[?25h[?2026l[?2026h[?25l[A[1Gpulling manifest [K
pulling e796792eba26:  84% ▕███████████████   ▏  14 GB/ 17 GB  230 MB/s     12s[K[?25h[?2026l[?2026h[?25l[A[1Gpulling manifest [K
pulling e796792eba26:  84% ▕███████████████   ▏  14 GB/ 17 GB  230 MB/s     12s[K[?25h[?2026l[?2026h[?25l[A[1Gpulling manifest [K
pulling e796792eba26:  84% ▕███████████████   ▏  14 GB/ 17 GB  230 MB/s     12s[K[?25h[?2026l[?2026h[?25l[A[1Gpulling manifest [K
pulling e796792eba26:  84% ▕███████████████   ▏  14 GB/ 17 GB  230 MB/s     12s[K[?25h[?2026l[?2026h[?25l[A[1Gpulling manifest [K
pulling e796792eba26:  84% ▕███████████████   ▏  14 GB/ 17 GB  230 MB/s     12s[K[?25h[?2026l[?2026h[?25l[A[1Gpulling manifest [K
pulling e796792eba26:  84% ▕███████████████   ▏  14 GB/ 17 GB  230 MB/s     11s[K[?25h[?2026l[?2026h[?25l[A[1Gpulling manifest [K
pulling e796792eba26:  84% ▕███████████████   ▏  14 GB/ 17 GB  230 MB/s     11s[K[?25h[?2026l[?2026h[?25l[A[1Gpulling manifest [K
pulling e796792eba26:  84% ▕███████████████   ▏  14 GB/ 17 GB  230 MB/s     11s[K[?25h[?2026l[?2026h[?25l[A[1Gpulling manifest [K
pulling e796792eba26:  85% ▕███████████████   ▏  14 GB/ 17 GB  230 MB/s     11s[K[?25h[?2026l[?2026h[?25l[A[1Gpulling manifest [K
pulling e796792eba26:  85% ▕███████████████   ▏  14 GB/ 17 GB  230 MB/s     11s[K[?25h[?2026l[?2026h[?25l[A[1Gpulling manifest [K
pulling e796792eba26:  85% ▕███████████████   ▏  14 GB/ 17 GB  229 MB/s     11s[K[?25h[?2026l[?2026h[?25l[A[1Gpulling manifest [K
pulling e796792eba26:  85% ▕███████████████   ▏  14 GB/ 17 GB  229 MB/s     11s[K[?25h[?2026l[?2026h[?25l[A[1Gpulling manifest [K
pulling e796792eba26:  85% ▕███████████████   ▏  14 GB/ 17 GB  229 MB/s     11s[K[?25h[?2026l[?2026h[?25l[A[1Gpulling manifest [K
pulling e796792eba26:  85% ▕███████████████   ▏  14 GB/ 17 GB  229 MB/s     11s[K[?25h[?2026l[?2026h[?25l[A[1Gpulling manifest [K
pulling e796792eba26:  86% ▕███████████████   ▏  14 GB/ 17 GB  229 MB/s     10s[K[?25h[?2026l[?2026h[?25l[A[1Gpulling manifest [K
pulling e796792eba26:  86% ▕███████████████   ▏  14 GB/ 17 GB  229 MB/s     10s[K[?25h[?2026l[?2026h[?25l[A[1Gpulling manifest [K
pulling e796792eba26:  86% ▕███████████████   ▏  14 GB/ 17 GB  229 MB/s     10s[K[?25h[?2026l[?2026h[?25l[A[1Gpulling manifest [K
pulling e796792eba26:  86% ▕███████████████   ▏  14 GB/ 17 GB  229 MB/s     10s[K[?25h[?2026l[?2026h[?25l[A[1Gpulling manifest [K
pulling e796792eba26:  86% ▕███████████████   ▏  15 GB/ 17 GB  229 MB/s     10s[K[?25h[?2026l[?2026h[?25l[A[1Gpulling manifest [K
pulling e796792eba26:  86% ▕███████████████   ▏  15 GB/ 17 GB  229 MB/s     10s[K[?25h[?2026l[?2026h[?25l[A[1Gpulling manifest [K
pulling e796792eba26:  87% ▕███████████████   ▏  15 GB/ 17 GB  233 MB/s      9s[K[?25h[?2026l[?2026h[?25l[A[1Gpulling manifest [K
pulling e796792eba26:  87% ▕███████████████   ▏  15 GB/ 17 GB  233 MB/s      9s[K[?25h[?2026l[?2026h[?25l[A[1Gpulling manifest [K
pulling e796792eba26:  87% ▕███████████████   ▏  15 GB/ 17 GB  233 MB/s      9s[K[?25h[?2026l[?2026h[?25l[A[1Gpulling manifest [K
pulling e796792eba26:  87% ▕███████████████   ▏  15 GB/ 17 GB  233 MB/s      9s[K[?25h[?2026l[?2026h[?25l[A[1Gpulling manifest [K
pulling e796792eba26:  87% ▕███████████████   ▏  15 GB/ 17 GB  233 MB/s      9s[K[?25h[?2026l[?2026h[?25l[A[1Gpulling manifest [K
pulling e796792eba26:  88% ▕███████████████   ▏  15 GB/ 17 GB  233 MB/s      9s[K[?25h[?2026l[?2026h[?25l[A[1Gpulling manifest [K
pulling e796792eba26:  88% ▕███████████████   ▏  15 GB/ 17 GB  233 MB/s      9s[K[?25h[?2026l[?2026h[?25l[A[1Gpulling manifest [K
pulling e796792eba26:  88% ▕███████████████   ▏  15 GB/ 17 GB  233 MB/s      8s[K[?25h[?2026l[?2026h[?25l[A[1Gpulling manifest [K
pulling e796792eba26:  88% ▕███████████████   ▏  15 GB/ 17 GB  233 MB/s      8s[K[?25h[?2026l[?2026h[?25l[A[1Gpulling manifest [K
pulling e796792eba26:  88% ▕███████████████   ▏  15 GB/ 17 GB  233 MB/s      8s[K[?25h[?2026l[?2026h[?25l[A[1Gpulling manifest [K
pulling e796792eba26:  88% ▕███████████████   ▏  15 GB/ 17 GB  243 MB/s      8s[K[?25h[?2026l[?2026h[?25l[A[1Gpulling manifest [K
pulling e796792eba26:  89% ▕███████████████   ▏  15 GB/ 17 GB  243 MB/s      8s[K[?25h[?2026l[?2026h[?25l[A[1Gpulling manifest [K
pulling e796792eba26:  89% ▕███████████████   ▏  15 GB/ 17 GB  243 MB/s      7s[K[?25h[?2026l[?2026h[?25l[A[1Gpulling manifest [K
pulling e796792eba26:  89% ▕████████████████  ▏  15 GB/ 17 GB  243 MB/s      7s[K[?25h[?2026l[?2026h[?25l[A[1Gpulling manifest [K
pulling e796792eba26:  89% ▕████████████████  ▏  15 GB/ 17 GB  243 MB/s      7s[K[?25h[?2026l[?2026h[?25l[A[1Gpulling manifest [K
pulling e796792eba26:  89% ▕████████████████  ▏  15 GB/ 17 GB  243 MB/s      7s[K[?25h[?2026l[?2026h[?25l[A[1Gpulling manifest [K
pulling e796792eba26:  90% ▕████████████████  ▏  15 GB/ 17 GB  243 MB/s      7s[K[?25h[?2026l[?2026h[?25l[A[1Gpulling manifest [K
pulling e796792eba26:  90% ▕████████████████  ▏  15 GB/ 17 GB  243 MB/s      7s[K[?25h[?2026l[?2026h[?25l[A[1Gpulling manifest [K
pulling e796792eba26:  90% ▕████████████████  ▏  15 GB/ 17 GB  243 MB/s      7s[K[?25h[?2026l[?2026h[?25l[A[1Gpulling manifest [K
pulling e796792eba26:  90% ▕████████████████  ▏  15 GB/ 17 GB  243 MB/s      6s[K[?25h[?2026l[?2026h[?25l[A[1Gpulling manifest [K
pulling e796792eba26:  91% ▕████████████████  ▏  15 GB/ 17 GB  255 MB/s      6s[K[?25h[?2026l[?2026h[?25l[A[1Gpulling manifest [K
pulling e796792eba26:  91% ▕████████████████  ▏  15 GB/ 17 GB  255 MB/s      6s[K[?25h[?2026l[?2026h[?25l[A[1Gpulling manifest [K
pulling e796792eba26:  91% ▕████████████████  ▏  15 GB/ 17 GB  255 MB/s      6s[K[?25h[?2026l[?2026h[?25l[A[1Gpulling manifest [K
pulling e796792eba26:  91% ▕████████████████  ▏  15 GB/ 17 GB  255 MB/s      6s[K[?25h[?2026l[?2026h[?25l[A[1Gpulling manifest [K
pulling e796792eba26:  91% ▕████████████████  ▏  15 GB/ 17 GB  255 MB/s      5s[K[?25h[?2026l[?2026h[?25l[A[1Gpulling manifest [K
pulling e796792eba26:  92% ▕████████████████  ▏  15 GB/ 17 GB  255 MB/s      5s[K[?25h[?2026l[?2026h[?25l[A[1Gpulling manifest [K
pulling e796792eba26:  92% ▕████████████████  ▏  16 GB/ 17 GB  255 MB/s      5s[K[?25h[?2026l[?2026h[?25l[A[1Gpulling manifest [K
pulling e796792eba26:  92% ▕████████████████  ▏  16 GB/ 17 GB  255 MB/s      5s[K[?25h[?2026l[?2026h[?25l[A[1Gpulling manifest [K
pulling e796792eba26:  92% ▕████████████████  ▏  16 GB/ 17 GB  255 MB/s      5s[K[?25h[?2026l[?2026h[?25l[A[1Gpulling manifest [K
pulling e796792eba26:  93% ▕████████████████  ▏  16 GB/ 17 GB  255 MB/s      5s[K[?25h[?2026l[?2026h[?25l[A[1Gpulling manifest [K
pulling e796792eba26:  93% ▕████████████████  ▏  16 GB/ 17 GB  274 MB/s      4s[K[?25h[?2026l[?2026h[?25l[A[1Gpulling manifest [K
pulling e796792eba26:  93% ▕████████████████  ▏  16 GB/ 17 GB  274 MB/s      4s[K[?25h[?2026l[?2026h[?25l[A[1Gpulling manifest [K
pulling e796792eba26:  93% ▕████████████████  ▏  16 GB/ 17 GB  274 MB/s      4s[K[?25h[?2026l[?2026h[?25l[A[1Gpulling manifest [K
pulling e796792eba26:  93% ▕████████████████  ▏  16 GB/ 17 GB  274 MB/s      4s[K[?25h[?2026l[?2026h[?25l[A[1Gpulling manifest [K
pulling e796792eba26:  94% ▕████████████████  ▏  16 GB/ 17 GB  274 MB/s      4s[K[?25h[?2026l[?2026h[?25l[A[1Gpulling manifest [K
pulling e796792eba26:  94% ▕████████████████  ▏  16 GB/ 17 GB  274 MB/s      3s[K[?25h[?2026l[?2026h[?25l[A[1Gpulling manifest [K
pulling e796792eba26:  94% ▕████████████████  ▏  16 GB/ 17 GB  274 MB/s      3s[K[?25h[?2026l[?2026h[?25l[A[1Gpulling manifest [K
pulling e796792eba26:  94% ▕████████████████  ▏  16 GB/ 17 GB  274 MB/s      3s[K[?25h[?2026l[?2026h[?25l[A[1Gpulling manifest [K
pulling e796792eba26:  94% ▕█████████████████ ▏  16 GB/ 17 GB  274 MB/s      3s[K[?25h[?2026l[?2026h[?25l[A[1Gpulling manifest [K
pulling e796792eba26:  95% ▕█████████████████ ▏  16 GB/ 17 GB  274 MB/s      3s[K[?25h[?2026l[?2026h[?25l[A[1Gpulling manifest [K
pulling e796792eba26:  95% ▕█████████████████ ▏  16 GB/ 17 GB  274 MB/s      3s[K[?25h[?2026l[?2026h[?25l[A[1Gpulling manifest [K
pulling e796792eba26:  95% ▕█████████████████ ▏  16 GB/ 17 GB  287 MB/s      3s[K[?25h[?2026l[?2026h[?25l[A[1Gpulling manifest [K
pulling e796792eba26:  95% ▕█████████████████ ▏  16 GB/ 17 GB  287 MB/s      3s[K[?25h[?2026l[?2026h[?25l[A[1Gpulling manifest [K
pulling e796792eba26:  95% ▕█████████████████ ▏  16 GB/ 17 GB  287 MB/s      3s[K[?25h[?2026l[?2026h[?25l[A[1Gpulling manifest [K
pulling e796792eba26:  95% ▕█████████████████ ▏  16 GB/ 17 GB  287 MB/s      2s[K[?25h[?2026l[?2026h[?25l[A[1Gpulling manifest [K
pulling e796792eba26:  95% ▕█████████████████ ▏  16 GB/ 17 GB  287 MB/s      2s[K[?25h[?2026l[?2026h[?25l[A[1Gpulling manifest [K
pulling e796792eba26:  95% ▕█████████████████ ▏  16 GB/ 17 GB  287 MB/s      2s[K[?25h[?2026l[?2026h[?25l[A[1Gpulling manifest [K
pulling e796792eba26:  95% ▕█████████████████ ▏  16 GB/ 17 GB  287 MB/s      2s[K[?25h[?2026l[?2026h[?25l[A[1Gpulling manifest [K
pulling e796792eba26:  96% ▕█████████████████ ▏  16 GB/ 17 GB  287 MB/s      2s[K[?25h[?2026l[?2026h[?25l[A[1Gpulling manifest [K
pulling e796792eba26:  96% ▕█████████████████ ▏  16 GB/ 17 GB  287 MB/s      2s[K[?25h[?2026l[?2026h[?25l[A[1Gpulling manifest [K
pulling e796792eba26:  96% ▕█████████████████ ▏  16 GB/ 17 GB  287 MB/s      2s[K[?25h[?2026l[?2026h[?25l[A[1Gpulling manifest [K
pulling e796792eba26:  96% ▕█████████████████ ▏  16 GB/ 17 GB  283 MB/s      2s[K[?25h[?2026l[?2026h[?25l[A[1Gpulling manifest [K
pulling e796792eba26:  96% ▕█████████████████ ▏  16 GB/ 17 GB  283 MB/s      2s[K[?25h[?2026l[?2026h[?25l[A[1Gpulling manifest [K
pulling e796792eba26:  96% ▕█████████████████ ▏  16 GB/ 17 GB  283 MB/s      2s[K[?25h[?2026l[?2026h[?25l[A[1Gpulling manifest [K
pulling e796792eba26:  96% ▕█████████████████ ▏  16 GB/ 17 GB  283 MB/s      2s[K[?25h[?2026l[?2026h[?25l[A[1Gpulling manifest [K
pulling e796792eba26:  96% ▕█████████████████ ▏  16 GB/ 17 GB  283 MB/s      2s[K[?25h[?2026l[?2026h[?25l[A[1Gpulling manifest [K
pulling e796792eba26:  96% ▕█████████████████ ▏  16 GB/ 17 GB  283 MB/s      2s[K[?25h[?2026l[?2026h[?25l[A[1Gpulling manifest [K
pulling e796792eba26:  96% ▕█████████████████ ▏  16 GB/ 17 GB  283 MB/s      2s[K[?25h[?2026l[?2026h[?25l[A[1Gpulling manifest [K
pulling e796792eba26:  96% ▕█████████████████ ▏  16 GB/ 17 GB  283 MB/s      2s[K[?25h[?2026l[?2026h[?25l[A[1Gpulling manifest [K
pulling e796792eba26:  96% ▕█████████████████ ▏  16 GB/ 17 GB  283 MB/s      2s[K[?25h[?2026l[?2026h[?25l[A[1Gpulling manifest [K
pulling e796792eba26:  97% ▕█████████████████ ▏  16 GB/ 17 GB  283 MB/s      2s[K[?25h[?2026l[?2026h[?25l[A[1Gpulling manifest [K
pulling e796792eba26:  97% ▕█████████████████ ▏  16 GB/ 17 GB  275 MB/s      2s[K[?25h[?2026l[?2026h[?25l[A[1Gpulling manifest [K
pulling e796792eba26:  97% ▕█████████████████ ▏  16 GB/ 17 GB  275 MB/s      2s[K[?25h[?2026l[?2026h[?25l[A[1Gpulling manifest [K
pulling e796792eba26:  97% ▕█████████████████ ▏  16 GB/ 17 GB  275 MB/s      2s[K[?25h[?2026l[?2026h[?25l[A[1Gpulling manifest [K
pulling e796792eba26:  97% ▕█████████████████ ▏  16 GB/ 17 GB  275 MB/s      2s[K[?25h[?2026l[?2026h[?25l[A[1Gpulling manifest [K
pulling e796792eba26:  97% ▕█████████████████ ▏  16 GB/ 17 GB  275 MB/s      2s[K[?25h[?2026l[?2026h[?25l[A[1Gpulling manifest [K
pulling e796792eba26:  97% ▕█████████████████ ▏  16 GB/ 17 GB  275 MB/s      2s[K[?25h[?2026l[?2026h[?25l[A[1Gpulling manifest [K
pulling e796792eba26:  97% ▕█████████████████ ▏  16 GB/ 17 GB  275 MB/s      1s[K[?25h[?2026l[?2026h[?25l[A[1Gpulling manifest [K
pulling e796792eba26:  97% ▕█████████████████ ▏  16 GB/ 17 GB  275 MB/s      1s[K[?25h[?2026l[?2026h[?25l[A[1Gpulling manifest [K
pulling e796792eba26:  97% ▕█████████████████ ▏  16 GB/ 17 GB  275 MB/s      1s[K[?25h[?2026l[?2026h[?25l[A[1Gpulling manifest [K
pulling e796792eba26:  97% ▕█████████████████ ▏  16 GB/ 17 GB  275 MB/s      1s[K[?25h[?2026l[?2026h[?25l[A[1Gpulling manifest [K
pulling e796792eba26:  97% ▕█████████████████ ▏  16 GB/ 17 GB  262 MB/s      1s[K[?25h[?2026l[?2026h[?25l[A[1Gpulling manifest [K
pulling e796792eba26:  97% ▕█████████████████ ▏  16 GB/ 17 GB  262 MB/s      1s[K[?25h[?2026l[?2026h[?25l[A[1Gpulling manifest [K
pulling e796792eba26:  97% ▕█████████████████ ▏  16 GB/ 17 GB  262 MB/s      1s[K[?25h[?2026l[?2026h[?25l[A[1Gpulling manifest [K
pulling e796792eba26:  97% ▕█████████████████ ▏  16 GB/ 17 GB  262 MB/s      1s[K[?25h[?2026l[?2026h[?25l[A[1Gpulling manifest [K
pulling e796792eba26:  97% ▕█████████████████ ▏  16 GB/ 17 GB  262 MB/s      1s[K[?25h[?2026l[?2026h[?25l[A[1Gpulling manifest [K
pulling e796792eba26:  97% ▕█████████████████ ▏  16 GB/ 17 GB  262 MB/s      1s[K[?25h[?2026l[?2026h[?25l[A[1Gpulling manifest [K
pulling e796792eba26:  97% ▕█████████████████ ▏  16 GB/ 17 GB  262 MB/s      1s[K[?25h[?2026l[?2026h[?25l[A[1Gpulling manifest [K
pulling e796792eba26:  98% ▕█████████████████ ▏  16 GB/ 17 GB  262 MB/s      1s[K[?25h[?2026l[?2026h[?25l[A[1Gpulling manifest [K
pulling e796792eba26:  98% ▕█████████████████ ▏  16 GB/ 17 GB  262 MB/s      1s[K[?25h[?2026l[?2026h[?25l[A[1Gpulling manifest [K
pulling e796792eba26:  98% ▕█████████████████ ▏  16 GB/ 17 GB  262 MB/s      1s[K[?25h[?2026l[?2026h[?25l[A[1Gpulling manifest [K
pulling e796792eba26:  98% ▕█████████████████ ▏  17 GB/ 17 GB  249 MB/s      1s[K[?25h[?2026l[?2026h[?25l[A[1Gpulling manifest [K
pulling e796792eba26:  98% ▕█████████████████ ▏  17 GB/ 17 GB  249 MB/s      1s[K[?25h[?2026l[?2026h[?25l[A[1Gpulling manifest [K
pulling e796792eba26:  98% ▕█████████████████ ▏  17 GB/ 17 GB  249 MB/s      1s[K[?25h[?2026l[?2026h[?25l[A[1Gpulling manifest [K
pulling e796792eba26:  98% ▕█████████████████ ▏  17 GB/ 17 GB  249 MB/s      1s[K[?25h[?2026l[?2026h[?25l[A[1Gpulling manifest [K
pulling e796792eba26:  98% ▕█████████████████ ▏  17 GB/ 17 GB  249 MB/s      1s[K[?25h[?2026l[?2026h[?25l[A[1Gpulling manifest [K
pulling e796792eba26:  98% ▕█████████████████ ▏  17 GB/ 17 GB  249 MB/s      1s[K[?25h[?2026l[?2026h[?25l[A[1Gpulling manifest [K
pulling e796792eba26:  98% ▕█████████████████ ▏  17 GB/ 17 GB  249 MB/s      1s[K[?25h[?2026l[?2026h[?25l[A[1Gpulling manifest [K
pulling e796792eba26:  98% ▕█████████████████ ▏  17 GB/ 17 GB  249 MB/s      1s[K[?25h[?2026l[?2026h[?25l[A[1Gpulling manifest [K
pulling e796792eba26:  98% ▕█████████████████ ▏  17 GB/ 17 GB  249 MB/s      1s[K[?25h[?2026l[?2026h[?25l[A[1Gpulling manifest [K
pulling e796792eba26:  98% ▕█████████████████ ▏  17 GB/ 17 GB  249 MB/s      1s[K[?25h[?2026l[?2026h[?25l[A[1Gpulling manifest [K
pulling e796792eba26:  98% ▕█████████████████ ▏  17 GB/ 17 GB  249 MB/s      1s[K[?25h[?2026l[?2026h[?25l[A[1Gpulling manifest [K
pulling e796792eba26:  98% ▕█████████████████ ▏  17 GB/ 17 GB  227 MB/s      1s[K[?25h[?2026l[?2026h[?25l[A[1Gpulling manifest [K
pulling e796792eba26:  98% ▕█████████████████ ▏  17 GB/ 17 GB  227 MB/s      1s[K[?25h[?2026l[?2026h[?25l[A[1Gpulling manifest [K
pulling e796792eba26:  98% ▕█████████████████ ▏  17 GB/ 17 GB  227 MB/s      1s[K[?25h[?2026l[?2026h[?25l[A[1Gpulling manifest [K
pulling e796792eba26:  99% ▕█████████████████ ▏  17 GB/ 17 GB  227 MB/s      1s[K[?25h[?2026l[?2026h[?25l[A[1Gpulling manifest [K
pulling e796792eba26:  99% ▕█████████████████ ▏  17 GB/ 17 GB  227 MB/s      1s[K[?25h[?2026l[?2026h[?25l[A[1Gpulling manifest [K
pulling e796792eba26:  99% ▕█████████████████ ▏  17 GB/ 17 GB  227 MB/s      1s[K[?25h[?2026l[?2026h[?25l[A[1Gpulling manifest [K
pulling e796792eba26:  99% ▕█████████████████ ▏  17 GB/ 17 GB  227 MB/s      0s[K[?25h[?2026l[?2026h[?25l[A[1Gpulling manifest [K
pulling e796792eba26:  99% ▕█████████████████ ▏  17 GB/ 17 GB  227 MB/s      0s[K[?25h[?2026l[?2026h[?25l[A[1Gpulling manifest [K
pulling e796792eba26:  99% ▕█████████████████ ▏  17 GB/ 17 GB  227 MB/s      0s[K[?25h[?2026l[?2026h[?25l[A[1Gpulling manifest [K
pulling e796792eba26:  99% ▕█████████████████ ▏  17 GB/ 17 GB  227 MB/s      0s[K[?25h[?2026l[?2026h[?25l[A[1Gpulling manifest [K
pulling e796792eba26:  99% ▕█████████████████ ▏  17 GB/ 17 GB  202 MB/s      0s[K[?25h[?2026l[?2026h[?25l[A[1Gpulling manifest [K
pulling e796792eba26:  99% ▕█████████████████ ▏  17 GB/ 17 GB  202 MB/s      0s[K[?25h[?2026l[?2026h[?25l[A[1Gpulling manifest [K
pulling e796792eba26:  99% ▕█████████████████ ▏  17 GB/ 17 GB  202 MB/s      0s[K[?25h[?2026l[?2026h[?25l[A[1Gpulling manifest [K
pulling e796792eba26:  99% ▕█████████████████ ▏  17 GB/ 17 GB  202 MB/s      0s[K[?25h[?2026l[?2026h[?25l[A[1Gpulling manifest [K
pulling e796792eba26:  99% ▕█████████████████ ▏  17 GB/ 17 GB  202 MB/s      0s[K[?25h[?2026l[?2026h[?25l[A[1Gpulling manifest [K
pulling e796792eba26:  99% ▕█████████████████ ▏  17 GB/ 17 GB  202 MB/s      0s[K[?25h[?2026l[?2026h[?25l[A[1Gpulling manifest [K
pulling e796792eba26:  99% ▕█████████████████ ▏  17 GB/ 17 GB  202 MB/s      0s[K[?25h[?2026l[?2026h[?25l[A[1Gpulling manifest [K
pulling e796792eba26:  99% ▕█████████████████ ▏  17 GB/ 17 GB  202 MB/s      0s[K[?25h[?2026l[?2026h[?25l[A[1Gpulling manifest [K
pulling e796792eba26:  99% ▕█████████████████ ▏  17 GB/ 17 GB  202 MB/s      0s[K[?25h[?2026l[?2026h[?25l[A[1Gpulling manifest [K
pulling e796792eba26: 100% ▕█████████████████ ▏  17 GB/ 17 GB  202 MB/s      0s[K[?25h[?2026l[?2026h[?25l[A[1Gpulling manifest [K
pulling e796792eba26: 100% ▕█████████████████ ▏  17 GB/ 17 GB  174 MB/s      0s[K[?25h[?2026l[?2026h[?25l[A[1Gpulling manifest [K
pulling e796792eba26: 100% ▕█████████████████ ▏  17 GB/ 17 GB  174 MB/s      0s[K[?25h[?2026l[?2026h[?25l[A[1Gpulling manifest [K
pulling e796792eba26: 100% ▕█████████████████ ▏  17 GB/ 17 GB  174 MB/s      0s[K[?25h[?2026l[?2026h[?25l[A[1Gpulling manifest [K
pulling e796792eba26: 100% ▕█████████████████ ▏  17 GB/ 17 GB  174 MB/s      0s[K[?25h[?2026l[?2026h[?25l[A[1Gpulling manifest [K
pulling e796792eba26: 100% ▕█████████████████ ▏  17 GB/ 17 GB  174 MB/s      0s[K[?25h[?2026l[?2026h[?25l[A[1Gpulling manifest [K
pulling e796792eba26: 100% ▕█████████████████ ▏  17 GB/ 17 GB  174 MB/s      0s[K[?25h[?2026l[?2026h[?25l[A[1Gpulling manifest [K
pulling e796792eba26: 100% ▕█████████████████ ▏  17 GB/ 17 GB  174 MB/s      0s[K[?25h[?2026l[?2026h[?25l[A[1Gpulling manifest [K
pulling e796792eba26: 100% ▕██████████████████▏  17 GB                         [K[?25h[?2026l[?2026h[?25l[A[1Gpulling manifest [K
pulling e796792eba26: 100% ▕██████████████████▏  17 GB                         [K[?25h[?2026l[?2026h[?25l[A[1Gpulling manifest [K
pulling e796792eba26: 100% ▕██████████████████▏  17 GB                         [K[?25h[?2026l[?2026h[?25l[A[1Gpulling manifest [K
pulling e796792eba26: 100% ▕██████████████████▏  17 GB                         [K[?25h[?2026l[?2026h[?25l[A[1Gpulling manifest [K
pulling e796792eba26: 100% ▕██████████████████▏  17 GB                         [K[?25h[?2026l[?2026h[?25l[A[1Gpulling manifest [K
pulling e796792eba26: 100% ▕██████████████████▏  17 GB                         [K[?25h[?2026l[?2026h[?25l[A[1Gpulling manifest [K
pulling e796792eba26: 100% ▕██████████████████▏  17 GB                         [K[?25h[?2026l[?2026h[?25l[A[1Gpulling manifest [K
pulling e796792eba26: 100% ▕██████████████████▏  17 GB                         [K
pulling e0a42594d802: 100% ▕██████████████████▏  358 B                         [K
pulling dd084c7d92a3: 100% ▕██████████████████▏ 8.4 KB                         [K
pulling 3116c5225075: 100% ▕██████████████████▏   77 B                         [K[?25h[?2026l[?2026h[?25l[A[A[A[A[1Gpulling manifest [K
pulling e796792eba26: 100% ▕██████████████████▏  17 GB                         [K
pulling e0a42594d802: 100% ▕██████████████████▏  358 B                         [K
pulling dd084c7d92a3: 100% ▕██████████████████▏ 8.4 KB                         [K
pulling 3116c5225075: 100% ▕██████████████████▏   77 B                         [K[?25h[?2026l[?2026h[?25l[A[A[A[A[1Gpulling manifest [K
pulling e796792eba26: 100% ▕██████████████████▏  17 GB                         [K
pulling e0a42594d802: 100% ▕██████████████████▏  358 B                         [K
pulling dd084c7d92a3: 100% ▕██████████████████▏ 8.4 KB                         [K
pulling 3116c5225075: 100% ▕██████████████████▏   77 B                         [K
pulling f838f048d368: 100% ▕██████████████████▏  490 B                         [K[?25h[?2026l[?2026h[?25l[A[A[A[A[A[1Gpulling manifest [K
pulling e796792eba26: 100% ▕██████████████████▏  17 GB                         [K
pulling e0a42594d802: 100% ▕██████████████████▏  358 B                         [K
pulling dd084c7d92a3: 100% ▕██████████████████▏ 8.4 KB                         [K
pulling 3116c5225075: 100% ▕██████████████████▏   77 B                         [K
pulling f838f048d368: 100% ▕██████████████████▏  490 B                         [K[?25h[?2026l[?2026h[?25l[A[A[A[A[A[1Gpulling manifest [K
pulling e796792eba26: 100% ▕██████████████████▏  17 GB                         [K
pulling e0a42594d802: 100% ▕██████████████████▏  358 B                         [K
pulling dd084c7d92a3: 100% ▕██████████████████▏ 8.4 KB                         [K
pulling 3116c5225075: 100% ▕██████████████████▏   77 B                         [K
pulling f838f048d368: 100% ▕██████████████████▏  490 B                         [K[?25h[?2026l[?2026h[?25l[A[A[A[A[A[1Gpulling manifest [K
pulling e796792eba26: 100% ▕██████████████████▏  17 GB                         [K
pulling e0a42594d802: 100% ▕██████████████████▏  358 B                         [K
pulling dd084c7d92a3: 100% ▕██████████████████▏ 8.4 KB                         [K
pulling 3116c5225075: 100% ▕██████████████████▏   77 B                         [K
pulling f838f048d368: 100% ▕██████████████████▏  490 B                         [K[?25h[?2026l[?2026h[?25l[A[A[A[A[A[1Gpulling manifest [K
pulling e796792eba26: 100% ▕██████████████████▏  17 GB                         [K
pulling e0a42594d802: 100% ▕██████████████████▏  358 B                         [K
pulling dd084c7d92a3: 100% ▕██████████████████▏ 8.4 KB                         [K
pulling 3116c5225075: 100% ▕██████████████████▏   77 B                         [K
pulling f838f048d368: 100% ▕██████████████████▏  490 B                         [K[?25h[?2026l[?2026h[?25l[A[A[A[A[A[1Gpulling manifest [K
pulling e796792eba26: 100% ▕██████████████████▏  17 GB                         [K
pulling e0a42594d802: 100% ▕██████████████████▏  358 B                         [K
pulling dd084c7d92a3: 100% ▕██████████████████▏ 8.4 KB                         [K
pulling 3116c5225075: 100% ▕██████████████████▏   77 B                         [K
pulling f838f048d368: 100% ▕██████████████████▏  490 B                         [K[?25h[?2026l[?2026h[?25l[A[A[A[A[A[1Gpulling manifest [K
pulling e796792eba26: 100% ▕██████████████████▏  17 GB                         [K
pulling e0a42594d802: 100% ▕██████████████████▏  358 B                         [K
pulling dd084c7d92a3: 100% ▕██████████████████▏ 8.4 KB                         [K
pulling 3116c5225075: 100% ▕██████████████████▏   77 B                         [K
pulling f838f048d368: 100% ▕██████████████████▏  490 B                         [K[?25h[?2026l[?2026h[?25l[A[A[A[A[A[1Gpulling manifest [K
pulling e796792eba26: 100% ▕██████████████████▏  17 GB                         [K
pulling e0a42594d802: 100% ▕██████████████████▏  358 B                         [K
pulling dd084c7d92a3: 100% ▕██████████████████▏ 8.4 KB                         [K
pulling 3116c5225075: 100% ▕██████████████████▏   77 B                         [K
pulling f838f048d368: 100% ▕██████████████████▏  490 B                         [K[?25h[?2026l[?2026h[?25l[A[A[A[A[A[1Gpulling manifest [K
pulling e796792eba26: 100% ▕██████████████████▏  17 GB                         [K
pulling e0a42594d802: 100% ▕██████████████████▏  358 B                         [K
pulling dd084c7d92a3: 100% ▕██████████████████▏ 8.4 KB                         [K
pulling 3116c5225075: 100% ▕██████████████████▏   77 B                         [K
pulling f838f048d368: 100% ▕██████████████████▏  490 B                         [K[?25h[?2026l[?2026h[?25l[A[A[A[A[A[1Gpulling manifest [K
pulling e796792eba26: 100% ▕██████████████████▏  17 GB                         [K
pulling e0a42594d802: 100% ▕██████████████████▏  358 B                         [K
pulling dd084c7d92a3: 100% ▕██████████████████▏ 8.4 KB                         [K
pulling 3116c5225075: 100% ▕██████████████████▏   77 B                         [K
pulling f838f048d368: 100% ▕██████████████████▏  490 B                         [K
verifying sha256 digest ⠋ [K[?25h[?2026l[?2026h[?25l[A[A[A[A[A[A[1Gpulling manifest [K
pulling e796792eba26: 100% ▕██████████████████▏  17 GB                         [K
pulling e0a42594d802: 100% ▕██████████████████▏  358 B                         [K
pulling dd084c7d92a3: 100% ▕██████████████████▏ 8.4 KB                         [K
pulling 3116c5225075: 100% ▕██████████████████▏   77 B                         [K
pulling f838f048d368: 100% ▕██████████████████▏  490 B                         [K
verifying sha256 digest ⠙ [K[?25h[?2026l[?2026h[?25l[A[A[A[A[A[A[1Gpulling manifest [K
pulling e796792eba26: 100% ▕██████████████████▏  17 GB                         [K
pulling e0a42594d802: 100% ▕██████████████████▏  358 B                         [K
pulling dd084c7d92a3: 100% ▕██████████████████▏ 8.4 KB                         [K
pulling 3116c5225075: 100% ▕██████████████████▏   77 B                         [K
pulling f838f048d368: 100% ▕██████████████████▏  490 B                         [K
verifying sha256 digest ⠹ [K[?25h[?2026l[?2026h[?25l[A[A[A[A[A[A[1Gpulling manifest [K
pulling e796792eba26: 100% ▕██████████████████▏  17 GB                         [K
pulling e0a42594d802: 100% ▕██████████████████▏  358 B                         [K
pulling dd084c7d92a3: 100% ▕██████████████████▏ 8.4 KB                         [K
pulling 3116c5225075: 100% ▕██████████████████▏   77 B                         [K
pulling f838f048d368: 100% ▕██████████████████▏  490 B                         [K
verifying sha256 digest ⠸ [K[?25h[?2026l[?2026h[?25l[A[A[A[A[A[A[1Gpulling manifest [K
pulling e796792eba26: 100% ▕██████████████████▏  17 GB                         [K
pulling e0a42594d802: 100% ▕██████████████████▏  358 B                         [K
pulling dd084c7d92a3: 100% ▕██████████████████▏ 8.4 KB                         [K
pulling 3116c5225075: 100% ▕██████████████████▏   77 B                         [K
pulling f838f048d368: 100% ▕██████████████████▏  490 B                         [K
verifying sha256 digest ⠼ [K[?25h[?2026l[?2026h[?25l[A[A[A[A[A[A[1Gpulling manifest [K
pulling e796792eba26: 100% ▕██████████████████▏  17 GB                         [K
pulling e0a42594d802: 100% ▕██████████████████▏  358 B                         [K
pulling dd084c7d92a3: 100% ▕██████████████████▏ 8.4 KB                         [K
pulling 3116c5225075: 100% ▕██████████████████▏   77 B                         [K
pulling f838f048d368: 100% ▕██████████████████▏  490 B                         [K
verifying sha256 digest ⠴ [K[?25h[?2026l[?2026h[?25l[A[A[A[A[A[A[1Gpulling manifest [K
pulling e796792eba26: 100% ▕██████████████████▏  17 GB                         [K
pulling e0a42594d802: 100% ▕██████████████████▏  358 B                         [K
pulling dd084c7d92a3: 100% ▕██████████████████▏ 8.4 KB                         [K
pulling 3116c5225075: 100% ▕██████████████████▏   77 B                         [K
pulling f838f048d368: 100% ▕██████████████████▏  490 B                         [K
verifying sha256 digest ⠦ [K[?25h[?2026l[?2026h[?25l[A[A[A[A[A[A[1Gpulling manifest [K
pulling e796792eba26: 100% ▕██████████████████▏  17 GB                         [K
pulling e0a42594d802: 100% ▕██████████████████▏  358 B                         [K
pulling dd084c7d92a3: 100% ▕██████████████████▏ 8.4 KB                         [K
pulling 3116c5225075: 100% ▕██████████████████▏   77 B                         [K
pulling f838f048d368: 100% ▕██████████████████▏  490 B                         [K
verifying sha256 digest ⠧ [K[?25h[?2026l[?2026h[?25l[A[A[A[A[A[A[1Gpulling manifest [K
pulling e796792eba26: 100% ▕██████████████████▏  17 GB                         [K
pulling e0a42594d802: 100% ▕██████████████████▏  358 B                         [K
pulling dd084c7d92a3: 100% ▕██████████████████▏ 8.4 KB                         [K
pulling 3116c5225075: 100% ▕██████████████████▏   77 B                         [K
pulling f838f048d368: 100% ▕██████████████████▏  490 B                         [K
verifying sha256 digest ⠇ [K[?25h[?2026l[?2026h[?25l[A[A[A[A[A[A[1Gpulling manifest [K
pulling e796792eba26: 100% ▕██████████████████▏  17 GB                         [K
pulling e0a42594d802: 100% ▕██████████████████▏  358 B                         [K
pulling dd084c7d92a3: 100% ▕██████████████████▏ 8.4 KB                         [K
pulling 3116c5225075: 100% ▕██████████████████▏   77 B                         [K
pulling f838f048d368: 100% ▕██████████████████▏  490 B                         [K
verifying sha256 digest ⠏ [K[?25h[?2026l[?2026h[?25l[A[A[A[A[A[A[1Gpulling manifest [K
pulling e796792eba26: 100% ▕██████████████████▏  17 GB                         [K
pulling e0a42594d802: 100% ▕██████████████████▏  358 B                         [K
pulling dd084c7d92a3: 100% ▕██████████████████▏ 8.4 KB                         [K
pulling 3116c5225075: 100% ▕██████████████████▏   77 B                         [K
pulling f838f048d368: 100% ▕██████████████████▏  490 B                         [K
verifying sha256 digest ⠋ [K[?25h[?2026l[?2026h[?25l[A[A[A[A[A[A[1Gpulling manifest [K
pulling e796792eba26: 100% ▕██████████████████▏  17 GB                         [K
pulling e0a42594d802: 100% ▕██████████████████▏  358 B                         [K
pulling dd084c7d92a3: 100% ▕██████████████████▏ 8.4 KB                         [K
pulling 3116c5225075: 100% ▕██████████████████▏   77 B                         [K
pulling f838f048d368: 100% ▕██████████████████▏  490 B                         [K
verifying sha256 digest ⠙ [K[?25h[?2026l[?2026h[?25l[A[A[A[A[A[A[1Gpulling manifest [K
pulling e796792eba26: 100% ▕██████████████████▏  17 GB                         [K
pulling e0a42594d802: 100% ▕██████████████████▏  358 B                         [K
pulling dd084c7d92a3: 100% ▕██████████████████▏ 8.4 KB                         [K
pulling 3116c5225075: 100% ▕██████████████████▏   77 B                         [K
pulling f838f048d368: 100% ▕██████████████████▏  490 B                         [K
verifying sha256 digest ⠹ [K[?25h[?2026l[?2026h[?25l[A[A[A[A[A[A[1Gpulling manifest [K
pulling e796792eba26: 100% ▕██████████████████▏  17 GB                         [K
pulling e0a42594d802: 100% ▕██████████████████▏  358 B                         [K
pulling dd084c7d92a3: 100% ▕██████████████████▏ 8.4 KB                         [K
pulling 3116c5225075: 100% ▕██████████████████▏   77 B                         [K
pulling f838f048d368: 100% ▕██████████████████▏  490 B                         [K
verifying sha256 digest ⠸ [K[?25h[?2026l[?2026h[?25l[A[A[A[A[A[A[1Gpulling manifest [K
pulling e796792eba26: 100% ▕██████████████████▏  17 GB                         [K
pulling e0a42594d802: 100% ▕██████████████████▏  358 B                         [K
pulling dd084c7d92a3: 100% ▕██████████████████▏ 8.4 KB                         [K
pulling 3116c5225075: 100% ▕██████████████████▏   77 B                         [K
pulling f838f048d368: 100% ▕██████████████████▏  490 B                         [K
verifying sha256 digest ⠼ [K[?25h[?2026l[?2026h[?25l[A[A[A[A[A[A[1Gpulling manifest [K
pulling e796792eba26: 100% ▕██████████████████▏  17 GB                         [K
pulling e0a42594d802: 100% ▕██████████████████▏  358 B                         [K
pulling dd084c7d92a3: 100% ▕██████████████████▏ 8.4 KB                         [K
pulling 3116c5225075: 100% ▕██████████████████▏   77 B                         [K
pulling f838f048d368: 100% ▕██████████████████▏  490 B                         [K
verifying sha256 digest ⠴ [K[?25h[?2026l[?2026h[?25l[A[A[A[A[A[A[1Gpulling manifest [K
pulling e796792eba26: 100% ▕██████████████████▏  17 GB                         [K
pulling e0a42594d802: 100% ▕██████████████████▏  358 B                         [K
pulling dd084c7d92a3: 100% ▕██████████████████▏ 8.4 KB                         [K
pulling 3116c5225075: 100% ▕██████████████████▏   77 B                         [K
pulling f838f048d368: 100% ▕██████████████████▏  490 B                         [K
verifying sha256 digest ⠦ [K[?25h[?2026l[?2026h[?25l[A[A[A[A[A[A[1Gpulling manifest [K
pulling e796792eba26: 100% ▕██████████████████▏  17 GB                         [K
pulling e0a42594d802: 100% ▕██████████████████▏  358 B                         [K
pulling dd084c7d92a3: 100% ▕██████████████████▏ 8.4 KB                         [K
pulling 3116c5225075: 100% ▕██████████████████▏   77 B                         [K
pulling f838f048d368: 100% ▕██████████████████▏  490 B                         [K
verifying sha256 digest ⠧ [K[?25h[?2026l[?2026h[?25l[A[A[A[A[A[A[1Gpulling manifest [K
pulling e796792eba26: 100% ▕██████████████████▏  17 GB                         [K
pulling e0a42594d802: 100% ▕██████████████████▏  358 B                         [K
pulling dd084c7d92a3: 100% ▕██████████████████▏ 8.4 KB                         [K
pulling 3116c5225075: 100% ▕██████████████████▏   77 B                         [K
pulling f838f048d368: 100% ▕██████████████████▏  490 B                         [K
verifying sha256 digest ⠇ [K[?25h[?2026l[?2026h[?25l[A[A[A[A[A[A[1Gpulling manifest [K
pulling e796792eba26: 100% ▕██████████████████▏  17 GB                         [K
pulling e0a42594d802: 100% ▕██████████████████▏  358 B                         [K
pulling dd084c7d92a3: 100% ▕██████████████████▏ 8.4 KB                         [K
pulling 3116c5225075: 100% ▕██████████████████▏   77 B                         [K
pulling f838f048d368: 100% ▕██████████████████▏  490 B                         [K
verifying sha256 digest ⠏ [K[?25h[?2026l[?2026h[?25l[A[A[A[A[A[A[1Gpulling manifest [K
pulling e796792eba26: 100% ▕██████████████████▏  17 GB                         [K
pulling e0a42594d802: 100% ▕██████████████████▏  358 B                         [K
pulling dd084c7d92a3: 100% ▕██████████████████▏ 8.4 KB                         [K
pulling 3116c5225075: 100% ▕██████████████████▏   77 B                         [K
pulling f838f048d368: 100% ▕██████████████████▏  490 B                         [K
verifying sha256 digest ⠋ [K[?25h[?2026l[?2026h[?25l[A[A[A[A[A[A[1Gpulling manifest [K
pulling e796792eba26: 100% ▕██████████████████▏  17 GB                         [K
pulling e0a42594d802: 100% ▕██████████████████▏  358 B                         [K
pulling dd084c7d92a3: 100% ▕██████████████████▏ 8.4 KB                         [K
pulling 3116c5225075: 100% ▕██████████████████▏   77 B                         [K
pulling f838f048d368: 100% ▕██████████████████▏  490 B                         [K
verifying sha256 digest ⠙ [K[?25h[?2026l[?2026h[?25l[A[A[A[A[A[A[1Gpulling manifest [K
pulling e796792eba26: 100% ▕██████████████████▏  17 GB                         [K
pulling e0a42594d802: 100% ▕██████████████████▏  358 B                         [K
pulling dd084c7d92a3: 100% ▕██████████████████▏ 8.4 KB                         [K
pulling 3116c5225075: 100% ▕██████████████████▏   77 B                         [K
pulling f838f048d368: 100% ▕██████████████████▏  490 B                         [K
verifying sha256 digest ⠹ [K[?25h[?2026l[?2026h[?25l[A[A[A[A[A[A[1Gpulling manifest [K
pulling e796792eba26: 100% ▕██████████████████▏  17 GB                         [K
pulling e0a42594d802: 100% ▕██████████████████▏  358 B                         [K
pulling dd084c7d92a3: 100% ▕██████████████████▏ 8.4 KB                         [K
pulling 3116c5225075: 100% ▕██████████████████▏   77 B                         [K
pulling f838f048d368: 100% ▕██████████████████▏  490 B                         [K
verifying sha256 digest ⠸ [K[?25h[?2026l[?2026h[?25l[A[A[A[A[A[A[1Gpulling manifest [K
pulling e796792eba26: 100% ▕██████████████████▏  17 GB                         [K
pulling e0a42594d802: 100% ▕██████████████████▏  358 B                         [K
pulling dd084c7d92a3: 100% ▕██████████████████▏ 8.4 KB                         [K
pulling 3116c5225075: 100% ▕██████████████████▏   77 B                         [K
pulling f838f048d368: 100% ▕██████████████████▏  490 B                         [K
verifying sha256 digest ⠼ [K[?25h[?2026l[?2026h[?25l[A[A[A[A[A[A[1Gpulling manifest [K
pulling e796792eba26: 100% ▕██████████████████▏  17 GB                         [K
pulling e0a42594d802: 100% ▕██████████████████▏  358 B                         [K
pulling dd084c7d92a3: 100% ▕██████████████████▏ 8.4 KB                         [K
pulling 3116c5225075: 100% ▕██████████████████▏   77 B                         [K
pulling f838f048d368: 100% ▕██████████████████▏  490 B                         [K
verifying sha256 digest ⠴ [K[?25h[?2026l[?2026h[?25l[A[A[A[A[A[A[1Gpulling manifest [K
pulling e796792eba26: 100% ▕██████████████████▏  17 GB                         [K
pulling e0a42594d802: 100% ▕██████████████████▏  358 B                         [K
pulling dd084c7d92a3: 100% ▕██████████████████▏ 8.4 KB                         [K
pulling 3116c5225075: 100% ▕██████████████████▏   77 B                         [K
pulling f838f048d368: 100% ▕██████████████████▏  490 B                         [K
verifying sha256 digest ⠦ [K[?25h[?2026l[?2026h[?25l[A[A[A[A[A[A[1Gpulling manifest [K
pulling e796792eba26: 100% ▕██████████████████▏  17 GB                         [K
pulling e0a42594d802: 100% ▕██████████████████▏  358 B                         [K
pulling dd084c7d92a3: 100% ▕██████████████████▏ 8.4 KB                         [K
pulling 3116c5225075: 100% ▕██████████████████▏   77 B                         [K
pulling f838f048d368: 100% ▕██████████████████▏  490 B                         [K
verifying sha256 digest ⠧ [K[?25h[?2026l[?2026h[?25l[A[A[A[A[A[A[1Gpulling manifest [K
pulling e796792eba26: 100% ▕██████████████████▏  17 GB                         [K
pulling e0a42594d802: 100% ▕██████████████████▏  358 B                         [K
pulling dd084c7d92a3: 100% ▕██████████████████▏ 8.4 KB                         [K
pulling 3116c5225075: 100% ▕██████████████████▏   77 B                         [K
pulling f838f048d368: 100% ▕██████████████████▏  490 B                         [K
verifying sha256 digest ⠇ [K[?25h[?2026l[?2026h[?25l[A[A[A[A[A[A[1Gpulling manifest [K
pulling e796792eba26: 100% ▕██████████████████▏  17 GB                         [K
pulling e0a42594d802: 100% ▕██████████████████▏  358 B                         [K
pulling dd084c7d92a3: 100% ▕██████████████████▏ 8.4 KB                         [K
pulling 3116c5225075: 100% ▕██████████████████▏   77 B                         [K
pulling f838f048d368: 100% ▕██████████████████▏  490 B                         [K
verifying sha256 digest ⠏ [K[?25h[?2026l[?2026h[?25l[A[A[A[A[A[A[1Gpulling manifest [K
pulling e796792eba26: 100% ▕██████████████████▏  17 GB                         [K
pulling e0a42594d802: 100% ▕██████████████████▏  358 B                         [K
pulling dd084c7d92a3: 100% ▕██████████████████▏ 8.4 KB                         [K
pulling 3116c5225075: 100% ▕██████████████████▏   77 B                         [K
pulling f838f048d368: 100% ▕██████████████████▏  490 B                         [K
verifying sha256 digest ⠋ [K[?25h[?2026l[?2026h[?25l[A[A[A[A[A[A[1Gpulling manifest [K
pulling e796792eba26: 100% ▕██████████████████▏  17 GB                         [K
pulling e0a42594d802: 100% ▕██████████████████▏  358 B                         [K
pulling dd084c7d92a3: 100% ▕██████████████████▏ 8.4 KB                         [K
pulling 3116c5225075: 100% ▕██████████████████▏   77 B                         [K
pulling f838f048d368: 100% ▕██████████████████▏  490 B                         [K
verifying sha256 digest ⠙ [K[?25h[?2026l[?2026h[?25l[A[A[A[A[A[A[1Gpulling manifest [K
pulling e796792eba26: 100% ▕██████████████████▏  17 GB                         [K
pulling e0a42594d802: 100% ▕██████████████████▏  358 B                         [K
pulling dd084c7d92a3: 100% ▕██████████████████▏ 8.4 KB                         [K
pulling 3116c5225075: 100% ▕██████████████████▏   77 B                         [K
pulling f838f048d368: 100% ▕██████████████████▏  490 B                         [K
verifying sha256 digest ⠹ [K[?25h[?2026l[?2026h[?25l[A[A[A[A[A[A[1Gpulling manifest [K
pulling e796792eba26: 100% ▕██████████████████▏  17 GB                         [K
pulling e0a42594d802: 100% ▕██████████████████▏  358 B                         [K
pulling dd084c7d92a3: 100% ▕██████████████████▏ 8.4 KB                         [K
pulling 3116c5225075: 100% ▕██████████████████▏   77 B                         [K
pulling f838f048d368: 100% ▕██████████████████▏  490 B                         [K
verifying sha256 digest ⠸ [K[?25h[?2026l[?2026h[?25l[A[A[A[A[A[A[1Gpulling manifest [K
pulling e796792eba26: 100% ▕██████████████████▏  17 GB                         [K
pulling e0a42594d802: 100% ▕██████████████████▏  358 B                         [K
pulling dd084c7d92a3: 100% ▕██████████████████▏ 8.4 KB                         [K
pulling 3116c5225075: 100% ▕██████████████████▏   77 B                         [K
pulling f838f048d368: 100% ▕██████████████████▏  490 B                         [K
verifying sha256 digest ⠼ [K[?25h[?2026l[?2026h[?25l[A[A[A[A[A[A[1Gpulling manifest [K
pulling e796792eba26: 100% ▕██████████████████▏  17 GB                         [K
pulling e0a42594d802: 100% ▕██████████████████▏  358 B                         [K
pulling dd084c7d92a3: 100% ▕██████████████████▏ 8.4 KB                         [K
pulling 3116c5225075: 100% ▕██████████████████▏   77 B                         [K
pulling f838f048d368: 100% ▕██████████████████▏  490 B                         [K
verifying sha256 digest ⠴ [K[?25h[?2026l[?2026h[?25l[A[A[A[A[A[A[1Gpulling manifest [K
pulling e796792eba26: 100% ▕██████████████████▏  17 GB                         [K
pulling e0a42594d802: 100% ▕██████████████████▏  358 B                         [K
pulling dd084c7d92a3: 100% ▕██████████████████▏ 8.4 KB                         [K
pulling 3116c5225075: 100% ▕██████████████████▏   77 B                         [K
pulling f838f048d368: 100% ▕██████████████████▏  490 B                         [K
verifying sha256 digest ⠦ [K[?25h[?2026l[?2026h[?25l[A[A[A[A[A[A[1Gpulling manifest [K
pulling e796792eba26: 100% ▕██████████████████▏  17 GB                         [K
pulling e0a42594d802: 100% ▕██████████████████▏  358 B                         [K
pulling dd084c7d92a3: 100% ▕██████████████████▏ 8.4 KB                         [K
pulling 3116c5225075: 100% ▕██████████████████▏   77 B                         [K
pulling f838f048d368: 100% ▕██████████████████▏  490 B                         [K
verifying sha256 digest ⠧ [K[?25h[?2026l[?2026h[?25l[A[A[A[A[A[A[1Gpulling manifest [K
pulling e796792eba26: 100% ▕██████████████████▏  17 GB                         [K
pulling e0a42594d802: 100% ▕██████████████████▏  358 B                         [K
pulling dd084c7d92a3: 100% ▕██████████████████▏ 8.4 KB                         [K
pulling 3116c5225075: 100% ▕██████████████████▏   77 B                         [K
pulling f838f048d368: 100% ▕██████████████████▏  490 B                         [K
verifying sha256 digest ⠇ [K[?25h[?2026l[?2026h[?25l[A[A[A[A[A[A[1Gpulling manifest [K
pulling e796792eba26: 100% ▕██████████████████▏  17 GB                         [K
pulling e0a42594d802: 100% ▕██████████████████▏  358 B                         [K
pulling dd084c7d92a3: 100% ▕██████████████████▏ 8.4 KB                         [K
pulling 3116c5225075: 100% ▕██████████████████▏   77 B                         [K
pulling f838f048d368: 100% ▕██████████████████▏  490 B                         [K
verifying sha256 digest ⠏ [K[?25h[?2026l[?2026h[?25l[A[A[A[A[A[A[1Gpulling manifest [K
pulling e796792eba26: 100% ▕██████████████████▏  17 GB                         [K
pulling e0a42594d802: 100% ▕██████████████████▏  358 B                         [K
pulling dd084c7d92a3: 100% ▕██████████████████▏ 8.4 KB                         [K
pulling 3116c5225075: 100% ▕██████████████████▏   77 B                         [K
pulling f838f048d368: 100% ▕██████████████████▏  490 B                         [K
verifying sha256 digest ⠋ [K[?25h[?2026l[?2026h[?25l[A[A[A[A[A[A[1Gpulling manifest [K
pulling e796792eba26: 100% ▕██████████████████▏  17 GB                         [K
pulling e0a42594d802: 100% ▕██████████████████▏  358 B                         [K
pulling dd084c7d92a3: 100% ▕██████████████████▏ 8.4 KB                         [K
pulling 3116c5225075: 100% ▕██████████████████▏   77 B                         [K
pulling f838f048d368: 100% ▕██████████████████▏  490 B                         [K
verifying sha256 digest ⠙ [K[?25h[?2026l[?2026h[?25l[A[A[A[A[A[A[1Gpulling manifest [K
pulling e796792eba26: 100% ▕██████████████████▏  17 GB                         [K
pulling e0a42594d802: 100% ▕██████████████████▏  358 B                         [K
pulling dd084c7d92a3: 100% ▕██████████████████▏ 8.4 KB                         [K
pulling 3116c5225075: 100% ▕██████████████████▏   77 B                         [K
pulling f838f048d368: 100% ▕██████████████████▏  490 B                         [K
verifying sha256 digest ⠹ [K[?25h[?2026l[?2026h[?25l[A[A[A[A[A[A[1Gpulling manifest [K
pulling e796792eba26: 100% ▕██████████████████▏  17 GB                         [K
pulling e0a42594d802: 100% ▕██████████████████▏  358 B                         [K
pulling dd084c7d92a3: 100% ▕██████████████████▏ 8.4 KB                         [K
pulling 3116c5225075: 100% ▕██████████████████▏   77 B                         [K
pulling f838f048d368: 100% ▕██████████████████▏  490 B                         [K
verifying sha256 digest ⠸ [K[?25h[?2026l[?2026h[?25l[A[A[A[A[A[A[1Gpulling manifest [K
pulling e796792eba26: 100% ▕██████████████████▏  17 GB                         [K
pulling e0a42594d802: 100% ▕██████████████████▏  358 B                         [K
pulling dd084c7d92a3: 100% ▕██████████████████▏ 8.4 KB                         [K
pulling 3116c5225075: 100% ▕██████████████████▏   77 B                         [K
pulling f838f048d368: 100% ▕██████████████████▏  490 B                         [K
verifying sha256 digest ⠼ [K[?25h[?2026l[?2026h[?25l[A[A[A[A[A[A[1Gpulling manifest [K
pulling e796792eba26: 100% ▕██████████████████▏  17 GB                         [K
pulling e0a42594d802: 100% ▕██████████████████▏  358 B                         [K
pulling dd084c7d92a3: 100% ▕██████████████████▏ 8.4 KB                         [K
pulling 3116c5225075: 100% ▕██████████████████▏   77 B                         [K
pulling f838f048d368: 100% ▕██████████████████▏  490 B                         [K
verifying sha256 digest ⠴ [K[?25h[?2026l[?2026h[?25l[A[A[A[A[A[A[1Gpulling manifest [K
pulling e796792eba26: 100% ▕██████████████████▏  17 GB                         [K
pulling e0a42594d802: 100% ▕██████████████████▏  358 B                         [K
pulling dd084c7d92a3: 100% ▕██████████████████▏ 8.4 KB                         [K
pulling 3116c5225075: 100% ▕██████████████████▏   77 B                         [K
pulling f838f048d368: 100% ▕██████████████████▏  490 B                         [K
verifying sha256 digest ⠦ [K[?25h[?2026l[?2026h[?25l[A[A[A[A[A[A[1Gpulling manifest [K
pulling e796792eba26: 100% ▕██████████████████▏  17 GB                         [K
pulling e0a42594d802: 100% ▕██████████████████▏  358 B                         [K
pulling dd084c7d92a3: 100% ▕██████████████████▏ 8.4 KB                         [K
pulling 3116c5225075: 100% ▕██████████████████▏   77 B                         [K
pulling f838f048d368: 100% ▕██████████████████▏  490 B                         [K
verifying sha256 digest ⠧ [K[?25h[?2026l[?2026h[?25l[A[A[A[A[A[A[1Gpulling manifest [K
pulling e796792eba26: 100% ▕██████████████████▏  17 GB                         [K
pulling e0a42594d802: 100% ▕██████████████████▏  358 B                         [K
pulling dd084c7d92a3: 100% ▕██████████████████▏ 8.4 KB                         [K
pulling 3116c5225075: 100% ▕██████████████████▏   77 B                         [K
pulling f838f048d368: 100% ▕██████████████████▏  490 B                         [K
verifying sha256 digest ⠇ [K[?25h[?2026l[?2026h[?25l[A[A[A[A[A[A[1Gpulling manifest [K
pulling e796792eba26: 100% ▕██████████████████▏  17 GB                         [K
pulling e0a42594d802: 100% ▕██████████████████▏  358 B                         [K
pulling dd084c7d92a3: 100% ▕██████████████████▏ 8.4 KB                         [K
pulling 3116c5225075: 100% ▕██████████████████▏   77 B                         [K
pulling f838f048d368: 100% ▕██████████████████▏  490 B                         [K
verifying sha256 digest ⠏ [K[?25h[?2026l[?2026h[?25l[A[A[A[A[A[A[1Gpulling manifest [K
pulling e796792eba26: 100% ▕██████████████████▏  17 GB                         [K
pulling e0a42594d802: 100% ▕██████████████████▏  358 B                         [K
pulling dd084c7d92a3: 100% ▕██████████████████▏ 8.4 KB                         [K
pulling 3116c5225075: 100% ▕██████████████████▏   77 B                         [K
pulling f838f048d368: 100% ▕██████████████████▏  490 B                         [K
verifying sha256 digest ⠋ [K[?25h[?2026l[?2026h[?25l[A[A[A[A[A[A[1Gpulling manifest [K
pulling e796792eba26: 100% ▕██████████████████▏  17 GB                         [K
pulling e0a42594d802: 100% ▕██████████████████▏  358 B                         [K
pulling dd084c7d92a3: 100% ▕██████████████████▏ 8.4 KB                         [K
pulling 3116c5225075: 100% ▕██████████████████▏   77 B                         [K
pulling f838f048d368: 100% ▕██████████████████▏  490 B                         [K
verifying sha256 digest ⠙ [K[?25h[?2026l[?2026h[?25l[A[A[A[A[A[A[1Gpulling manifest [K
pulling e796792eba26: 100% ▕██████████████████▏  17 GB                         [K
pulling e0a42594d802: 100% ▕██████████████████▏  358 B                         [K
pulling dd084c7d92a3: 100% ▕██████████████████▏ 8.4 KB                         [K
pulling 3116c5225075: 100% ▕██████████████████▏   77 B                         [K
pulling f838f048d368: 100% ▕██████████████████▏  490 B                         [K
verifying sha256 digest ⠹ [K[?25h[?2026l[?2026h[?25l[A[A[A[A[A[A[1Gpulling manifest [K
pulling e796792eba26: 100% ▕██████████████████▏  17 GB                         [K
pulling e0a42594d802: 100% ▕██████████████████▏  358 B                         [K
pulling dd084c7d92a3: 100% ▕██████████████████▏ 8.4 KB                         [K
pulling 3116c5225075: 100% ▕██████████████████▏   77 B                         [K
pulling f838f048d368: 100% ▕██████████████████▏  490 B                         [K
verifying sha256 digest ⠸ [K[?25h[?2026l[?2026h[?25l[A[A[A[A[A[A[1Gpulling manifest [K
pulling e796792eba26: 100% ▕██████████████████▏  17 GB                         [K
pulling e0a42594d802: 100% ▕██████████████████▏  358 B                         [K
pulling dd084c7d92a3: 100% ▕██████████████████▏ 8.4 KB                         [K
pulling 3116c5225075: 100% ▕██████████████████▏   77 B                         [K
pulling f838f048d368: 100% ▕██████████████████▏  490 B                         [K
verifying sha256 digest ⠼ [K[?25h[?2026l[?2026h[?25l[A[A[A[A[A[A[1Gpulling manifest [K
pulling e796792eba26: 100% ▕██████████████████▏  17 GB                         [K
pulling e0a42594d802: 100% ▕██████████████████▏  358 B                         [K
pulling dd084c7d92a3: 100% ▕██████████████████▏ 8.4 KB                         [K
pulling 3116c5225075: 100% ▕██████████████████▏   77 B                         [K
pulling f838f048d368: 100% ▕██████████████████▏  490 B                         [K
verifying sha256 digest ⠴ [K[?25h[?2026l[?2026h[?25l[A[A[A[A[A[A[1Gpulling manifest [K
pulling e796792eba26: 100% ▕██████████████████▏  17 GB                         [K
pulling e0a42594d802: 100% ▕██████████████████▏  358 B                         [K
pulling dd084c7d92a3: 100% ▕██████████████████▏ 8.4 KB                         [K
pulling 3116c5225075: 100% ▕██████████████████▏   77 B                         [K
pulling f838f048d368: 100% ▕██████████████████▏  490 B                         [K
verifying sha256 digest ⠦ [K[?25h[?2026l[?2026h[?25l[A[A[A[A[A[A[1Gpulling manifest [K
pulling e796792eba26: 100% ▕██████████████████▏  17 GB                         [K
pulling e0a42594d802: 100% ▕██████████████████▏  358 B                         [K
pulling dd084c7d92a3: 100% ▕██████████████████▏ 8.4 KB                         [K
pulling 3116c5225075: 100% ▕██████████████████▏   77 B                         [K
pulling f838f048d368: 100% ▕██████████████████▏  490 B                         [K
verifying sha256 digest ⠧ [K[?25h[?2026l[?2026h[?25l[A[A[A[A[A[A[1Gpulling manifest [K
pulling e796792eba26: 100% ▕██████████████████▏  17 GB                         [K
pulling e0a42594d802: 100% ▕██████████████████▏  358 B                         [K
pulling dd084c7d92a3: 100% ▕██████████████████▏ 8.4 KB                         [K
pulling 3116c5225075: 100% ▕██████████████████▏   77 B                         [K
pulling f838f048d368: 100% ▕██████████████████▏  490 B                         [K
verifying sha256 digest ⠇ [K[?25h[?2026l[?2026h[?25l[A[A[A[A[A[A[1Gpulling manifest [K
pulling e796792eba26: 100% ▕██████████████████▏  17 GB                         [K
pulling e0a42594d802: 100% ▕██████████████████▏  358 B                         [K
pulling dd084c7d92a3: 100% ▕██████████████████▏ 8.4 KB                         [K
pulling 3116c5225075: 100% ▕██████████████████▏   77 B                         [K
pulling f838f048d368: 100% ▕██████████████████▏  490 B                         [K
verifying sha256 digest ⠏ [K[?25h[?2026l[?2026h[?25l[A[A[A[A[A[A[1Gpulling manifest [K
pulling e796792eba26: 100% ▕██████████████████▏  17 GB                         [K
pulling e0a42594d802: 100% ▕██████████████████▏  358 B                         [K
pulling dd084c7d92a3: 100% ▕██████████████████▏ 8.4 KB                         [K
pulling 3116c5225075: 100% ▕██████████████████▏   77 B                         [K
pulling f838f048d368: 100% ▕██████████████████▏  490 B                         [K
verifying sha256 digest ⠋ [K[?25h[?2026l[?2026h[?25l[A[A[A[A[A[A[1Gpulling manifest [K
pulling e796792eba26: 100% ▕██████████████████▏  17 GB                         [K
pulling e0a42594d802: 100% ▕██████████████████▏  358 B                         [K
pulling dd084c7d92a3: 100% ▕██████████████████▏ 8.4 KB                         [K
pulling 3116c5225075: 100% ▕██████████████████▏   77 B                         [K
pulling f838f048d368: 100% ▕██████████████████▏  490 B                         [K
verifying sha256 digest ⠙ [K[?25h[?2026l[?2026h[?25l[A[A[A[A[A[A[1Gpulling manifest [K
pulling e796792eba26: 100% ▕██████████████████▏  17 GB                         [K
pulling e0a42594d802: 100% ▕██████████████████▏  358 B                         [K
pulling dd084c7d92a3: 100% ▕██████████████████▏ 8.4 KB                         [K
pulling 3116c5225075: 100% ▕██████████████████▏   77 B                         [K
pulling f838f048d368: 100% ▕██████████████████▏  490 B                         [K
verifying sha256 digest ⠹ [K[?25h[?2026l[?2026h[?25l[A[A[A[A[A[A[1Gpulling manifest [K
pulling e796792eba26: 100% ▕██████████████████▏  17 GB                         [K
pulling e0a42594d802: 100% ▕██████████████████▏  358 B                         [K
pulling dd084c7d92a3: 100% ▕██████████████████▏ 8.4 KB                         [K
pulling 3116c5225075: 100% ▕██████████████████▏   77 B                         [K
pulling f838f048d368: 100% ▕██████████████████▏  490 B                         [K
verifying sha256 digest ⠸ [K[?25h[?2026l[?2026h[?25l[A[A[A[A[A[A[1Gpulling manifest [K
pulling e796792eba26: 100% ▕██████████████████▏  17 GB                         [K
pulling e0a42594d802: 100% ▕██████████████████▏  358 B                         [K
pulling dd084c7d92a3: 100% ▕██████████████████▏ 8.4 KB                         [K
pulling 3116c5225075: 100% ▕██████████████████▏   77 B                         [K
pulling f838f048d368: 100% ▕██████████████████▏  490 B                         [K
verifying sha256 digest ⠼ [K[?25h[?2026l[?2026h[?25l[A[A[A[A[A[A[1Gpulling manifest [K
pulling e796792eba26: 100% ▕██████████████████▏  17 GB                         [K
pulling e0a42594d802: 100% ▕██████████████████▏  358 B                         [K
pulling dd084c7d92a3: 100% ▕██████████████████▏ 8.4 KB                         [K
pulling 3116c5225075: 100% ▕██████████████████▏   77 B                         [K
pulling f838f048d368: 100% ▕██████████████████▏  490 B                         [K
verifying sha256 digest ⠴ [K[?25h[?2026l[?2026h[?25l[A[A[A[A[A[A[1Gpulling manifest [K
pulling e796792eba26: 100% ▕██████████████████▏  17 GB                         [K
pulling e0a42594d802: 100% ▕██████████████████▏  358 B                         [K
pulling dd084c7d92a3: 100% ▕██████████████████▏ 8.4 KB                         [K
pulling 3116c5225075: 100% ▕██████████████████▏   77 B                         [K
pulling f838f048d368: 100% ▕██████████████████▏  490 B                         [K
verifying sha256 digest ⠦ [K[?25h[?2026l[?2026h[?25l[A[A[A[A[A[A[1Gpulling manifest [K
pulling e796792eba26: 100% ▕██████████████████▏  17 GB                         [K
pulling e0a42594d802: 100% ▕██████████████████▏  358 B                         [K
pulling dd084c7d92a3: 100% ▕██████████████████▏ 8.4 KB                         [K
pulling 3116c5225075: 100% ▕██████████████████▏   77 B                         [K
pulling f838f048d368: 100% ▕██████████████████▏  490 B                         [K
verifying sha256 digest ⠧ [K[?25h[?2026l[?2026h[?25l[A[A[A[A[A[A[1Gpulling manifest [K
pulling e796792eba26: 100% ▕██████████████████▏  17 GB                         [K
pulling e0a42594d802: 100% ▕██████████████████▏  358 B                         [K
pulling dd084c7d92a3: 100% ▕██████████████████▏ 8.4 KB                         [K
pulling 3116c5225075: 100% ▕██████████████████▏   77 B                         [K
pulling f838f048d368: 100% ▕██████████████████▏  490 B                         [K
verifying sha256 digest ⠇ [K[?25h[?2026l[?2026h[?25l[A[A[A[A[A[A[1Gpulling manifest [K
pulling e796792eba26: 100% ▕██████████████████▏  17 GB                         [K
pulling e0a42594d802: 100% ▕██████████████████▏  358 B                         [K
pulling dd084c7d92a3: 100% ▕██████████████████▏ 8.4 KB                         [K
pulling 3116c5225075: 100% ▕██████████████████▏   77 B                         [K
pulling f838f048d368: 100% ▕██████████████████▏  490 B                         [K
verifying sha256 digest ⠏ [K[?25h[?2026l[?2026h[?25l[A[A[A[A[A[A[1Gpulling manifest [K
pulling e796792eba26: 100% ▕██████████████████▏  17 GB                         [K
pulling e0a42594d802: 100% ▕██████████████████▏  358 B                         [K
pulling dd084c7d92a3: 100% ▕██████████████████▏ 8.4 KB                         [K
pulling 3116c5225075: 100% ▕██████████████████▏   77 B                         [K
pulling f838f048d368: 100% ▕██████████████████▏  490 B                         [K
verifying sha256 digest ⠋ [K[?25h[?2026l[?2026h[?25l[A[A[A[A[A[A[1Gpulling manifest [K
pulling e796792eba26: 100% ▕██████████████████▏  17 GB                         [K
pulling e0a42594d802: 100% ▕██████████████████▏  358 B                         [K
pulling dd084c7d92a3: 100% ▕██████████████████▏ 8.4 KB                         [K
pulling 3116c5225075: 100% ▕██████████████████▏   77 B                         [K
pulling f838f048d368: 100% ▕██████████████████▏  490 B                         [K
verifying sha256 digest ⠙ [K[?25h[?2026l[?2026h[?25l[A[A[A[A[A[A[1Gpulling manifest [K
pulling e796792eba26: 100% ▕██████████████████▏  17 GB                         [K
pulling e0a42594d802: 100% ▕██████████████████▏  358 B                         [K
pulling dd084c7d92a3: 100% ▕██████████████████▏ 8.4 KB                         [K
pulling 3116c5225075: 100% ▕██████████████████▏   77 B                         [K
pulling f838f048d368: 100% ▕██████████████████▏  490 B                         [K
verifying sha256 digest ⠹ [K[?25h[?2026l[?2026h[?25l[A[A[A[A[A[A[1Gpulling manifest [K
pulling e796792eba26: 100% ▕██████████████████▏  17 GB                         [K
pulling e0a42594d802: 100% ▕██████████████████▏  358 B                         [K
pulling dd084c7d92a3: 100% ▕██████████████████▏ 8.4 KB                         [K
pulling 3116c5225075: 100% ▕██████████████████▏   77 B                         [K
pulling f838f048d368: 100% ▕██████████████████▏  490 B                         [K
verifying sha256 digest ⠸ [K[?25h[?2026l[?2026h[?25l[A[A[A[A[A[A[1Gpulling manifest [K
pulling e796792eba26: 100% ▕██████████████████▏  17 GB                         [K
pulling e0a42594d802: 100% ▕██████████████████▏  358 B                         [K
pulling dd084c7d92a3: 100% ▕██████████████████▏ 8.4 KB                         [K
pulling 3116c5225075: 100% ▕██████████████████▏   77 B                         [K
pulling f838f048d368: 100% ▕██████████████████▏  490 B                         [K
verifying sha256 digest ⠼ [K[?25h[?2026l[?2026h[?25l[A[A[A[A[A[A[1Gpulling manifest [K
pulling e796792eba26: 100% ▕██████████████████▏  17 GB                         [K
pulling e0a42594d802: 100% ▕██████████████████▏  358 B                         [K
pulling dd084c7d92a3: 100% ▕██████████████████▏ 8.4 KB                         [K
pulling 3116c5225075: 100% ▕██████████████████▏   77 B                         [K
pulling f838f048d368: 100% ▕██████████████████▏  490 B                         [K
verifying sha256 digest ⠴ [K[?25h[?2026l[?2026h[?25l[A[A[A[A[A[A[1Gpulling manifest [K
pulling e796792eba26: 100% ▕██████████████████▏  17 GB                         [K
pulling e0a42594d802: 100% ▕██████████████████▏  358 B                         [K
pulling dd084c7d92a3: 100% ▕██████████████████▏ 8.4 KB                         [K
pulling 3116c5225075: 100% ▕██████████████████▏   77 B                         [K
pulling f838f048d368: 100% ▕██████████████████▏  490 B                         [K
verifying sha256 digest ⠦ [K[?25h[?2026l[?2026h[?25l[A[A[A[A[A[A[1Gpulling manifest [K
pulling e796792eba26: 100% ▕██████████████████▏  17 GB                         [K
pulling e0a42594d802: 100% ▕██████████████████▏  358 B                         [K
pulling dd084c7d92a3: 100% ▕██████████████████▏ 8.4 KB                         [K
pulling 3116c5225075: 100% ▕██████████████████▏   77 B                         [K
pulling f838f048d368: 100% ▕██████████████████▏  490 B                         [K
verifying sha256 digest ⠧ [K[?25h[?2026l[?2026h[?25l[A[A[A[A[A[A[1Gpulling manifest [K
pulling e796792eba26: 100% ▕██████████████████▏  17 GB                         [K
pulling e0a42594d802: 100% ▕██████████████████▏  358 B                         [K
pulling dd084c7d92a3: 100% ▕██████████████████▏ 8.4 KB                         [K
pulling 3116c5225075: 100% ▕██████████████████▏   77 B                         [K
pulling f838f048d368: 100% ▕██████████████████▏  490 B                         [K
verifying sha256 digest ⠇ [K[?25h[?2026l[?2026h[?25l[A[A[A[A[A[A[1Gpulling manifest [K
pulling e796792eba26: 100% ▕██████████████████▏  17 GB                         [K
pulling e0a42594d802: 100% ▕██████████████████▏  358 B                         [K
pulling dd084c7d92a3: 100% ▕██████████████████▏ 8.4 KB                         [K
pulling 3116c5225075: 100% ▕██████████████████▏   77 B                         [K
pulling f838f048d368: 100% ▕██████████████████▏  490 B                         [K
verifying sha256 digest ⠏ [K[?25h[?2026l[?2026h[?25l[A[A[A[A[A[A[1Gpulling manifest [K
pulling e796792eba26: 100% ▕██████████████████▏  17 GB                         [K
pulling e0a42594d802: 100% ▕██████████████████▏  358 B                         [K
pulling dd084c7d92a3: 100% ▕██████████████████▏ 8.4 KB                         [K
pulling 3116c5225075: 100% ▕██████████████████▏   77 B                         [K
pulling f838f048d368: 100% ▕██████████████████▏  490 B                         [K
verifying sha256 digest ⠋ [K[?25h[?2026l[?2026h[?25l[A[A[A[A[A[A[1Gpulling manifest [K
pulling e796792eba26: 100% ▕██████████████████▏  17 GB                         [K
pulling e0a42594d802: 100% ▕██████████████████▏  358 B                         [K
pulling dd084c7d92a3: 100% ▕██████████████████▏ 8.4 KB                         [K
pulling 3116c5225075: 100% ▕██████████████████▏   77 B                         [K
pulling f838f048d368: 100% ▕██████████████████▏  490 B                         [K
verifying sha256 digest ⠙ [K[?25h[?2026l[?2026h[?25l[A[A[A[A[A[A[1Gpulling manifest [K
pulling e796792eba26: 100% ▕██████████████████▏  17 GB                         [K
pulling e0a42594d802: 100% ▕██████████████████▏  358 B                         [K
pulling dd084c7d92a3: 100% ▕██████████████████▏ 8.4 KB                         [K
pulling 3116c5225075: 100% ▕██████████████████▏   77 B                         [K
pulling f838f048d368: 100% ▕██████████████████▏  490 B                         [K
verifying sha256 digest ⠹ [K[?25h[?2026l[?2026h[?25l[A[A[A[A[A[A[1Gpulling manifest [K
pulling e796792eba26: 100% ▕██████████████████▏  17 GB                         [K
pulling e0a42594d802: 100% ▕██████████████████▏  358 B                         [K
pulling dd084c7d92a3: 100% ▕██████████████████▏ 8.4 KB                         [K
pulling 3116c5225075: 100% ▕██████████████████▏   77 B                         [K
pulling f838f048d368: 100% ▕██████████████████▏  490 B                         [K
verifying sha256 digest ⠸ [K[?25h[?2026l[?2026h[?25l[A[A[A[A[A[A[1Gpulling manifest [K
pulling e796792eba26: 100% ▕██████████████████▏  17 GB                         [K
pulling e0a42594d802: 100% ▕██████████████████▏  358 B                         [K
pulling dd084c7d92a3: 100% ▕██████████████████▏ 8.4 KB                         [K
pulling 3116c5225075: 100% ▕██████████████████▏   77 B                         [K
pulling f838f048d368: 100% ▕██████████████████▏  490 B                         [K
verifying sha256 digest ⠼ [K[?25h[?2026l[?2026h[?25l[A[A[A[A[A[A[1Gpulling manifest [K
pulling e796792eba26: 100% ▕██████████████████▏  17 GB                         [K
pulling e0a42594d802: 100% ▕██████████████████▏  358 B                         [K
pulling dd084c7d92a3: 100% ▕██████████████████▏ 8.4 KB                         [K
pulling 3116c5225075: 100% ▕██████████████████▏   77 B                         [K
pulling f838f048d368: 100% ▕██████████████████▏  490 B                         [K
verifying sha256 digest ⠴ [K[?25h[?2026l[?2026h[?25l[A[A[A[A[A[A[1Gpulling manifest [K
pulling e796792eba26: 100% ▕██████████████████▏  17 GB                         [K
pulling e0a42594d802: 100% ▕██████████████████▏  358 B                         [K
pulling dd084c7d92a3: 100% ▕██████████████████▏ 8.4 KB                         [K
pulling 3116c5225075: 100% ▕██████████████████▏   77 B                         [K
pulling f838f048d368: 100% ▕██████████████████▏  490 B                         [K
verifying sha256 digest ⠦ [K[?25h[?2026l[?2026h[?25l[A[A[A[A[A[A[1Gpulling manifest [K
pulling e796792eba26: 100% ▕██████████████████▏  17 GB                         [K
pulling e0a42594d802: 100% ▕██████████████████▏  358 B                         [K
pulling dd084c7d92a3: 100% ▕██████████████████▏ 8.4 KB                         [K
pulling 3116c5225075: 100% ▕██████████████████▏   77 B                         [K
pulling f838f048d368: 100% ▕██████████████████▏  490 B                         [K
verifying sha256 digest ⠧ [K[?25h[?2026l[?2026h[?25l[A[A[A[A[A[A[1Gpulling manifest [K
pulling e796792eba26: 100% ▕██████████████████▏  17 GB                         [K
pulling e0a42594d802: 100% ▕██████████████████▏  358 B                         [K
pulling dd084c7d92a3: 100% ▕██████████████████▏ 8.4 KB                         [K
pulling 3116c5225075: 100% ▕██████████████████▏   77 B                         [K
pulling f838f048d368: 100% ▕██████████████████▏  490 B                         [K
verifying sha256 digest ⠇ [K[?25h[?2026l[?2026h[?25l[A[A[A[A[A[A[1Gpulling manifest [K
pulling e796792eba26: 100% ▕██████████████████▏  17 GB                         [K
pulling e0a42594d802: 100% ▕██████████████████▏  358 B                         [K
pulling dd084c7d92a3: 100% ▕██████████████████▏ 8.4 KB                         [K
pulling 3116c5225075: 100% ▕██████████████████▏   77 B                         [K
pulling f838f048d368: 100% ▕██████████████████▏  490 B                         [K
verifying sha256 digest ⠏ [K[?25h[?2026l[?2026h[?25l[A[A[A[A[A[A[1Gpulling manifest [K
pulling e796792eba26: 100% ▕██████████████████▏  17 GB                         [K
pulling e0a42594d802: 100% ▕██████████████████▏  358 B                         [K
pulling dd084c7d92a3: 100% ▕██████████████████▏ 8.4 KB                         [K
pulling 3116c5225075: 100% ▕██████████████████▏   77 B                         [K
pulling f838f048d368: 100% ▕██████████████████▏  490 B                         [K
verifying sha256 digest ⠋ [K[?25h[?2026l[?2026h[?25l[A[A[A[A[A[A[1Gpulling manifest [K
pulling e796792eba26: 100% ▕██████████████████▏  17 GB                         [K
pulling e0a42594d802: 100% ▕██████████████████▏  358 B                         [K
pulling dd084c7d92a3: 100% ▕██████████████████▏ 8.4 KB                         [K
pulling 3116c5225075: 100% ▕██████████████████▏   77 B                         [K
pulling f838f048d368: 100% ▕██████████████████▏  490 B                         [K
verifying sha256 digest ⠙ [K[?25h[?2026l[?2026h[?25l[A[A[A[A[A[A[1Gpulling manifest [K
pulling e796792eba26: 100% ▕██████████████████▏  17 GB                         [K
pulling e0a42594d802: 100% ▕██████████████████▏  358 B                         [K
pulling dd084c7d92a3: 100% ▕██████████████████▏ 8.4 KB                         [K
pulling 3116c5225075: 100% ▕██████████████████▏   77 B                         [K
pulling f838f048d368: 100% ▕██████████████████▏  490 B                         [K
verifying sha256 digest ⠹ [K[?25h[?2026l[?2026h[?25l[A[A[A[A[A[A[1Gpulling manifest [K
pulling e796792eba26: 100% ▕██████████████████▏  17 GB                         [K
pulling e0a42594d802: 100% ▕██████████████████▏  358 B                         [K
pulling dd084c7d92a3: 100% ▕██████████████████▏ 8.4 KB                         [K
pulling 3116c5225075: 100% ▕██████████████████▏   77 B                         [K
pulling f838f048d368: 100% ▕██████████████████▏  490 B                         [K
verifying sha256 digest ⠸ [K[?25h[?2026l[?2026h[?25l[A[A[A[A[A[A[1Gpulling manifest [K
pulling e796792eba26: 100% ▕██████████████████▏  17 GB                         [K
pulling e0a42594d802: 100% ▕██████████████████▏  358 B                         [K
pulling dd084c7d92a3: 100% ▕██████████████████▏ 8.4 KB                         [K
pulling 3116c5225075: 100% ▕██████████████████▏   77 B                         [K
pulling f838f048d368: 100% ▕██████████████████▏  490 B                         [K
verifying sha256 digest ⠼ [K[?25h[?2026l[?2026h[?25l[A[A[A[A[A[A[1Gpulling manifest [K
pulling e796792eba26: 100% ▕██████████████████▏  17 GB                         [K
pulling e0a42594d802: 100% ▕██████████████████▏  358 B                         [K
pulling dd084c7d92a3: 100% ▕██████████████████▏ 8.4 KB                         [K
pulling 3116c5225075: 100% ▕██████████████████▏   77 B                         [K
pulling f838f048d368: 100% ▕██████████████████▏  490 B                         [K
verifying sha256 digest ⠴ [K[?25h[?2026l[?2026h[?25l[A[A[A[A[A[A[1Gpulling manifest [K
pulling e796792eba26: 100% ▕██████████████████▏  17 GB                         [K
pulling e0a42594d802: 100% ▕██████████████████▏  358 B                         [K
pulling dd084c7d92a3: 100% ▕██████████████████▏ 8.4 KB                         [K
pulling 3116c5225075: 100% ▕██████████████████▏   77 B                         [K
pulling f838f048d368: 100% ▕██████████████████▏  490 B                         [K
verifying sha256 digest ⠦ [K[?25h[?2026l[?2026h[?25l[A[A[A[A[A[A[1Gpulling manifest [K
pulling e796792eba26: 100% ▕██████████████████▏  17 GB                         [K
pulling e0a42594d802: 100% ▕██████████████████▏  358 B                         [K
pulling dd084c7d92a3: 100% ▕██████████████████▏ 8.4 KB                         [K
pulling 3116c5225075: 100% ▕██████████████████▏   77 B                         [K
pulling f838f048d368: 100% ▕██████████████████▏  490 B                         [K
verifying sha256 digest ⠧ [K[?25h[?2026l[?2026h[?25l[A[A[A[A[A[A[1Gpulling manifest [K
pulling e796792eba26: 100% ▕██████████████████▏  17 GB                         [K
pulling e0a42594d802: 100% ▕██████████████████▏  358 B                         [K
pulling dd084c7d92a3: 100% ▕██████████████████▏ 8.4 KB                         [K
pulling 3116c5225075: 100% ▕██████████████████▏   77 B                         [K
pulling f838f048d368: 100% ▕██████████████████▏  490 B                         [K
verifying sha256 digest ⠇ [K[?25h[?2026l[?2026h[?25l[A[A[A[A[A[A[1Gpulling manifest [K
pulling e796792eba26: 100% ▕██████████████████▏  17 GB                         [K
pulling e0a42594d802: 100% ▕██████████████████▏  358 B                         [K
pulling dd084c7d92a3: 100% ▕██████████████████▏ 8.4 KB                         [K
pulling 3116c5225075: 100% ▕██████████████████▏   77 B                         [K
pulling f838f048d368: 100% ▕██████████████████▏  490 B                         [K
verifying sha256 digest ⠏ [K[?25h[?2026l[?2026h[?25l[A[A[A[A[A[A[1Gpulling manifest [K
pulling e796792eba26: 100% ▕██████████████████▏  17 GB                         [K
pulling e0a42594d802: 100% ▕██████████████████▏  358 B                         [K
pulling dd084c7d92a3: 100% ▕██████████████████▏ 8.4 KB                         [K
pulling 3116c5225075: 100% ▕██████████████████▏   77 B                         [K
pulling f838f048d368: 100% ▕██████████████████▏  490 B                         [K
verifying sha256 digest ⠋ [K[?25h[?2026l[?2026h[?25l[A[A[A[A[A[A[1Gpulling manifest [K
pulling e796792eba26: 100% ▕██████████████████▏  17 GB                         [K
pulling e0a42594d802: 100% ▕██████████████████▏  358 B                         [K
pulling dd084c7d92a3: 100% ▕██████████████████▏ 8.4 KB                         [K
pulling 3116c5225075: 100% ▕██████████████████▏   77 B                         [K
pulling f838f048d368: 100% ▕██████████████████▏  490 B                         [K
verifying sha256 digest ⠙ [K[?25h[?2026l[?2026h[?25l[A[A[A[A[A[A[1Gpulling manifest [K
pulling e796792eba26: 100% ▕██████████████████▏  17 GB                         [K
pulling e0a42594d802: 100% ▕██████████████████▏  358 B                         [K
pulling dd084c7d92a3: 100% ▕██████████████████▏ 8.4 KB                         [K
pulling 3116c5225075: 100% ▕██████████████████▏   77 B                         [K
pulling f838f048d368: 100% ▕██████████████████▏  490 B                         [K
verifying sha256 digest ⠹ [K[?25h[?2026l[?2026h[?25l[A[A[A[A[A[A[1Gpulling manifest [K
pulling e796792eba26: 100% ▕██████████████████▏  17 GB                         [K
pulling e0a42594d802: 100% ▕██████████████████▏  358 B                         [K
pulling dd084c7d92a3: 100% ▕██████████████████▏ 8.4 KB                         [K
pulling 3116c5225075: 100% ▕██████████████████▏   77 B                         [K
pulling f838f048d368: 100% ▕██████████████████▏  490 B                         [K
verifying sha256 digest ⠸ [K[?25h[?2026l[?2026h[?25l[A[A[A[A[A[A[1Gpulling manifest [K
pulling e796792eba26: 100% ▕██████████████████▏  17 GB                         [K
pulling e0a42594d802: 100% ▕██████████████████▏  358 B                         [K
pulling dd084c7d92a3: 100% ▕██████████████████▏ 8.4 KB                         [K
pulling 3116c5225075: 100% ▕██████████████████▏   77 B                         [K
pulling f838f048d368: 100% ▕██████████████████▏  490 B                         [K
verifying sha256 digest ⠼ [K[?25h[?2026l[?2026h[?25l[A[A[A[A[A[A[1Gpulling manifest [K
pulling e796792eba26: 100% ▕██████████████████▏  17 GB                         [K
pulling e0a42594d802: 100% ▕██████████████████▏  358 B                         [K
pulling dd084c7d92a3: 100% ▕██████████████████▏ 8.4 KB                         [K
pulling 3116c5225075: 100% ▕██████████████████▏   77 B                         [K
pulling f838f048d368: 100% ▕██████████████████▏  490 B                         [K
verifying sha256 digest ⠴ [K[?25h[?2026l[?2026h[?25l[A[A[A[A[A[A[1Gpulling manifest [K
pulling e796792eba26: 100% ▕██████████████████▏  17 GB                         [K
pulling e0a42594d802: 100% ▕██████████████████▏  358 B                         [K
pulling dd084c7d92a3: 100% ▕██████████████████▏ 8.4 KB                         [K
pulling 3116c5225075: 100% ▕██████████████████▏   77 B                         [K
pulling f838f048d368: 100% ▕██████████████████▏  490 B                         [K
verifying sha256 digest ⠦ [K[?25h[?2026l[?2026h[?25l[A[A[A[A[A[A[1Gpulling manifest [K
pulling e796792eba26: 100% ▕██████████████████▏  17 GB                         [K
pulling e0a42594d802: 100% ▕██████████████████▏  358 B                         [K
pulling dd084c7d92a3: 100% ▕██████████████████▏ 8.4 KB                         [K
pulling 3116c5225075: 100% ▕██████████████████▏   77 B                         [K
pulling f838f048d368: 100% ▕██████████████████▏  490 B                         [K
verifying sha256 digest ⠧ [K[?25h[?2026l[?2026h[?25l[A[A[A[A[A[A[1Gpulling manifest [K
pulling e796792eba26: 100% ▕██████████████████▏  17 GB                         [K
pulling e0a42594d802: 100% ▕██████████████████▏  358 B                         [K
pulling dd084c7d92a3: 100% ▕██████████████████▏ 8.4 KB                         [K
pulling 3116c5225075: 100% ▕██████████████████▏   77 B                         [K
pulling f838f048d368: 100% ▕██████████████████▏  490 B                         [K
verifying sha256 digest ⠇ [K[?25h[?2026l[?2026h[?25l[A[A[A[A[A[A[1Gpulling manifest [K
pulling e796792eba26: 100% ▕██████████████████▏  17 GB                         [K
pulling e0a42594d802: 100% ▕██████████████████▏  358 B                         [K
pulling dd084c7d92a3: 100% ▕██████████████████▏ 8.4 KB                         [K
pulling 3116c5225075: 100% ▕██████████████████▏   77 B                         [K
pulling f838f048d368: 100% ▕██████████████████▏  490 B                         [K
verifying sha256 digest ⠏ [K[?25h[?2026l[?2026h[?25l[A[A[A[A[A[A[1Gpulling manifest [K
pulling e796792eba26: 100% ▕██████████████████▏  17 GB                         [K
pulling e0a42594d802: 100% ▕██████████████████▏  358 B                         [K
pulling dd084c7d92a3: 100% ▕██████████████████▏ 8.4 KB                         [K
pulling 3116c5225075: 100% ▕██████████████████▏   77 B                         [K
pulling f838f048d368: 100% ▕██████████████████▏  490 B                         [K
verifying sha256 digest ⠋ [K[?25h[?2026l[?2026h[?25l[A[A[A[A[A[A[1Gpulling manifest [K
pulling e796792eba26: 100% ▕██████████████████▏  17 GB                         [K
pulling e0a42594d802: 100% ▕██████████████████▏  358 B                         [K
pulling dd084c7d92a3: 100% ▕██████████████████▏ 8.4 KB                         [K
pulling 3116c5225075: 100% ▕██████████████████▏   77 B                         [K
pulling f838f048d368: 100% ▕██████████████████▏  490 B                         [K
verifying sha256 digest ⠙ [K[?25h[?2026l[?2026h[?25l[A[A[A[A[A[A[1Gpulling manifest [K
pulling e796792eba26: 100% ▕██████████████████▏  17 GB                         [K
pulling e0a42594d802: 100% ▕██████████████████▏  358 B                         [K
pulling dd084c7d92a3: 100% ▕██████████████████▏ 8.4 KB                         [K
pulling 3116c5225075: 100% ▕██████████████████▏   77 B                         [K
pulling f838f048d368: 100% ▕██████████████████▏  490 B                         [K
verifying sha256 digest ⠹ [K[?25h[?2026l[?2026h[?25l[A[A[A[A[A[A[1Gpulling manifest [K
pulling e796792eba26: 100% ▕██████████████████▏  17 GB                         [K
pulling e0a42594d802: 100% ▕██████████████████▏  358 B                         [K
pulling dd084c7d92a3: 100% ▕██████████████████▏ 8.4 KB                         [K
pulling 3116c5225075: 100% ▕██████████████████▏   77 B                         [K
pulling f838f048d368: 100% ▕██████████████████▏  490 B                         [K
verifying sha256 digest ⠸ [K[?25h[?2026l[?2026h[?25l[A[A[A[A[A[A[1Gpulling manifest [K
pulling e796792eba26: 100% ▕██████████████████▏  17 GB                         [K
pulling e0a42594d802: 100% ▕██████████████████▏  358 B                         [K
pulling dd084c7d92a3: 100% ▕██████████████████▏ 8.4 KB                         [K
pulling 3116c5225075: 100% ▕██████████████████▏   77 B                         [K
pulling f838f048d368: 100% ▕██████████████████▏  490 B                         [K
verifying sha256 digest ⠼ [K[?25h[?2026l[?2026h[?25l[A[A[A[A[A[A[1Gpulling manifest [K
pulling e796792eba26: 100% ▕██████████████████▏  17 GB                         [K
pulling e0a42594d802: 100% ▕██████████████████▏  358 B                         [K
pulling dd084c7d92a3: 100% ▕██████████████████▏ 8.4 KB                         [K
pulling 3116c5225075: 100% ▕██████████████████▏   77 B                         [K
pulling f838f048d368: 100% ▕██████████████████▏  490 B                         [K
verifying sha256 digest ⠴ [K[?25h[?2026l[?2026h[?25l[A[A[A[A[A[A[1Gpulling manifest [K
pulling e796792eba26: 100% ▕██████████████████▏  17 GB                         [K
pulling e0a42594d802: 100% ▕██████████████████▏  358 B                         [K
pulling dd084c7d92a3: 100% ▕██████████████████▏ 8.4 KB                         [K
pulling 3116c5225075: 100% ▕██████████████████▏   77 B                         [K
pulling f838f048d368: 100% ▕██████████████████▏  490 B                         [K
verifying sha256 digest ⠦ [K[?25h[?2026l[?2026h[?25l[A[A[A[A[A[A[1Gpulling manifest [K
pulling e796792eba26: 100% ▕██████████████████▏  17 GB                         [K
pulling e0a42594d802: 100% ▕██████████████████▏  358 B                         [K
pulling dd084c7d92a3: 100% ▕██████████████████▏ 8.4 KB                         [K
pulling 3116c5225075: 100% ▕██████████████████▏   77 B                         [K
pulling f838f048d368: 100% ▕██████████████████▏  490 B                         [K
verifying sha256 digest ⠧ [K[?25h[?2026l[?2026h[?25l[A[A[A[A[A[A[1Gpulling manifest [K
pulling e796792eba26: 100% ▕██████████████████▏  17 GB                         [K
pulling e0a42594d802: 100% ▕██████████████████▏  358 B                         [K
pulling dd084c7d92a3: 100% ▕██████████████████▏ 8.4 KB                         [K
pulling 3116c5225075: 100% ▕██████████████████▏   77 B                         [K
pulling f838f048d368: 100% ▕██████████████████▏  490 B                         [K
verifying sha256 digest ⠇ [K[?25h[?2026l[?2026h[?25l[A[A[A[A[A[A[1Gpulling manifest [K
pulling e796792eba26: 100% ▕██████████████████▏  17 GB                         [K
pulling e0a42594d802: 100% ▕██████████████████▏  358 B                         [K
pulling dd084c7d92a3: 100% ▕██████████████████▏ 8.4 KB                         [K
pulling 3116c5225075: 100% ▕██████████████████▏   77 B                         [K
pulling f838f048d368: 100% ▕██████████████████▏  490 B                         [K
verifying sha256 digest ⠏ [K[?25h[?2026l[?2026h[?25l[A[A[A[A[A[A[1Gpulling manifest [K
pulling e796792eba26: 100% ▕██████████████████▏  17 GB                         [K
pulling e0a42594d802: 100% ▕██████████████████▏  358 B                         [K
pulling dd084c7d92a3: 100% ▕██████████████████▏ 8.4 KB                         [K
pulling 3116c5225075: 100% ▕██████████████████▏   77 B                         [K
pulling f838f048d368: 100% ▕██████████████████▏  490 B                         [K
verifying sha256 digest ⠋ [K[?25h[?2026l[?2026h[?25l[A[A[A[A[A[A[1Gpulling manifest [K
pulling e796792eba26: 100% ▕██████████████████▏  17 GB                         [K
pulling e0a42594d802: 100% ▕██████████████████▏  358 B                         [K
pulling dd084c7d92a3: 100% ▕██████████████████▏ 8.4 KB                         [K
pulling 3116c5225075: 100% ▕██████████████████▏   77 B                         [K
pulling f838f048d368: 100% ▕██████████████████▏  490 B                         [K
verifying sha256 digest ⠙ [K[?25h[?2026l[?2026h[?25l[A[A[A[A[A[A[1Gpulling manifest [K
pulling e796792eba26: 100% ▕██████████████████▏  17 GB                         [K
pulling e0a42594d802: 100% ▕██████████████████▏  358 B                         [K
pulling dd084c7d92a3: 100% ▕██████████████████▏ 8.4 KB                         [K
pulling 3116c5225075: 100% ▕██████████████████▏   77 B                         [K
pulling f838f048d368: 100% ▕██████████████████▏  490 B                         [K
verifying sha256 digest ⠹ [K[?25h[?2026l[?2026h[?25l[A[A[A[A[A[A[1Gpulling manifest [K
pulling e796792eba26: 100% ▕██████████████████▏  17 GB                         [K
pulling e0a42594d802: 100% ▕██████████████████▏  358 B                         [K
pulling dd084c7d92a3: 100% ▕██████████████████▏ 8.4 KB                         [K
pulling 3116c5225075: 100% ▕██████████████████▏   77 B                         [K
pulling f838f048d368: 100% ▕██████████████████▏  490 B                         [K
verifying sha256 digest ⠸ [K[?25h[?2026l[?2026h[?25l[A[A[A[A[A[A[1Gpulling manifest [K
pulling e796792eba26: 100% ▕██████████████████▏  17 GB                         [K
pulling e0a42594d802: 100% ▕██████████████████▏  358 B                         [K
pulling dd084c7d92a3: 100% ▕██████████████████▏ 8.4 KB                         [K
pulling 3116c5225075: 100% ▕██████████████████▏   77 B                         [K
pulling f838f048d368: 100% ▕██████████████████▏  490 B                         [K
verifying sha256 digest ⠼ [K[?25h[?2026l[?2026h[?25l[A[A[A[A[A[A[1Gpulling manifest [K
pulling e796792eba26: 100% ▕██████████████████▏  17 GB                         [K
pulling e0a42594d802: 100% ▕██████████████████▏  358 B                         [K
pulling dd084c7d92a3: 100% ▕██████████████████▏ 8.4 KB                         [K
pulling 3116c5225075: 100% ▕██████████████████▏   77 B                         [K
pulling f838f048d368: 100% ▕██████████████████▏  490 B                         [K
verifying sha256 digest ⠴ [K[?25h[?2026l[?2026h[?25l[A[A[A[A[A[A[1Gpulling manifest [K
pulling e796792eba26: 100% ▕██████████████████▏  17 GB                         [K
pulling e0a42594d802: 100% ▕██████████████████▏  358 B                         [K
pulling dd084c7d92a3: 100% ▕██████████████████▏ 8.4 KB                         [K
pulling 3116c5225075: 100% ▕██████████████████▏   77 B                         [K
pulling f838f048d368: 100% ▕██████████████████▏  490 B                         [K
verifying sha256 digest ⠦ [K[?25h[?2026l[?2026h[?25l[A[A[A[A[A[A[1Gpulling manifest [K
pulling e796792eba26: 100% ▕██████████████████▏  17 GB                         [K
pulling e0a42594d802: 100% ▕██████████████████▏  358 B                         [K
pulling dd084c7d92a3: 100% ▕██████████████████▏ 8.4 KB                         [K
pulling 3116c5225075: 100% ▕██████████████████▏   77 B                         [K
pulling f838f048d368: 100% ▕██████████████████▏  490 B                         [K
verifying sha256 digest ⠧ [K[?25h[?2026l[?2026h[?25l[A[A[A[A[A[A[1Gpulling manifest [K
pulling e796792eba26: 100% ▕██████████████████▏  17 GB                         [K
pulling e0a42594d802: 100% ▕██████████████████▏  358 B                         [K
pulling dd084c7d92a3: 100% ▕██████████████████▏ 8.4 KB                         [K
pulling 3116c5225075: 100% ▕██████████████████▏   77 B                         [K
pulling f838f048d368: 100% ▕██████████████████▏  490 B                         [K
verifying sha256 digest ⠇ [K[?25h[?2026l[?2026h[?25l[A[A[A[A[A[A[1Gpulling manifest [K
pulling e796792eba26: 100% ▕██████████████████▏  17 GB                         [K
pulling e0a42594d802: 100% ▕██████████████████▏  358 B                         [K
pulling dd084c7d92a3: 100% ▕██████████████████▏ 8.4 KB                         [K
pulling 3116c5225075: 100% ▕██████████████████▏   77 B                         [K
pulling f838f048d368: 100% ▕██████████████████▏  490 B                         [K
verifying sha256 digest ⠏ [K[?25h[?2026l[?2026h[?25l[A[A[A[A[A[A[1Gpulling manifest [K
pulling e796792eba26: 100% ▕██████████████████▏  17 GB                         [K
pulling e0a42594d802: 100% ▕██████████████████▏  358 B                         [K
pulling dd084c7d92a3: 100% ▕██████████████████▏ 8.4 KB                         [K
pulling 3116c5225075: 100% ▕██████████████████▏   77 B                         [K
pulling f838f048d368: 100% ▕██████████████████▏  490 B                         [K
verifying sha256 digest ⠋ [K[?25h[?2026l[?2026h[?25l[A[A[A[A[A[A[1Gpulling manifest [K
pulling e796792eba26: 100% ▕██████████████████▏  17 GB                         [K
pulling e0a42594d802: 100% ▕██████████████████▏  358 B                         [K
pulling dd084c7d92a3: 100% ▕██████████████████▏ 8.4 KB                         [K
pulling 3116c5225075: 100% ▕██████████████████▏   77 B                         [K
pulling f838f048d368: 100% ▕██████████████████▏  490 B                         [K
verifying sha256 digest ⠙ [K[?25h[?2026l[?2026h[?25l[A[A[A[A[A[A[1Gpulling manifest [K
pulling e796792eba26: 100% ▕██████████████████▏  17 GB                         [K
pulling e0a42594d802: 100% ▕██████████████████▏  358 B                         [K
pulling dd084c7d92a3: 100% ▕██████████████████▏ 8.4 KB                         [K
pulling 3116c5225075: 100% ▕██████████████████▏   77 B                         [K
pulling f838f048d368: 100% ▕██████████████████▏  490 B                         [K
verifying sha256 digest ⠹ [K[?25h[?2026l[?2026h[?25l[A[A[A[A[A[A[1Gpulling manifest [K
pulling e796792eba26: 100% ▕██████████████████▏  17 GB                         [K
pulling e0a42594d802: 100% ▕██████████████████▏  358 B                         [K
pulling dd084c7d92a3: 100% ▕██████████████████▏ 8.4 KB                         [K
pulling 3116c5225075: 100% ▕██████████████████▏   77 B                         [K
pulling f838f048d368: 100% ▕██████████████████▏  490 B                         [K
verifying sha256 digest ⠸ [K[?25h[?2026l[?2026h[?25l[A[A[A[A[A[A[1Gpulling manifest [K
pulling e796792eba26: 100% ▕██████████████████▏  17 GB                         [K
pulling e0a42594d802: 100% ▕██████████████████▏  358 B                         [K
pulling dd084c7d92a3: 100% ▕██████████████████▏ 8.4 KB                         [K
pulling 3116c5225075: 100% ▕██████████████████▏   77 B                         [K
pulling f838f048d368: 100% ▕██████████████████▏  490 B                         [K
verifying sha256 digest ⠼ [K[?25h[?2026l[?2026h[?25l[A[A[A[A[A[A[1Gpulling manifest [K
pulling e796792eba26: 100% ▕██████████████████▏  17 GB                         [K
pulling e0a42594d802: 100% ▕██████████████████▏  358 B                         [K
pulling dd084c7d92a3: 100% ▕██████████████████▏ 8.4 KB                         [K
pulling 3116c5225075: 100% ▕██████████████████▏   77 B                         [K
pulling f838f048d368: 100% ▕██████████████████▏  490 B                         [K
verifying sha256 digest ⠴ [K[?25h[?2026l[?2026h[?25l[A[A[A[A[A[A[1Gpulling manifest [K
pulling e796792eba26: 100% ▕██████████████████▏  17 GB                         [K
pulling e0a42594d802: 100% ▕██████████████████▏  358 B                         [K
pulling dd084c7d92a3: 100% ▕██████████████████▏ 8.4 KB                         [K
pulling 3116c5225075: 100% ▕██████████████████▏   77 B                         [K
pulling f838f048d368: 100% ▕██████████████████▏  490 B                         [K
verifying sha256 digest ⠦ [K[?25h[?2026l[?2026h[?25l[A[A[A[A[A[A[1Gpulling manifest [K
pulling e796792eba26: 100% ▕██████████████████▏  17 GB                         [K
pulling e0a42594d802: 100% ▕██████████████████▏  358 B                         [K
pulling dd084c7d92a3: 100% ▕██████████████████▏ 8.4 KB                         [K
pulling 3116c5225075: 100% ▕██████████████████▏   77 B                         [K
pulling f838f048d368: 100% ▕██████████████████▏  490 B                         [K
verifying sha256 digest ⠧ [K[?25h[?2026l[?2026h[?25l[A[A[A[A[A[A[1Gpulling manifest [K
pulling e796792eba26: 100% ▕██████████████████▏  17 GB                         [K
pulling e0a42594d802: 100% ▕██████████████████▏  358 B                         [K
pulling dd084c7d92a3: 100% ▕██████████████████▏ 8.4 KB                         [K
pulling 3116c5225075: 100% ▕██████████████████▏   77 B                         [K
pulling f838f048d368: 100% ▕██████████████████▏  490 B                         [K
verifying sha256 digest ⠇ [K[?25h[?2026l[?2026h[?25l[A[A[A[A[A[A[1Gpulling manifest [K
pulling e796792eba26: 100% ▕██████████████████▏  17 GB                         [K
pulling e0a42594d802: 100% ▕██████████████████▏  358 B                         [K
pulling dd084c7d92a3: 100% ▕██████████████████▏ 8.4 KB                         [K
pulling 3116c5225075: 100% ▕██████████████████▏   77 B                         [K
pulling f838f048d368: 100% ▕██████████████████▏  490 B                         [K
verifying sha256 digest ⠏ [K[?25h[?2026l[?2026h[?25l[A[A[A[A[A[A[1Gpulling manifest [K
pulling e796792eba26: 100% ▕██████████████████▏  17 GB                         [K
pulling e0a42594d802: 100% ▕██████████████████▏  358 B                         [K
pulling dd084c7d92a3: 100% ▕██████████████████▏ 8.4 KB                         [K
pulling 3116c5225075: 100% ▕██████████████████▏   77 B                         [K
pulling f838f048d368: 100% ▕██████████████████▏  490 B                         [K
verifying sha256 digest ⠋ [K[?25h[?2026l[?2026h[?25l[A[A[A[A[A[A[1Gpulling manifest [K
pulling e796792eba26: 100% ▕██████████████████▏  17 GB                         [K
pulling e0a42594d802: 100% ▕██████████████████▏  358 B                         [K
pulling dd084c7d92a3: 100% ▕██████████████████▏ 8.4 KB                         [K
pulling 3116c5225075: 100% ▕██████████████████▏   77 B                         [K
pulling f838f048d368: 100% ▕██████████████████▏  490 B                         [K
verifying sha256 digest ⠙ [K[?25h[?2026l[?2026h[?25l[A[A[A[A[A[A[1Gpulling manifest [K
pulling e796792eba26: 100% ▕██████████████████▏  17 GB                         [K
pulling e0a42594d802: 100% ▕██████████████████▏  358 B                         [K
pulling dd084c7d92a3: 100% ▕██████████████████▏ 8.4 KB                         [K
pulling 3116c5225075: 100% ▕██████████████████▏   77 B                         [K
pulling f838f048d368: 100% ▕██████████████████▏  490 B                         [K
verifying sha256 digest ⠹ [K[?25h[?2026l[?2026h[?25l[A[A[A[A[A[A[1Gpulling manifest [K
pulling e796792eba26: 100% ▕██████████████████▏  17 GB                         [K
pulling e0a42594d802: 100% ▕██████████████████▏  358 B                         [K
pulling dd084c7d92a3: 100% ▕██████████████████▏ 8.4 KB                         [K
pulling 3116c5225075: 100% ▕██████████████████▏   77 B                         [K
pulling f838f048d368: 100% ▕██████████████████▏  490 B                         [K
verifying sha256 digest ⠸ [K[?25h[?2026l[?2026h[?25l[A[A[A[A[A[A[1Gpulling manifest [K
pulling e796792eba26: 100% ▕██████████████████▏  17 GB                         [K
pulling e0a42594d802: 100% ▕██████████████████▏  358 B                         [K
pulling dd084c7d92a3: 100% ▕██████████████████▏ 8.4 KB                         [K
pulling 3116c5225075: 100% ▕██████████████████▏   77 B                         [K
pulling f838f048d368: 100% ▕██████████████████▏  490 B                         [K
verifying sha256 digest ⠼ [K[?25h[?2026l[?2026h[?25l[A[A[A[A[A[A[1Gpulling manifest [K
pulling e796792eba26: 100% ▕██████████████████▏  17 GB                         [K
pulling e0a42594d802: 100% ▕██████████████████▏  358 B                         [K
pulling dd084c7d92a3: 100% ▕██████████████████▏ 8.4 KB                         [K
pulling 3116c5225075: 100% ▕██████████████████▏   77 B                         [K
pulling f838f048d368: 100% ▕██████████████████▏  490 B                         [K
verifying sha256 digest ⠴ [K[?25h[?2026l[?2026h[?25l[A[A[A[A[A[A[1Gpulling manifest [K
pulling e796792eba26: 100% ▕██████████████████▏  17 GB                         [K
pulling e0a42594d802: 100% ▕██████████████████▏  358 B                         [K
pulling dd084c7d92a3: 100% ▕██████████████████▏ 8.4 KB                         [K
pulling 3116c5225075: 100% ▕██████████████████▏   77 B                         [K
pulling f838f048d368: 100% ▕██████████████████▏  490 B                         [K
verifying sha256 digest ⠦ [K[?25h[?2026l[?2026h[?25l[A[A[A[A[A[A[1Gpulling manifest [K
pulling e796792eba26: 100% ▕██████████████████▏  17 GB                         [K
pulling e0a42594d802: 100% ▕██████████████████▏  358 B                         [K
pulling dd084c7d92a3: 100% ▕██████████████████▏ 8.4 KB                         [K
pulling 3116c5225075: 100% ▕██████████████████▏   77 B                         [K
pulling f838f048d368: 100% ▕██████████████████▏  490 B                         [K
verifying sha256 digest ⠧ [K[?25h[?2026l[?2026h[?25l[A[A[A[A[A[A[1Gpulling manifest [K
pulling e796792eba26: 100% ▕██████████████████▏  17 GB                         [K
pulling e0a42594d802: 100% ▕██████████████████▏  358 B                         [K
pulling dd084c7d92a3: 100% ▕██████████████████▏ 8.4 KB                         [K
pulling 3116c5225075: 100% ▕██████████████████▏   77 B                         [K
pulling f838f048d368: 100% ▕██████████████████▏  490 B                         [K
verifying sha256 digest ⠇ [K[?25h[?2026l[?2026h[?25l[A[A[A[A[A[A[1Gpulling manifest [K
pulling e796792eba26: 100% ▕██████████████████▏  17 GB                         [K
pulling e0a42594d802: 100% ▕██████████████████▏  358 B                         [K
pulling dd084c7d92a3: 100% ▕██████████████████▏ 8.4 KB                         [K
pulling 3116c5225075: 100% ▕██████████████████▏   77 B                         [K
pulling f838f048d368: 100% ▕██████████████████▏  490 B                         [K
verifying sha256 digest ⠏ [K[?25h[?2026l[?2026h[?25l[A[A[A[A[A[A[1Gpulling manifest [K
pulling e796792eba26: 100% ▕██████████████████▏  17 GB                         [K
pulling e0a42594d802: 100% ▕██████████████████▏  358 B                         [K
pulling dd084c7d92a3: 100% ▕██████████████████▏ 8.4 KB                         [K
pulling 3116c5225075: 100% ▕██████████████████▏   77 B                         [K
pulling f838f048d368: 100% ▕██████████████████▏  490 B                         [K
verifying sha256 digest ⠋ [K[?25h[?2026l[?2026h[?25l[A[A[A[A[A[A[1Gpulling manifest [K
pulling e796792eba26: 100% ▕██████████████████▏  17 GB                         [K
pulling e0a42594d802: 100% ▕██████████████████▏  358 B                         [K
pulling dd084c7d92a3: 100% ▕██████████████████▏ 8.4 KB                         [K
pulling 3116c5225075: 100% ▕██████████████████▏   77 B                         [K
pulling f838f048d368: 100% ▕██████████████████▏  490 B                         [K
verifying sha256 digest ⠙ [K[?25h[?2026l[?2026h[?25l[A[A[A[A[A[A[1Gpulling manifest [K
pulling e796792eba26: 100% ▕██████████████████▏  17 GB                         [K
pulling e0a42594d802: 100% ▕██████████████████▏  358 B                         [K
pulling dd084c7d92a3: 100% ▕██████████████████▏ 8.4 KB                         [K
pulling 3116c5225075: 100% ▕██████████████████▏   77 B                         [K
pulling f838f048d368: 100% ▕██████████████████▏  490 B                         [K
verifying sha256 digest ⠹ [K[?25h[?2026l[?2026h[?25l[A[A[A[A[A[A[1Gpulling manifest [K
pulling e796792eba26: 100% ▕██████████████████▏  17 GB                         [K
pulling e0a42594d802: 100% ▕██████████████████▏  358 B                         [K
pulling dd084c7d92a3: 100% ▕██████████████████▏ 8.4 KB                         [K
pulling 3116c5225075: 100% ▕██████████████████▏   77 B                         [K
pulling f838f048d368: 100% ▕██████████████████▏  490 B                         [K
verifying sha256 digest ⠸ [K[?25h[?2026l[?2026h[?25l[A[A[A[A[A[A[1Gpulling manifest [K
pulling e796792eba26: 100% ▕██████████████████▏  17 GB                         [K
pulling e0a42594d802: 100% ▕██████████████████▏  358 B                         [K
pulling dd084c7d92a3: 100% ▕██████████████████▏ 8.4 KB                         [K
pulling 3116c5225075: 100% ▕██████████████████▏   77 B                         [K
pulling f838f048d368: 100% ▕██████████████████▏  490 B                         [K
verifying sha256 digest ⠼ [K[?25h[?2026l[?2026h[?25l[A[A[A[A[A[A[1Gpulling manifest [K
pulling e796792eba26: 100% ▕██████████████████▏  17 GB                         [K
pulling e0a42594d802: 100% ▕██████████████████▏  358 B                         [K
pulling dd084c7d92a3: 100% ▕██████████████████▏ 8.4 KB                         [K
pulling 3116c5225075: 100% ▕██████████████████▏   77 B                         [K
pulling f838f048d368: 100% ▕██████████████████▏  490 B                         [K
verifying sha256 digest ⠴ [K[?25h[?2026l[?2026h[?25l[A[A[A[A[A[A[1Gpulling manifest [K
pulling e796792eba26: 100% ▕██████████████████▏  17 GB                         [K
pulling e0a42594d802: 100% ▕██████████████████▏  358 B                         [K
pulling dd084c7d92a3: 100% ▕██████████████████▏ 8.4 KB                         [K
pulling 3116c5225075: 100% ▕██████████████████▏   77 B                         [K
pulling f838f048d368: 100% ▕██████████████████▏  490 B                         [K
verifying sha256 digest [K
writing manifest [K
success [K[?25h[?2026l
=== pull llama3.2-vision:11b
INFO:    underlay of /etc/localtime required more than 50 (83) bind mounts
[?2026h[?25l[1Gpulling manifest ⠋ [K[?25h[?2026l[?2026h[?25l[1Gpulling manifest ⠙ [K[?25h[?2026l[?2026h[?25l[1Gpulling manifest ⠹ [K[?25h[?2026l[?2026h[?25l[1Gpulling manifest ⠸ [K[?25h[?2026l[?2026h[?25l[1Gpulling manifest [K
pulling 9999d473417a:   0% ▕                  ▏ 428 KB/7.8 GB                  [K[?25h[?2026l[?2026h[?25l[A[1Gpulling manifest [K
pulling 9999d473417a:   0% ▕                  ▏ 9.2 MB/7.8 GB                  [K[?25h[?2026l[?2026h[?25l[A[1Gpulling manifest [K
pulling 9999d473417a:   1% ▕                  ▏  69 MB/7.8 GB                  [K[?25h[?2026l[?2026h[?25l[A[1Gpulling manifest [K
pulling 9999d473417a:   1% ▕                  ▏ 108 MB/7.8 GB                  [K[?25h[?2026l[?2026h[?25l[A[1Gpulling manifest [K
pulling 9999d473417a:   2% ▕                  ▏ 133 MB/7.8 GB                  [K[?25h[?2026l[?2026h[?25l[A[1Gpulling manifest [K
pulling 9999d473417a:   2% ▕                  ▏ 167 MB/7.8 GB                  [K[?25h[?2026l[?2026h[?25l[A[1Gpulling manifest [K
pulling 9999d473417a:   3% ▕                  ▏ 201 MB/7.8 GB                  [K[?25h[?2026l[?2026h[?25l[A[1Gpulling manifest [K
pulling 9999d473417a:   3% ▕                  ▏ 229 MB/7.8 GB                  [K[?25h[?2026l[?2026h[?25l[A[1Gpulling manifest [K
pulling 9999d473417a:   3% ▕                  ▏ 262 MB/7.8 GB                  [K[?25h[?2026l[?2026h[?25l[A[1Gpulling manifest [K
pulling 9999d473417a:   4% ▕                  ▏ 298 MB/7.8 GB                  [K[?25h[?2026l[?2026h[?25l[A[1Gpulling manifest [K
pulling 9999d473417a:   4% ▕                  ▏ 326 MB/7.8 GB                  [K[?25h[?2026l[?2026h[?25l[A[1Gpulling manifest [K
pulling 9999d473417a:   5% ▕                  ▏ 358 MB/7.8 GB  342 MB/s     21s[K[?25h[?2026l[?2026h[?25l[A[1Gpulling manifest [K
pulling 9999d473417a:   5% ▕                  ▏ 390 MB/7.8 GB  342 MB/s     21s[K[?25h[?2026l[?2026h[?25l[A[1Gpulling manifest [K
pulling 9999d473417a:   5% ▕                  ▏ 424 MB/7.8 GB  342 MB/s     21s[K[?25h[?2026l[?2026h[?25l[A[1Gpulling manifest [K
pulling 9999d473417a:   6% ▕█                 ▏ 453 MB/7.8 GB  342 MB/s     21s[K[?25h[?2026l[?2026h[?25l[A[1Gpulling manifest [K
pulling 9999d473417a:   6% ▕█                 ▏ 483 MB/7.8 GB  342 MB/s     21s[K[?25h[?2026l[?2026h[?25l[A[1Gpulling manifest [K
pulling 9999d473417a:   7% ▕█                 ▏ 508 MB/7.8 GB  342 MB/s     21s[K[?25h[?2026l[?2026h[?25l[A[1Gpulling manifest [K
pulling 9999d473417a:   7% ▕█                 ▏ 540 MB/7.8 GB  342 MB/s     21s[K[?25h[?2026l[?2026h[?25l[A[1Gpulling manifest [K
pulling 9999d473417a:   7% ▕█                 ▏ 566 MB/7.8 GB  342 MB/s     21s[K[?25h[?2026l[?2026h[?25l[A[1Gpulling manifest [K
pulling 9999d473417a:   7% ▕█                 ▏ 585 MB/7.8 GB  342 MB/s     21s[K[?25h[?2026l[?2026h[?25l[A[1Gpulling manifest [K
pulling 9999d473417a:   8% ▕█                 ▏ 617 MB/7.8 GB  342 MB/s     21s[K[?25h[?2026l[?2026h[?25l[A[1Gpulling manifest [K
pulling 9999d473417a:   8% ▕█                 ▏ 647 MB/7.8 GB  320 MB/s     22s[K[?25h[?2026l[?2026h[?25l[A[1Gpulling manifest [K
pulling 9999d473417a:   9% ▕█                 ▏ 671 MB/7.8 GB  320 MB/s     22s[K[?25h[?2026l[?2026h[?25l[A[1Gpulling manifest [K
pulling 9999d473417a:   9% ▕█                 ▏ 692 MB/7.8 GB  320 MB/s     22s[K[?25h[?2026l[?2026h[?25l[A[1Gpulling manifest [K
pulling 9999d473417a:   9% ▕█                 ▏ 728 MB/7.8 GB  320 MB/s     22s[K[?25h[?2026l[?2026h[?25l[A[1Gpulling manifest [K
pulling 9999d473417a:  10% ▕█                 ▏ 759 MB/7.8 GB  320 MB/s     22s[K[?25h[?2026l[?2026h[?25l[A[1Gpulling manifest [K
pulling 9999d473417a:  10% ▕█                 ▏ 791 MB/7.8 GB  320 MB/s     21s[K[?25h[?2026l[?2026h[?25l[A[1Gpulling manifest [K
pulling 9999d473417a:  10% ▕█                 ▏ 817 MB/7.8 GB  320 MB/s     21s[K[?25h[?2026l[?2026h[?25l[A[1Gpulling manifest [K
pulling 9999d473417a:  11% ▕█                 ▏ 853 MB/7.8 GB  320 MB/s     21s[K[?25h[?2026l[?2026h[?25l[A[1Gpulling manifest [K
pulling 9999d473417a:  11% ▕██                ▏ 889 MB/7.8 GB  320 MB/s     21s[K[?25h[?2026l[?2026h[?25l[A[1Gpulling manifest [K
pulling 9999d473417a:  12% ▕██                ▏ 921 MB/7.8 GB  320 MB/s     21s[K[?25h[?2026l[?2026h[?25l[A[1Gpulling manifest [K
pulling 9999d473417a:  12% ▕██                ▏ 954 MB/7.8 GB  318 MB/s     21s[K[?25h[?2026l[?2026h[?25l[A[1Gpulling manifest [K
pulling 9999d473417a:  13% ▕██                ▏ 987 MB/7.8 GB  318 MB/s     21s[K[?25h[?2026l[?2026h[?25l[A[1Gpulling manifest [K
pulling 9999d473417a:  13% ▕██                ▏ 1.0 GB/7.8 GB  318 MB/s     21s[K[?25h[?2026l[?2026h[?25l[A[1Gpulling manifest [K
pulling 9999d473417a:  14% ▕██                ▏ 1.1 GB/7.8 GB  318 MB/s     21s[K[?25h[?2026l[?2026h[?25l[A[1Gpulling manifest [K
pulling 9999d473417a:  14% ▕██                ▏ 1.1 GB/7.8 GB  318 MB/s     21s[K[?25h[?2026l[?2026h[?25l[A[1Gpulling manifest [K
pulling 9999d473417a:  14% ▕██                ▏ 1.1 GB/7.8 GB  318 MB/s     21s[K[?25h[?2026l[?2026h[?25l[A[1Gpulling manifest [K
pulling 9999d473417a:  15% ▕██                ▏ 1.1 GB/7.8 GB  318 MB/s     20s[K[?25h[?2026l[?2026h[?25l[A[1Gpulling manifest [K
pulling 9999d473417a:  15% ▕██                ▏ 1.2 GB/7.8 GB  318 MB/s     20s[K[?25h[?2026l[?2026h[?25l[A[1Gpulling manifest [K
pulling 9999d473417a:  15% ▕██                ▏ 1.2 GB/7.8 GB  318 MB/s     20s[K[?25h[?2026l[?2026h[?25l[A[1Gpulling manifest [K
pulling 9999d473417a:  16% ▕██                ▏ 1.2 GB/7.8 GB  318 MB/s     20s[K[?25h[?2026l[?2026h[?25l[A[1Gpulling manifest [K
pulling 9999d473417a:  16% ▕██                ▏ 1.3 GB/7.8 GB  318 MB/s     20s[K[?25h[?2026l[?2026h[?25l[A[1Gpulling manifest [K
pulling 9999d473417a:  16% ▕██                ▏ 1.3 GB/7.8 GB  320 MB/s     20s[K[?25h[?2026l[?2026h[?25l[A[1Gpulling manifest [K
pulling 9999d473417a:  17% ▕███               ▏ 1.3 GB/7.8 GB  320 MB/s     20s[K[?25h[?2026l[?2026h[?25l[A[1Gpulling manifest [K
pulling 9999d473417a:  17% ▕███               ▏ 1.3 GB/7.8 GB  320 MB/s     20s[K[?25h[?2026l[?2026h[?25l[A[1Gpulling manifest [K
pulling 9999d473417a:  18% ▕███               ▏ 1.4 GB/7.8 GB  320 MB/s     20s[K[?25h[?2026l[?2026h[?25l[A[1Gpulling manifest [K
pulling 9999d473417a:  18% ▕███               ▏ 1.4 GB/7.8 GB  320 MB/s     20s[K[?25h[?2026l[?2026h[?25l[A[1Gpulling manifest [K
pulling 9999d473417a:  18% ▕███               ▏ 1.4 GB/7.8 GB  320 MB/s     19s[K[?25h[?2026l[?2026h[?25l[A[1Gpulling manifest [K
pulling 9999d473417a:  19% ▕███               ▏ 1.5 GB/7.8 GB  320 MB/s     19s[K[?25h[?2026l[?2026h[?25l[A[1Gpulling manifest [K
pulling 9999d473417a:  19% ▕███               ▏ 1.5 GB/7.8 GB  320 MB/s     19s[K[?25h[?2026l[?2026h[?25l[A[1Gpulling manifest [K
pulling 9999d473417a:  19% ▕███               ▏ 1.5 GB/7.8 GB  320 MB/s     19s[K[?25h[?2026l[?2026h[?25l[A[1Gpulling manifest [K
pulling 9999d473417a:  20% ▕███               ▏ 1.5 GB/7.8 GB  320 MB/s     19s[K[?25h[?2026l[?2026h[?25l[A[1Gpulling manifest [K
pulling 9999d473417a:  20% ▕███               ▏ 1.6 GB/7.8 GB  316 MB/s     19s[K[?25h[?2026l[?2026h[?25l[A[1Gpulling manifest [K
pulling 9999d473417a:  21% ▕███               ▏ 1.6 GB/7.8 GB  316 MB/s     19s[K[?25h[?2026l[?2026h[?25l[A[1Gpulling manifest [K
pulling 9999d473417a:  21% ▕███               ▏ 1.6 GB/7.8 GB  316 MB/s     19s[K[?25h[?2026l[?2026h[?25l[A[1Gpulling manifest [K
pulling 9999d473417a:  21% ▕███               ▏ 1.7 GB/7.8 GB  316 MB/s     19s[K[?25h[?2026l[?2026h[?25l[A[1Gpulling manifest [K
pulling 9999d473417a:  22% ▕███               ▏ 1.7 GB/7.8 GB  316 MB/s     19s[K[?25h[?2026l[?2026h[?25l[A[1Gpulling manifest [K
pulling 9999d473417a:  22% ▕███               ▏ 1.7 GB/7.8 GB  316 MB/s     19s[K[?25h[?2026l[?2026h[?25l[A[1Gpulling manifest [K
pulling 9999d473417a:  22% ▕████              ▏ 1.8 GB/7.8 GB  316 MB/s     19s[K[?25h[?2026l[?2026h[?25l[A[1Gpulling manifest [K
pulling 9999d473417a:  23% ▕████              ▏ 1.8 GB/7.8 GB  316 MB/s     19s[K[?25h[?2026l[?2026h[?25l[A[1Gpulling manifest [K
pulling 9999d473417a:  23% ▕████              ▏ 1.8 GB/7.8 GB  316 MB/s     18s[K[?25h[?2026l[?2026h[?25l[A[1Gpulling manifest [K
pulling 9999d473417a:  24% ▕████              ▏ 1.8 GB/7.8 GB  316 MB/s     18s[K[?25h[?2026l[?2026h[?25l[A[1Gpulling manifest [K
pulling 9999d473417a:  24% ▕████              ▏ 1.9 GB/7.8 GB  316 MB/s     18s[K[?25h[?2026l[?2026h[?25l[A[1Gpulling manifest [K
pulling 9999d473417a:  24% ▕████              ▏ 1.9 GB/7.8 GB  315 MB/s     18s[K[?25h[?2026l[?2026h[?25l[A[1Gpulling manifest [K
pulling 9999d473417a:  25% ▕████              ▏ 1.9 GB/7.8 GB  315 MB/s     18s[K[?25h[?2026l[?2026h[?25l[A[1Gpulling manifest [K
pulling 9999d473417a:  25% ▕████              ▏ 2.0 GB/7.8 GB  315 MB/s     18s[K[?25h[?2026l[?2026h[?25l[A[1Gpulling manifest [K
pulling 9999d473417a:  25% ▕████              ▏ 2.0 GB/7.8 GB  315 MB/s     18s[K[?25h[?2026l[?2026h[?25l[A[1Gpulling manifest [K
pulling 9999d473417a:  26% ▕████              ▏ 2.0 GB/7.8 GB  315 MB/s     18s[K[?25h[?2026l[?2026h[?25l[A[1Gpulling manifest [K
pulling 9999d473417a:  26% ▕████              ▏ 2.0 GB/7.8 GB  315 MB/s     18s[K[?25h[?2026l[?2026h[?25l[A[1Gpulling manifest [K
pulling 9999d473417a:  26% ▕████              ▏ 2.1 GB/7.8 GB  315 MB/s     18s[K[?25h[?2026l[?2026h[?25l[A[1Gpulling manifest [K
pulling 9999d473417a:  27% ▕████              ▏ 2.1 GB/7.8 GB  315 MB/s     18s[K[?25h[?2026l[?2026h[?25l[A[1Gpulling manifest [K
pulling 9999d473417a:  27% ▕████              ▏ 2.1 GB/7.8 GB  315 MB/s     18s[K[?25h[?2026l[?2026h[?25l[A[1Gpulling manifest [K
pulling 9999d473417a:  28% ▕████              ▏ 2.2 GB/7.8 GB  315 MB/s     17s[K[?25h[?2026l[?2026h[?25l[A[1Gpulling manifest [K
pulling 9999d473417a:  28% ▕█████             ▏ 2.2 GB/7.8 GB  315 MB/s     17s[K[?25h[?2026l[?2026h[?25l[A[1Gpulling manifest [K
pulling 9999d473417a:  28% ▕█████             ▏ 2.2 GB/7.8 GB  314 MB/s     17s[K[?25h[?2026l[?2026h[?25l[A[1Gpulling manifest [K
pulling 9999d473417a:  29% ▕█████             ▏ 2.2 GB/7.8 GB  314 MB/s     17s[K[?25h[?2026l[?2026h[?25l[A[1Gpulling manifest [K
pulling 9999d473417a:  29% ▕█████             ▏ 2.3 GB/7.8 GB  314 MB/s     17s[K[?25h[?2026l[?2026h[?25l[A[1Gpulling manifest [K
pulling 9999d473417a:  29% ▕█████             ▏ 2.3 GB/7.8 GB  314 MB/s     17s[K[?25h[?2026l[?2026h[?25l[A[1Gpulling manifest [K
pulling 9999d473417a:  30% ▕█████             ▏ 2.3 GB/7.8 GB  314 MB/s     17s[K[?25h[?2026l[?2026h[?25l[A[1Gpulling manifest [K
pulling 9999d473417a:  30% ▕█████             ▏ 2.3 GB/7.8 GB  314 MB/s     17s[K[?25h[?2026l[?2026h[?25l[A[1Gpulling manifest [K
pulling 9999d473417a:  30% ▕█████             ▏ 2.4 GB/7.8 GB  314 MB/s     17s[K[?25h[?2026l[?2026h[?25l[A[1Gpulling manifest [K
pulling 9999d473417a:  31% ▕█████             ▏ 2.4 GB/7.8 GB  314 MB/s     17s[K[?25h[?2026l[?2026h[?25l[A[1Gpulling manifest [K
pulling 9999d473417a:  31% ▕█████             ▏ 2.4 GB/7.8 GB  314 MB/s     17s[K[?25h[?2026l[?2026h[?25l[A[1Gpulling manifest [K
pulling 9999d473417a:  31% ▕█████             ▏ 2.5 GB/7.8 GB  314 MB/s     17s[K[?25h[?2026l[?2026h[?25l[A[1Gpulling manifest [K
pulling 9999d473417a:  32% ▕█████             ▏ 2.5 GB/7.8 GB  310 MB/s     17s[K[?25h[?2026l[?2026h[?25l[A[1Gpulling manifest [K
pulling 9999d473417a:  32% ▕█████             ▏ 2.5 GB/7.8 GB  310 MB/s     17s[K[?25h[?2026l[?2026h[?25l[A[1Gpulling manifest [K
pulling 9999d473417a:  33% ▕█████             ▏ 2.6 GB/7.8 GB  310 MB/s     16s[K[?25h[?2026l[?2026h[?25l[A[1Gpulling manifest [K
pulling 9999d473417a:  33% ▕█████             ▏ 2.6 GB/7.8 GB  310 MB/s     16s[K[?25h[?2026l[?2026h[?25l[A[1Gpulling manifest [K
pulling 9999d473417a:  33% ▕█████             ▏ 2.6 GB/7.8 GB  310 MB/s     16s[K[?25h[?2026l[?2026h[?25l[A[1Gpulling manifest [K
pulling 9999d473417a:  33% ▕██████            ▏ 2.6 GB/7.8 GB  310 MB/s     16s[K[?25h[?2026l[?2026h[?25l[A[1Gpulling manifest [K
pulling 9999d473417a:  34% ▕██████            ▏ 2.6 GB/7.8 GB  310 MB/s     16s[K[?25h[?2026l[?2026h[?25l[A[1Gpulling manifest [K
pulling 9999d473417a:  34% ▕██████            ▏ 2.7 GB/7.8 GB  310 MB/s     16s[K[?25h[?2026l[?2026h[?25l[A[1Gpulling manifest [K
pulling 9999d473417a:  34% ▕██████            ▏ 2.7 GB/7.8 GB  310 MB/s     16s[K[?25h[?2026l[?2026h[?25l[A[1Gpulling manifest [K
pulling 9999d473417a:  35% ▕██████            ▏ 2.7 GB/7.8 GB  310 MB/s     16s[K[?25h[?2026l[?2026h[?25l[A[1Gpulling manifest [K
pulling 9999d473417a:  35% ▕██████            ▏ 2.7 GB/7.8 GB  305 MB/s     16s[K[?25h[?2026l[?2026h[?25l[A[1Gpulling manifest [K
pulling 9999d473417a:  35% ▕██████            ▏ 2.8 GB/7.8 GB  305 MB/s     16s[K[?25h[?2026l[?2026h[?25l[A[1Gpulling manifest [K
pulling 9999d473417a:  36% ▕██████            ▏ 2.8 GB/7.8 GB  305 MB/s     16s[K[?25h[?2026l[?2026h[?25l[A[1Gpulling manifest [K
pulling 9999d473417a:  36% ▕██████            ▏ 2.8 GB/7.8 GB  305 MB/s     16s[K[?25h[?2026l[?2026h[?25l[A[1Gpulling manifest [K
pulling 9999d473417a:  36% ▕██████            ▏ 2.8 GB/7.8 GB  305 MB/s     16s[K[?25h[?2026l[?2026h[?25l[A[1Gpulling manifest [K
pulling 9999d473417a:  37% ▕██████            ▏ 2.9 GB/7.8 GB  305 MB/s     16s[K[?25h[?2026l[?2026h[?25l[A[1Gpulling manifest [K
pulling 9999d473417a:  37% ▕██████            ▏ 2.9 GB/7.8 GB  305 MB/s     16s[K[?25h[?2026l[?2026h[?25l[A[1Gpulling manifest [K
pulling 9999d473417a:  37% ▕██████            ▏ 2.9 GB/7.8 GB  305 MB/s     16s[K[?25h[?2026l[?2026h[?25l[A[1Gpulling manifest [K
pulling 9999d473417a:  37% ▕██████            ▏ 2.9 GB/7.8 GB  305 MB/s     15s[K[?25h[?2026l[?2026h[?25l[A[1Gpulling manifest [K
pulling 9999d473417a:  38% ▕██████            ▏ 3.0 GB/7.8 GB  305 MB/s     15s[K[?25h[?2026l[?2026h[?25l[A[1Gpulling manifest [K
pulling 9999d473417a:  38% ▕██████            ▏ 3.0 GB/7.8 GB  293 MB/s     16s[K[?25h[?2026l[?2026h[?25l[A[1Gpulling manifest [K
pulling 9999d473417a:  38% ▕██████            ▏ 3.0 GB/7.8 GB  293 MB/s     16s[K[?25h[?2026l[?2026h[?25l[A[1Gpulling manifest [K
pulling 9999d473417a:  39% ▕██████            ▏ 3.0 GB/7.8 GB  293 MB/s     16s[K[?25h[?2026l[?2026h[?25l[A[1Gpulling manifest [K
pulling 9999d473417a:  39% ▕███████           ▏ 3.0 GB/7.8 GB  293 MB/s     16s[K[?25h[?2026l[?2026h[?25l[A[1Gpulling manifest [K
pulling 9999d473417a:  39% ▕███████           ▏ 3.1 GB/7.8 GB  293 MB/s     16s[K[?25h[?2026l[?2026h[?25l[A[1Gpulling manifest [K
pulling 9999d473417a:  40% ▕███████           ▏ 3.1 GB/7.8 GB  293 MB/s     16s[K[?25h[?2026l[?2026h[?25l[A[1Gpulling manifest [K
pulling 9999d473417a:  40% ▕███████           ▏ 3.1 GB/7.8 GB  293 MB/s     15s[K[?25h[?2026l[?2026h[?25l[A[1Gpulling manifest [K
pulling 9999d473417a:  40% ▕███████           ▏ 3.2 GB/7.8 GB  293 MB/s     15s[K[?25h[?2026l[?2026h[?25l[A[1Gpulling manifest [K
pulling 9999d473417a:  41% ▕███████           ▏ 3.2 GB/7.8 GB  293 MB/s     15s[K[?25h[?2026l[?2026h[?25l[A[1Gpulling manifest [K
pulling 9999d473417a:  41% ▕███████           ▏ 3.2 GB/7.8 GB  293 MB/s     15s[K[?25h[?2026l[?2026h[?25l[A[1Gpulling manifest [K
pulling 9999d473417a:  42% ▕███████           ▏ 3.2 GB/7.8 GB  289 MB/s     15s[K[?25h[?2026l[?2026h[?25l[A[1Gpulling manifest [K
pulling 9999d473417a:  42% ▕███████           ▏ 3.3 GB/7.8 GB  289 MB/s     15s[K[?25h[?2026l[?2026h[?25l[A[1Gpulling manifest [K
pulling 9999d473417a:  42% ▕███████           ▏ 3.3 GB/7.8 GB  289 MB/s     15s[K[?25h[?2026l[?2026h[?25l[A[1Gpulling manifest [K
pulling 9999d473417a:  42% ▕███████           ▏ 3.3 GB/7.8 GB  289 MB/s     15s[K[?25h[?2026l[?2026h[?25l[A[1Gpulling manifest [K
pulling 9999d473417a:  43% ▕███████           ▏ 3.3 GB/7.8 GB  289 MB/s     15s[K[?25h[?2026l[?2026h[?25l[A[1Gpulling manifest [K
pulling 9999d473417a:  43% ▕███████           ▏ 3.4 GB/7.8 GB  289 MB/s     15s[K[?25h[?2026l[?2026h[?25l[A[1Gpulling manifest [K
pulling 9999d473417a:  43% ▕███████           ▏ 3.4 GB/7.8 GB  289 MB/s     15s[K[?25h[?2026l[?2026h[?25l[A[1Gpulling manifest [K
pulling 9999d473417a:  44% ▕███████           ▏ 3.4 GB/7.8 GB  289 MB/s     15s[K[?25h[?2026l[?2026h[?25l[A[1Gpulling manifest [K
pulling 9999d473417a:  44% ▕███████           ▏ 3.4 GB/7.8 GB  289 MB/s     15s[K[?25h[?2026l[?2026h[?25l[A[1Gpulling manifest [K
pulling 9999d473417a:  44% ▕███████           ▏ 3.5 GB/7.8 GB  289 MB/s     15s[K[?25h[?2026l[?2026h[?25l[A[1Gpulling manifest [K
pulling 9999d473417a:  44% ▕███████           ▏ 3.5 GB/7.8 GB  289 MB/s     15s[K[?25h[?2026l[?2026h[?25l[A[1Gpulling manifest [K
pulling 9999d473417a:  45% ▕████████          ▏ 3.5 GB/7.8 GB  280 MB/s     15s[K[?25h[?2026l[?2026h[?25l[A[1Gpulling manifest [K
pulling 9999d473417a:  45% ▕████████          ▏ 3.5 GB/7.8 GB  280 MB/s     15s[K[?25h[?2026l[?2026h[?25l[A[1Gpulling manifest [K
pulling 9999d473417a:  45% ▕████████          ▏ 3.5 GB/7.8 GB  280 MB/s     15s[K[?25h[?2026l[?2026h[?25l[A[1Gpulling manifest [K
pulling 9999d473417a:  45% ▕████████          ▏ 3.6 GB/7.8 GB  280 MB/s     15s[K[?25h[?2026l[?2026h[?25l[A[1Gpulling manifest [K
pulling 9999d473417a:  46% ▕████████          ▏ 3.6 GB/7.8 GB  280 MB/s     15s[K[?25h[?2026l[?2026h[?25l[A[1Gpulling manifest [K
pulling 9999d473417a:  46% ▕████████          ▏ 3.6 GB/7.8 GB  280 MB/s     15s[K[?25h[?2026l[?2026h[?25l[A[1Gpulling manifest [K
pulling 9999d473417a:  46% ▕████████          ▏ 3.6 GB/7.8 GB  280 MB/s     14s[K[?25h[?2026l[?2026h[?25l[A[1Gpulling manifest [K
pulling 9999d473417a:  47% ▕████████          ▏ 3.6 GB/7.8 GB  280 MB/s     14s[K[?25h[?2026l[?2026h[?25l[A[1Gpulling manifest [K
pulling 9999d473417a:  47% ▕████████          ▏ 3.7 GB/7.8 GB  280 MB/s     14s[K[?25h[?2026l[?2026h[?25l[A[1Gpulling manifest [K
pulling 9999d473417a:  47% ▕████████          ▏ 3.7 GB/7.8 GB  280 MB/s     14s[K[?25h[?2026l[?2026h[?25l[A[1Gpulling manifest [K
pulling 9999d473417a:  48% ▕████████          ▏ 3.7 GB/7.8 GB  271 MB/s     15s[K[?25h[?2026l[?2026h[?25l[A[1Gpulling manifest [K
pulling 9999d473417a:  48% ▕████████          ▏ 3.8 GB/7.8 GB  271 MB/s     14s[K[?25h[?2026l[?2026h[?25l[A[1Gpulling manifest [K
pulling 9999d473417a:  48% ▕████████          ▏ 3.8 GB/7.8 GB  271 MB/s     14s[K[?25h[?2026l[?2026h[?25l[A[1Gpulling manifest [K
pulling 9999d473417a:  49% ▕████████          ▏ 3.8 GB/7.8 GB  271 MB/s     14s[K[?25h[?2026l[?2026h[?25l[A[1Gpulling manifest [K
pulling 9999d473417a:  49% ▕████████          ▏ 3.8 GB/7.8 GB  271 MB/s     14s[K[?25h[?2026l[?2026h[?25l[A[1Gpulling manifest [K
pulling 9999d473417a:  49% ▕████████          ▏ 3.8 GB/7.8 GB  271 MB/s     14s[K[?25h[?2026l[?2026h[?25l[A[1Gpulling manifest [K
pulling 9999d473417a:  50% ▕████████          ▏ 3.9 GB/7.8 GB  271 MB/s     14s[K[?25h[?2026l[?2026h[?25l[A[1Gpulling manifest [K
pulling 9999d473417a:  50% ▕████████          ▏ 3.9 GB/7.8 GB  271 MB/s     14s[K[?25h[?2026l[?2026h[?25l[A[1Gpulling manifest [K
pulling 9999d473417a:  50% ▕█████████         ▏ 3.9 GB/7.8 GB  271 MB/s     14s[K[?25h[?2026l[?2026h[?25l[A[1Gpulling manifest [K
pulling 9999d473417a:  51% ▕█████████         ▏ 3.9 GB/7.8 GB  271 MB/s     14s[K[?25h[?2026l[?2026h[?25l[A[1Gpulling manifest [K
pulling 9999d473417a:  51% ▕█████████         ▏ 4.0 GB/7.8 GB  266 MB/s     14s[K[?25h[?2026l[?2026h[?25l[A[1Gpulling manifest [K
pulling 9999d473417a:  51% ▕█████████         ▏ 4.0 GB/7.8 GB  266 MB/s     14s[K[?25h[?2026l[?2026h[?25l[A[1Gpulling manifest [K
pulling 9999d473417a:  52% ▕█████████         ▏ 4.0 GB/7.8 GB  266 MB/s     14s[K[?25h[?2026l[?2026h[?25l[A[1Gpulling manifest [K
pulling 9999d473417a:  52% ▕█████████         ▏ 4.1 GB/7.8 GB  266 MB/s     14s[K[?25h[?2026l[?2026h[?25l[A[1Gpulling manifest [K
pulling 9999d473417a:  53% ▕█████████         ▏ 4.1 GB/7.8 GB  266 MB/s     13s[K[?25h[?2026l[?2026h[?25l[A[1Gpulling manifest [K
pulling 9999d473417a:  53% ▕█████████         ▏ 4.1 GB/7.8 GB  266 MB/s     13s[K[?25h[?2026l[?2026h[?25l[A[1Gpulling manifest [K
pulling 9999d473417a:  53% ▕█████████         ▏ 4.2 GB/7.8 GB  266 MB/s     13s[K[?25h[?2026l[?2026h[?25l[A[1Gpulling manifest [K
pulling 9999d473417a:  54% ▕█████████         ▏ 4.2 GB/7.8 GB  266 MB/s     13s[K[?25h[?2026l[?2026h[?25l[A[1Gpulling manifest [K
pulling 9999d473417a:  54% ▕█████████         ▏ 4.2 GB/7.8 GB  266 MB/s     13s[K[?25h[?2026l[?2026h[?25l[A[1Gpulling manifest [K
pulling 9999d473417a:  54% ▕█████████         ▏ 4.2 GB/7.8 GB  266 MB/s     13s[K[?25h[?2026l[?2026h[?25l[A[1Gpulling manifest [K
pulling 9999d473417a:  55% ▕█████████         ▏ 4.3 GB/7.8 GB  266 MB/s     13s[K[?25h[?2026l[?2026h[?25l[A[1Gpulling manifest [K
pulling 9999d473417a:  55% ▕█████████         ▏ 4.3 GB/7.8 GB  269 MB/s     12s[K[?25h[?2026l[?2026h[?25l[A[1Gpulling manifest [K
pulling 9999d473417a:  56% ▕██████████        ▏ 4.4 GB/7.8 GB  269 MB/s     12s[K[?25h[?2026l[?2026h[?25l[A[1Gpulling manifest [K
pulling 9999d473417a:  56% ▕██████████        ▏ 4.4 GB/7.8 GB  269 MB/s     12s[K[?25h[?2026l[?2026h[?25l[A[1Gpulling manifest [K
pulling 9999d473417a:  57% ▕██████████        ▏ 4.4 GB/7.8 GB  269 MB/s     12s[K[?25h[?2026l[?2026h[?25l[A[1Gpulling manifest [K
pulling 9999d473417a:  57% ▕██████████        ▏ 4.5 GB/7.8 GB  269 MB/s     12s[K[?25h[?2026l[?2026h[?25l[A[1Gpulling manifest [K
pulling 9999d473417a:  57% ▕██████████        ▏ 4.5 GB/7.8 GB  269 MB/s     12s[K[?25h[?2026l[?2026h[?25l[A[1Gpulling manifest [K
pulling 9999d473417a:  58% ▕██████████        ▏ 4.5 GB/7.8 GB  269 MB/s     12s[K[?25h[?2026l[?2026h[?25l[A[1Gpulling manifest [K
pulling 9999d473417a:  58% ▕██████████        ▏ 4.5 GB/7.8 GB  269 MB/s     12s[K[?25h[?2026l[?2026h[?25l[A[1Gpulling manifest [K
pulling 9999d473417a:  58% ▕██████████        ▏ 4.6 GB/7.8 GB  269 MB/s     12s[K[?25h[?2026l[?2026h[?25l[A[1Gpulling manifest [K
pulling 9999d473417a:  59% ▕██████████        ▏ 4.6 GB/7.8 GB  269 MB/s     11s[K[?25h[?2026l[?2026h[?25l[A[1Gpulling manifest [K
pulling 9999d473417a:  59% ▕██████████        ▏ 4.6 GB/7.8 GB  270 MB/s     11s[K[?25h[?2026l[?2026h[?25l[A[1Gpulling manifest [K
pulling 9999d473417a:  60% ▕██████████        ▏ 4.7 GB/7.8 GB  270 MB/s     11s[K[?25h[?2026l[?2026h[?25l[A[1Gpulling manifest [K
pulling 9999d473417a:  60% ▕██████████        ▏ 4.7 GB/7.8 GB  270 MB/s     11s[K[?25h[?2026l[?2026h[?25l[A[1Gpulling manifest [K
pulling 9999d473417a:  60% ▕██████████        ▏ 4.7 GB/7.8 GB  270 MB/s     11s[K[?25h[?2026l[?2026h[?25l[A[1Gpulling manifest [K
pulling 9999d473417a:  61% ▕██████████        ▏ 4.8 GB/7.8 GB  270 MB/s     11s[K[?25h[?2026l[?2026h[?25l[A[1Gpulling manifest [K
pulling 9999d473417a:  61% ▕███████████       ▏ 4.8 GB/7.8 GB  270 MB/s     11s[K[?25h[?2026l[?2026h[?25l[A[1Gpulling manifest [K
pulling 9999d473417a:  62% ▕███████████       ▏ 4.8 GB/7.8 GB  270 MB/s     11s[K[?25h[?2026l[?2026h[?25l[A[1Gpulling manifest [K
pulling 9999d473417a:  62% ▕███████████       ▏ 4.9 GB/7.8 GB  270 MB/s     10s[K[?25h[?2026l[?2026h[?25l[A[1Gpulling manifest [K
pulling 9999d473417a:  63% ▕███████████       ▏ 4.9 GB/7.8 GB  270 MB/s     10s[K[?25h[?2026l[?2026h[?25l[A[1Gpulling manifest [K
pulling 9999d473417a:  63% ▕███████████       ▏ 4.9 GB/7.8 GB  270 MB/s     10s[K[?25h[?2026l[?2026h[?25l[A[1Gpulling manifest [K
pulling 9999d473417a:  64% ▕███████████       ▏ 5.0 GB/7.8 GB  277 MB/s     10s[K[?25h[?2026l[?2026h[?25l[A[1Gpulling manifest [K
pulling 9999d473417a:  64% ▕███████████       ▏ 5.0 GB/7.8 GB  277 MB/s     10s[K[?25h[?2026l[?2026h[?25l[A[1Gpulling manifest [K
pulling 9999d473417a:  64% ▕███████████       ▏ 5.0 GB/7.8 GB  277 MB/s     10s[K[?25h[?2026l[?2026h[?25l[A[1Gpulling manifest [K
pulling 9999d473417a:  65% ▕███████████       ▏ 5.1 GB/7.8 GB  277 MB/s      9s[K[?25h[?2026l[?2026h[?25l[A[1Gpulling manifest [K
pulling 9999d473417a:  65% ▕███████████       ▏ 5.1 GB/7.8 GB  277 MB/s      9s[K[?25h[?2026l[?2026h[?25l[A[1Gpulling manifest [K
pulling 9999d473417a:  66% ▕███████████       ▏ 5.1 GB/7.8 GB  277 MB/s      9s[K[?25h[?2026l[?2026h[?25l[A[1Gpulling manifest [K
pulling 9999d473417a:  66% ▕███████████       ▏ 5.2 GB/7.8 GB  277 MB/s      9s[K[?25h[?2026l[?2026h[?25l[A[1Gpulling manifest [K
pulling 9999d473417a:  66% ▕███████████       ▏ 5.2 GB/7.8 GB  277 MB/s      9s[K[?25h[?2026l[?2026h[?25l[A[1Gpulling manifest [K
pulling 9999d473417a:  67% ▕████████████      ▏ 5.2 GB/7.8 GB  277 MB/s      9s[K[?25h[?2026l[?2026h[?25l[A[1Gpulling manifest [K
pulling 9999d473417a:  67% ▕████████████      ▏ 5.3 GB/7.8 GB  277 MB/s      9s[K[?25h[?2026l[?2026h[?25l[A[1Gpulling manifest [K
pulling 9999d473417a:  68% ▕████████████      ▏ 5.3 GB/7.8 GB  277 MB/s      9s[K[?25h[?2026l[?2026h[?25l[A[1Gpulling manifest [K
pulling 9999d473417a:  68% ▕████████████      ▏ 5.3 GB/7.8 GB  285 MB/s      8s[K[?25h[?2026l[?2026h[?25l[A[1Gpulling manifest [K
pulling 9999d473417a:  68% ▕████████████      ▏ 5.3 GB/7.8 GB  285 MB/s      8s[K[?25h[?2026l[?2026h[?25l[A[1Gpulling manifest [K
pulling 9999d473417a:  69% ▕████████████      ▏ 5.4 GB/7.8 GB  285 MB/s      8s[K[?25h[?2026l[?2026h[?25l[A[1Gpulling manifest [K
pulling 9999d473417a:  69% ▕████████████      ▏ 5.4 GB/7.8 GB  285 MB/s      8s[K[?25h[?2026l[?2026h[?25l[A[1Gpulling manifest [K
pulling 9999d473417a:  69% ▕████████████      ▏ 5.4 GB/7.8 GB  285 MB/s      8s[K[?25h[?2026l[?2026h[?25l[A[1Gpulling manifest [K
pulling 9999d473417a:  70% ▕████████████      ▏ 5.4 GB/7.8 GB  285 MB/s      8s[K[?25h[?2026l[?2026h[?25l[A[1Gpulling manifest [K
pulling 9999d473417a:  70% ▕████████████      ▏ 5.5 GB/7.8 GB  285 MB/s      8s[K[?25h[?2026l[?2026h[?25l[A[1Gpulling manifest [K
pulling 9999d473417a:  70% ▕████████████      ▏ 5.5 GB/7.8 GB  285 MB/s      8s[K[?25h[?2026l[?2026h[?25l[A[1Gpulling manifest [K
pulling 9999d473417a:  71% ▕████████████      ▏ 5.5 GB/7.8 GB  285 MB/s      7s[K[?25h[?2026l[?2026h[?25l[A[1Gpulling manifest [K
pulling 9999d473417a:  71% ▕████████████      ▏ 5.6 GB/7.8 GB  285 MB/s      7s[K[?25h[?2026l[?2026h[?25l[A[1Gpulling manifest [K
pulling 9999d473417a:  72% ▕████████████      ▏ 5.6 GB/7.8 GB  292 MB/s      7s[K[?25h[?2026l[?2026h[?25l[A[1Gpulling manifest [K
pulling 9999d473417a:  72% ▕████████████      ▏ 5.6 GB/7.8 GB  292 MB/s      7s[K[?25h[?2026l[?2026h[?25l[A[1Gpulling manifest [K
pulling 9999d473417a:  73% ▕█████████████     ▏ 5.7 GB/7.8 GB  292 MB/s      7s[K[?25h[?2026l[?2026h[?25l[A[1Gpulling manifest [K
pulling 9999d473417a:  73% ▕█████████████     ▏ 5.7 GB/7.8 GB  292 MB/s      7s[K[?25h[?2026l[?2026h[?25l[A[1Gpulling manifest [K
pulling 9999d473417a:  73% ▕█████████████     ▏ 5.7 GB/7.8 GB  292 MB/s      7s[K[?25h[?2026l[?2026h[?25l[A[1Gpulling manifest [K
pulling 9999d473417a:  74% ▕█████████████     ▏ 5.8 GB/7.8 GB  292 MB/s      7s[K[?25h[?2026l[?2026h[?25l[A[1Gpulling manifest [K
pulling 9999d473417a:  74% ▕█████████████     ▏ 5.8 GB/7.8 GB  292 MB/s      6s[K[?25h[?2026l[?2026h[?25l[A[1Gpulling manifest [K
pulling 9999d473417a:  74% ▕█████████████     ▏ 5.8 GB/7.8 GB  292 MB/s      6s[K[?25h[?2026l[?2026h[?25l[A[1Gpulling manifest [K
pulling 9999d473417a:  75% ▕█████████████     ▏ 5.8 GB/7.8 GB  292 MB/s      6s[K[?25h[?2026l[?2026h[?25l[A[1Gpulling manifest [K
pulling 9999d473417a:  75% ▕█████████████     ▏ 5.9 GB/7.8 GB  292 MB/s      6s[K[?25h[?2026l[?2026h[?25l[A[1Gpulling manifest [K
pulling 9999d473417a:  76% ▕█████████████     ▏ 5.9 GB/7.8 GB  292 MB/s      6s[K[?25h[?2026l[?2026h[?25l[A[1Gpulling manifest [K
pulling 9999d473417a:  76% ▕█████████████     ▏ 5.9 GB/7.8 GB  298 MB/s      6s[K[?25h[?2026l[?2026h[?25l[A[1Gpulling manifest [K
pulling 9999d473417a:  76% ▕█████████████     ▏ 6.0 GB/7.8 GB  298 MB/s      6s[K[?25h[?2026l[?2026h[?25l[A[1Gpulling manifest [K
pulling 9999d473417a:  77% ▕█████████████     ▏ 6.0 GB/7.8 GB  298 MB/s      6s[K[?25h[?2026l[?2026h[?25l[A[1Gpulling manifest [K
pulling 9999d473417a:  77% ▕█████████████     ▏ 6.0 GB/7.8 GB  298 MB/s      5s[K[?25h[?2026l[?2026h[?25l[A[1Gpulling manifest [K
pulling 9999d473417a:  78% ▕█████████████     ▏ 6.1 GB/7.8 GB  298 MB/s      5s[K[?25h[?2026l[?2026h[?25l[A[1Gpulling manifest [K
pulling 9999d473417a:  78% ▕██████████████    ▏ 6.1 GB/7.8 GB  298 MB/s      5s[K[?25h[?2026l[?2026h[?25l[A[1Gpulling manifest [K
pulling 9999d473417a:  78% ▕██████████████    ▏ 6.1 GB/7.8 GB  298 MB/s      5s[K[?25h[?2026l[?2026h[?25l[A[1Gpulling manifest [K
pulling 9999d473417a:  79% ▕██████████████    ▏ 6.2 GB/7.8 GB  298 MB/s      5s[K[?25h[?2026l[?2026h[?25l[A[1Gpulling manifest [K
pulling 9999d473417a:  79% ▕██████████████    ▏ 6.2 GB/7.8 GB  298 MB/s      5s[K[?25h[?2026l[?2026h[?25l[A[1Gpulling manifest [K
pulling 9999d473417a:  79% ▕██████████████    ▏ 6.2 GB/7.8 GB  298 MB/s      5s[K[?25h[?2026l[?2026h[?25l[A[1Gpulling manifest [K
pulling 9999d473417a:  80% ▕██████████████    ▏ 6.2 GB/7.8 GB  298 MB/s      5s[K[?25h[?2026l[?2026h[?25l[A[1Gpulling manifest [K
pulling 9999d473417a:  80% ▕██████████████    ▏ 6.3 GB/7.8 GB  309 MB/s      4s[K[?25h[?2026l[?2026h[?25l[A[1Gpulling manifest [K
pulling 9999d473417a:  81% ▕██████████████    ▏ 6.3 GB/7.8 GB  309 MB/s      4s[K[?25h[?2026l[?2026h[?25l[A[1Gpulling manifest [K
pulling 9999d473417a:  81% ▕██████████████    ▏ 6.3 GB/7.8 GB  309 MB/s      4s[K[?25h[?2026l[?2026h[?25l[A[1Gpulling manifest [K
pulling 9999d473417a:  81% ▕██████████████    ▏ 6.4 GB/7.8 GB  309 MB/s      4s[K[?25h[?2026l[?2026h[?25l[A[1Gpulling manifest [K
pulling 9999d473417a:  82% ▕██████████████    ▏ 6.4 GB/7.8 GB  309 MB/s      4s[K[?25h[?2026l[?2026h[?25l[A[1Gpulling manifest [K
pulling 9999d473417a:  82% ▕██████████████    ▏ 6.4 GB/7.8 GB  309 MB/s      4s[K[?25h[?2026l[?2026h[?25l[A[1Gpulling manifest [K
pulling 9999d473417a:  83% ▕██████████████    ▏ 6.5 GB/7.8 GB  309 MB/s      4s[K[?25h[?2026l[?2026h[?25l[A[1Gpulling manifest [K
pulling 9999d473417a:  83% ▕██████████████    ▏ 6.5 GB/7.8 GB  309 MB/s      4s[K[?25h[?2026l[?2026h[?25l[A[1Gpulling manifest [K
pulling 9999d473417a:  83% ▕██████████████    ▏ 6.5 GB/7.8 GB  309 MB/s      4s[K[?25h[?2026l[?2026h[?25l[A[1Gpulling manifest [K
pulling 9999d473417a:  83% ▕███████████████   ▏ 6.5 GB/7.8 GB  309 MB/s      4s[K[?25h[?2026l[?2026h[?25l[A[1Gpulling manifest [K
pulling 9999d473417a:  84% ▕███████████████   ▏ 6.6 GB/7.8 GB  314 MB/s      4s[K[?25h[?2026l[?2026h[?25l[A[1Gpulling manifest [K
pulling 9999d473417a:  84% ▕███████████████   ▏ 6.6 GB/7.8 GB  314 MB/s      3s[K[?25h[?2026l[?2026h[?25l[A[1Gpulling manifest [K
pulling 9999d473417a:  85% ▕███████████████   ▏ 6.6 GB/7.8 GB  314 MB/s      3s[K[?25h[?2026l[?2026h[?25l[A[1Gpulling manifest [K
pulling 9999d473417a:  85% ▕███████████████   ▏ 6.6 GB/7.8 GB  314 MB/s      3s[K[?25h[?2026l[?2026h[?25l[A[1Gpulling manifest [K
pulling 9999d473417a:  85% ▕███████████████   ▏ 6.7 GB/7.8 GB  314 MB/s      3s[K[?25h[?2026l[?2026h[?25l[A[1Gpulling manifest [K
pulling 9999d473417a:  86% ▕███████████████   ▏ 6.7 GB/7.8 GB  314 MB/s      3s[K[?25h[?2026l[?2026h[?25l[A[1Gpulling manifest [K
pulling 9999d473417a:  86% ▕███████████████   ▏ 6.7 GB/7.8 GB  314 MB/s      3s[K[?25h[?2026l[?2026h[?25l[A[1Gpulling manifest [K
pulling 9999d473417a:  86% ▕███████████████   ▏ 6.7 GB/7.8 GB  314 MB/s      3s[K[?25h[?2026l[?2026h[?25l[A[1Gpulling manifest [K
pulling 9999d473417a:  87% ▕███████████████   ▏ 6.8 GB/7.8 GB  314 MB/s      3s[K[?25h[?2026l[?2026h[?25l[A[1Gpulling manifest [K
pulling 9999d473417a:  87% ▕███████████████   ▏ 6.8 GB/7.8 GB  314 MB/s      3s[K[?25h[?2026l[?2026h[?25l[A[1Gpulling manifest [K
pulling 9999d473417a:  87% ▕███████████████   ▏ 6.8 GB/7.8 GB  314 MB/s      3s[K[?25h[?2026l[?2026h[?25l[A[1Gpulling manifest [K
pulling 9999d473417a:  88% ▕███████████████   ▏ 6.9 GB/7.8 GB  320 MB/s      2s[K[?25h[?2026l[?2026h[?25l[A[1Gpulling manifest [K
pulling 9999d473417a:  88% ▕███████████████   ▏ 6.9 GB/7.8 GB  320 MB/s      2s[K[?25h[?2026l[?2026h[?25l[A[1Gpulling manifest [K
pulling 9999d473417a:  89% ▕███████████████   ▏ 6.9 GB/7.8 GB  320 MB/s      2s[K[?25h[?2026l[?2026h[?25l[A[1Gpulling manifest [K
pulling 9999d473417a:  89% ▕████████████████  ▏ 7.0 GB/7.8 GB  320 MB/s      2s[K[?25h[?2026l[?2026h[?25l[A[1Gpulling manifest [K
pulling 9999d473417a:  89% ▕████████████████  ▏ 7.0 GB/7.8 GB  320 MB/s      2s[K[?25h[?2026l[?2026h[?25l[A[1Gpulling manifest [K
pulling 9999d473417a:  90% ▕████████████████  ▏ 7.0 GB/7.8 GB  320 MB/s      2s[K[?25h[?2026l[?2026h[?25l[A[1Gpulling manifest [K
pulling 9999d473417a:  90% ▕████████████████  ▏ 7.0 GB/7.8 GB  320 MB/s      2s[K[?25h[?2026l[?2026h[?25l[A[1Gpulling manifest [K
pulling 9999d473417a:  90% ▕████████████████  ▏ 7.1 GB/7.8 GB  320 MB/s      2s[K[?25h[?2026l[?2026h[?25l[A[1Gpulling manifest [K
pulling 9999d473417a:  91% ▕████████████████  ▏ 7.1 GB/7.8 GB  320 MB/s      2s[K[?25h[?2026l[?2026h[?25l[A[1Gpulling manifest [K
pulling 9999d473417a:  91% ▕████████████████  ▏ 7.1 GB/7.8 GB  320 MB/s      2s[K[?25h[?2026l[?2026h[?25l[A[1Gpulling manifest [K
pulling 9999d473417a:  92% ▕████████████████  ▏ 7.2 GB/7.8 GB  315 MB/s      2s[K[?25h[?2026l[?2026h[?25l[A[1Gpulling manifest [K
pulling 9999d473417a:  92% ▕████████████████  ▏ 7.2 GB/7.8 GB  315 MB/s      1s[K[?25h[?2026l[?2026h[?25l[A[1Gpulling manifest [K
pulling 9999d473417a:  92% ▕████████████████  ▏ 7.2 GB/7.8 GB  315 MB/s      1s[K[?25h[?2026l[?2026h[?25l[A[1Gpulling manifest [K
pulling 9999d473417a:  93% ▕████████████████  ▏ 7.2 GB/7.8 GB  315 MB/s      1s[K[?25h[?2026l[?2026h[?25l[A[1Gpulling manifest [K
pulling 9999d473417a:  93% ▕████████████████  ▏ 7.3 GB/7.8 GB  315 MB/s      1s[K[?25h[?2026l[?2026h[?25l[A[1Gpulling manifest [K
pulling 9999d473417a:  93% ▕████████████████  ▏ 7.3 GB/7.8 GB  315 MB/s      1s[K[?25h[?2026l[?2026h[?25l[A[1Gpulling manifest [K
pulling 9999d473417a:  94% ▕████████████████  ▏ 7.3 GB/7.8 GB  315 MB/s      1s[K[?25h[?2026l[?2026h[?25l[A[1Gpulling manifest [K
pulling 9999d473417a:  94% ▕████████████████  ▏ 7.4 GB/7.8 GB  315 MB/s      1s[K[?25h[?2026l[?2026h[?25l[A[1Gpulling manifest [K
pulling 9999d473417a:  95% ▕█████████████████ ▏ 7.4 GB/7.8 GB  315 MB/s      1s[K[?25h[?2026l[?2026h[?25l[A[1Gpulling manifest [K
pulling 9999d473417a:  95% ▕█████████████████ ▏ 7.4 GB/7.8 GB  315 MB/s      1s[K[?25h[?2026l[?2026h[?25l[A[1Gpulling manifest [K
pulling 9999d473417a:  95% ▕█████████████████ ▏ 7.4 GB/7.8 GB  315 MB/s      1s[K[?25h[?2026l[?2026h[?25l[A[1Gpulling manifest [K
pulling 9999d473417a:  96% ▕█████████████████ ▏ 7.5 GB/7.8 GB  315 MB/s      1s[K[?25h[?2026l[?2026h[?25l[A[1Gpulling manifest [K
pulling 9999d473417a:  96% ▕█████████████████ ▏ 7.5 GB/7.8 GB  315 MB/s      0s[K[?25h[?2026l[?2026h[?25l[A[1Gpulling manifest [K
pulling 9999d473417a:  96% ▕█████████████████ ▏ 7.5 GB/7.8 GB  315 MB/s      0s[K[?25h[?2026l[?2026h[?25l[A[1Gpulling manifest [K
pulling 9999d473417a:  97% ▕█████████████████ ▏ 7.6 GB/7.8 GB  315 MB/s      0s[K[?25h[?2026l[?2026h[?25l[A[1Gpulling manifest [K
pulling 9999d473417a:  97% ▕█████████████████ ▏ 7.6 GB/7.8 GB  315 MB/s      0s[K[?25h[?2026l[?2026h[?25l[A[1Gpulling manifest [K
pulling 9999d473417a:  97% ▕█████████████████ ▏ 7.6 GB/7.8 GB  315 MB/s      0s[K[?25h[?2026l[?2026h[?25l[A[1Gpulling manifest [K
pulling 9999d473417a:  98% ▕█████████████████ ▏ 7.6 GB/7.8 GB  315 MB/s      0s[K[?25h[?2026l[?2026h[?25l[A[1Gpulling manifest [K
pulling 9999d473417a:  98% ▕█████████████████ ▏ 7.7 GB/7.8 GB  315 MB/s      0s[K[?25h[?2026l[?2026h[?25l[A[1Gpulling manifest [K
pulling 9999d473417a:  99% ▕█████████████████ ▏ 7.7 GB/7.8 GB  315 MB/s      0s[K[?25h[?2026l[?2026h[?25l[A[1Gpulling manifest [K
pulling 9999d473417a:  99% ▕█████████████████ ▏ 7.7 GB/7.8 GB  315 MB/s      0s[K[?25h[?2026l[?2026h[?25l[A[1Gpulling manifest [K
pulling 9999d473417a:  99% ▕█████████████████ ▏ 7.8 GB/7.8 GB  309 MB/s      0s[K[?25h[?2026l[?2026h[?25l[A[1Gpulling manifest [K
pulling 9999d473417a: 100% ▕█████████████████ ▏ 7.8 GB/7.8 GB  309 MB/s      0s[K[?25h[?2026l[?2026h[?25l[A[1Gpulling manifest [K
pulling 9999d473417a: 100% ▕█████████████████ ▏ 7.8 GB/7.8 GB  309 MB/s      0s[K[?25h[?2026l[?2026h[?25l[A[1Gpulling manifest [K
pulling 9999d473417a: 100% ▕█████████████████ ▏ 7.8 GB/7.8 GB  309 MB/s      0s[K[?25h[?2026l[?2026h[?25l[A[1Gpulling manifest [K
pulling 9999d473417a: 100% ▕██████████████████▏ 7.8 GB                         [K[?25h[?2026l[?2026h[?25l[A[1Gpulling manifest [K
pulling 9999d473417a: 100% ▕██████████████████▏ 7.8 GB                         [K[?25h[?2026l[?2026h[?25l[A[1Gpulling manifest [K
pulling 9999d473417a: 100% ▕██████████████████▏ 7.8 GB                         [K[?25h[?2026l[?2026h[?25l[A[1Gpulling manifest [K
pulling 9999d473417a: 100% ▕██████████████████▏ 7.8 GB                         [K[?25h[?2026l[?2026h[?25l[A[1Gpulling manifest [K
pulling 9999d473417a: 100% ▕██████████████████▏ 7.8 GB                         [K[?25h[?2026l[?2026h[?25l[A[1Gpulling manifest [K
pulling 9999d473417a: 100% ▕██████████████████▏ 7.8 GB                         [K[?25h[?2026l[?2026h[?25l[A[1Gpulling manifest [K
pulling 9999d473417a: 100% ▕██████████████████▏ 7.8 GB                         [K[?25h[?2026l[?2026h[?25l[A[1Gpulling manifest [K
pulling 9999d473417a: 100% ▕██████████████████▏ 7.8 GB                         [K[?25h[?2026l[?2026h[?25l[A[1Gpulling manifest [K
pulling 9999d473417a: 100% ▕██████████████████▏ 7.8 GB                         [K
pulling 715415638c9c: 100% ▕██████████████████▏  269 B                         [K[?25h[?2026l[?2026h[?25l[A[A[1Gpulling manifest [K
pulling 9999d473417a: 100% ▕██████████████████▏ 7.8 GB                         [K
pulling 715415638c9c: 100% ▕██████████████████▏  269 B                         [K[?25h[?2026l[?2026h[?25l[A[A[1Gpulling manifest [K
pulling 9999d473417a: 100% ▕██████████████████▏ 7.8 GB                         [K
pulling 715415638c9c: 100% ▕██████████████████▏  269 B                         [K[?25h[?2026l[?2026h[?25l[A[A[1Gpulling manifest [K
pulling 9999d473417a: 100% ▕██████████████████▏ 7.8 GB                         [K
pulling 715415638c9c: 100% ▕██████████████████▏  269 B                         [K[?25h[?2026l[?2026h[?25l[A[A[1Gpulling manifest [K
pulling 9999d473417a: 100% ▕██████████████████▏ 7.8 GB                         [K
pulling 715415638c9c: 100% ▕██████████████████▏  269 B                         [K[?25h[?2026l[?2026h[?25l[A[A[1Gpulling manifest [K
pulling 9999d473417a: 100% ▕██████████████████▏ 7.8 GB                         [K
pulling 715415638c9c: 100% ▕██████████████████▏  269 B                         [K[?25h[?2026l[?2026h[?25l[A[A[1Gpulling manifest [K
pulling 9999d473417a: 100% ▕██████████████████▏ 7.8 GB                         [K
pulling 715415638c9c: 100% ▕██████████████████▏  269 B                         [K[?25h[?2026l[?2026h[?25l[A[A[1Gpulling manifest [K
pulling 9999d473417a: 100% ▕██████████████████▏ 7.8 GB                         [K
pulling 715415638c9c: 100% ▕██████████████████▏  269 B                         [K[?25h[?2026l[?2026h[?25l[A[A[1Gpulling manifest [K
pulling 9999d473417a: 100% ▕██████████████████▏ 7.8 GB                         [K
pulling 715415638c9c: 100% ▕██████████████████▏  269 B                         [K[?25h[?2026l[?2026h[?25l[A[A[1Gpulling manifest [K
pulling 9999d473417a: 100% ▕██████████████████▏ 7.8 GB                         [K
pulling 715415638c9c: 100% ▕██████████████████▏  269 B                         [K[?25h[?2026l[?2026h[?25l[A[A[1Gpulling manifest [K
pulling 9999d473417a: 100% ▕██████████████████▏ 7.8 GB                         [K
pulling 715415638c9c: 100% ▕██████████████████▏  269 B                         [K[?25h[?2026l[?2026h[?25l[A[A[1Gpulling manifest [K
pulling 9999d473417a: 100% ▕██████████████████▏ 7.8 GB                         [K
pulling 715415638c9c: 100% ▕██████████████████▏  269 B                         [K[?25h[?2026l[?2026h[?25l[A[A[1Gpulling manifest [K
pulling 9999d473417a: 100% ▕██████████████████▏ 7.8 GB                         [K
pulling 715415638c9c: 100% ▕██████████████████▏  269 B                         [K
pulling d3ed60b91757: 100% ▕██████████████████▏ 6.0 KB                         [K[?25h[?2026l[?2026h[?25l[A[A[A[1Gpulling manifest [K
pulling 9999d473417a: 100% ▕██████████████████▏ 7.8 GB                         [K
pulling 715415638c9c: 100% ▕██████████████████▏  269 B                         [K
pulling d3ed60b91757: 100% ▕██████████████████▏ 6.0 KB                         [K[?25h[?2026l[?2026h[?25l[A[A[A[1Gpulling manifest [K
pulling 9999d473417a: 100% ▕██████████████████▏ 7.8 GB                         [K
pulling 715415638c9c: 100% ▕██████████████████▏  269 B                         [K
pulling d3ed60b91757: 100% ▕██████████████████▏ 6.0 KB                         [K[?25h[?2026l[?2026h[?25l[A[A[A[1Gpulling manifest [K
pulling 9999d473417a: 100% ▕██████████████████▏ 7.8 GB                         [K
pulling 715415638c9c: 100% ▕██████████████████▏  269 B                         [K
pulling d3ed60b91757: 100% ▕██████████████████▏ 6.0 KB                         [K[?25h[?2026l[?2026h[?25l[A[A[A[1Gpulling manifest [K
pulling 9999d473417a: 100% ▕██████████████████▏ 7.8 GB                         [K
pulling 715415638c9c: 100% ▕██████████████████▏  269 B                         [K
pulling d3ed60b91757: 100% ▕██████████████████▏ 6.0 KB                         [K[?25h[?2026l[?2026h[?25l[A[A[A[1Gpulling manifest [K
pulling 9999d473417a: 100% ▕██████████████████▏ 7.8 GB                         [K
pulling 715415638c9c: 100% ▕██████████████████▏  269 B                         [K
pulling d3ed60b91757: 100% ▕██████████████████▏ 6.0 KB                         [K[?25h[?2026l[?2026h[?25l[A[A[A[1Gpulling manifest [K
pulling 9999d473417a: 100% ▕██████████████████▏ 7.8 GB                         [K
pulling 715415638c9c: 100% ▕██████████████████▏  269 B                         [K
pulling d3ed60b91757: 100% ▕██████████████████▏ 6.0 KB                         [K[?25h[?2026l[?2026h[?25l[A[A[A[1Gpulling manifest [K
pulling 9999d473417a: 100% ▕██████████████████▏ 7.8 GB                         [K
pulling 715415638c9c: 100% ▕██████████████████▏  269 B                         [K
pulling d3ed60b91757: 100% ▕██████████████████▏ 6.0 KB                         [K[?25h[?2026l[?2026h[?25l[A[A[A[1Gpulling manifest [K
pulling 9999d473417a: 100% ▕██████████████████▏ 7.8 GB                         [K
pulling 715415638c9c: 100% ▕██████████████████▏  269 B                         [K
pulling d3ed60b91757: 100% ▕██████████████████▏ 6.0 KB                         [K[?25h[?2026l[?2026h[?25l[A[A[A[1Gpulling manifest [K
pulling 9999d473417a: 100% ▕██████████████████▏ 7.8 GB                         [K
pulling 715415638c9c: 100% ▕██████████████████▏  269 B                         [K
pulling d3ed60b91757: 100% ▕██████████████████▏ 6.0 KB                         [K[?25h[?2026l[?2026h[?25l[A[A[A[1Gpulling manifest [K
pulling 9999d473417a: 100% ▕██████████████████▏ 7.8 GB                         [K
pulling 715415638c9c: 100% ▕██████████████████▏  269 B                         [K
pulling d3ed60b91757: 100% ▕██████████████████▏ 6.0 KB                         [K
pulling fcc5a6bec9da: 100% ▕██████████████████▏ 7.7 KB                         [K[?25h[?2026l[?2026h[?25l[A[A[A[A[1Gpulling manifest [K
pulling 9999d473417a: 100% ▕██████████████████▏ 7.8 GB                         [K
pulling 715415638c9c: 100% ▕██████████████████▏  269 B                         [K
pulling d3ed60b91757: 100% ▕██████████████████▏ 6.0 KB                         [K
pulling fcc5a6bec9da: 100% ▕██████████████████▏ 7.7 KB                         [K[?25h[?2026l[?2026h[?25l[A[A[A[A[1Gpulling manifest [K
pulling 9999d473417a: 100% ▕██████████████████▏ 7.8 GB                         [K
pulling 715415638c9c: 100% ▕██████████████████▏  269 B                         [K
pulling d3ed60b91757: 100% ▕██████████████████▏ 6.0 KB                         [K
pulling fcc5a6bec9da: 100% ▕██████████████████▏ 7.7 KB                         [K[?25h[?2026l[?2026h[?25l[A[A[A[A[1Gpulling manifest [K
pulling 9999d473417a: 100% ▕██████████████████▏ 7.8 GB                         [K
pulling 715415638c9c: 100% ▕██████████████████▏  269 B                         [K
pulling d3ed60b91757: 100% ▕██████████████████▏ 6.0 KB                         [K
pulling fcc5a6bec9da: 100% ▕██████████████████▏ 7.7 KB                         [K[?25h[?2026l[?2026h[?25l[A[A[A[A[1Gpulling manifest [K
pulling 9999d473417a: 100% ▕██████████████████▏ 7.8 GB                         [K
pulling 715415638c9c: 100% ▕██████████████████▏  269 B                         [K
pulling d3ed60b91757: 100% ▕██████████████████▏ 6.0 KB                         [K
pulling fcc5a6bec9da: 100% ▕██████████████████▏ 7.7 KB                         [K[?25h[?2026l[?2026h[?25l[A[A[A[A[1Gpulling manifest [K
pulling 9999d473417a: 100% ▕██████████████████▏ 7.8 GB                         [K
pulling 715415638c9c: 100% ▕██████████████████▏  269 B                         [K
pulling d3ed60b91757: 100% ▕██████████████████▏ 6.0 KB                         [K
pulling fcc5a6bec9da: 100% ▕██████████████████▏ 7.7 KB                         [K[?25h[?2026l[?2026h[?25l[A[A[A[A[1Gpulling manifest [K
pulling 9999d473417a: 100% ▕██████████████████▏ 7.8 GB                         [K
pulling 715415638c9c: 100% ▕██████████████████▏  269 B                         [K
pulling d3ed60b91757: 100% ▕██████████████████▏ 6.0 KB                         [K
pulling fcc5a6bec9da: 100% ▕██████████████████▏ 7.7 KB                         [K[?25h[?2026l[?2026h[?25l[A[A[A[A[1Gpulling manifest [K
pulling 9999d473417a: 100% ▕██████████████████▏ 7.8 GB                         [K
pulling 715415638c9c: 100% ▕██████████████████▏  269 B                         [K
pulling d3ed60b91757: 100% ▕██████████████████▏ 6.0 KB                         [K
pulling fcc5a6bec9da: 100% ▕██████████████████▏ 7.7 KB                         [K[?25h[?2026l[?2026h[?25l[A[A[A[A[1Gpulling manifest [K
pulling 9999d473417a: 100% ▕██████████████████▏ 7.8 GB                         [K
pulling 715415638c9c: 100% ▕██████████████████▏  269 B                         [K
pulling d3ed60b91757: 100% ▕██████████████████▏ 6.0 KB                         [K
pulling fcc5a6bec9da: 100% ▕██████████████████▏ 7.7 KB                         [K[?25h[?2026l[?2026h[?25l[A[A[A[A[1Gpulling manifest [K
pulling 9999d473417a: 100% ▕██████████████████▏ 7.8 GB                         [K
pulling 715415638c9c: 100% ▕██████████████████▏  269 B                         [K
pulling d3ed60b91757: 100% ▕██████████████████▏ 6.0 KB                         [K
pulling fcc5a6bec9da: 100% ▕██████████████████▏ 7.7 KB                         [K[?25h[?2026l[?2026h[?25l[A[A[A[A[1Gpulling manifest [K
pulling 9999d473417a: 100% ▕██████████████████▏ 7.8 GB                         [K
pulling 715415638c9c: 100% ▕██████████████████▏  269 B                         [K
pulling d3ed60b91757: 100% ▕██████████████████▏ 6.0 KB                         [K
pulling fcc5a6bec9da: 100% ▕██████████████████▏ 7.7 KB                         [K[?25h[?2026l[?2026h[?25l[A[A[A[A[1Gpulling manifest [K
pulling 9999d473417a: 100% ▕██████████████████▏ 7.8 GB                         [K
pulling 715415638c9c: 100% ▕██████████████████▏  269 B                         [K
pulling d3ed60b91757: 100% ▕██████████████████▏ 6.0 KB                         [K
pulling fcc5a6bec9da: 100% ▕██████████████████▏ 7.7 KB                         [K[?25h[?2026l[?2026h[?25l[A[A[A[A[1Gpulling manifest [K
pulling 9999d473417a: 100% ▕██████████████████▏ 7.8 GB                         [K
pulling 715415638c9c: 100% ▕██████████████████▏  269 B                         [K
pulling d3ed60b91757: 100% ▕██████████████████▏ 6.0 KB                         [K
pulling fcc5a6bec9da: 100% ▕██████████████████▏ 7.7 KB                         [K
pulling fefc914e46e6: 100% ▕██████████████████▏   32 B                         [K[?25h[?2026l[?2026h[?25l[A[A[A[A[A[1Gpulling manifest [K
pulling 9999d473417a: 100% ▕██████████████████▏ 7.8 GB                         [K
pulling 715415638c9c: 100% ▕██████████████████▏  269 B                         [K
pulling d3ed60b91757: 100% ▕██████████████████▏ 6.0 KB                         [K
pulling fcc5a6bec9da: 100% ▕██████████████████▏ 7.7 KB                         [K
pulling fefc914e46e6: 100% ▕██████████████████▏   32 B                         [K[?25h[?2026l[?2026h[?25l[A[A[A[A[A[1Gpulling manifest [K
pulling 9999d473417a: 100% ▕██████████████████▏ 7.8 GB                         [K
pulling 715415638c9c: 100% ▕██████████████████▏  269 B                         [K
pulling d3ed60b91757: 100% ▕██████████████████▏ 6.0 KB                         [K
pulling fcc5a6bec9da: 100% ▕██████████████████▏ 7.7 KB                         [K
pulling fefc914e46e6: 100% ▕██████████████████▏   32 B                         [K[?25h[?2026l[?2026h[?25l[A[A[A[A[A[1Gpulling manifest [K
pulling 9999d473417a: 100% ▕██████████████████▏ 7.8 GB                         [K
pulling 715415638c9c: 100% ▕██████████████████▏  269 B                         [K
pulling d3ed60b91757: 100% ▕██████████████████▏ 6.0 KB                         [K
pulling fcc5a6bec9da: 100% ▕██████████████████▏ 7.7 KB                         [K
pulling fefc914e46e6: 100% ▕██████████████████▏   32 B                         [K[?25h[?2026l[?2026h[?25l[A[A[A[A[A[1Gpulling manifest [K
pulling 9999d473417a: 100% ▕██████████████████▏ 7.8 GB                         [K
pulling 715415638c9c: 100% ▕██████████████████▏  269 B                         [K
pulling d3ed60b91757: 100% ▕██████████████████▏ 6.0 KB                         [K
pulling fcc5a6bec9da: 100% ▕██████████████████▏ 7.7 KB                         [K
pulling fefc914e46e6: 100% ▕██████████████████▏   32 B                         [K[?25h[?2026l[?2026h[?25l[A[A[A[A[A[1Gpulling manifest [K
pulling 9999d473417a: 100% ▕██████████████████▏ 7.8 GB                         [K
pulling 715415638c9c: 100% ▕██████████████████▏  269 B                         [K
pulling d3ed60b91757: 100% ▕██████████████████▏ 6.0 KB                         [K
pulling fcc5a6bec9da: 100% ▕██████████████████▏ 7.7 KB                         [K
pulling fefc914e46e6: 100% ▕██████████████████▏   32 B                         [K[?25h[?2026l[?2026h[?25l[A[A[A[A[A[1Gpulling manifest [K
pulling 9999d473417a: 100% ▕██████████████████▏ 7.8 GB                         [K
pulling 715415638c9c: 100% ▕██████████████████▏  269 B                         [K
pulling d3ed60b91757: 100% ▕██████████████████▏ 6.0 KB                         [K
pulling fcc5a6bec9da: 100% ▕██████████████████▏ 7.7 KB                         [K
pulling fefc914e46e6: 100% ▕██████████████████▏   32 B                         [K[?25h[?2026l[?2026h[?25l[A[A[A[A[A[1Gpulling manifest [K
pulling 9999d473417a: 100% ▕██████████████████▏ 7.8 GB                         [K
pulling 715415638c9c: 100% ▕██████████████████▏  269 B                         [K
pulling d3ed60b91757: 100% ▕██████████████████▏ 6.0 KB                         [K
pulling fcc5a6bec9da: 100% ▕██████████████████▏ 7.7 KB                         [K
pulling fefc914e46e6: 100% ▕██████████████████▏   32 B                         [K[?25h[?2026l[?2026h[?25l[A[A[A[A[A[1Gpulling manifest [K
pulling 9999d473417a: 100% ▕██████████████████▏ 7.8 GB                         [K
pulling 715415638c9c: 100% ▕██████████████████▏  269 B                         [K
pulling d3ed60b91757: 100% ▕██████████████████▏ 6.0 KB                         [K
pulling fcc5a6bec9da: 100% ▕██████████████████▏ 7.7 KB                         [K
pulling fefc914e46e6: 100% ▕██████████████████▏   32 B                         [K[?25h[?2026l[?2026h[?25l[A[A[A[A[A[1Gpulling manifest [K
pulling 9999d473417a: 100% ▕██████████████████▏ 7.8 GB                         [K
pulling 715415638c9c: 100% ▕██████████████████▏  269 B                         [K
pulling d3ed60b91757: 100% ▕██████████████████▏ 6.0 KB                         [K
pulling fcc5a6bec9da: 100% ▕██████████████████▏ 7.7 KB                         [K
pulling fefc914e46e6: 100% ▕██████████████████▏   32 B                         [K[?25h[?2026l[?2026h[?25l[A[A[A[A[A[1Gpulling manifest [K
pulling 9999d473417a: 100% ▕██████████████████▏ 7.8 GB                         [K
pulling 715415638c9c: 100% ▕██████████████████▏  269 B                         [K
pulling d3ed60b91757: 100% ▕██████████████████▏ 6.0 KB                         [K
pulling fcc5a6bec9da: 100% ▕██████████████████▏ 7.7 KB                         [K
pulling fefc914e46e6: 100% ▕██████████████████▏   32 B                         [K[?25h[?2026l[?2026h[?25l[A[A[A[A[A[1Gpulling manifest [K
pulling 9999d473417a: 100% ▕██████████████████▏ 7.8 GB                         [K
pulling 715415638c9c: 100% ▕██████████████████▏  269 B                         [K
pulling d3ed60b91757: 100% ▕██████████████████▏ 6.0 KB                         [K
pulling fcc5a6bec9da: 100% ▕██████████████████▏ 7.7 KB                         [K
pulling fefc914e46e6: 100% ▕██████████████████▏   32 B                         [K
pulling 1506fb8a7284: 100% ▕██████████████████▏  564 B                         [K[?25h[?2026l[?2026h[?25l[A[A[A[A[A[A[1Gpulling manifest [K
pulling 9999d473417a: 100% ▕██████████████████▏ 7.8 GB                         [K
pulling 715415638c9c: 100% ▕██████████████████▏  269 B                         [K
pulling d3ed60b91757: 100% ▕██████████████████▏ 6.0 KB                         [K
pulling fcc5a6bec9da: 100% ▕██████████████████▏ 7.7 KB                         [K
pulling fefc914e46e6: 100% ▕██████████████████▏   32 B                         [K
pulling 1506fb8a7284: 100% ▕██████████████████▏  564 B                         [K[?25h[?2026l[?2026h[?25l[A[A[A[A[A[A[1Gpulling manifest [K
pulling 9999d473417a: 100% ▕██████████████████▏ 7.8 GB                         [K
pulling 715415638c9c: 100% ▕██████████████████▏  269 B                         [K
pulling d3ed60b91757: 100% ▕██████████████████▏ 6.0 KB                         [K
pulling fcc5a6bec9da: 100% ▕██████████████████▏ 7.7 KB                         [K
pulling fefc914e46e6: 100% ▕██████████████████▏   32 B                         [K
pulling 1506fb8a7284: 100% ▕██████████████████▏  564 B                         [K[?25h[?2026l[?2026h[?25l[A[A[A[A[A[A[1Gpulling manifest [K
pulling 9999d473417a: 100% ▕██████████████████▏ 7.8 GB                         [K
pulling 715415638c9c: 100% ▕██████████████████▏  269 B                         [K
pulling d3ed60b91757: 100% ▕██████████████████▏ 6.0 KB                         [K
pulling fcc5a6bec9da: 100% ▕██████████████████▏ 7.7 KB                         [K
pulling fefc914e46e6: 100% ▕██████████████████▏   32 B                         [K
pulling 1506fb8a7284: 100% ▕██████████████████▏  564 B                         [K[?25h[?2026l[?2026h[?25l[A[A[A[A[A[A[1Gpulling manifest [K
pulling 9999d473417a: 100% ▕██████████████████▏ 7.8 GB                         [K
pulling 715415638c9c: 100% ▕██████████████████▏  269 B                         [K
pulling d3ed60b91757: 100% ▕██████████████████▏ 6.0 KB                         [K
pulling fcc5a6bec9da: 100% ▕██████████████████▏ 7.7 KB                         [K
pulling fefc914e46e6: 100% ▕██████████████████▏   32 B                         [K
pulling 1506fb8a7284: 100% ▕██████████████████▏  564 B                         [K[?25h[?2026l[?2026h[?25l[A[A[A[A[A[A[1Gpulling manifest [K
pulling 9999d473417a: 100% ▕██████████████████▏ 7.8 GB                         [K
pulling 715415638c9c: 100% ▕██████████████████▏  269 B                         [K
pulling d3ed60b91757: 100% ▕██████████████████▏ 6.0 KB                         [K
pulling fcc5a6bec9da: 100% ▕██████████████████▏ 7.7 KB                         [K
pulling fefc914e46e6: 100% ▕██████████████████▏   32 B                         [K
pulling 1506fb8a7284: 100% ▕██████████████████▏  564 B                         [K[?25h[?2026l[?2026h[?25l[A[A[A[A[A[A[1Gpulling manifest [K
pulling 9999d473417a: 100% ▕██████████████████▏ 7.8 GB                         [K
pulling 715415638c9c: 100% ▕██████████████████▏  269 B                         [K
pulling d3ed60b91757: 100% ▕██████████████████▏ 6.0 KB                         [K
pulling fcc5a6bec9da: 100% ▕██████████████████▏ 7.7 KB                         [K
pulling fefc914e46e6: 100% ▕██████████████████▏   32 B                         [K
pulling 1506fb8a7284: 100% ▕██████████████████▏  564 B                         [K[?25h[?2026l[?2026h[?25l[A[A[A[A[A[A[1Gpulling manifest [K
pulling 9999d473417a: 100% ▕██████████████████▏ 7.8 GB                         [K
pulling 715415638c9c: 100% ▕██████████████████▏  269 B                         [K
pulling d3ed60b91757: 100% ▕██████████████████▏ 6.0 KB                         [K
pulling fcc5a6bec9da: 100% ▕██████████████████▏ 7.7 KB                         [K
pulling fefc914e46e6: 100% ▕██████████████████▏   32 B                         [K
pulling 1506fb8a7284: 100% ▕██████████████████▏  564 B                         [K[?25h[?2026l[?2026h[?25l[A[A[A[A[A[A[1Gpulling manifest [K
pulling 9999d473417a: 100% ▕██████████████████▏ 7.8 GB                         [K
pulling 715415638c9c: 100% ▕██████████████████▏  269 B                         [K
pulling d3ed60b91757: 100% ▕██████████████████▏ 6.0 KB                         [K
pulling fcc5a6bec9da: 100% ▕██████████████████▏ 7.7 KB                         [K
pulling fefc914e46e6: 100% ▕██████████████████▏   32 B                         [K
pulling 1506fb8a7284: 100% ▕██████████████████▏  564 B                         [K[?25h[?2026l[?2026h[?25l[A[A[A[A[A[A[1Gpulling manifest [K
pulling 9999d473417a: 100% ▕██████████████████▏ 7.8 GB                         [K
pulling 715415638c9c: 100% ▕██████████████████▏  269 B                         [K
pulling d3ed60b91757: 100% ▕██████████████████▏ 6.0 KB                         [K
pulling fcc5a6bec9da: 100% ▕██████████████████▏ 7.7 KB                         [K
pulling fefc914e46e6: 100% ▕██████████████████▏   32 B                         [K
pulling 1506fb8a7284: 100% ▕██████████████████▏  564 B                         [K
verifying sha256 digest ⠋ [K[?25h[?2026l[?2026h[?25l[A[A[A[A[A[A[A[1Gpulling manifest [K
pulling 9999d473417a: 100% ▕██████████████████▏ 7.8 GB                         [K
pulling 715415638c9c: 100% ▕██████████████████▏  269 B                         [K
pulling d3ed60b91757: 100% ▕██████████████████▏ 6.0 KB                         [K
pulling fcc5a6bec9da: 100% ▕██████████████████▏ 7.7 KB                         [K
pulling fefc914e46e6: 100% ▕██████████████████▏   32 B                         [K
pulling 1506fb8a7284: 100% ▕██████████████████▏  564 B                         [K
verifying sha256 digest ⠙ [K[?25h[?2026l[?2026h[?25l[A[A[A[A[A[A[A[1Gpulling manifest [K
pulling 9999d473417a: 100% ▕██████████████████▏ 7.8 GB                         [K
pulling 715415638c9c: 100% ▕██████████████████▏  269 B                         [K
pulling d3ed60b91757: 100% ▕██████████████████▏ 6.0 KB                         [K
pulling fcc5a6bec9da: 100% ▕██████████████████▏ 7.7 KB                         [K
pulling fefc914e46e6: 100% ▕██████████████████▏   32 B                         [K
pulling 1506fb8a7284: 100% ▕██████████████████▏  564 B                         [K
verifying sha256 digest ⠹ [K[?25h[?2026l[?2026h[?25l[A[A[A[A[A[A[A[1Gpulling manifest [K
pulling 9999d473417a: 100% ▕██████████████████▏ 7.8 GB                         [K
pulling 715415638c9c: 100% ▕██████████████████▏  269 B                         [K
pulling d3ed60b91757: 100% ▕██████████████████▏ 6.0 KB                         [K
pulling fcc5a6bec9da: 100% ▕██████████████████▏ 7.7 KB                         [K
pulling fefc914e46e6: 100% ▕██████████████████▏   32 B                         [K
pulling 1506fb8a7284: 100% ▕██████████████████▏  564 B                         [K
verifying sha256 digest ⠸ [K[?25h[?2026l[?2026h[?25l[A[A[A[A[A[A[A[1Gpulling manifest [K
pulling 9999d473417a: 100% ▕██████████████████▏ 7.8 GB                         [K
pulling 715415638c9c: 100% ▕██████████████████▏  269 B                         [K
pulling d3ed60b91757: 100% ▕██████████████████▏ 6.0 KB                         [K
pulling fcc5a6bec9da: 100% ▕██████████████████▏ 7.7 KB                         [K
pulling fefc914e46e6: 100% ▕██████████████████▏   32 B                         [K
pulling 1506fb8a7284: 100% ▕██████████████████▏  564 B                         [K
verifying sha256 digest ⠼ [K[?25h[?2026l[?2026h[?25l[A[A[A[A[A[A[A[1Gpulling manifest [K
pulling 9999d473417a: 100% ▕██████████████████▏ 7.8 GB                         [K
pulling 715415638c9c: 100% ▕██████████████████▏  269 B                         [K
pulling d3ed60b91757: 100% ▕██████████████████▏ 6.0 KB                         [K
pulling fcc5a6bec9da: 100% ▕██████████████████▏ 7.7 KB                         [K
pulling fefc914e46e6: 100% ▕██████████████████▏   32 B                         [K
pulling 1506fb8a7284: 100% ▕██████████████████▏  564 B                         [K
verifying sha256 digest ⠴ [K[?25h[?2026l[?2026h[?25l[A[A[A[A[A[A[A[1Gpulling manifest [K
pulling 9999d473417a: 100% ▕██████████████████▏ 7.8 GB                         [K
pulling 715415638c9c: 100% ▕██████████████████▏  269 B                         [K
pulling d3ed60b91757: 100% ▕██████████████████▏ 6.0 KB                         [K
pulling fcc5a6bec9da: 100% ▕██████████████████▏ 7.7 KB                         [K
pulling fefc914e46e6: 100% ▕██████████████████▏   32 B                         [K
pulling 1506fb8a7284: 100% ▕██████████████████▏  564 B                         [K
verifying sha256 digest ⠦ [K[?25h[?2026l[?2026h[?25l[A[A[A[A[A[A[A[1Gpulling manifest [K
pulling 9999d473417a: 100% ▕██████████████████▏ 7.8 GB                         [K
pulling 715415638c9c: 100% ▕██████████████████▏  269 B                         [K
pulling d3ed60b91757: 100% ▕██████████████████▏ 6.0 KB                         [K
pulling fcc5a6bec9da: 100% ▕██████████████████▏ 7.7 KB                         [K
pulling fefc914e46e6: 100% ▕██████████████████▏   32 B                         [K
pulling 1506fb8a7284: 100% ▕██████████████████▏  564 B                         [K
verifying sha256 digest ⠧ [K[?25h[?2026l[?2026h[?25l[A[A[A[A[A[A[A[1Gpulling manifest [K
pulling 9999d473417a: 100% ▕██████████████████▏ 7.8 GB                         [K
pulling 715415638c9c: 100% ▕██████████████████▏  269 B                         [K
pulling d3ed60b91757: 100% ▕██████████████████▏ 6.0 KB                         [K
pulling fcc5a6bec9da: 100% ▕██████████████████▏ 7.7 KB                         [K
pulling fefc914e46e6: 100% ▕██████████████████▏   32 B                         [K
pulling 1506fb8a7284: 100% ▕██████████████████▏  564 B                         [K
verifying sha256 digest ⠇ [K[?25h[?2026l[?2026h[?25l[A[A[A[A[A[A[A[1Gpulling manifest [K
pulling 9999d473417a: 100% ▕██████████████████▏ 7.8 GB                         [K
pulling 715415638c9c: 100% ▕██████████████████▏  269 B                         [K
pulling d3ed60b91757: 100% ▕██████████████████▏ 6.0 KB                         [K
pulling fcc5a6bec9da: 100% ▕██████████████████▏ 7.7 KB                         [K
pulling fefc914e46e6: 100% ▕██████████████████▏   32 B                         [K
pulling 1506fb8a7284: 100% ▕██████████████████▏  564 B                         [K
verifying sha256 digest ⠏ [K[?25h[?2026l[?2026h[?25l[A[A[A[A[A[A[A[1Gpulling manifest [K
pulling 9999d473417a: 100% ▕██████████████████▏ 7.8 GB                         [K
pulling 715415638c9c: 100% ▕██████████████████▏  269 B                         [K
pulling d3ed60b91757: 100% ▕██████████████████▏ 6.0 KB                         [K
pulling fcc5a6bec9da: 100% ▕██████████████████▏ 7.7 KB                         [K
pulling fefc914e46e6: 100% ▕██████████████████▏   32 B                         [K
pulling 1506fb8a7284: 100% ▕██████████████████▏  564 B                         [K
verifying sha256 digest ⠋ [K[?25h[?2026l[?2026h[?25l[A[A[A[A[A[A[A[1Gpulling manifest [K
pulling 9999d473417a: 100% ▕██████████████████▏ 7.8 GB                         [K
pulling 715415638c9c: 100% ▕██████████████████▏  269 B                         [K
pulling d3ed60b91757: 100% ▕██████████████████▏ 6.0 KB                         [K
pulling fcc5a6bec9da: 100% ▕██████████████████▏ 7.7 KB                         [K
pulling fefc914e46e6: 100% ▕██████████████████▏   32 B                         [K
pulling 1506fb8a7284: 100% ▕██████████████████▏  564 B                         [K
verifying sha256 digest ⠙ [K[?25h[?2026l[?2026h[?25l[A[A[A[A[A[A[A[1Gpulling manifest [K
pulling 9999d473417a: 100% ▕██████████████████▏ 7.8 GB                         [K
pulling 715415638c9c: 100% ▕██████████████████▏  269 B                         [K
pulling d3ed60b91757: 100% ▕██████████████████▏ 6.0 KB                         [K
pulling fcc5a6bec9da: 100% ▕██████████████████▏ 7.7 KB                         [K
pulling fefc914e46e6: 100% ▕██████████████████▏   32 B                         [K
pulling 1506fb8a7284: 100% ▕██████████████████▏  564 B                         [K
verifying sha256 digest ⠹ [K[?25h[?2026l[?2026h[?25l[A[A[A[A[A[A[A[1Gpulling manifest [K
pulling 9999d473417a: 100% ▕██████████████████▏ 7.8 GB                         [K
pulling 715415638c9c: 100% ▕██████████████████▏  269 B                         [K
pulling d3ed60b91757: 100% ▕██████████████████▏ 6.0 KB                         [K
pulling fcc5a6bec9da: 100% ▕██████████████████▏ 7.7 KB                         [K
pulling fefc914e46e6: 100% ▕██████████████████▏   32 B                         [K
pulling 1506fb8a7284: 100% ▕██████████████████▏  564 B                         [K
verifying sha256 digest ⠸ [K[?25h[?2026l[?2026h[?25l[A[A[A[A[A[A[A[1Gpulling manifest [K
pulling 9999d473417a: 100% ▕██████████████████▏ 7.8 GB                         [K
pulling 715415638c9c: 100% ▕██████████████████▏  269 B                         [K
pulling d3ed60b91757: 100% ▕██████████████████▏ 6.0 KB                         [K
pulling fcc5a6bec9da: 100% ▕██████████████████▏ 7.7 KB                         [K
pulling fefc914e46e6: 100% ▕██████████████████▏   32 B                         [K
pulling 1506fb8a7284: 100% ▕██████████████████▏  564 B                         [K
verifying sha256 digest ⠼ [K[?25h[?2026l[?2026h[?25l[A[A[A[A[A[A[A[1Gpulling manifest [K
pulling 9999d473417a: 100% ▕██████████████████▏ 7.8 GB                         [K
pulling 715415638c9c: 100% ▕██████████████████▏  269 B                         [K
pulling d3ed60b91757: 100% ▕██████████████████▏ 6.0 KB                         [K
pulling fcc5a6bec9da: 100% ▕██████████████████▏ 7.7 KB                         [K
pulling fefc914e46e6: 100% ▕██████████████████▏   32 B                         [K
pulling 1506fb8a7284: 100% ▕██████████████████▏  564 B                         [K
verifying sha256 digest ⠴ [K[?25h[?2026l[?2026h[?25l[A[A[A[A[A[A[A[1Gpulling manifest [K
pulling 9999d473417a: 100% ▕██████████████████▏ 7.8 GB                         [K
pulling 715415638c9c: 100% ▕██████████████████▏  269 B                         [K
pulling d3ed60b91757: 100% ▕██████████████████▏ 6.0 KB                         [K
pulling fcc5a6bec9da: 100% ▕██████████████████▏ 7.7 KB                         [K
pulling fefc914e46e6: 100% ▕██████████████████▏   32 B                         [K
pulling 1506fb8a7284: 100% ▕██████████████████▏  564 B                         [K
verifying sha256 digest ⠦ [K[?25h[?2026l[?2026h[?25l[A[A[A[A[A[A[A[1Gpulling manifest [K
pulling 9999d473417a: 100% ▕██████████████████▏ 7.8 GB                         [K
pulling 715415638c9c: 100% ▕██████████████████▏  269 B                         [K
pulling d3ed60b91757: 100% ▕██████████████████▏ 6.0 KB                         [K
pulling fcc5a6bec9da: 100% ▕██████████████████▏ 7.7 KB                         [K
pulling fefc914e46e6: 100% ▕██████████████████▏   32 B                         [K
pulling 1506fb8a7284: 100% ▕██████████████████▏  564 B                         [K
verifying sha256 digest ⠧ [K[?25h[?2026l[?2026h[?25l[A[A[A[A[A[A[A[1Gpulling manifest [K
pulling 9999d473417a: 100% ▕██████████████████▏ 7.8 GB                         [K
pulling 715415638c9c: 100% ▕██████████████████▏  269 B                         [K
pulling d3ed60b91757: 100% ▕██████████████████▏ 6.0 KB                         [K
pulling fcc5a6bec9da: 100% ▕██████████████████▏ 7.7 KB                         [K
pulling fefc914e46e6: 100% ▕██████████████████▏   32 B                         [K
pulling 1506fb8a7284: 100% ▕██████████████████▏  564 B                         [K
verifying sha256 digest ⠇ [K[?25h[?2026l[?2026h[?25l[A[A[A[A[A[A[A[1Gpulling manifest [K
pulling 9999d473417a: 100% ▕██████████████████▏ 7.8 GB                         [K
pulling 715415638c9c: 100% ▕██████████████████▏  269 B                         [K
pulling d3ed60b91757: 100% ▕██████████████████▏ 6.0 KB                         [K
pulling fcc5a6bec9da: 100% ▕██████████████████▏ 7.7 KB                         [K
pulling fefc914e46e6: 100% ▕██████████████████▏   32 B                         [K
pulling 1506fb8a7284: 100% ▕██████████████████▏  564 B                         [K
verifying sha256 digest ⠏ [K[?25h[?2026l[?2026h[?25l[A[A[A[A[A[A[A[1Gpulling manifest [K
pulling 9999d473417a: 100% ▕██████████████████▏ 7.8 GB                         [K
pulling 715415638c9c: 100% ▕██████████████████▏  269 B                         [K
pulling d3ed60b91757: 100% ▕██████████████████▏ 6.0 KB                         [K
pulling fcc5a6bec9da: 100% ▕██████████████████▏ 7.7 KB                         [K
pulling fefc914e46e6: 100% ▕██████████████████▏   32 B                         [K
pulling 1506fb8a7284: 100% ▕██████████████████▏  564 B                         [K
verifying sha256 digest ⠋ [K[?25h[?2026l[?2026h[?25l[A[A[A[A[A[A[A[1Gpulling manifest [K
pulling 9999d473417a: 100% ▕██████████████████▏ 7.8 GB                         [K
pulling 715415638c9c: 100% ▕██████████████████▏  269 B                         [K
pulling d3ed60b91757: 100% ▕██████████████████▏ 6.0 KB                         [K
pulling fcc5a6bec9da: 100% ▕██████████████████▏ 7.7 KB                         [K
pulling fefc914e46e6: 100% ▕██████████████████▏   32 B                         [K
pulling 1506fb8a7284: 100% ▕██████████████████▏  564 B                         [K
verifying sha256 digest ⠙ [K[?25h[?2026l[?2026h[?25l[A[A[A[A[A[A[A[1Gpulling manifest [K
pulling 9999d473417a: 100% ▕██████████████████▏ 7.8 GB                         [K
pulling 715415638c9c: 100% ▕██████████████████▏  269 B                         [K
pulling d3ed60b91757: 100% ▕██████████████████▏ 6.0 KB                         [K
pulling fcc5a6bec9da: 100% ▕██████████████████▏ 7.7 KB                         [K
pulling fefc914e46e6: 100% ▕██████████████████▏   32 B                         [K
pulling 1506fb8a7284: 100% ▕██████████████████▏  564 B                         [K
verifying sha256 digest ⠹ [K[?25h[?2026l[?2026h[?25l[A[A[A[A[A[A[A[1Gpulling manifest [K
pulling 9999d473417a: 100% ▕██████████████████▏ 7.8 GB                         [K
pulling 715415638c9c: 100% ▕██████████████████▏  269 B                         [K
pulling d3ed60b91757: 100% ▕██████████████████▏ 6.0 KB                         [K
pulling fcc5a6bec9da: 100% ▕██████████████████▏ 7.7 KB                         [K
pulling fefc914e46e6: 100% ▕██████████████████▏   32 B                         [K
pulling 1506fb8a7284: 100% ▕██████████████████▏  564 B                         [K
verifying sha256 digest ⠸ [K[?25h[?2026l[?2026h[?25l[A[A[A[A[A[A[A[1Gpulling manifest [K
pulling 9999d473417a: 100% ▕██████████████████▏ 7.8 GB                         [K
pulling 715415638c9c: 100% ▕██████████████████▏  269 B                         [K
pulling d3ed60b91757: 100% ▕██████████████████▏ 6.0 KB                         [K
pulling fcc5a6bec9da: 100% ▕██████████████████▏ 7.7 KB                         [K
pulling fefc914e46e6: 100% ▕██████████████████▏   32 B                         [K
pulling 1506fb8a7284: 100% ▕██████████████████▏  564 B                         [K
verifying sha256 digest ⠼ [K[?25h[?2026l[?2026h[?25l[A[A[A[A[A[A[A[1Gpulling manifest [K
pulling 9999d473417a: 100% ▕██████████████████▏ 7.8 GB                         [K
pulling 715415638c9c: 100% ▕██████████████████▏  269 B                         [K
pulling d3ed60b91757: 100% ▕██████████████████▏ 6.0 KB                         [K
pulling fcc5a6bec9da: 100% ▕██████████████████▏ 7.7 KB                         [K
pulling fefc914e46e6: 100% ▕██████████████████▏   32 B                         [K
pulling 1506fb8a7284: 100% ▕██████████████████▏  564 B                         [K
verifying sha256 digest ⠴ [K[?25h[?2026l[?2026h[?25l[A[A[A[A[A[A[A[1Gpulling manifest [K
pulling 9999d473417a: 100% ▕██████████████████▏ 7.8 GB                         [K
pulling 715415638c9c: 100% ▕██████████████████▏  269 B                         [K
pulling d3ed60b91757: 100% ▕██████████████████▏ 6.0 KB                         [K
pulling fcc5a6bec9da: 100% ▕██████████████████▏ 7.7 KB                         [K
pulling fefc914e46e6: 100% ▕██████████████████▏   32 B                         [K
pulling 1506fb8a7284: 100% ▕██████████████████▏  564 B                         [K
verifying sha256 digest ⠦ [K[?25h[?2026l[?2026h[?25l[A[A[A[A[A[A[A[1Gpulling manifest [K
pulling 9999d473417a: 100% ▕██████████████████▏ 7.8 GB                         [K
pulling 715415638c9c: 100% ▕██████████████████▏  269 B                         [K
pulling d3ed60b91757: 100% ▕██████████████████▏ 6.0 KB                         [K
pulling fcc5a6bec9da: 100% ▕██████████████████▏ 7.7 KB                         [K
pulling fefc914e46e6: 100% ▕██████████████████▏   32 B                         [K
pulling 1506fb8a7284: 100% ▕██████████████████▏  564 B                         [K
verifying sha256 digest ⠧ [K[?25h[?2026l[?2026h[?25l[A[A[A[A[A[A[A[1Gpulling manifest [K
pulling 9999d473417a: 100% ▕██████████████████▏ 7.8 GB                         [K
pulling 715415638c9c: 100% ▕██████████████████▏  269 B                         [K
pulling d3ed60b91757: 100% ▕██████████████████▏ 6.0 KB                         [K
pulling fcc5a6bec9da: 100% ▕██████████████████▏ 7.7 KB                         [K
pulling fefc914e46e6: 100% ▕██████████████████▏   32 B                         [K
pulling 1506fb8a7284: 100% ▕██████████████████▏  564 B                         [K
verifying sha256 digest ⠇ [K[?25h[?2026l[?2026h[?25l[A[A[A[A[A[A[A[1Gpulling manifest [K
pulling 9999d473417a: 100% ▕██████████████████▏ 7.8 GB                         [K
pulling 715415638c9c: 100% ▕██████████████████▏  269 B                         [K
pulling d3ed60b91757: 100% ▕██████████████████▏ 6.0 KB                         [K
pulling fcc5a6bec9da: 100% ▕██████████████████▏ 7.7 KB                         [K
pulling fefc914e46e6: 100% ▕██████████████████▏   32 B                         [K
pulling 1506fb8a7284: 100% ▕██████████████████▏  564 B                         [K
verifying sha256 digest ⠏ [K[?25h[?2026l[?2026h[?25l[A[A[A[A[A[A[A[1Gpulling manifest [K
pulling 9999d473417a: 100% ▕██████████████████▏ 7.8 GB                         [K
pulling 715415638c9c: 100% ▕██████████████████▏  269 B                         [K
pulling d3ed60b91757: 100% ▕██████████████████▏ 6.0 KB                         [K
pulling fcc5a6bec9da: 100% ▕██████████████████▏ 7.7 KB                         [K
pulling fefc914e46e6: 100% ▕██████████████████▏   32 B                         [K
pulling 1506fb8a7284: 100% ▕██████████████████▏  564 B                         [K
verifying sha256 digest ⠋ [K[?25h[?2026l[?2026h[?25l[A[A[A[A[A[A[A[1Gpulling manifest [K
pulling 9999d473417a: 100% ▕██████████████████▏ 7.8 GB                         [K
pulling 715415638c9c: 100% ▕██████████████████▏  269 B                         [K
pulling d3ed60b91757: 100% ▕██████████████████▏ 6.0 KB                         [K
pulling fcc5a6bec9da: 100% ▕██████████████████▏ 7.7 KB                         [K
pulling fefc914e46e6: 100% ▕██████████████████▏   32 B                         [K
pulling 1506fb8a7284: 100% ▕██████████████████▏  564 B                         [K
verifying sha256 digest ⠙ [K[?25h[?2026l[?2026h[?25l[A[A[A[A[A[A[A[1Gpulling manifest [K
pulling 9999d473417a: 100% ▕██████████████████▏ 7.8 GB                         [K
pulling 715415638c9c: 100% ▕██████████████████▏  269 B                         [K
pulling d3ed60b91757: 100% ▕██████████████████▏ 6.0 KB                         [K
pulling fcc5a6bec9da: 100% ▕██████████████████▏ 7.7 KB                         [K
pulling fefc914e46e6: 100% ▕██████████████████▏   32 B                         [K
pulling 1506fb8a7284: 100% ▕██████████████████▏  564 B                         [K
verifying sha256 digest ⠹ [K[?25h[?2026l[?2026h[?25l[A[A[A[A[A[A[A[1Gpulling manifest [K
pulling 9999d473417a: 100% ▕██████████████████▏ 7.8 GB                         [K
pulling 715415638c9c: 100% ▕██████████████████▏  269 B                         [K
pulling d3ed60b91757: 100% ▕██████████████████▏ 6.0 KB                         [K
pulling fcc5a6bec9da: 100% ▕██████████████████▏ 7.7 KB                         [K
pulling fefc914e46e6: 100% ▕██████████████████▏   32 B                         [K
pulling 1506fb8a7284: 100% ▕██████████████████▏  564 B                         [K
verifying sha256 digest ⠸ [K[?25h[?2026l[?2026h[?25l[A[A[A[A[A[A[A[1Gpulling manifest [K
pulling 9999d473417a: 100% ▕██████████████████▏ 7.8 GB                         [K
pulling 715415638c9c: 100% ▕██████████████████▏  269 B                         [K
pulling d3ed60b91757: 100% ▕██████████████████▏ 6.0 KB                         [K
pulling fcc5a6bec9da: 100% ▕██████████████████▏ 7.7 KB                         [K
pulling fefc914e46e6: 100% ▕██████████████████▏   32 B                         [K
pulling 1506fb8a7284: 100% ▕██████████████████▏  564 B                         [K
verifying sha256 digest ⠼ [K[?25h[?2026l[?2026h[?25l[A[A[A[A[A[A[A[1Gpulling manifest [K
pulling 9999d473417a: 100% ▕██████████████████▏ 7.8 GB                         [K
pulling 715415638c9c: 100% ▕██████████████████▏  269 B                         [K
pulling d3ed60b91757: 100% ▕██████████████████▏ 6.0 KB                         [K
pulling fcc5a6bec9da: 100% ▕██████████████████▏ 7.7 KB                         [K
pulling fefc914e46e6: 100% ▕██████████████████▏   32 B                         [K
pulling 1506fb8a7284: 100% ▕██████████████████▏  564 B                         [K
verifying sha256 digest ⠴ [K[?25h[?2026l[?2026h[?25l[A[A[A[A[A[A[A[1Gpulling manifest [K
pulling 9999d473417a: 100% ▕██████████████████▏ 7.8 GB                         [K
pulling 715415638c9c: 100% ▕██████████████████▏  269 B                         [K
pulling d3ed60b91757: 100% ▕██████████████████▏ 6.0 KB                         [K
pulling fcc5a6bec9da: 100% ▕██████████████████▏ 7.7 KB                         [K
pulling fefc914e46e6: 100% ▕██████████████████▏   32 B                         [K
pulling 1506fb8a7284: 100% ▕██████████████████▏  564 B                         [K
verifying sha256 digest ⠦ [K[?25h[?2026l[?2026h[?25l[A[A[A[A[A[A[A[1Gpulling manifest [K
pulling 9999d473417a: 100% ▕██████████████████▏ 7.8 GB                         [K
pulling 715415638c9c: 100% ▕██████████████████▏  269 B                         [K
pulling d3ed60b91757: 100% ▕██████████████████▏ 6.0 KB                         [K
pulling fcc5a6bec9da: 100% ▕██████████████████▏ 7.7 KB                         [K
pulling fefc914e46e6: 100% ▕██████████████████▏   32 B                         [K
pulling 1506fb8a7284: 100% ▕██████████████████▏  564 B                         [K
verifying sha256 digest ⠧ [K[?25h[?2026l[?2026h[?25l[A[A[A[A[A[A[A[1Gpulling manifest [K
pulling 9999d473417a: 100% ▕██████████████████▏ 7.8 GB                         [K
pulling 715415638c9c: 100% ▕██████████████████▏  269 B                         [K
pulling d3ed60b91757: 100% ▕██████████████████▏ 6.0 KB                         [K
pulling fcc5a6bec9da: 100% ▕██████████████████▏ 7.7 KB                         [K
pulling fefc914e46e6: 100% ▕██████████████████▏   32 B                         [K
pulling 1506fb8a7284: 100% ▕██████████████████▏  564 B                         [K
verifying sha256 digest ⠇ [K[?25h[?2026l[?2026h[?25l[A[A[A[A[A[A[A[1Gpulling manifest [K
pulling 9999d473417a: 100% ▕██████████████████▏ 7.8 GB                         [K
pulling 715415638c9c: 100% ▕██████████████████▏  269 B                         [K
pulling d3ed60b91757: 100% ▕██████████████████▏ 6.0 KB                         [K
pulling fcc5a6bec9da: 100% ▕██████████████████▏ 7.7 KB                         [K
pulling fefc914e46e6: 100% ▕██████████████████▏   32 B                         [K
pulling 1506fb8a7284: 100% ▕██████████████████▏  564 B                         [K
verifying sha256 digest ⠏ [K[?25h[?2026l[?2026h[?25l[A[A[A[A[A[A[A[1Gpulling manifest [K
pulling 9999d473417a: 100% ▕██████████████████▏ 7.8 GB                         [K
pulling 715415638c9c: 100% ▕██████████████████▏  269 B                         [K
pulling d3ed60b91757: 100% ▕██████████████████▏ 6.0 KB                         [K
pulling fcc5a6bec9da: 100% ▕██████████████████▏ 7.7 KB                         [K
pulling fefc914e46e6: 100% ▕██████████████████▏   32 B                         [K
pulling 1506fb8a7284: 100% ▕██████████████████▏  564 B                         [K
verifying sha256 digest ⠋ [K[?25h[?2026l[?2026h[?25l[A[A[A[A[A[A[A[1Gpulling manifest [K
pulling 9999d473417a: 100% ▕██████████████████▏ 7.8 GB                         [K
pulling 715415638c9c: 100% ▕██████████████████▏  269 B                         [K
pulling d3ed60b91757: 100% ▕██████████████████▏ 6.0 KB                         [K
pulling fcc5a6bec9da: 100% ▕██████████████████▏ 7.7 KB                         [K
pulling fefc914e46e6: 100% ▕██████████████████▏   32 B                         [K
pulling 1506fb8a7284: 100% ▕██████████████████▏  564 B                         [K
verifying sha256 digest ⠙ [K[?25h[?2026l[?2026h[?25l[A[A[A[A[A[A[A[1Gpulling manifest [K
pulling 9999d473417a: 100% ▕██████████████████▏ 7.8 GB                         [K
pulling 715415638c9c: 100% ▕██████████████████▏  269 B                         [K
pulling d3ed60b91757: 100% ▕██████████████████▏ 6.0 KB                         [K
pulling fcc5a6bec9da: 100% ▕██████████████████▏ 7.7 KB                         [K
pulling fefc914e46e6: 100% ▕██████████████████▏   32 B                         [K
pulling 1506fb8a7284: 100% ▕██████████████████▏  564 B                         [K
verifying sha256 digest ⠹ [K[?25h[?2026l[?2026h[?25l[A[A[A[A[A[A[A[1Gpulling manifest [K
pulling 9999d473417a: 100% ▕██████████████████▏ 7.8 GB                         [K
pulling 715415638c9c: 100% ▕██████████████████▏  269 B                         [K
pulling d3ed60b91757: 100% ▕██████████████████▏ 6.0 KB                         [K
pulling fcc5a6bec9da: 100% ▕██████████████████▏ 7.7 KB                         [K
pulling fefc914e46e6: 100% ▕██████████████████▏   32 B                         [K
pulling 1506fb8a7284: 100% ▕██████████████████▏  564 B                         [K
verifying sha256 digest ⠸ [K[?25h[?2026l[?2026h[?25l[A[A[A[A[A[A[A[1Gpulling manifest [K
pulling 9999d473417a: 100% ▕██████████████████▏ 7.8 GB                         [K
pulling 715415638c9c: 100% ▕██████████████████▏  269 B                         [K
pulling d3ed60b91757: 100% ▕██████████████████▏ 6.0 KB                         [K
pulling fcc5a6bec9da: 100% ▕██████████████████▏ 7.7 KB                         [K
pulling fefc914e46e6: 100% ▕██████████████████▏   32 B                         [K
pulling 1506fb8a7284: 100% ▕██████████████████▏  564 B                         [K
verifying sha256 digest ⠼ [K[?25h[?2026l[?2026h[?25l[A[A[A[A[A[A[A[1Gpulling manifest [K
pulling 9999d473417a: 100% ▕██████████████████▏ 7.8 GB                         [K
pulling 715415638c9c: 100% ▕██████████████████▏  269 B                         [K
pulling d3ed60b91757: 100% ▕██████████████████▏ 6.0 KB                         [K
pulling fcc5a6bec9da: 100% ▕██████████████████▏ 7.7 KB                         [K
pulling fefc914e46e6: 100% ▕██████████████████▏   32 B                         [K
pulling 1506fb8a7284: 100% ▕██████████████████▏  564 B                         [K
verifying sha256 digest ⠴ [K[?25h[?2026l[?2026h[?25l[A[A[A[A[A[A[A[1Gpulling manifest [K
pulling 9999d473417a: 100% ▕██████████████████▏ 7.8 GB                         [K
pulling 715415638c9c: 100% ▕██████████████████▏  269 B                         [K
pulling d3ed60b91757: 100% ▕██████████████████▏ 6.0 KB                         [K
pulling fcc5a6bec9da: 100% ▕██████████████████▏ 7.7 KB                         [K
pulling fefc914e46e6: 100% ▕██████████████████▏   32 B                         [K
pulling 1506fb8a7284: 100% ▕██████████████████▏  564 B                         [K
verifying sha256 digest ⠦ [K[?25h[?2026l[?2026h[?25l[A[A[A[A[A[A[A[1Gpulling manifest [K
pulling 9999d473417a: 100% ▕██████████████████▏ 7.8 GB                         [K
pulling 715415638c9c: 100% ▕██████████████████▏  269 B                         [K
pulling d3ed60b91757: 100% ▕██████████████████▏ 6.0 KB                         [K
pulling fcc5a6bec9da: 100% ▕██████████████████▏ 7.7 KB                         [K
pulling fefc914e46e6: 100% ▕██████████████████▏   32 B                         [K
pulling 1506fb8a7284: 100% ▕██████████████████▏  564 B                         [K
verifying sha256 digest ⠧ [K[?25h[?2026l[?2026h[?25l[A[A[A[A[A[A[A[1Gpulling manifest [K
pulling 9999d473417a: 100% ▕██████████████████▏ 7.8 GB                         [K
pulling 715415638c9c: 100% ▕██████████████████▏  269 B                         [K
pulling d3ed60b91757: 100% ▕██████████████████▏ 6.0 KB                         [K
pulling fcc5a6bec9da: 100% ▕██████████████████▏ 7.7 KB                         [K
pulling fefc914e46e6: 100% ▕██████████████████▏   32 B                         [K
pulling 1506fb8a7284: 100% ▕██████████████████▏  564 B                         [K
verifying sha256 digest ⠇ [K[?25h[?2026l[?2026h[?25l[A[A[A[A[A[A[A[1Gpulling manifest [K
pulling 9999d473417a: 100% ▕██████████████████▏ 7.8 GB                         [K
pulling 715415638c9c: 100% ▕██████████████████▏  269 B                         [K
pulling d3ed60b91757: 100% ▕██████████████████▏ 6.0 KB                         [K
pulling fcc5a6bec9da: 100% ▕██████████████████▏ 7.7 KB                         [K
pulling fefc914e46e6: 100% ▕██████████████████▏   32 B                         [K
pulling 1506fb8a7284: 100% ▕██████████████████▏  564 B                         [K
verifying sha256 digest ⠏ [K[?25h[?2026l[?2026h[?25l[A[A[A[A[A[A[A[1Gpulling manifest [K
pulling 9999d473417a: 100% ▕██████████████████▏ 7.8 GB                         [K
pulling 715415638c9c: 100% ▕██████████████████▏  269 B                         [K
pulling d3ed60b91757: 100% ▕██████████████████▏ 6.0 KB                         [K
pulling fcc5a6bec9da: 100% ▕██████████████████▏ 7.7 KB                         [K
pulling fefc914e46e6: 100% ▕██████████████████▏   32 B                         [K
pulling 1506fb8a7284: 100% ▕██████████████████▏  564 B                         [K
verifying sha256 digest ⠋ [K[?25h[?2026l[?2026h[?25l[A[A[A[A[A[A[A[1Gpulling manifest [K
pulling 9999d473417a: 100% ▕██████████████████▏ 7.8 GB                         [K
pulling 715415638c9c: 100% ▕██████████████████▏  269 B                         [K
pulling d3ed60b91757: 100% ▕██████████████████▏ 6.0 KB                         [K
pulling fcc5a6bec9da: 100% ▕██████████████████▏ 7.7 KB                         [K
pulling fefc914e46e6: 100% ▕██████████████████▏   32 B                         [K
pulling 1506fb8a7284: 100% ▕██████████████████▏  564 B                         [K
verifying sha256 digest ⠙ [K[?25h[?2026l[?2026h[?25l[A[A[A[A[A[A[A[1Gpulling manifest [K
pulling 9999d473417a: 100% ▕██████████████████▏ 7.8 GB                         [K
pulling 715415638c9c: 100% ▕██████████████████▏  269 B                         [K
pulling d3ed60b91757: 100% ▕██████████████████▏ 6.0 KB                         [K
pulling fcc5a6bec9da: 100% ▕██████████████████▏ 7.7 KB                         [K
pulling fefc914e46e6: 100% ▕██████████████████▏   32 B                         [K
pulling 1506fb8a7284: 100% ▕██████████████████▏  564 B                         [K
verifying sha256 digest ⠹ [K[?25h[?2026l[?2026h[?25l[A[A[A[A[A[A[A[1Gpulling manifest [K
pulling 9999d473417a: 100% ▕██████████████████▏ 7.8 GB                         [K
pulling 715415638c9c: 100% ▕██████████████████▏  269 B                         [K
pulling d3ed60b91757: 100% ▕██████████████████▏ 6.0 KB                         [K
pulling fcc5a6bec9da: 100% ▕██████████████████▏ 7.7 KB                         [K
pulling fefc914e46e6: 100% ▕██████████████████▏   32 B                         [K
pulling 1506fb8a7284: 100% ▕██████████████████▏  564 B                         [K
verifying sha256 digest ⠸ [K[?25h[?2026l[?2026h[?25l[A[A[A[A[A[A[A[1Gpulling manifest [K
pulling 9999d473417a: 100% ▕██████████████████▏ 7.8 GB                         [K
pulling 715415638c9c: 100% ▕██████████████████▏  269 B                         [K
pulling d3ed60b91757: 100% ▕██████████████████▏ 6.0 KB                         [K
pulling fcc5a6bec9da: 100% ▕██████████████████▏ 7.7 KB                         [K
pulling fefc914e46e6: 100% ▕██████████████████▏   32 B                         [K
pulling 1506fb8a7284: 100% ▕██████████████████▏  564 B                         [K
verifying sha256 digest ⠼ [K[?25h[?2026l[?2026h[?25l[A[A[A[A[A[A[A[1Gpulling manifest [K
pulling 9999d473417a: 100% ▕██████████████████▏ 7.8 GB                         [K
pulling 715415638c9c: 100% ▕██████████████████▏  269 B                         [K
pulling d3ed60b91757: 100% ▕██████████████████▏ 6.0 KB                         [K
pulling fcc5a6bec9da: 100% ▕██████████████████▏ 7.7 KB                         [K
pulling fefc914e46e6: 100% ▕██████████████████▏   32 B                         [K
pulling 1506fb8a7284: 100% ▕██████████████████▏  564 B                         [K
verifying sha256 digest ⠴ [K[?25h[?2026l[?2026h[?25l[A[A[A[A[A[A[A[1Gpulling manifest [K
pulling 9999d473417a: 100% ▕██████████████████▏ 7.8 GB                         [K
pulling 715415638c9c: 100% ▕██████████████████▏  269 B                         [K
pulling d3ed60b91757: 100% ▕██████████████████▏ 6.0 KB                         [K
pulling fcc5a6bec9da: 100% ▕██████████████████▏ 7.7 KB                         [K
pulling fefc914e46e6: 100% ▕██████████████████▏   32 B                         [K
pulling 1506fb8a7284: 100% ▕██████████████████▏  564 B                         [K
verifying sha256 digest ⠦ [K[?25h[?2026l[?2026h[?25l[A[A[A[A[A[A[A[1Gpulling manifest [K
pulling 9999d473417a: 100% ▕██████████████████▏ 7.8 GB                         [K
pulling 715415638c9c: 100% ▕██████████████████▏  269 B                         [K
pulling d3ed60b91757: 100% ▕██████████████████▏ 6.0 KB                         [K
pulling fcc5a6bec9da: 100% ▕██████████████████▏ 7.7 KB                         [K
pulling fefc914e46e6: 100% ▕██████████████████▏   32 B                         [K
pulling 1506fb8a7284: 100% ▕██████████████████▏  564 B                         [K
verifying sha256 digest ⠧ [K[?25h[?2026l[?2026h[?25l[A[A[A[A[A[A[A[1Gpulling manifest [K
pulling 9999d473417a: 100% ▕██████████████████▏ 7.8 GB                         [K
pulling 715415638c9c: 100% ▕██████████████████▏  269 B                         [K
pulling d3ed60b91757: 100% ▕██████████████████▏ 6.0 KB                         [K
pulling fcc5a6bec9da: 100% ▕██████████████████▏ 7.7 KB                         [K
pulling fefc914e46e6: 100% ▕██████████████████▏   32 B                         [K
pulling 1506fb8a7284: 100% ▕██████████████████▏  564 B                         [K
verifying sha256 digest ⠇ [K[?25h[?2026l[?2026h[?25l[A[A[A[A[A[A[A[1Gpulling manifest [K
pulling 9999d473417a: 100% ▕██████████████████▏ 7.8 GB                         [K
pulling 715415638c9c: 100% ▕██████████████████▏  269 B                         [K
pulling d3ed60b91757: 100% ▕██████████████████▏ 6.0 KB                         [K
pulling fcc5a6bec9da: 100% ▕██████████████████▏ 7.7 KB                         [K
pulling fefc914e46e6: 100% ▕██████████████████▏   32 B                         [K
pulling 1506fb8a7284: 100% ▕██████████████████▏  564 B                         [K
verifying sha256 digest ⠏ [K[?25h[?2026l[?2026h[?25l[A[A[A[A[A[A[A[1Gpulling manifest [K
pulling 9999d473417a: 100% ▕██████████████████▏ 7.8 GB                         [K
pulling 715415638c9c: 100% ▕██████████████████▏  269 B                         [K
pulling d3ed60b91757: 100% ▕██████████████████▏ 6.0 KB                         [K
pulling fcc5a6bec9da: 100% ▕██████████████████▏ 7.7 KB                         [K
pulling fefc914e46e6: 100% ▕██████████████████▏   32 B                         [K
pulling 1506fb8a7284: 100% ▕██████████████████▏  564 B                         [K
verifying sha256 digest ⠋ [K[?25h[?2026l[?2026h[?25l[A[A[A[A[A[A[A[1Gpulling manifest [K
pulling 9999d473417a: 100% ▕██████████████████▏ 7.8 GB                         [K
pulling 715415638c9c: 100% ▕██████████████████▏  269 B                         [K
pulling d3ed60b91757: 100% ▕██████████████████▏ 6.0 KB                         [K
pulling fcc5a6bec9da: 100% ▕██████████████████▏ 7.7 KB                         [K
pulling fefc914e46e6: 100% ▕██████████████████▏   32 B                         [K
pulling 1506fb8a7284: 100% ▕██████████████████▏  564 B                         [K
verifying sha256 digest ⠙ [K[?25h[?2026l[?2026h[?25l[A[A[A[A[A[A[A[1Gpulling manifest [K
pulling 9999d473417a: 100% ▕██████████████████▏ 7.8 GB                         [K
pulling 715415638c9c: 100% ▕██████████████████▏  269 B                         [K
pulling d3ed60b91757: 100% ▕██████████████████▏ 6.0 KB                         [K
pulling fcc5a6bec9da: 100% ▕██████████████████▏ 7.7 KB                         [K
pulling fefc914e46e6: 100% ▕██████████████████▏   32 B                         [K
pulling 1506fb8a7284: 100% ▕██████████████████▏  564 B                         [K
verifying sha256 digest ⠹ [K[?25h[?2026l[?2026h[?25l[A[A[A[A[A[A[A[1Gpulling manifest [K
pulling 9999d473417a: 100% ▕██████████████████▏ 7.8 GB                         [K
pulling 715415638c9c: 100% ▕██████████████████▏  269 B                         [K
pulling d3ed60b91757: 100% ▕██████████████████▏ 6.0 KB                         [K
pulling fcc5a6bec9da: 100% ▕██████████████████▏ 7.7 KB                         [K
pulling fefc914e46e6: 100% ▕██████████████████▏   32 B                         [K
pulling 1506fb8a7284: 100% ▕██████████████████▏  564 B                         [K
verifying sha256 digest ⠸ [K[?25h[?2026l[?2026h[?25l[A[A[A[A[A[A[A[1Gpulling manifest [K
pulling 9999d473417a: 100% ▕██████████████████▏ 7.8 GB                         [K
pulling 715415638c9c: 100% ▕██████████████████▏  269 B                         [K
pulling d3ed60b91757: 100% ▕██████████████████▏ 6.0 KB                         [K
pulling fcc5a6bec9da: 100% ▕██████████████████▏ 7.7 KB                         [K
pulling fefc914e46e6: 100% ▕██████████████████▏   32 B                         [K
pulling 1506fb8a7284: 100% ▕██████████████████▏  564 B                         [K
verifying sha256 digest ⠼ [K[?25h[?2026l[?2026h[?25l[A[A[A[A[A[A[A[1Gpulling manifest [K
pulling 9999d473417a: 100% ▕██████████████████▏ 7.8 GB                         [K
pulling 715415638c9c: 100% ▕██████████████████▏  269 B                         [K
pulling d3ed60b91757: 100% ▕██████████████████▏ 6.0 KB                         [K
pulling fcc5a6bec9da: 100% ▕██████████████████▏ 7.7 KB                         [K
pulling fefc914e46e6: 100% ▕██████████████████▏   32 B                         [K
pulling 1506fb8a7284: 100% ▕██████████████████▏  564 B                         [K
verifying sha256 digest ⠴ [K[?25h[?2026l[?2026h[?25l[A[A[A[A[A[A[A[1Gpulling manifest [K
pulling 9999d473417a: 100% ▕██████████████████▏ 7.8 GB                         [K
pulling 715415638c9c: 100% ▕██████████████████▏  269 B                         [K
pulling d3ed60b91757: 100% ▕██████████████████▏ 6.0 KB                         [K
pulling fcc5a6bec9da: 100% ▕██████████████████▏ 7.7 KB                         [K
pulling fefc914e46e6: 100% ▕██████████████████▏   32 B                         [K
pulling 1506fb8a7284: 100% ▕██████████████████▏  564 B                         [K
verifying sha256 digest ⠦ [K[?25h[?2026l[?2026h[?25l[A[A[A[A[A[A[A[1Gpulling manifest [K
pulling 9999d473417a: 100% ▕██████████████████▏ 7.8 GB                         [K
pulling 715415638c9c: 100% ▕██████████████████▏  269 B                         [K
pulling d3ed60b91757: 100% ▕██████████████████▏ 6.0 KB                         [K
pulling fcc5a6bec9da: 100% ▕██████████████████▏ 7.7 KB                         [K
pulling fefc914e46e6: 100% ▕██████████████████▏   32 B                         [K
pulling 1506fb8a7284: 100% ▕██████████████████▏  564 B                         [K
verifying sha256 digest ⠧ [K[?25h[?2026l[?2026h[?25l[A[A[A[A[A[A[A[1Gpulling manifest [K
pulling 9999d473417a: 100% ▕██████████████████▏ 7.8 GB                         [K
pulling 715415638c9c: 100% ▕██████████████████▏  269 B                         [K
pulling d3ed60b91757: 100% ▕██████████████████▏ 6.0 KB                         [K
pulling fcc5a6bec9da: 100% ▕██████████████████▏ 7.7 KB                         [K
pulling fefc914e46e6: 100% ▕██████████████████▏   32 B                         [K
pulling 1506fb8a7284: 100% ▕██████████████████▏  564 B                         [K
verifying sha256 digest ⠇ [K[?25h[?2026l[?2026h[?25l[A[A[A[A[A[A[A[1Gpulling manifest [K
pulling 9999d473417a: 100% ▕██████████████████▏ 7.8 GB                         [K
pulling 715415638c9c: 100% ▕██████████████████▏  269 B                         [K
pulling d3ed60b91757: 100% ▕██████████████████▏ 6.0 KB                         [K
pulling fcc5a6bec9da: 100% ▕██████████████████▏ 7.7 KB                         [K
pulling fefc914e46e6: 100% ▕██████████████████▏   32 B                         [K
pulling 1506fb8a7284: 100% ▕██████████████████▏  564 B                         [K
verifying sha256 digest [K
writing manifest ⠋ [K[?25h[?2026l[?2026h[?25l[A[A[A[A[A[A[A[A[1Gpulling manifest [K
pulling 9999d473417a: 100% ▕██████████████████▏ 7.8 GB                         [K
pulling 715415638c9c: 100% ▕██████████████████▏  269 B                         [K
pulling d3ed60b91757: 100% ▕██████████████████▏ 6.0 KB                         [K
pulling fcc5a6bec9da: 100% ▕██████████████████▏ 7.7 KB                         [K
pulling fefc914e46e6: 100% ▕██████████████████▏   32 B                         [K
pulling 1506fb8a7284: 100% ▕██████████████████▏  564 B                         [K
verifying sha256 digest [K
writing manifest [K
success [K[?25h[?2026l
INFO:    underlay of /etc/localtime required more than 50 (83) bind mounts
NAME                   ID              SIZE      MODIFIED               
llama3.2-vision:11b    6f2f9757ae97    7.8 GB    Less than a second ago    
gemma3:27b             a418f5838eaf    17 GB     42 seconds ago            
gemma3:12b             f4031aab637d    8.1 GB    2 minutes ago             
medgemma:4b            9fe4e9a6c9bd    3.3 GB    4 weeks ago               
