INFO:    underlay of /etc/localtime required more than 50 (83) bind mounts
[?2026h[?25l[1Gpulling manifest ⠋ [K[?25h[?2026l[?2026h[?25l[1Gpulling manifest ⠙ [K[?25h[?2026l[?2026h[?25l[1Gpulling manifest ⠹ [K[?25h[?2026l[?2026h[?25l[1Gpulling manifest ⠸ [K[?25h[?2026l[?2026h[?25l[1Gpulling manifest ⠼ [K[?25h[?2026l[?2026h[?25l[1Gpulling manifest ⠴ [K[?25h[?2026l[?2026h[?25l[1Gpulling manifest ⠦ [K[?25h[?2026l[?2026h[?25l[1Gpulling manifest [K
pulling 9d507a36062c:   0% ▕                  ▏  22 MB/ 67 GB                  [K[?25h[?2026l[?2026h[?25l[A[1Gpulling manifest [K
pulling 9d507a36062c:   0% ▕                  ▏  56 MB/ 67 GB                  [K[?25h[?2026l[?2026h[?25l[A[1Gpulling manifest [K
pulling 9d507a36062c:   0% ▕                  ▏  95 MB/ 67 GB                  [K[?25h[?2026l[?2026h[?25l[A[1Gpulling manifest [K
pulling 9d507a36062c:   0% ▕                  ▏ 140 MB/ 67 GB                  [K[?25h[?2026l[?2026h[?25l[A[1Gpulling manifest [K
pulling 9d507a36062c:   0% ▕                  ▏ 149 MB/ 67 GB                  [K[?25h[?2026l[?2026h[?25l[A[1Gpulling manifest [K
pulling 9d507a36062c:   0% ▕                  ▏ 175 MB/ 67 GB                  [K[?25h[?2026l[?2026h[?25l[A[1Gpulling manifest [K
pulling 9d507a36062c:   0% ▕                  ▏ 209 MB/ 67 GB                  [K[?25h[?2026l[?2026h[?25l[A[1Gpulling manifest [K
pulling 9d507a36062c:   0% ▕                  ▏ 218 MB/ 67 GB                  [K[?25h[?2026l[?2026h[?25l[A[1Gpulling manifest [K
pulling 9d507a36062c:   0% ▕                  ▏ 251 MB/ 67 GB                  [K[?25h[?2026l[?2026h[?25l[A[1Gpulling manifest [K
pulling 9d507a36062c:   0% ▕                  ▏ 283 MB/ 67 GB                  [K[?25h[?2026l[?2026h[?25l[A[1Gpulling manifest [K
pulling 9d507a36062c:   0% ▕                  ▏ 293 MB/ 67 GB  292 MB/s   3m49s[K[?25h[?2026l[?2026h[?25l[A[1Gpulling manifest [K
pulling 9d507a36062c:   0% ▕                  ▏ 320 MB/ 67 GB  292 MB/s   3m49s[K[?25h[?2026l[?2026h[?25l[A[1Gpulling manifest [K
pulling 9d507a36062c:   1% ▕                  ▏ 357 MB/ 67 GB  292 MB/s   3m49s[K[?25h[?2026l[?2026h[?25l[A[1Gpulling manifest [K
pulling 9d507a36062c:   1% ▕                  ▏ 364 MB/ 67 GB  292 MB/s   3m49s[K[?25h[?2026l[?2026h[?25l[A[1Gpulling manifest [K
pulling 9d507a36062c:   1% ▕                  ▏ 396 MB/ 67 GB  292 MB/s   3m48s[K[?25h[?2026l[?2026h[?25l[A[1Gpulling manifest [K
pulling 9d507a36062c:   1% ▕                  ▏ 424 MB/ 67 GB  292 MB/s   3m48s[K[?25h[?2026l[?2026h[?25l[A[1Gpulling manifest [K
pulling 9d507a36062c:   1% ▕                  ▏ 430 MB/ 67 GB  292 MB/s   3m48s[K[?25h[?2026l[?2026h[?25l[A[1Gpulling manifest [K
pulling 9d507a36062c:   1% ▕                  ▏ 453 MB/ 67 GB  292 MB/s   3m48s[K[?25h[?2026l[?2026h[?25l[A[1Gpulling manifest [K
pulling 9d507a36062c:   1% ▕                  ▏ 486 MB/ 67 GB  292 MB/s   3m48s[K[?25h[?2026l[?2026h[?25l[A[1Gpulling manifest [K
pulling 9d507a36062c:   1% ▕                  ▏ 491 MB/ 67 GB  292 MB/s   3m48s[K[?25h[?2026l[?2026h[?25l[A[1Gpulling manifest [K
pulling 9d507a36062c:   1% ▕                  ▏ 521 MB/ 67 GB  257 MB/s   4m19s[K[?25h[?2026l[?2026h[?25l[A[1Gpulling manifest [K
pulling 9d507a36062c:   1% ▕                  ▏ 552 MB/ 67 GB  257 MB/s   4m19s[K[?25h[?2026l[?2026h[?25l[A[1Gpulling manifest [K
pulling 9d507a36062c:   1% ▕                  ▏ 560 MB/ 67 GB  257 MB/s   4m19s[K[?25h[?2026l[?2026h[?25l[A[1Gpulling manifest [K
pulling 9d507a36062c:   1% ▕                  ▏ 583 MB/ 67 GB  257 MB/s   4m19s[K[?25h[?2026l[?2026h[?25l[A[1Gpulling manifest [K
pulling 9d507a36062c:   1% ▕                  ▏ 617 MB/ 67 GB  257 MB/s   4m19s[K[?25h[?2026l[?2026h[?25l[A[1Gpulling manifest [K
pulling 9d507a36062c:   1% ▕                  ▏ 624 MB/ 67 GB  257 MB/s   4m19s[K[?25h[?2026l[?2026h[?25l[A[1Gpulling manifest [K
pulling 9d507a36062c:   1% ▕                  ▏ 654 MB/ 67 GB  257 MB/s   4m19s[K[?25h[?2026l[?2026h[?25l[A[1Gpulling manifest [K
pulling 9d507a36062c:   1% ▕                  ▏ 680 MB/ 67 GB  257 MB/s   4m18s[K[?25h[?2026l[?2026h[?25l[A[1Gpulling manifest [K
pulling 9d507a36062c:   1% ▕                  ▏ 685 MB/ 67 GB  257 MB/s   4m18s[K[?25h[?2026l[?2026h[?25l[A[1Gpulling manifest [K
pulling 9d507a36062c:   1% ▕                  ▏ 716 MB/ 67 GB  257 MB/s   4m18s[K[?25h[?2026l[?2026h[?25l[A[1Gpulling manifest [K
pulling 9d507a36062c:   1% ▕                  ▏ 756 MB/ 67 GB  251 MB/s   4m24s[K[?25h[?2026l[?2026h[?25l[A[1Gpulling manifest [K
pulling 9d507a36062c:   1% ▕                  ▏ 763 MB/ 67 GB  251 MB/s   4m24s[K[?25h[?2026l[?2026h[?25l[A[1Gpulling manifest [K
pulling 9d507a36062c:   1% ▕                  ▏ 785 MB/ 67 GB  251 MB/s   4m24s[K[?25h[?2026l[?2026h[?25l[A[1Gpulling manifest [K
pulling 9d507a36062c:   1% ▕                  ▏ 823 MB/ 67 GB  251 MB/s   4m24s[K[?25h[?2026l[?2026h[?25l[A[1Gpulling manifest [K
pulling 9d507a36062c:   1% ▕                  ▏ 829 MB/ 67 GB  251 MB/s   4m24s[K[?25h[?2026l[?2026h[?25l[A[1Gpulling manifest [K
pulling 9d507a36062c:   1% ▕                  ▏ 851 MB/ 67 GB  251 MB/s   4m24s[K[?25h[?2026l[?2026h[?25l[A[1Gpulling manifest [K
pulling 9d507a36062c:   1% ▕                  ▏ 884 MB/ 67 GB  251 MB/s   4m24s[K[?25h[?2026l[?2026h[?25l[A[1Gpulling manifest [K
pulling 9d507a36062c:   1% ▕                  ▏ 896 MB/ 67 GB  251 MB/s   4m24s[K[?25h[?2026l[?2026h[?25l[A[1Gpulling manifest [K
pulling 9d507a36062c:   1% ▕                  ▏ 918 MB/ 67 GB  251 MB/s   4m24s[K[?25h[?2026l[?2026h[?25l[A[1Gpulling manifest [K
pulling 9d507a36062c:   1% ▕                  ▏ 954 MB/ 67 GB  251 MB/s   4m23s[K[?25h[?2026l[?2026h[?25l[A[1Gpulling manifest [K
pulling 9d507a36062c:   1% ▕                  ▏ 964 MB/ 67 GB  251 MB/s   4m23s[K[?25h[?2026l[?2026h[?25l[A[1Gpulling manifest [K
pulling 9d507a36062c:   1% ▕                  ▏ 985 MB/ 67 GB  245 MB/s   4m30s[K[?25h[?2026l[?2026h[?25l[A[1Gpulling manifest [K
pulling 9d507a36062c:   2% ▕                  ▏ 1.0 GB/ 67 GB  245 MB/s   4m30s[K[?25h[?2026l[?2026h[?25l[A[1Gpulling manifest [K
pulling 9d507a36062c:   2% ▕                  ▏ 1.0 GB/ 67 GB  245 MB/s   4m30s[K[?25h[?2026l[?2026h[?25l[A[1Gpulling manifest [K
pulling 9d507a36062c:   2% ▕                  ▏ 1.1 GB/ 67 GB  245 MB/s   4m30s[K[?25h[?2026l[?2026h[?25l[A[1Gpulling manifest [K
pulling 9d507a36062c:   2% ▕                  ▏ 1.1 GB/ 67 GB  245 MB/s   4m30s[K[?25h[?2026l[?2026h[?25l[A[1Gpulling manifest [K
pulling 9d507a36062c:   2% ▕                  ▏ 1.1 GB/ 67 GB  245 MB/s   4m30s[K[?25h[?2026l[?2026h[?25l[A[1Gpulling manifest [K
pulling 9d507a36062c:   2% ▕                  ▏ 1.1 GB/ 67 GB  245 MB/s   4m30s[K[?25h[?2026l[?2026h[?25l[A[1Gpulling manifest [K
pulling 9d507a36062c:   2% ▕                  ▏ 1.2 GB/ 67 GB  245 MB/s   4m30s[K[?25h[?2026l[?2026h[?25l[A[1Gpulling manifest [K
pulling 9d507a36062c:   2% ▕                  ▏ 1.2 GB/ 67 GB  245 MB/s   4m30s[K[?25h[?2026l[?2026h[?25l[A[1Gpulling manifest [K
pulling 9d507a36062c:   2% ▕                  ▏ 1.2 GB/ 67 GB  245 MB/s   4m29s[K[?25h[?2026l[?2026h[?25l[A[1Gpulling manifest [K
pulling 9d507a36062c:   2% ▕                  ▏ 1.2 GB/ 67 GB  245 MB/s   4m29s[K[?25h[?2026l[?2026h[?25l[A[1Gpulling manifest [K
pulling 9d507a36062c:   2% ▕                  ▏ 1.3 GB/ 67 GB  245 MB/s   4m29s[K[?25h[?2026l[?2026h[?25l[A[1Gpulling manifest [K
pulling 9d507a36062c:   2% ▕                  ▏ 1.3 GB/ 67 GB  245 MB/s   4m29s[K[?25h[?2026l[?2026h[?25l[A[1Gpulling manifest [K
pulling 9d507a36062c:   2% ▕                  ▏ 1.3 GB/ 67 GB  245 MB/s   4m29s[K[?25h[?2026l[?2026h[?25l[A[1Gpulling manifest [K
pulling 9d507a36062c:   2% ▕                  ▏ 1.3 GB/ 67 GB  245 MB/s   4m29s[K[?25h[?2026l[?2026h[?25l[A[1Gpulling manifest [K
pulling 9d507a36062c:   2% ▕                  ▏ 1.3 GB/ 67 GB  245 MB/s   4m29s[K[?25h[?2026l[?2026h[?25l[A[1Gpulling manifest [K
pulling 9d507a36062c:   2% ▕                  ▏ 1.4 GB/ 67 GB  245 MB/s   4m29s[K[?25h[?2026l[?2026h[?25l[A[1Gpulling manifest [K
pulling 9d507a36062c:   2% ▕                  ▏ 1.4 GB/ 67 GB  245 MB/s   4m29s[K[?25h[?2026l[?2026h[?25l[A[1Gpulling manifest [K
pulling 9d507a36062c:   2% ▕                  ▏ 1.4 GB/ 67 GB  245 MB/s   4m29s[K[?25h[?2026l[?2026h[?25l[A[1Gpulling manifest [K
pulling 9d507a36062c:   2% ▕                  ▏ 1.4 GB/ 67 GB  245 MB/s   4m29s[K[?25h[?2026l[?2026h[?25l[A[1Gpulling manifest [K
pulling 9d507a36062c:   2% ▕                  ▏ 1.4 GB/ 67 GB  245 MB/s   4m29s[K[?25h[?2026l[?2026h[?25l[A[1Gpulling manifest [K
pulling 9d507a36062c:   2% ▕                  ▏ 1.5 GB/ 67 GB  243 MB/s   4m31s[K[?25h[?2026l[?2026h[?25l[A[1Gpulling manifest [K
pulling 9d507a36062c:   2% ▕                  ▏ 1.5 GB/ 67 GB  243 MB/s   4m31s[K[?25h[?2026l[?2026h[?25l[A[1Gpulling manifest [K
pulling 9d507a36062c:   2% ▕                  ▏ 1.5 GB/ 67 GB  243 MB/s   4m31s[K[?25h[?2026l[?2026h[?25l[A[1Gpulling manifest [K
pulling 9d507a36062c:   2% ▕                  ▏ 1.5 GB/ 67 GB  243 MB/s   4m31s[K[?25h[?2026l[?2026h[?25l[A[1Gpulling manifest [K
pulling 9d507a36062c:   2% ▕                  ▏ 1.6 GB/ 67 GB  243 MB/s   4m31s[K[?25h[?2026l[?2026h[?25l[A[1Gpulling manifest [K
pulling 9d507a36062c:   2% ▕                  ▏ 1.6 GB/ 67 GB  243 MB/s   4m31s[K[?25h[?2026l[?2026h[?25l[A[1Gpulling manifest [K
pulling 9d507a36062c:   2% ▕                  ▏ 1.6 GB/ 67 GB  243 MB/s   4m30s[K[?25h[?2026l[?2026h[?25l[A[1Gpulling manifest [K
pulling 9d507a36062c:   2% ▕                  ▏ 1.6 GB/ 67 GB  243 MB/s   4m30s[K[?25h[?2026l[?2026h[?25l[A[1Gpulling manifest [K
pulling 9d507a36062c:   2% ▕                  ▏ 1.6 GB/ 67 GB  243 MB/s   4m30s[K[?25h[?2026l[?2026h[?25l[A[1Gpulling manifest [K
pulling 9d507a36062c:   2% ▕                  ▏ 1.7 GB/ 67 GB  243 MB/s   4m30s[K[?25h[?2026l[?2026h[?25l[A[1Gpulling manifest [K
pulling 9d507a36062c:   3% ▕                  ▏ 1.7 GB/ 67 GB  240 MB/s   4m33s[K[?25h[?2026l[?2026h[?25l[A[1Gpulling manifest [K
pulling 9d507a36062c:   3% ▕                  ▏ 1.7 GB/ 67 GB  240 MB/s   4m33s[K[?25h[?2026l[?2026h[?25l[A[1Gpulling manifest [K
pulling 9d507a36062c:   3% ▕                  ▏ 1.7 GB/ 67 GB  240 MB/s   4m33s[K[?25h[?2026l[?2026h[?25l[A[1Gpulling manifest [K
pulling 9d507a36062c:   3% ▕                  ▏ 1.8 GB/ 67 GB  240 MB/s   4m33s[K[?25h[?2026l[?2026h[?25l[A[1Gpulling manifest [K
pulling 9d507a36062c:   3% ▕                  ▏ 1.8 GB/ 67 GB  240 MB/s   4m33s[K[?25h[?2026l[?2026h[?25l[A[1Gpulling manifest [K
pulling 9d507a36062c:   3% ▕                  ▏ 1.8 GB/ 67 GB  240 MB/s   4m33s[K[?25h[?2026l[?2026h[?25l[A[1Gpulling manifest [K
pulling 9d507a36062c:   3% ▕                  ▏ 1.8 GB/ 67 GB  240 MB/s   4m33s[K[?25h[?2026l[?2026h[?25l[A[1Gpulling manifest [K
pulling 9d507a36062c:   3% ▕                  ▏ 1.8 GB/ 67 GB  240 MB/s   4m33s[K[?25h[?2026l[?2026h[?25l[A[1Gpulling manifest [K
pulling 9d507a36062c:   3% ▕                  ▏ 1.9 GB/ 67 GB  240 MB/s   4m32s[K[?25h[?2026l[?2026h[?25l[A[1Gpulling manifest [K
pulling 9d507a36062c:   3% ▕                  ▏ 1.9 GB/ 67 GB  240 MB/s   4m32s[K[?25h[?2026l[?2026h[?25l[A[1Gpulling manifest [K
pulling 9d507a36062c:   3% ▕                  ▏ 1.9 GB/ 67 GB  240 MB/s   4m32s[K[?25h[?2026l[?2026h[?25l[A[1Gpulling manifest [K
pulling 9d507a36062c:   3% ▕                  ▏ 1.9 GB/ 67 GB  243 MB/s   4m29s[K[?25h[?2026l[?2026h[?25l[A[1Gpulling manifest [K
pulling 9d507a36062c:   3% ▕                  ▏ 2.0 GB/ 67 GB  243 MB/s   4m29s[K[?25h[?2026l[?2026h[?25l[A[1Gpulling manifest [K
pulling 9d507a36062c:   3% ▕                  ▏ 2.0 GB/ 67 GB  243 MB/s   4m29s[K[?25h[?2026l[?2026h[?25l[A[1Gpulling manifest [K
pulling 9d507a36062c:   3% ▕                  ▏ 2.0 GB/ 67 GB  243 MB/s   4m28s[K[?25h[?2026l[?2026h[?25l[A[1Gpulling manifest [K
pulling 9d507a36062c:   3% ▕                  ▏ 2.1 GB/ 67 GB  243 MB/s   4m28s[K[?25h[?2026l[?2026h[?25l[A[1Gpulling manifest [K
pulling 9d507a36062c:   3% ▕                  ▏ 2.1 GB/ 67 GB  243 MB/s   4m28s[K[?25h[?2026l[?2026h[?25l[A[1Gpulling manifest [K
pulling 9d507a36062c:   3% ▕                  ▏ 2.1 GB/ 67 GB  243 MB/s   4m28s[K[?25h[?2026l[?2026h[?25l[A[1Gpulling manifest [K
pulling 9d507a36062c:   3% ▕                  ▏ 2.1 GB/ 67 GB  243 MB/s   4m28s[K[?25h[?2026l[?2026h[?25l[A[1Gpulling manifest [K
pulling 9d507a36062c:   3% ▕                  ▏ 2.2 GB/ 67 GB  243 MB/s   4m28s[K[?25h[?2026l[?2026h[?25l[A[1Gpulling manifest [K
pulling 9d507a36062c:   3% ▕                  ▏ 2.2 GB/ 67 GB  243 MB/s   4m28s[K[?25h[?2026l[?2026h[?25l[A[1Gpulling manifest [K
pulling 9d507a36062c:   3% ▕                  ▏ 2.2 GB/ 67 GB  244 MB/s   4m26s[K[?25h[?2026l[?2026h[?25l[A[1Gpulling manifest [K
pulling 9d507a36062c:   3% ▕                  ▏ 2.2 GB/ 67 GB  244 MB/s   4m26s[K[?25h[?2026l[?2026h[?25l[A[1Gpulling manifest [K
pulling 9d507a36062c:   3% ▕                  ▏ 2.3 GB/ 67 GB  244 MB/s   4m26s[K[?25h[?2026l[?2026h[?25l[A[1Gpulling manifest [K
pulling 9d507a36062c:   3% ▕                  ▏ 2.3 GB/ 67 GB  244 MB/s   4m26s[K[?25h[?2026l[?2026h[?25l[A[1Gpulling manifest [K
pulling 9d507a36062c:   3% ▕                  ▏ 2.3 GB/ 67 GB  244 MB/s   4m26s[K[?25h[?2026l[?2026h[?25l[A[1Gpulling manifest [K
pulling 9d507a36062c:   3% ▕                  ▏ 2.3 GB/ 67 GB  244 MB/s   4m26s[K[?25h[?2026l[?2026h[?25l[A[1Gpulling manifest [K
pulling 9d507a36062c:   3% ▕                  ▏ 2.3 GB/ 67 GB  244 MB/s   4m26s[K[?25h[?2026l[?2026h[?25l[A[1Gpulling manifest [K
pulling 9d507a36062c:   4% ▕                  ▏ 2.4 GB/ 67 GB  244 MB/s   4m26s[K[?25h[?2026l[?2026h[?25l[A[1Gpulling manifest [K
pulling 9d507a36062c:   4% ▕                  ▏ 2.4 GB/ 67 GB  244 MB/s   4m25s[K[?25h[?2026l[?2026h[?25l[A[1Gpulling manifest [K
pulling 9d507a36062c:   4% ▕                  ▏ 2.4 GB/ 67 GB  244 MB/s   4m25s[K[?25h[?2026l[?2026h[?25l[A[1Gpulling manifest [K
pulling 9d507a36062c:   4% ▕                  ▏ 2.4 GB/ 67 GB  244 MB/s   4m25s[K[?25h[?2026l[?2026h[?25l[A[1Gpulling manifest [K
pulling 9d507a36062c:   4% ▕                  ▏ 2.5 GB/ 67 GB  239 MB/s   4m31s[K[?25h[?2026l[?2026h[?25l[A[1Gpulling manifest [K
pulling 9d507a36062c:   4% ▕                  ▏ 2.5 GB/ 67 GB  239 MB/s   4m31s[K[?25h[?2026l[?2026h[?25l[A[1Gpulling manifest [K
pulling 9d507a36062c:   4% ▕                  ▏ 2.5 GB/ 67 GB  239 MB/s   4m31s[K[?25h[?2026l[?2026h[?25l[A[1Gpulling manifest [K
pulling 9d507a36062c:   4% ▕                  ▏ 2.5 GB/ 67 GB  239 MB/s   4m30s[K[?25h[?2026l[?2026h[?25l[A[1Gpulling manifest [K
pulling 9d507a36062c:   4% ▕                  ▏ 2.5 GB/ 67 GB  239 MB/s   4m30s[K[?25h[?2026l[?2026h[?25l[A[1Gpulling manifest [K
pulling 9d507a36062c:   4% ▕                  ▏ 2.6 GB/ 67 GB  239 MB/s   4m30s[K[?25h[?2026l[?2026h[?25l[A[1Gpulling manifest [K
pulling 9d507a36062c:   4% ▕                  ▏ 2.6 GB/ 67 GB  239 MB/s   4m30s[K[?25h[?2026l[?2026h[?25l[A[1Gpulling manifest [K
pulling 9d507a36062c:   4% ▕                  ▏ 2.6 GB/ 67 GB  239 MB/s   4m30s[K[?25h[?2026l[?2026h[?25l[A[1Gpulling manifest [K
pulling 9d507a36062c:   4% ▕                  ▏ 2.6 GB/ 67 GB  239 MB/s   4m30s[K[?25h[?2026l[?2026h[?25l[A[1Gpulling manifest [K
pulling 9d507a36062c:   4% ▕                  ▏ 2.7 GB/ 67 GB  239 MB/s   4m30s[K[?25h[?2026l[?2026h[?25l[A[1Gpulling manifest [K
pulling 9d507a36062c:   4% ▕                  ▏ 2.7 GB/ 67 GB  242 MB/s   4m26s[K[?25h[?2026l[?2026h[?25l[A[1Gpulling manifest [K
pulling 9d507a36062c:   4% ▕                  ▏ 2.7 GB/ 67 GB  242 MB/s   4m26s[K[?25h[?2026l[?2026h[?25l[A[1Gpulling manifest [K
pulling 9d507a36062c:   4% ▕                  ▏ 2.7 GB/ 67 GB  242 MB/s   4m26s[K[?25h[?2026l[?2026h[?25l[A[1Gpulling manifest [K
pulling 9d507a36062c:   4% ▕                  ▏ 2.8 GB/ 67 GB  242 MB/s   4m26s[K[?25h[?2026l[?2026h[?25l[A[1Gpulling manifest [K
pulling 9d507a36062c:   4% ▕                  ▏ 2.8 GB/ 67 GB  242 MB/s   4m26s[K[?25h[?2026l[?2026h[?25l[A[1Gpulling manifest [K
pulling 9d507a36062c:   4% ▕                  ▏ 2.8 GB/ 67 GB  242 MB/s   4m26s[K[?25h[?2026l[?2026h[?25l[A[1Gpulling manifest [K
pulling 9d507a36062c:   4% ▕                  ▏ 2.8 GB/ 67 GB  242 MB/s   4m26s[K[?25h[?2026l[?2026h[?25l[A[1Gpulling manifest [K
pulling 9d507a36062c:   4% ▕                  ▏ 2.8 GB/ 67 GB  242 MB/s   4m26s[K[?25h[?2026l[?2026h[?25l[A[1Gpulling manifest [K
pulling 9d507a36062c:   4% ▕                  ▏ 2.8 GB/ 67 GB  242 MB/s   4m26s[K[?25h[?2026l[?2026h[?25l[A[1Gpulling manifest [K
pulling 9d507a36062c:   4% ▕                  ▏ 2.9 GB/ 67 GB  242 MB/s   4m25s[K[?25h[?2026l[?2026h[?25l[A[1Gpulling manifest [K
pulling 9d507a36062c:   4% ▕                  ▏ 2.9 GB/ 67 GB  242 MB/s   4m25s[K[?25h[?2026l[?2026h[?25l[A[1Gpulling manifest [K
pulling 9d507a36062c:   4% ▕                  ▏ 2.9 GB/ 67 GB  239 MB/s   4m28s[K[?25h[?2026l[?2026h[?25l[A[1Gpulling manifest [K
pulling 9d507a36062c:   4% ▕                  ▏ 2.9 GB/ 67 GB  239 MB/s   4m28s[K[?25h[?2026l[?2026h[?25l[A[1Gpulling manifest [K
pulling 9d507a36062c:   4% ▕                  ▏ 3.0 GB/ 67 GB  239 MB/s   4m28s[K[?25h[?2026l[?2026h[?25l[A[1Gpulling manifest [K
pulling 9d507a36062c:   4% ▕                  ▏ 3.0 GB/ 67 GB  239 MB/s   4m28s[K[?25h[?2026l[?2026h[?25l[A[1Gpulling manifest [K
pulling 9d507a36062c:   4% ▕                  ▏ 3.0 GB/ 67 GB  239 MB/s   4m28s[K[?25h[?2026l[?2026h[?25l[A[1Gpulling manifest [K
pulling 9d507a36062c:   5% ▕                  ▏ 3.0 GB/ 67 GB  239 MB/s   4m28s[K[?25h[?2026l[?2026h[?25l[A[1Gpulling manifest [K
pulling 9d507a36062c:   5% ▕                  ▏ 3.1 GB/ 67 GB  239 MB/s   4m28s[K[?25h[?2026l[?2026h[?25l[A[1Gpulling manifest [K
pulling 9d507a36062c:   5% ▕                  ▏ 3.1 GB/ 67 GB  239 MB/s   4m28s[K[?25h[?2026l[?2026h[?25l[A[1Gpulling manifest [K
pulling 9d507a36062c:   5% ▕                  ▏ 3.1 GB/ 67 GB  239 MB/s   4m28s[K[?25h[?2026l[?2026h[?25l[A[1Gpulling manifest [K
pulling 9d507a36062c:   5% ▕                  ▏ 3.1 GB/ 67 GB  239 MB/s   4m28s[K[?25h[?2026l[?2026h[?25l[A[1Gpulling manifest [K
pulling 9d507a36062c:   5% ▕                  ▏ 3.2 GB/ 67 GB  241 MB/s   4m26s[K[?25h[?2026l[?2026h[?25l[A[1Gpulling manifest [K
pulling 9d507a36062c:   5% ▕                  ▏ 3.2 GB/ 67 GB  241 MB/s   4m26s[K[?25h[?2026l[?2026h[?25l[A[1Gpulling manifest [K
pulling 9d507a36062c:   5% ▕                  ▏ 3.2 GB/ 67 GB  241 MB/s   4m25s[K[?25h[?2026l[?2026h[?25l[A[1Gpulling manifest [K
pulling 9d507a36062c:   5% ▕                  ▏ 3.2 GB/ 67 GB  241 MB/s   4m25s[K[?25h[?2026l[?2026h[?25l[A[1Gpulling manifest [K
pulling 9d507a36062c:   5% ▕                  ▏ 3.2 GB/ 67 GB  241 MB/s   4m25s[K[?25h[?2026l[?2026h[?25l[A[1Gpulling manifest [K
pulling 9d507a36062c:   5% ▕                  ▏ 3.3 GB/ 67 GB  241 MB/s   4m25s[K[?25h[?2026l[?2026h[?25l[A[1Gpulling manifest [K
pulling 9d507a36062c:   5% ▕                  ▏ 3.3 GB/ 67 GB  241 MB/s   4m25s[K[?25h[?2026l[?2026h[?25l[A[1Gpulling manifest [K
pulling 9d507a36062c:   5% ▕                  ▏ 3.3 GB/ 67 GB  241 MB/s   4m25s[K[?25h[?2026l[?2026h[?25l[A[1Gpulling manifest [K
pulling 9d507a36062c:   5% ▕                  ▏ 3.3 GB/ 67 GB  241 MB/s   4m25s[K[?25h[?2026l[?2026h[?25l[A[1Gpulling manifest [K
pulling 9d507a36062c:   5% ▕                  ▏ 3.4 GB/ 67 GB  241 MB/s   4m25s[K[?25h[?2026l[?2026h[?25l[A[1Gpulling manifest [K
pulling 9d507a36062c:   5% ▕                  ▏ 3.4 GB/ 67 GB  241 MB/s   4m25s[K[?25h[?2026l[?2026h[?25l[A[1Gpulling manifest [K
pulling 9d507a36062c:   5% ▕                  ▏ 3.4 GB/ 67 GB  240 MB/s   4m25s[K[?25h[?2026l[?2026h[?25l[A[1Gpulling manifest [K
pulling 9d507a36062c:   5% ▕                  ▏ 3.4 GB/ 67 GB  240 MB/s   4m25s[K[?25h[?2026l[?2026h[?25l[A[1Gpulling manifest [K
pulling 9d507a36062c:   5% ▕                  ▏ 3.4 GB/ 67 GB  240 MB/s   4m25s[K[?25h[?2026l[?2026h[?25l[A[1Gpulling manifest [K
pulling 9d507a36062c:   5% ▕                  ▏ 3.5 GB/ 67 GB  240 MB/s   4m25s[K[?25h[?2026l[?2026h[?25l[A[1Gpulling manifest [K
pulling 9d507a36062c:   5% ▕                  ▏ 3.5 GB/ 67 GB  240 MB/s   4m25s[K[?25h[?2026l[?2026h[?25l[A[1Gpulling manifest [K
pulling 9d507a36062c:   5% ▕                  ▏ 3.5 GB/ 67 GB  240 MB/s   4m25s[K[?25h[?2026l[?2026h[?25l[A[1Gpulling manifest [K
pulling 9d507a36062c:   5% ▕                  ▏ 3.5 GB/ 67 GB  240 MB/s   4m25s[K[?25h[?2026l[?2026h[?25l[A[1Gpulling manifest [K
pulling 9d507a36062c:   5% ▕                  ▏ 3.6 GB/ 67 GB  240 MB/s   4m25s[K[?25h[?2026l[?2026h[?25l[A[1Gpulling manifest [K
pulling 9d507a36062c:   5% ▕                  ▏ 3.6 GB/ 67 GB  240 MB/s   4m24s[K[?25h[?2026l[?2026h[?25l[A[1Gpulling manifest [K
pulling 9d507a36062c:   5% ▕                  ▏ 3.6 GB/ 67 GB  240 MB/s   4m24s[K[?25h[?2026l[?2026h[?25l[A[1Gpulling manifest [K
pulling 9d507a36062c:   5% ▕                  ▏ 3.6 GB/ 67 GB  239 MB/s   4m26s[K[?25h[?2026l[?2026h[?25l[A[1Gpulling manifest [K
pulling 9d507a36062c:   5% ▕                  ▏ 3.6 GB/ 67 GB  239 MB/s   4m26s[K[?25h[?2026l[?2026h[?25l[A[1Gpulling manifest [K
pulling 9d507a36062c:   5% ▕                  ▏ 3.7 GB/ 67 GB  239 MB/s   4m26s[K[?25h[?2026l[?2026h[?25l[A[1Gpulling manifest [K
pulling 9d507a36062c:   5% ▕                  ▏ 3.7 GB/ 67 GB  239 MB/s   4m26s[K[?25h[?2026l[?2026h[?25l[A[1Gpulling manifest [K
pulling 9d507a36062c:   5% ▕                  ▏ 3.7 GB/ 67 GB  239 MB/s   4m25s[K[?25h[?2026l[?2026h[?25l[A[1Gpulling manifest [K
pulling 9d507a36062c:   6% ▕                  ▏ 3.7 GB/ 67 GB  239 MB/s   4m25s[K[?25h[?2026l[?2026h[?25l[A[1Gpulling manifest [K
pulling 9d507a36062c:   6% ▕█                 ▏ 3.8 GB/ 67 GB  239 MB/s   4m25s[K[?25h[?2026l[?2026h[?25l[A[1Gpulling manifest [K
pulling 9d507a36062c:   6% ▕█                 ▏ 3.8 GB/ 67 GB  239 MB/s   4m25s[K[?25h[?2026l[?2026h[?25l[A[1Gpulling manifest [K
pulling 9d507a36062c:   6% ▕█                 ▏ 3.8 GB/ 67 GB  239 MB/s   4m25s[K[?25h[?2026l[?2026h[?25l[A[1Gpulling manifest [K
pulling 9d507a36062c:   6% ▕█                 ▏ 3.8 GB/ 67 GB  239 MB/s   4m25s[K[?25h[?2026l[?2026h[?25l[A[1Gpulling manifest [K
pulling 9d507a36062c:   6% ▕█                 ▏ 3.8 GB/ 67 GB  239 MB/s   4m25s[K[?25h[?2026l[?2026h[?25l[A[1Gpulling manifest [K
pulling 9d507a36062c:   6% ▕█                 ▏ 3.9 GB/ 67 GB  239 MB/s   4m25s[K[?25h[?2026l[?2026h[?25l[A[1Gpulling manifest [K
pulling 9d507a36062c:   6% ▕█                 ▏ 3.9 GB/ 67 GB  239 MB/s   4m25s[K[?25h[?2026l[?2026h[?25l[A[1Gpulling manifest [K
pulling 9d507a36062c:   6% ▕█                 ▏ 3.9 GB/ 67 GB  239 MB/s   4m25s[K[?25h[?2026l[?2026h[?25l[A[1Gpulling manifest [K
pulling 9d507a36062c:   6% ▕█                 ▏ 3.9 GB/ 67 GB  239 MB/s   4m25s[K[?25h[?2026l[?2026h[?25l[A[1Gpulling manifest [K
pulling 9d507a36062c:   6% ▕█                 ▏ 4.0 GB/ 67 GB  239 MB/s   4m25s[K[?25h[?2026l[?2026h[?25l[A[1Gpulling manifest [K
pulling 9d507a36062c:   6% ▕█                 ▏ 4.0 GB/ 67 GB  239 MB/s   4m25s[K[?25h[?2026l[?2026h[?25l[A[1Gpulling manifest [K
pulling 9d507a36062c:   6% ▕█                 ▏ 4.0 GB/ 67 GB  239 MB/s   4m25s[K[?25h[?2026l[?2026h[?25l[A[1Gpulling manifest [K
pulling 9d507a36062c:   6% ▕█                 ▏ 4.0 GB/ 67 GB  239 MB/s   4m24s[K[?25h[?2026l[?2026h[?25l[A[1Gpulling manifest [K
pulling 9d507a36062c:   6% ▕█                 ▏ 4.0 GB/ 67 GB  239 MB/s   4m24s[K[?25h[?2026l[?2026h[?25l[A[1Gpulling manifest [K
pulling 9d507a36062c:   6% ▕█                 ▏ 4.1 GB/ 67 GB  234 MB/s   4m29s[K[?25h[?2026l[?2026h[?25l[A[1Gpulling manifest [K
pulling 9d507a36062c:   6% ▕█                 ▏ 4.1 GB/ 67 GB  234 MB/s   4m29s[K[?25h[?2026l[?2026h[?25l[A[1Gpulling manifest [K
pulling 9d507a36062c:   6% ▕█                 ▏ 4.1 GB/ 67 GB  234 MB/s   4m29s[K[?25h[?2026l[?2026h[?25l[A[1Gpulling manifest [K
pulling 9d507a36062c:   6% ▕█                 ▏ 4.1 GB/ 67 GB  234 MB/s   4m29s[K[?25h[?2026l[?2026h[?25l[A[1Gpulling manifest [K
pulling 9d507a36062c:   6% ▕█                 ▏ 4.2 GB/ 67 GB  234 MB/s   4m29s[K[?25h[?2026l[?2026h[?25l[A[1Gpulling manifest [K
pulling 9d507a36062c:   6% ▕█                 ▏ 4.2 GB/ 67 GB  234 MB/s   4m29s[K[?25h[?2026l[?2026h[?25l[A[1Gpulling manifest [K
pulling 9d507a36062c:   6% ▕█                 ▏ 4.2 GB/ 67 GB  234 MB/s   4m29s[K[?25h[?2026l[?2026h[?25l[A[1Gpulling manifest [K
pulling 9d507a36062c:   6% ▕█                 ▏ 4.2 GB/ 67 GB  234 MB/s   4m29s[K[?25h[?2026l[?2026h[?25l[A[1Gpulling manifest [K
pulling 9d507a36062c:   6% ▕█                 ▏ 4.2 GB/ 67 GB  234 MB/s   4m29s[K[?25h[?2026l[?2026h[?25l[A[1Gpulling manifest [K
pulling 9d507a36062c:   6% ▕█                 ▏ 4.3 GB/ 67 GB  234 MB/s   4m28s[K[?25h[?2026l[?2026h[?25l[A[1Gpulling manifest [K
pulling 9d507a36062c:   6% ▕█                 ▏ 4.3 GB/ 67 GB  232 MB/s   4m31s[K[?25h[?2026l[?2026h[?25l[A[1Gpulling manifest [K
pulling 9d507a36062c:   6% ▕█                 ▏ 4.3 GB/ 67 GB  232 MB/s   4m31s[K[?25h[?2026l[?2026h[?25l[A[1Gpulling manifest [K
pulling 9d507a36062c:   6% ▕█                 ▏ 4.3 GB/ 67 GB  232 MB/s   4m31s[K[?25h[?2026l[?2026h[?25l[A[1Gpulling manifest [K
pulling 9d507a36062c:   6% ▕█                 ▏ 4.4 GB/ 67 GB  232 MB/s   4m31s[K[?25h[?2026l[?2026h[?25l[A[1Gpulling manifest [K
pulling 9d507a36062c:   6% ▕█                 ▏ 4.4 GB/ 67 GB  232 MB/s   4m31s[K[?25h[?2026l[?2026h[?25l[A[1Gpulling manifest [K
pulling 9d507a36062c:   7% ▕█                 ▏ 4.4 GB/ 67 GB  232 MB/s   4m31s[K[?25h[?2026l[?2026h[?25l[A[1Gpulling manifest [K
pulling 9d507a36062c:   7% ▕█                 ▏ 4.4 GB/ 67 GB  232 MB/s   4m31s[K[?25h[?2026l[?2026h[?25l[A[1Gpulling manifest [K
pulling 9d507a36062c:   7% ▕█                 ▏ 4.4 GB/ 67 GB  232 MB/s   4m31s[K[?25h[?2026l[?2026h[?25l[A[1Gpulling manifest [K
pulling 9d507a36062c:   7% ▕█                 ▏ 4.5 GB/ 67 GB  232 MB/s   4m31s[K[?25h[?2026l[?2026h[?25l[A[1Gpulling manifest [K
pulling 9d507a36062c:   7% ▕█                 ▏ 4.5 GB/ 67 GB  232 MB/s   4m30s[K[?25h[?2026l[?2026h[?25l[A[1Gpulling manifest [K
pulling 9d507a36062c:   7% ▕█                 ▏ 4.5 GB/ 67 GB  232 MB/s   4m30s[K[?25h[?2026l[?2026h[?25l[A[1Gpulling manifest [K
pulling 9d507a36062c:   7% ▕█                 ▏ 4.5 GB/ 67 GB  231 MB/s   4m31s[K[?25h[?2026l[?2026h[?25l[A[1Gpulling manifest [K
pulling 9d507a36062c:   7% ▕█                 ▏ 4.6 GB/ 67 GB  231 MB/s   4m31s[K[?25h[?2026l[?2026h[?25l[A[1Gpulling manifest [K
pulling 9d507a36062c:   7% ▕█                 ▏ 4.6 GB/ 67 GB  231 MB/s   4m31s[K[?25h[?2026l[?2026h[?25l[A[1Gpulling manifest [K
pulling 9d507a36062c:   7% ▕█                 ▏ 4.6 GB/ 67 GB  231 MB/s   4m31s[K[?25h[?2026l[?2026h[?25l[A[1Gpulling manifest [K
pulling 9d507a36062c:   7% ▕█                 ▏ 4.7 GB/ 67 GB  231 MB/s   4m31s[K[?25h[?2026l[?2026h[?25l[A[1Gpulling manifest [K
pulling 9d507a36062c:   7% ▕█                 ▏ 4.7 GB/ 67 GB  231 MB/s   4m31s[K[?25h[?2026l[?2026h[?25l[A[1Gpulling manifest [K
pulling 9d507a36062c:   7% ▕█                 ▏ 4.7 GB/ 67 GB  231 MB/s   4m31s[K[?25h[?2026l[?2026h[?25l[A[1Gpulling manifest [K
pulling 9d507a36062c:   7% ▕█                 ▏ 4.7 GB/ 67 GB  231 MB/s   4m30s[K[?25h[?2026l[?2026h[?25l[A[1Gpulling manifest [K
pulling 9d507a36062c:   7% ▕█                 ▏ 4.7 GB/ 67 GB  231 MB/s   4m30s[K[?25h[?2026l[?2026h[?25l[A[1Gpulling manifest [K
pulling 9d507a36062c:   7% ▕█                 ▏ 4.8 GB/ 67 GB  231 MB/s   4m30s[K[?25h[?2026l[?2026h[?25l[A[1Gpulling manifest [K
pulling 9d507a36062c:   7% ▕█                 ▏ 4.8 GB/ 67 GB  231 MB/s   4m30s[K[?25h[?2026l[?2026h[?25l[A[1Gpulling manifest [K
pulling 9d507a36062c:   7% ▕█                 ▏ 4.8 GB/ 67 GB  231 MB/s   4m30s[K[?25h[?2026l[?2026h[?25l[A[1Gpulling manifest [K
pulling 9d507a36062c:   7% ▕█                 ▏ 4.9 GB/ 67 GB  231 MB/s   4m30s[K[?25h[?2026l[?2026h[?25l[A[1Gpulling manifest [K
pulling 9d507a36062c:   7% ▕█                 ▏ 4.9 GB/ 67 GB  231 MB/s   4m29s[K[?25h[?2026l[?2026h[?25l[A[1Gpulling manifest [K
pulling 9d507a36062c:   7% ▕█                 ▏ 4.9 GB/ 67 GB  231 MB/s   4m29s[K[?25h[?2026l[?2026h[?25l[A[1Gpulling manifest [K
pulling 9d507a36062c:   7% ▕█                 ▏ 4.9 GB/ 67 GB  231 MB/s   4m29s[K[?25h[?2026l[?2026h[?25l[A[1Gpulling manifest [K
pulling 9d507a36062c:   7% ▕█                 ▏ 5.0 GB/ 67 GB  231 MB/s   4m29s[K[?25h[?2026l[?2026h[?25l[A[1Gpulling manifest [K
pulling 9d507a36062c:   7% ▕█                 ▏ 5.0 GB/ 67 GB  231 MB/s   4m29s[K[?25h[?2026l[?2026h[?25l[A[1Gpulling manifest [K
pulling 9d507a36062c:   7% ▕█                 ▏ 5.0 GB/ 67 GB  231 MB/s   4m29s[K[?25h[?2026l[?2026h[?25l[A[1Gpulling manifest [K
pulling 9d507a36062c:   7% ▕█                 ▏ 5.0 GB/ 67 GB  231 MB/s   4m29s[K[?25h[?2026l[?2026h[?25l[A[1Gpulling manifest [K
pulling 9d507a36062c:   7% ▕█                 ▏ 5.0 GB/ 67 GB  231 MB/s   4m29s[K[?25h[?2026l[?2026h[?25l[A[1Gpulling manifest [K
pulling 9d507a36062c:   7% ▕█                 ▏ 5.1 GB/ 67 GB  237 MB/s   4m22s[K[?25h[?2026l[?2026h[?25l[A[1Gpulling manifest [K
pulling 9d507a36062c:   8% ▕█                 ▏ 5.1 GB/ 67 GB  237 MB/s   4m22s[K[?25h[?2026l[?2026h[?25l[A[1Gpulling manifest [K
pulling 9d507a36062c:   8% ▕█                 ▏ 5.1 GB/ 67 GB  237 MB/s   4m22s[K[?25h[?2026l[?2026h[?25l[A[1Gpulling manifest [K
pulling 9d507a36062c:   8% ▕█                 ▏ 5.1 GB/ 67 GB  237 MB/s   4m22s[K[?25h[?2026l[?2026h[?25l[A[1Gpulling manifest [K
pulling 9d507a36062c:   8% ▕█                 ▏ 5.2 GB/ 67 GB  237 MB/s   4m22s[K[?25h[?2026l[?2026h[?25l[A[1Gpulling manifest [K
pulling 9d507a36062c:   8% ▕█                 ▏ 5.2 GB/ 67 GB  237 MB/s   4m22s[K[?25h[?2026l[?2026h[?25l[A[1Gpulling manifest [K
pulling 9d507a36062c:   8% ▕█                 ▏ 5.2 GB/ 67 GB  237 MB/s   4m22s[K[?25h[?2026l[?2026h[?25l[A[1Gpulling manifest [K
pulling 9d507a36062c:   8% ▕█                 ▏ 5.2 GB/ 67 GB  237 MB/s   4m22s[K[?25h[?2026l[?2026h[?25l[A[1Gpulling manifest [K
pulling 9d507a36062c:   8% ▕█                 ▏ 5.2 GB/ 67 GB  237 MB/s   4m22s[K[?25h[?2026l[?2026h[?25l[A[1Gpulling manifest [K
pulling 9d507a36062c:   8% ▕█                 ▏ 5.3 GB/ 67 GB  237 MB/s   4m21s[K[?25h[?2026l[?2026h[?25l[A[1Gpulling manifest [K
pulling 9d507a36062c:   8% ▕█                 ▏ 5.3 GB/ 67 GB  235 MB/s   4m23s[K[?25h[?2026l[?2026h[?25l[A[1Gpulling manifest [K
pulling 9d507a36062c:   8% ▕█                 ▏ 5.3 GB/ 67 GB  235 MB/s   4m23s[K[?25h[?2026l[?2026h[?25l[A[1Gpulling manifest [K
pulling 9d507a36062c:   8% ▕█                 ▏ 5.3 GB/ 67 GB  235 MB/s   4m23s[K[?25h[?2026l[?2026h[?25l[A[1Gpulling manifest [K
pulling 9d507a36062c:   8% ▕█                 ▏ 5.3 GB/ 67 GB  235 MB/s   4m23s[K[?25h[?2026l[?2026h[?25l[A[1Gpulling manifest [K
pulling 9d507a36062c:   8% ▕█                 ▏ 5.4 GB/ 67 GB  235 MB/s   4m23s[K[?25h[?2026l[?2026h[?25l[A[1Gpulling manifest [K
pulling 9d507a36062c:   8% ▕█                 ▏ 5.4 GB/ 67 GB  235 MB/s   4m23s[K[?25h[?2026l[?2026h[?25l[A[1Gpulling manifest [K
pulling 9d507a36062c:   8% ▕█                 ▏ 5.4 GB/ 67 GB  235 MB/s   4m22s[K[?25h[?2026l[?2026h[?25l[A[1Gpulling manifest [K
pulling 9d507a36062c:   8% ▕█                 ▏ 5.4 GB/ 67 GB  235 MB/s   4m22s[K[?25h[?2026l[?2026h[?25l[A[1Gpulling manifest [K
pulling 9d507a36062c:   8% ▕█                 ▏ 5.4 GB/ 67 GB  235 MB/s   4m22s[K[?25h[?2026l[?2026h[?25l[A[1Gpulling manifest [K
pulling 9d507a36062c:   8% ▕█                 ▏ 5.5 GB/ 67 GB  235 MB/s   4m22s[K[?25h[?2026l[?2026h[?25l[A[1Gpulling manifest [K
pulling 9d507a36062c:   8% ▕█                 ▏ 5.5 GB/ 67 GB  235 MB/s   4m22s[K[?25h[?2026l[?2026h[?25l[A[1Gpulling manifest [K
pulling 9d507a36062c:   8% ▕█                 ▏ 5.5 GB/ 67 GB  233 MB/s   4m24s[K[?25h[?2026l[?2026h[?25l[A[1Gpulling manifest [K
pulling 9d507a36062c:   8% ▕█                 ▏ 5.5 GB/ 67 GB  233 MB/s   4m24s[K[?25h[?2026l[?2026h[?25l[A[1Gpulling manifest [K
pulling 9d507a36062c:   8% ▕█                 ▏ 5.5 GB/ 67 GB  233 MB/s   4m24s[K[?25h[?2026l[?2026h[?25l[A[1Gpulling manifest [K
pulling 9d507a36062c:   8% ▕█                 ▏ 5.6 GB/ 67 GB  233 MB/s   4m24s[K[?25h[?2026l[?2026h[?25l[A[1Gpulling manifest [K
pulling 9d507a36062c:   8% ▕█                 ▏ 5.6 GB/ 67 GB  233 MB/s   4m24s[K[?25h[?2026l[?2026h[?25l[A[1Gpulling manifest [K
pulling 9d507a36062c:   8% ▕█                 ▏ 5.6 GB/ 67 GB  233 MB/s   4m24s[K[?25h[?2026l[?2026h[?25l[A[1Gpulling manifest [K
pulling 9d507a36062c:   8% ▕█                 ▏ 5.6 GB/ 67 GB  233 MB/s   4m24s[K[?25h[?2026l[?2026h[?25l[A[1Gpulling manifest [K
pulling 9d507a36062c:   8% ▕█                 ▏ 5.7 GB/ 67 GB  233 MB/s   4m24s[K[?25h[?2026l[?2026h[?25l[A[1Gpulling manifest [K
pulling 9d507a36062c:   8% ▕█                 ▏ 5.7 GB/ 67 GB  233 MB/s   4m24s[K[?25h[?2026l[?2026h[?25l[A[1Gpulling manifest [K
pulling 9d507a36062c:   8% ▕█                 ▏ 5.7 GB/ 67 GB  233 MB/s   4m24s[K[?25h[?2026l[?2026h[?25l[A[1Gpulling manifest [K
pulling 9d507a36062c:   8% ▕█                 ▏ 5.7 GB/ 67 GB  232 MB/s   4m25s[K[?25h[?2026l[?2026h[?25l[A[1Gpulling manifest [K
pulling 9d507a36062c:   8% ▕█                 ▏ 5.7 GB/ 67 GB  232 MB/s   4m25s[K[?25h[?2026l[?2026h[?25l[A[1Gpulling manifest [K
pulling 9d507a36062c:   9% ▕█                 ▏ 5.8 GB/ 67 GB  232 MB/s   4m25s[K[?25h[?2026l[?2026h[?25l[A[1Gpulling manifest [K
pulling 9d507a36062c:   9% ▕█                 ▏ 5.8 GB/ 67 GB  232 MB/s   4m25s[K[?25h[?2026l[?2026h[?25l[A[1Gpulling manifest [K
pulling 9d507a36062c:   9% ▕█                 ▏ 5.8 GB/ 67 GB  232 MB/s   4m25s[K[?25h[?2026l[?2026h[?25l[A[1Gpulling manifest [K
pulling 9d507a36062c:   9% ▕█                 ▏ 5.8 GB/ 67 GB  232 MB/s   4m25s[K[?25h[?2026l[?2026h[?25l[A[1Gpulling manifest [K
pulling 9d507a36062c:   9% ▕█                 ▏ 5.9 GB/ 67 GB  232 MB/s   4m24s[K[?25h[?2026l[?2026h[?25l[A[1Gpulling manifest [K
pulling 9d507a36062c:   9% ▕█                 ▏ 5.9 GB/ 67 GB  232 MB/s   4m24s[K[?25h[?2026l[?2026h[?25l[A[1Gpulling manifest [K
pulling 9d507a36062c:   9% ▕█                 ▏ 5.9 GB/ 67 GB  232 MB/s   4m24s[K[?25h[?2026l[?2026h[?25l[A[1Gpulling manifest [K
pulling 9d507a36062c:   9% ▕█                 ▏ 5.9 GB/ 67 GB  232 MB/s   4m24s[K[?25h[?2026l[?2026h[?25l[A[1Gpulling manifest [K
pulling 9d507a36062c:   9% ▕█                 ▏ 5.9 GB/ 67 GB  232 MB/s   4m24s[K[?25h[?2026l[?2026h[?25l[A[1Gpulling manifest [K
pulling 9d507a36062c:   9% ▕█                 ▏ 6.0 GB/ 67 GB  236 MB/s   4m19s[K[?25h[?2026l[?2026h[?25l[A[1Gpulling manifest [K
pulling 9d507a36062c:   9% ▕█                 ▏ 6.0 GB/ 67 GB  236 MB/s   4m19s[K[?25h[?2026l[?2026h[?25l[A[1Gpulling manifest [K
pulling 9d507a36062c:   9% ▕█                 ▏ 6.0 GB/ 67 GB  236 MB/s   4m19s[K[?25h[?2026l[?2026h[?25l[A[1Gpulling manifest [K
pulling 9d507a36062c:   9% ▕█                 ▏ 6.0 GB/ 67 GB  236 MB/s   4m19s[K[?25h[?2026l[?2026h[?25l[A[1Gpulling manifest [K
pulling 9d507a36062c:   9% ▕█                 ▏ 6.1 GB/ 67 GB  236 MB/s   4m18s[K[?25h[?2026l[?2026h[?25l[A[1Gpulling manifest [K
pulling 9d507a36062c:   9% ▕█                 ▏ 6.1 GB/ 67 GB  236 MB/s   4m18s[K[?25h[?2026l[?2026h[?25l[A[1Gpulling manifest [K
pulling 9d507a36062c:   9% ▕█                 ▏ 6.1 GB/ 67 GB  236 MB/s   4m18s[K[?25h[?2026l[?2026h[?25l[A[1Gpulling manifest [K
pulling 9d507a36062c:   9% ▕█                 ▏ 6.1 GB/ 67 GB  236 MB/s   4m18s[K[?25h[?2026l[?2026h[?25l[A[1Gpulling manifest [K
pulling 9d507a36062c:   9% ▕█                 ▏ 6.2 GB/ 67 GB  236 MB/s   4m18s[K[?25h[?2026l[?2026h[?25l[A[1Gpulling manifest [K
pulling 9d507a36062c:   9% ▕█                 ▏ 6.2 GB/ 67 GB  236 MB/s   4m18s[K[?25h[?2026l[?2026h[?25l[A[1Gpulling manifest [K
pulling 9d507a36062c:   9% ▕█                 ▏ 6.2 GB/ 67 GB  239 MB/s   4m15s[K[?25h[?2026l[?2026h[?25l[A[1Gpulling manifest [K
pulling 9d507a36062c:   9% ▕█                 ▏ 6.2 GB/ 67 GB  239 MB/s   4m15s[K[?25h[?2026l[?2026h[?25l[A[1Gpulling manifest [K
pulling 9d507a36062c:   9% ▕█                 ▏ 6.3 GB/ 67 GB  239 MB/s   4m15s[K[?25h[?2026l[?2026h[?25l[A[1Gpulling manifest [K
pulling 9d507a36062c:   9% ▕█                 ▏ 6.3 GB/ 67 GB  239 MB/s   4m15s[K[?25h[?2026l[?2026h[?25l[A[1Gpulling manifest [K
pulling 9d507a36062c:   9% ▕█                 ▏ 6.3 GB/ 67 GB  239 MB/s   4m15s[K[?25h[?2026l[?2026h[?25l[A[1Gpulling manifest [K
pulling 9d507a36062c:   9% ▕█                 ▏ 6.3 GB/ 67 GB  239 MB/s   4m15s[K[?25h[?2026l[?2026h[?25l[A[1Gpulling manifest [K
pulling 9d507a36062c:   9% ▕█                 ▏ 6.4 GB/ 67 GB  239 MB/s   4m15s[K[?25h[?2026l[?2026h[?25l[A[1Gpulling manifest [K
pulling 9d507a36062c:   9% ▕█                 ▏ 6.4 GB/ 67 GB  239 MB/s   4m15s[K[?25h[?2026l[?2026h[?25l[A[1Gpulling manifest [K
pulling 9d507a36062c:   9% ▕█                 ▏ 6.4 GB/ 67 GB  239 MB/s   4m15s[K[?25h[?2026l[?2026h[?25l[A[1Gpulling manifest [K
pulling 9d507a36062c:  10% ▕█                 ▏ 6.4 GB/ 67 GB  239 MB/s   4m14s[K[?25h[?2026l[?2026h[?25l[A[1Gpulling manifest [K
pulling 9d507a36062c:  10% ▕█                 ▏ 6.4 GB/ 67 GB  239 MB/s   4m14s[K[?25h[?2026l[?2026h[?25l[A[1Gpulling manifest [K
pulling 9d507a36062c:  10% ▕█                 ▏ 6.5 GB/ 67 GB  239 MB/s   4m14s[K[?25h[?2026l[?2026h[?25l[A[1Gpulling manifest [K
pulling 9d507a36062c:  10% ▕█                 ▏ 6.5 GB/ 67 GB  239 MB/s   4m14s[K[?25h[?2026l[?2026h[?25l[A[1Gpulling manifest [K
pulling 9d507a36062c:  10% ▕█                 ▏ 6.5 GB/ 67 GB  239 MB/s   4m14s[K[?25h[?2026l[?2026h[?25l[A[1Gpulling manifest [K
pulling 9d507a36062c:  10% ▕█                 ▏ 6.5 GB/ 67 GB  239 MB/s   4m14s[K[?25h[?2026l[?2026h[?25l[A[1Gpulling manifest [K
pulling 9d507a36062c:  10% ▕█                 ▏ 6.6 GB/ 67 GB  239 MB/s   4m14s[K[?25h[?2026l[?2026h[?25l[A[1Gpulling manifest [K
pulling 9d507a36062c:  10% ▕█                 ▏ 6.6 GB/ 67 GB  239 MB/s   4m14s[K[?25h[?2026l[?2026h[?25l[A[1Gpulling manifest [K
pulling 9d507a36062c:  10% ▕█                 ▏ 6.6 GB/ 67 GB  239 MB/s   4m14s[K[?25h[?2026l[?2026h[?25l[A[1Gpulling manifest [K
pulling 9d507a36062c:  10% ▕█                 ▏ 6.6 GB/ 67 GB  239 MB/s   4m13s[K[?25h[?2026l[?2026h[?25l[A[1Gpulling manifest [K
pulling 9d507a36062c:  10% ▕█                 ▏ 6.6 GB/ 67 GB  239 MB/s   4m13s[K[?25h[?2026l[?2026h[?25l[A[1Gpulling manifest [K
pulling 9d507a36062c:  10% ▕█                 ▏ 6.7 GB/ 67 GB  239 MB/s   4m13s[K[?25h[?2026l[?2026h[?25l[A[1Gpulling manifest [K
pulling 9d507a36062c:  10% ▕█                 ▏ 6.7 GB/ 67 GB  239 MB/s   4m13s[K[?25h[?2026l[?2026h[?25l[A[1Gpulling manifest [K
pulling 9d507a36062c:  10% ▕█                 ▏ 6.7 GB/ 67 GB  239 MB/s   4m13s[K[?25h[?2026l[?2026h[?25l[A[1Gpulling manifest [K
pulling 9d507a36062c:  10% ▕█                 ▏ 6.7 GB/ 67 GB  239 MB/s   4m13s[K[?25h[?2026l[?2026h[?25l[A[1Gpulling manifest [K
pulling 9d507a36062c:  10% ▕█                 ▏ 6.8 GB/ 67 GB  239 MB/s   4m13s[K[?25h[?2026l[?2026h[?25l[A[1Gpulling manifest [K
pulling 9d507a36062c:  10% ▕█                 ▏ 6.8 GB/ 67 GB  239 MB/s   4m13s[K[?25h[?2026l[?2026h[?25l[A[1Gpulling manifest [K
pulling 9d507a36062c:  10% ▕█                 ▏ 6.8 GB/ 67 GB  239 MB/s   4m13s[K[?25h[?2026l[?2026h[?25l[A[1Gpulling manifest [K
pulling 9d507a36062c:  10% ▕█                 ▏ 6.8 GB/ 67 GB  239 MB/s   4m13s[K[?25h[?2026l[?2026h[?25l[A[1Gpulling manifest [K
pulling 9d507a36062c:  10% ▕█                 ▏ 6.8 GB/ 67 GB  239 MB/s   4m13s[K[?25h[?2026l[?2026h[?25l[A[1Gpulling manifest [K
pulling 9d507a36062c:  10% ▕█                 ▏ 6.9 GB/ 67 GB  239 MB/s   4m13s[K[?25h[?2026l[?2026h[?25l[A[1Gpulling manifest [K
pulling 9d507a36062c:  10% ▕█                 ▏ 6.9 GB/ 67 GB  239 MB/s   4m12s[K[?25h[?2026l[?2026h[?25l[A[1Gpulling manifest [K
pulling 9d507a36062c:  10% ▕█                 ▏ 6.9 GB/ 67 GB  236 MB/s   4m15s[K[?25h[?2026l[?2026h[?25l[A[1Gpulling manifest [K
pulling 9d507a36062c:  10% ▕█                 ▏ 6.9 GB/ 67 GB  236 MB/s   4m15s[K[?25h[?2026l[?2026h[?25l[A[1Gpulling manifest [K
pulling 9d507a36062c:  10% ▕█                 ▏ 7.0 GB/ 67 GB  236 MB/s   4m15s[K[?25h[?2026l[?2026h[?25l[A[1Gpulling manifest [K
pulling 9d507a36062c:  10% ▕█                 ▏ 7.0 GB/ 67 GB  236 MB/s   4m15s[K[?25h[?2026l[?2026h[?25l[A[1Gpulling manifest [K
pulling 9d507a36062c:  10% ▕█                 ▏ 7.0 GB/ 67 GB  236 MB/s   4m15s[K[?25h[?2026l[?2026h[?25l[A[1Gpulling manifest [K
pulling 9d507a36062c:  10% ▕█                 ▏ 7.0 GB/ 67 GB  236 MB/s   4m14s[K[?25h[?2026l[?2026h[?25l[A[1Gpulling manifest [K
pulling 9d507a36062c:  10% ▕█                 ▏ 7.1 GB/ 67 GB  236 MB/s   4m14s[K[?25h[?2026l[?2026h[?25l[A[1Gpulling manifest [K
pulling 9d507a36062c:  10% ▕█                 ▏ 7.1 GB/ 67 GB  236 MB/s   4m14s[K[?25h[?2026l[?2026h[?25l[A[1Gpulling manifest [K
pulling 9d507a36062c:  11% ▕█                 ▏ 7.1 GB/ 67 GB  236 MB/s   4m14s[K[?25h[?2026l[?2026h[?25l[A[1Gpulling manifest [K
pulling 9d507a36062c:  11% ▕█                 ▏ 7.1 GB/ 67 GB  236 MB/s   4m14s[K[?25h[?2026l[?2026h[?25l[A[1Gpulling manifest [K
pulling 9d507a36062c:  11% ▕█                 ▏ 7.1 GB/ 67 GB  232 MB/s   4m19s[K[?25h[?2026l[?2026h[?25l[A[1Gpulling manifest [K
pulling 9d507a36062c:  11% ▕█                 ▏ 7.2 GB/ 67 GB  232 MB/s   4m19s[K[?25h[?2026l[?2026h[?25l[A[1Gpulling manifest [K
pulling 9d507a36062c:  11% ▕█                 ▏ 7.2 GB/ 67 GB  232 MB/s   4m19s[K[?25h[?2026l[?2026h[?25l[A[1Gpulling manifest [K
pulling 9d507a36062c:  11% ▕█                 ▏ 7.2 GB/ 67 GB  232 MB/s   4m19s[K[?25h[?2026l[?2026h[?25l[A[1Gpulling manifest [K
pulling 9d507a36062c:  11% ▕█                 ▏ 7.2 GB/ 67 GB  232 MB/s   4m19s[K[?25h[?2026l[?2026h[?25l[A[1Gpulling manifest [K
pulling 9d507a36062c:  11% ▕█                 ▏ 7.2 GB/ 67 GB  232 MB/s   4m18s[K[?25h[?2026l[?2026h[?25l[A[1Gpulling manifest [K
pulling 9d507a36062c:  11% ▕█                 ▏ 7.3 GB/ 67 GB  232 MB/s   4m18s[K[?25h[?2026l[?2026h[?25l[A[1Gpulling manifest [K
pulling 9d507a36062c:  11% ▕█                 ▏ 7.3 GB/ 67 GB  232 MB/s   4m18s[K[?25h[?2026l[?2026h[?25l[A[1Gpulling manifest [K
pulling 9d507a36062c:  11% ▕█                 ▏ 7.3 GB/ 67 GB  232 MB/s   4m18s[K[?25h[?2026l[?2026h[?25l[A[1Gpulling manifest [K
pulling 9d507a36062c:  11% ▕█                 ▏ 7.3 GB/ 67 GB  232 MB/s   4m18s[K[?25h[?2026l[?2026h[?25l[A[1Gpulling manifest [K
pulling 9d507a36062c:  11% ▕█                 ▏ 7.4 GB/ 67 GB  231 MB/s   4m19s[K[?25h[?2026l[?2026h[?25l[A[1Gpulling manifest [K
pulling 9d507a36062c:  11% ▕█                 ▏ 7.4 GB/ 67 GB  231 MB/s   4m19s[K[?25h[?2026l[?2026h[?25l[A[1Gpulling manifest [K
pulling 9d507a36062c:  11% ▕█                 ▏ 7.4 GB/ 67 GB  231 MB/s   4m19s[K[?25h[?2026l[?2026h[?25l[A[1Gpulling manifest [K
pulling 9d507a36062c:  11% ▕█                 ▏ 7.4 GB/ 67 GB  231 MB/s   4m18s[K[?25h[?2026l[?2026h[?25l[A[1Gpulling manifest [K
pulling 9d507a36062c:  11% ▕█                 ▏ 7.4 GB/ 67 GB  231 MB/s   4m18s[K[?25h[?2026l[?2026h[?25l[A[1Gpulling manifest [K
pulling 9d507a36062c:  11% ▕█                 ▏ 7.5 GB/ 67 GB  231 MB/s   4m18s[K[?25h[?2026l[?2026h[?25l[A[1Gpulling manifest [K
pulling 9d507a36062c:  11% ▕██                ▏ 7.5 GB/ 67 GB  231 MB/s   4m18s[K[?25h[?2026l[?2026h[?25l[A[1Gpulling manifest [K
pulling 9d507a36062c:  11% ▕██                ▏ 7.5 GB/ 67 GB  231 MB/s   4m18s[K[?25h[?2026l[?2026h[?25l[A[1Gpulling manifest [K
pulling 9d507a36062c:  11% ▕██                ▏ 7.5 GB/ 67 GB  231 MB/s   4m18s[K[?25h[?2026l[?2026h[?25l[A[1Gpulling manifest [K
pulling 9d507a36062c:  11% ▕██                ▏ 7.6 GB/ 67 GB  231 MB/s   4m18s[K[?25h[?2026l[?2026h[?25l[A[1Gpulling manifest [K
pulling 9d507a36062c:  11% ▕██                ▏ 7.6 GB/ 67 GB  231 MB/s   4m18s[K[?25h[?2026l[?2026h[?25l[A[1Gpulling manifest [K
pulling 9d507a36062c:  11% ▕██                ▏ 7.6 GB/ 67 GB  233 MB/s   4m16s[K[?25h[?2026l[?2026h[?25l[A[1Gpulling manifest [K
pulling 9d507a36062c:  11% ▕██                ▏ 7.6 GB/ 67 GB  233 MB/s   4m15s[K[?25h[?2026l[?2026h[?25l[A[1Gpulling manifest [K
pulling 9d507a36062c:  11% ▕██                ▏ 7.6 GB/ 67 GB  233 MB/s   4m15s[K[?25h[?2026l[?2026h[?25l[A[1Gpulling manifest [K
pulling 9d507a36062c:  11% ▕██                ▏ 7.7 GB/ 67 GB  233 MB/s   4m15s[K[?25h[?2026l[?2026h[?25l[A[1Gpulling manifest [K
pulling 9d507a36062c:  11% ▕██                ▏ 7.7 GB/ 67 GB  233 MB/s   4m15s[K[?25h[?2026l[?2026h[?25l[A[1Gpulling manifest [K
pulling 9d507a36062c:  11% ▕██                ▏ 7.7 GB/ 67 GB  233 MB/s   4m15s[K[?25h[?2026l[?2026h[?25l[A[1Gpulling manifest [K
pulling 9d507a36062c:  11% ▕██                ▏ 7.7 GB/ 67 GB  233 MB/s   4m15s[K[?25h[?2026l[?2026h[?25l[A[1Gpulling manifest [K
pulling 9d507a36062c:  11% ▕██                ▏ 7.8 GB/ 67 GB  233 MB/s   4m15s[K[?25h[?2026l[?2026h[?25l[A[1Gpulling manifest [K
pulling 9d507a36062c:  12% ▕██                ▏ 7.8 GB/ 67 GB  233 MB/s   4m15s[K[?25h[?2026l[?2026h[?25l[A[1Gpulling manifest [K
pulling 9d507a36062c:  12% ▕██                ▏ 7.8 GB/ 67 GB  233 MB/s   4m15s[K[?25h[?2026l[?2026h[?25l[A[1Gpulling manifest [K
pulling 9d507a36062c:  12% ▕██                ▏ 7.8 GB/ 67 GB  237 MB/s   4m11s[K[?25h[?2026l[?2026h[?25l[A[1Gpulling manifest [K
pulling 9d507a36062c:  12% ▕██                ▏ 7.9 GB/ 67 GB  237 MB/s   4m11s[K[?25h[?2026l[?2026h[?25l[A[1Gpulling manifest [K
pulling 9d507a36062c:  12% ▕██                ▏ 7.9 GB/ 67 GB  237 MB/s   4m10s[K[?25h[?2026l[?2026h[?25l[A[1Gpulling manifest [K
pulling 9d507a36062c:  12% ▕██                ▏ 7.9 GB/ 67 GB  237 MB/s   4m10s[K[?25h[?2026l[?2026h[?25l[A[1Gpulling manifest [K
pulling 9d507a36062c:  12% ▕██                ▏ 7.9 GB/ 67 GB  237 MB/s   4m10s[K[?25h[?2026l[?2026h[?25l[A[1Gpulling manifest [K
pulling 9d507a36062c:  12% ▕██                ▏ 7.9 GB/ 67 GB  237 MB/s   4m10s[K[?25h[?2026l[?2026h[?25l[A[1Gpulling manifest [K
pulling 9d507a36062c:  12% ▕██                ▏ 8.0 GB/ 67 GB  237 MB/s   4m10s[K[?25h[?2026l[?2026h[?25l[A[1Gpulling manifest [K
pulling 9d507a36062c:  12% ▕██                ▏ 8.0 GB/ 67 GB  237 MB/s   4m10s[K[?25h[?2026l[?2026h[?25l[A[1Gpulling manifest [K
pulling 9d507a36062c:  12% ▕██                ▏ 8.0 GB/ 67 GB  237 MB/s   4m10s[K[?25h[?2026l[?2026h[?25l[A[1Gpulling manifest [K
pulling 9d507a36062c:  12% ▕██                ▏ 8.1 GB/ 67 GB  237 MB/s   4m10s[K[?25h[?2026l[?2026h[?25l[A[1Gpulling manifest [K
pulling 9d507a36062c:  12% ▕██                ▏ 8.1 GB/ 67 GB  237 MB/s   4m10s[K[?25h[?2026l[?2026h[?25l[A[1Gpulling manifest [K
pulling 9d507a36062c:  12% ▕██                ▏ 8.1 GB/ 67 GB  235 MB/s   4m11s[K[?25h[?2026l[?2026h[?25l[A[1Gpulling manifest [K
pulling 9d507a36062c:  12% ▕██                ▏ 8.1 GB/ 67 GB  235 MB/s   4m11s[K[?25h[?2026l[?2026h[?25l[A[1Gpulling manifest [K
pulling 9d507a36062c:  12% ▕██                ▏ 8.1 GB/ 67 GB  235 MB/s   4m11s[K[?25h[?2026l[?2026h[?25l[A[1Gpulling manifest [K
pulling 9d507a36062c:  12% ▕██                ▏ 8.2 GB/ 67 GB  235 MB/s   4m11s[K[?25h[?2026l[?2026h[?25l[A[1Gpulling manifest [K
pulling 9d507a36062c:  12% ▕██                ▏ 8.2 GB/ 67 GB  235 MB/s   4m11s[K[?25h[?2026l[?2026h[?25l[A[1Gpulling manifest [K
pulling 9d507a36062c:  12% ▕██                ▏ 8.2 GB/ 67 GB  235 MB/s   4m11s[K[?25h[?2026l[?2026h[?25l[A[1Gpulling manifest [K
pulling 9d507a36062c:  12% ▕██                ▏ 8.2 GB/ 67 GB  235 MB/s   4m11s[K[?25h[?2026l[?2026h[?25l[A[1Gpulling manifest [K
pulling 9d507a36062c:  12% ▕██                ▏ 8.3 GB/ 67 GB  235 MB/s   4m11s[K[?25h[?2026l[?2026h[?25l[A[1Gpulling manifest [K
pulling 9d507a36062c:  12% ▕██                ▏ 8.3 GB/ 67 GB  235 MB/s   4m11s[K[?25h[?2026l[?2026h[?25l[A[1Gpulling manifest [K
pulling 9d507a36062c:  12% ▕██                ▏ 8.3 GB/ 67 GB  235 MB/s   4m10s[K[?25h[?2026l[?2026h[?25l[A[1Gpulling manifest [K
pulling 9d507a36062c:  12% ▕██                ▏ 8.3 GB/ 67 GB  233 MB/s   4m12s[K[?25h[?2026l[?2026h[?25l[A[1Gpulling manifest [K
pulling 9d507a36062c:  12% ▕██                ▏ 8.3 GB/ 67 GB  233 MB/s   4m12s[K[?25h[?2026l[?2026h[?25l[A[1Gpulling manifest [K
pulling 9d507a36062c:  12% ▕██                ▏ 8.3 GB/ 67 GB  233 MB/s   4m12s[K[?25h[?2026l[?2026h[?25l[A[1Gpulling manifest [K
pulling 9d507a36062c:  12% ▕██                ▏ 8.4 GB/ 67 GB  233 MB/s   4m12s[K[?25h[?2026l[?2026h[?25l[A[1Gpulling manifest [K
pulling 9d507a36062c:  12% ▕██                ▏ 8.4 GB/ 67 GB  233 MB/s   4m12s[K[?25h[?2026l[?2026h[?25l[A[1Gpulling manifest [K
pulling 9d507a36062c:  12% ▕██                ▏ 8.4 GB/ 67 GB  233 MB/s   4m12s[K[?25h[?2026l[?2026h[?25l[A[1Gpulling manifest [K
pulling 9d507a36062c:  13% ▕██                ▏ 8.4 GB/ 67 GB  233 MB/s   4m12s[K[?25h[?2026l[?2026h[?25l[A[1Gpulling manifest [K
pulling 9d507a36062c:  13% ▕██                ▏ 8.4 GB/ 67 GB  233 MB/s   4m12s[K[?25h[?2026l[?2026h[?25l[A[1Gpulling manifest [K
pulling 9d507a36062c:  13% ▕██                ▏ 8.5 GB/ 67 GB  233 MB/s   4m12s[K[?25h[?2026l[?2026h[?25l[A[1Gpulling manifest [K
pulling 9d507a36062c:  13% ▕██                ▏ 8.5 GB/ 67 GB  233 MB/s   4m12s[K[?25h[?2026l[?2026h[?25l[A[1Gpulling manifest [K
pulling 9d507a36062c:  13% ▕██                ▏ 8.5 GB/ 67 GB  233 MB/s   4m12s[K[?25h[?2026l[?2026h[?25l[A[1Gpulling manifest [K
pulling 9d507a36062c:  13% ▕██                ▏ 8.5 GB/ 67 GB  231 MB/s   4m14s[K[?25h[?2026l[?2026h[?25l[A[1Gpulling manifest [K
pulling 9d507a36062c:  13% ▕██                ▏ 8.6 GB/ 67 GB  231 MB/s   4m14s[K[?25h[?2026l[?2026h[?25l[A[1Gpulling manifest [K
pulling 9d507a36062c:  13% ▕██                ▏ 8.6 GB/ 67 GB  231 MB/s   4m14s[K[?25h[?2026l[?2026h[?25l[A[1Gpulling manifest [K
pulling 9d507a36062c:  13% ▕██                ▏ 8.6 GB/ 67 GB  231 MB/s   4m13s[K[?25h[?2026l[?2026h[?25l[A[1Gpulling manifest [K
pulling 9d507a36062c:  13% ▕██                ▏ 8.6 GB/ 67 GB  231 MB/s   4m13s[K[?25h[?2026l[?2026h[?25l[A[1Gpulling manifest [K
pulling 9d507a36062c:  13% ▕██                ▏ 8.6 GB/ 67 GB  231 MB/s   4m13s[K[?25h[?2026l[?2026h[?25l[A[1Gpulling manifest [K
pulling 9d507a36062c:  13% ▕██                ▏ 8.7 GB/ 67 GB  231 MB/s   4m13s[K[?25h[?2026l[?2026h[?25l[A[1Gpulling manifest [K
pulling 9d507a36062c:  13% ▕██                ▏ 8.7 GB/ 67 GB  231 MB/s   4m13s[K[?25h[?2026l[?2026h[?25l[A[1Gpulling manifest [K
pulling 9d507a36062c:  13% ▕██                ▏ 8.7 GB/ 67 GB  231 MB/s   4m13s[K[?25h[?2026l[?2026h[?25l[A[1Gpulling manifest [K
pulling 9d507a36062c:  13% ▕██                ▏ 8.7 GB/ 67 GB  231 MB/s   4m13s[K[?25h[?2026l[?2026h[?25l[A[1Gpulling manifest [K
pulling 9d507a36062c:  13% ▕██                ▏ 8.8 GB/ 67 GB  233 MB/s   4m11s[K[?25h[?2026l[?2026h[?25l[A[1Gpulling manifest [K
pulling 9d507a36062c:  13% ▕██                ▏ 8.8 GB/ 67 GB  233 MB/s   4m11s[K[?25h[?2026l[?2026h[?25l[A[1Gpulling manifest [K
pulling 9d507a36062c:  13% ▕██                ▏ 8.8 GB/ 67 GB  233 MB/s   4m10s[K[?25h[?2026l[?2026h[?25l[A[1Gpulling manifest [K
pulling 9d507a36062c:  13% ▕██                ▏ 8.9 GB/ 67 GB  233 MB/s   4m10s[K[?25h[?2026l[?2026h[?25l[A[1Gpulling manifest [K
pulling 9d507a36062c:  13% ▕██                ▏ 8.9 GB/ 67 GB  233 MB/s   4m10s[K[?25h[?2026l[?2026h[?25l[A[1Gpulling manifest [K
pulling 9d507a36062c:  13% ▕██                ▏ 8.9 GB/ 67 GB  233 MB/s   4m10s[K[?25h[?2026l[?2026h[?25l[A[1Gpulling manifest [K
pulling 9d507a36062c:  13% ▕██                ▏ 8.9 GB/ 67 GB  233 MB/s   4m10s[K[?25h[?2026l[?2026h[?25l[A[1Gpulling manifest [K
pulling 9d507a36062c:  13% ▕██                ▏ 9.0 GB/ 67 GB  233 MB/s   4m10s[K[?25h[?2026l[?2026h[?25l[A[1Gpulling manifest [K
pulling 9d507a36062c:  13% ▕██                ▏ 9.0 GB/ 67 GB  233 MB/s   4m10s[K[?25h[?2026l[?2026h[?25l[A[1Gpulling manifest [K
pulling 9d507a36062c:  13% ▕██                ▏ 9.0 GB/ 67 GB  233 MB/s   4m10s[K[?25h[?2026l[?2026h[?25l[A[1Gpulling manifest [K
pulling 9d507a36062c:  13% ▕██                ▏ 9.0 GB/ 67 GB  233 MB/s   4m10s[K[?25h[?2026l[?2026h[?25l[A[1Gpulling manifest [K
pulling 9d507a36062c:  13% ▕██                ▏ 9.1 GB/ 67 GB  238 MB/s    4m4s[K[?25h[?2026l[?2026h[?25l[A[1Gpulling manifest [K
pulling 9d507a36062c:  14% ▕██                ▏ 9.1 GB/ 67 GB  238 MB/s    4m4s[K[?25h[?2026l[?2026h[?25l[A[1Gpulling manifest [K
pulling 9d507a36062c:  14% ▕██                ▏ 9.1 GB/ 67 GB  238 MB/s    4m4s[K[?25h[?2026l[?2026h[?25l[A[1Gpulling manifest [K
pulling 9d507a36062c:  14% ▕██                ▏ 9.1 GB/ 67 GB  238 MB/s    4m4s[K[?25h[?2026l[?2026h[?25l[A[1Gpulling manifest [K
pulling 9d507a36062c:  14% ▕██                ▏ 9.2 GB/ 67 GB  238 MB/s    4m4s[K[?25h[?2026l[?2026h[?25l[A[1Gpulling manifest [K
pulling 9d507a36062c:  14% ▕██                ▏ 9.2 GB/ 67 GB  238 MB/s    4m4s[K[?25h[?2026l[?2026h[?25l[A[1Gpulling manifest [K
pulling 9d507a36062c:  14% ▕██                ▏ 9.2 GB/ 67 GB  238 MB/s    4m3s[K[?25h[?2026l[?2026h[?25l[A[1Gpulling manifest [K
pulling 9d507a36062c:  14% ▕██                ▏ 9.3 GB/ 67 GB  238 MB/s    4m3s[K[?25h[?2026l[?2026h[?25l[A[1Gpulling manifest [K
pulling 9d507a36062c:  14% ▕██                ▏ 9.3 GB/ 67 GB  238 MB/s    4m3s[K[?25h[?2026l[?2026h[?25l[A[1Gpulling manifest [K
pulling 9d507a36062c:  14% ▕██                ▏ 9.3 GB/ 67 GB  238 MB/s    4m3s[K[?25h[?2026l[?2026h[?25l[A[1Gpulling manifest [K
pulling 9d507a36062c:  14% ▕██                ▏ 9.3 GB/ 67 GB  242 MB/s   3m59s[K[?25h[?2026l[?2026h[?25l[A[1Gpulling manifest [K
pulling 9d507a36062c:  14% ▕██                ▏ 9.3 GB/ 67 GB  242 MB/s   3m59s[K[?25h[?2026l[?2026h[?25l[A[1Gpulling manifest [K
pulling 9d507a36062c:  14% ▕██                ▏ 9.4 GB/ 67 GB  242 MB/s   3m59s[K[?25h[?2026l[?2026h[?25l[A[1Gpulling manifest [K
pulling 9d507a36062c:  14% ▕██                ▏ 9.4 GB/ 67 GB  242 MB/s   3m59s[K[?25h[?2026l[?2026h[?25l[A[1Gpulling manifest [K
pulling 9d507a36062c:  14% ▕██                ▏ 9.4 GB/ 67 GB  242 MB/s   3m59s[K[?25h[?2026l[?2026h[?25l[A[1Gpulling manifest [K
pulling 9d507a36062c:  14% ▕██                ▏ 9.4 GB/ 67 GB  242 MB/s   3m59s[K[?25h[?2026l[?2026h[?25l[A[1Gpulling manifest [K
pulling 9d507a36062c:  14% ▕██                ▏ 9.5 GB/ 67 GB  242 MB/s   3m59s[K[?25h[?2026l[?2026h[?25l[A[1Gpulling manifest [K
pulling 9d507a36062c:  14% ▕██                ▏ 9.5 GB/ 67 GB  242 MB/s   3m58s[K[?25h[?2026l[?2026h[?25l[A[1Gpulling manifest [K
pulling 9d507a36062c:  14% ▕██                ▏ 9.5 GB/ 67 GB  242 MB/s   3m58s[K[?25h[?2026l[?2026h[?25l[A[1Gpulling manifest [K
pulling 9d507a36062c:  14% ▕██                ▏ 9.5 GB/ 67 GB  242 MB/s   3m58s[K[?25h[?2026l[?2026h[?25l[A[1Gpulling manifest [K
pulling 9d507a36062c:  14% ▕██                ▏ 9.6 GB/ 67 GB  242 MB/s   3m58s[K[?25h[?2026l[?2026h[?25l[A[1Gpulling manifest [K
pulling 9d507a36062c:  14% ▕██                ▏ 9.6 GB/ 67 GB  246 MB/s   3m54s[K[?25h[?2026l[?2026h[?25l[A[1Gpulling manifest [K
pulling 9d507a36062c:  14% ▕██                ▏ 9.6 GB/ 67 GB  246 MB/s   3m54s[K[?25h[?2026l[?2026h[?25l[A[1Gpulling manifest [K
pulling 9d507a36062c:  14% ▕██                ▏ 9.6 GB/ 67 GB  246 MB/s   3m54s[K[?25h[?2026l[?2026h[?25l[A[1Gpulling manifest [K
pulling 9d507a36062c:  14% ▕██                ▏ 9.7 GB/ 67 GB  246 MB/s   3m54s[K[?25h[?2026l[?2026h[?25l[A[1Gpulling manifest [K
pulling 9d507a36062c:  14% ▕██                ▏ 9.7 GB/ 67 GB  246 MB/s   3m54s[K[?25h[?2026l[?2026h[?25l[A[1Gpulling manifest [K
pulling 9d507a36062c:  14% ▕██                ▏ 9.7 GB/ 67 GB  246 MB/s   3m54s[K[?25h[?2026l[?2026h[?25l[A[1Gpulling manifest [K
pulling 9d507a36062c:  14% ▕██                ▏ 9.7 GB/ 67 GB  246 MB/s   3m54s[K[?25h[?2026l[?2026h[?25l[A[1Gpulling manifest [K
pulling 9d507a36062c:  14% ▕██                ▏ 9.8 GB/ 67 GB  246 MB/s   3m54s[K[?25h[?2026l[?2026h[?25l[A[1Gpulling manifest [K
pulling 9d507a36062c:  14% ▕██                ▏ 9.8 GB/ 67 GB  246 MB/s   3m53s[K[?25h[?2026l[?2026h[?25l[A[1Gpulling manifest [K
pulling 9d507a36062c:  15% ▕██                ▏ 9.8 GB/ 67 GB  246 MB/s   3m53s[K[?25h[?2026l[?2026h[?25l[A[1Gpulling manifest [K
pulling 9d507a36062c:  15% ▕██                ▏ 9.8 GB/ 67 GB  245 MB/s   3m54s[K[?25h[?2026l[?2026h[?25l[A[1Gpulling manifest [K
pulling 9d507a36062c:  15% ▕██                ▏ 9.8 GB/ 67 GB  245 MB/s   3m54s[K[?25h[?2026l[?2026h[?25l[A[1Gpulling manifest [K
pulling 9d507a36062c:  15% ▕██                ▏ 9.9 GB/ 67 GB  245 MB/s   3m54s[K[?25h[?2026l[?2026h[?25l[A[1Gpulling manifest [K
pulling 9d507a36062c:  15% ▕██                ▏ 9.9 GB/ 67 GB  245 MB/s   3m54s[K[?25h[?2026l[?2026h[?25l[A[1Gpulling manifest [K
pulling 9d507a36062c:  15% ▕██                ▏ 9.9 GB/ 67 GB  245 MB/s   3m54s[K[?25h[?2026l[?2026h[?25l[A[1Gpulling manifest [K
pulling 9d507a36062c:  15% ▕██                ▏ 9.9 GB/ 67 GB  245 MB/s   3m54s[K[?25h[?2026l[?2026h[?25l[A[1Gpulling manifest [K
pulling 9d507a36062c:  15% ▕██               ▏ 10.0 GB/ 67 GB  245 MB/s   3m54s[K[?25h[?2026l[?2026h[?25l[A[1Gpulling manifest [K
pulling 9d507a36062c:  15% ▕██               ▏ 10.0 GB/ 67 GB  245 MB/s   3m54s[K[?25h[?2026l[?2026h[?25l[A[1Gpulling manifest [K
pulling 9d507a36062c:  15% ▕██               ▏ 10.0 GB/ 67 GB  245 MB/s   3m54s[K[?25h[?2026l[?2026h[?25l[A[1Gpulling manifest [K
pulling 9d507a36062c:  15% ▕██                ▏  10 GB/ 67 GB  245 MB/s   3m54s[K[?25h[?2026l[?2026h[?25l[A[1Gpulling manifest [K
pulling 9d507a36062c:  15% ▕██                ▏  10 GB/ 67 GB  242 MB/s   3m57s[K[?25h[?2026l[?2026h[?25l[A[1Gpulling manifest [K
pulling 9d507a36062c:  15% ▕██                ▏  10 GB/ 67 GB  242 MB/s   3m57s[K[?25h[?2026l[?2026h[?25l[A[1Gpulling manifest [K
pulling 9d507a36062c:  15% ▕██                ▏  10 GB/ 67 GB  242 MB/s   3m56s[K[?25h[?2026l[?2026h[?25l[A[1Gpulling manifest [K
pulling 9d507a36062c:  15% ▕██                ▏  10 GB/ 67 GB  242 MB/s   3m56s[K[?25h[?2026l[?2026h[?25l[A[1Gpulling manifest [K
pulling 9d507a36062c:  15% ▕██                ▏  10 GB/ 67 GB  242 MB/s   3m56s[K[?25h[?2026l[?2026h[?25l[A[1Gpulling manifest [K
pulling 9d507a36062c:  15% ▕██                ▏  10 GB/ 67 GB  242 MB/s   3m56s[K[?25h[?2026l[?2026h[?25l[A[1Gpulling manifest [K
pulling 9d507a36062c:  15% ▕██                ▏  10 GB/ 67 GB  242 MB/s   3m56s[K[?25h[?2026l[?2026h[?25l[A[1Gpulling manifest [K
pulling 9d507a36062c:  15% ▕██                ▏  10 GB/ 67 GB  242 MB/s   3m56s[K[?25h[?2026l[?2026h[?25l[A[1Gpulling manifest [K
pulling 9d507a36062c:  15% ▕██                ▏  10 GB/ 67 GB  242 MB/s   3m56s[K[?25h[?2026l[?2026h[?25l[A[1Gpulling manifest [K
pulling 9d507a36062c:  15% ▕██                ▏  10 GB/ 67 GB  242 MB/s   3m56s[K[?25h[?2026l[?2026h[?25l[A[1Gpulling manifest [K
pulling 9d507a36062c:  15% ▕██                ▏  10 GB/ 67 GB  241 MB/s   3m56s[K[?25h[?2026l[?2026h[?25l[A[1Gpulling manifest [K
pulling 9d507a36062c:  15% ▕██                ▏  10 GB/ 67 GB  241 MB/s   3m56s[K[?25h[?2026l[?2026h[?25l[A[1Gpulling manifest [K
pulling 9d507a36062c:  15% ▕██                ▏  10 GB/ 67 GB  241 MB/s   3m56s[K[?25h[?2026l[?2026h[?25l[A[1Gpulling manifest [K
pulling 9d507a36062c:  15% ▕██                ▏  10 GB/ 67 GB  241 MB/s   3m56s[K[?25h[?2026l[?2026h[?25l[A[1Gpulling manifest [K
pulling 9d507a36062c:  15% ▕██                ▏  10 GB/ 67 GB  241 MB/s   3m56s[K[?25h[?2026l[?2026h[?25l[A[1Gpulling manifest [K
pulling 9d507a36062c:  15% ▕██                ▏  10 GB/ 67 GB  241 MB/s   3m56s[K[?25h[?2026l[?2026h[?25l[A[1Gpulling manifest [K
pulling 9d507a36062c:  15% ▕██                ▏  10 GB/ 67 GB  241 MB/s   3m56s[K[?25h[?2026l[?2026h[?25l[A[1Gpulling manifest [K
pulling 9d507a36062c:  15% ▕██                ▏  10 GB/ 67 GB  241 MB/s   3m56s[K[?25h[?2026l[?2026h[?25l[A[1Gpulling manifest [K
pulling 9d507a36062c:  15% ▕██                ▏  10 GB/ 67 GB  241 MB/s   3m55s[K[?25h[?2026l[?2026h[?25l[A[1Gpulling manifest [K
pulling 9d507a36062c:  16% ▕██                ▏  10 GB/ 67 GB  241 MB/s   3m55s[K[?25h[?2026l[?2026h[?25l[A[1Gpulling manifest [K
pulling 9d507a36062c:  16% ▕██                ▏  10 GB/ 67 GB  241 MB/s   3m55s[K[?25h[?2026l[?2026h[?25l[A[1Gpulling manifest [K
pulling 9d507a36062c:  16% ▕██                ▏  10 GB/ 67 GB  241 MB/s   3m55s[K[?25h[?2026l[?2026h[?25l[A[1Gpulling manifest [K
pulling 9d507a36062c:  16% ▕██                ▏  10 GB/ 67 GB  241 MB/s   3m55s[K[?25h[?2026l[?2026h[?25l[A[1Gpulling manifest [K
pulling 9d507a36062c:  16% ▕██                ▏  10 GB/ 67 GB  241 MB/s   3m55s[K[?25h[?2026l[?2026h[?25l[A[1Gpulling manifest [K
pulling 9d507a36062c:  16% ▕██                ▏  10 GB/ 67 GB  241 MB/s   3m55s[K[?25h[?2026l[?2026h[?25l[A[1Gpulling manifest [K
pulling 9d507a36062c:  16% ▕██                ▏  10 GB/ 67 GB  241 MB/s   3m55s[K[?25h[?2026l[?2026h[?25l[A[1Gpulling manifest [K
pulling 9d507a36062c:  16% ▕██                ▏  10 GB/ 67 GB  241 MB/s   3m55s[K[?25h[?2026l[?2026h[?25l[A[1Gpulling manifest [K
pulling 9d507a36062c:  16% ▕██                ▏  10 GB/ 67 GB  241 MB/s   3m55s[K[?25h[?2026l[?2026h[?25l[A[1Gpulling manifest [K
pulling 9d507a36062c:  16% ▕██                ▏  10 GB/ 67 GB  241 MB/s   3m55s[K[?25h[?2026l[?2026h[?25l[A[1Gpulling manifest [K
pulling 9d507a36062c:  16% ▕██                ▏  10 GB/ 67 GB  241 MB/s   3m55s[K[?25h[?2026l[?2026h[?25l[A[1Gpulling manifest [K
pulling 9d507a36062c:  16% ▕██                ▏  10 GB/ 67 GB  241 MB/s   3m55s[K[?25h[?2026l[?2026h[?25l[A[1Gpulling manifest [K
pulling 9d507a36062c:  16% ▕██                ▏  10 GB/ 67 GB  244 MB/s   3m51s[K[?25h[?2026l[?2026h[?25l[A[1Gpulling manifest [K
pulling 9d507a36062c:  16% ▕██                ▏  10 GB/ 67 GB  244 MB/s   3m51s[K[?25h[?2026l[?2026h[?25l[A[1Gpulling manifest [K
pulling 9d507a36062c:  16% ▕██                ▏  10 GB/ 67 GB  244 MB/s   3m51s[K[?25h[?2026l[?2026h[?25l[A[1Gpulling manifest [K
pulling 9d507a36062c:  16% ▕██                ▏  10 GB/ 67 GB  244 MB/s   3m51s[K[?25h[?2026l[?2026h[?25l[A[1Gpulling manifest [K
pulling 9d507a36062c:  16% ▕██                ▏  10 GB/ 67 GB  244 MB/s   3m51s[K[?25h[?2026l[?2026h[?25l[A[1Gpulling manifest [K
pulling 9d507a36062c:  16% ▕██                ▏  10 GB/ 67 GB  244 MB/s   3m51s[K[?25h[?2026l[?2026h[?25l[A[1Gpulling manifest [K
pulling 9d507a36062c:  16% ▕██                ▏  10 GB/ 67 GB  244 MB/s   3m51s[K[?25h[?2026l[?2026h[?25l[A[1Gpulling manifest [K
pulling 9d507a36062c:  16% ▕██                ▏  10 GB/ 67 GB  244 MB/s   3m50s[K[?25h[?2026l[?2026h[?25l[A[1Gpulling manifest [K
pulling 9d507a36062c:  16% ▕██                ▏  10 GB/ 67 GB  244 MB/s   3m50s[K[?25h[?2026l[?2026h[?25l[A[1Gpulling manifest [K
pulling 9d507a36062c:  16% ▕██                ▏  10 GB/ 67 GB  244 MB/s   3m50s[K[?25h[?2026l[?2026h[?25l[A[1Gpulling manifest [K
pulling 9d507a36062c:  16% ▕██                ▏  10 GB/ 67 GB  242 MB/s   3m53s[K[?25h[?2026l[?2026h[?25l[A[1Gpulling manifest [K
pulling 9d507a36062c:  16% ▕██                ▏  10 GB/ 67 GB  242 MB/s   3m53s[K[?25h[?2026l[?2026h[?25l[A[1Gpulling manifest [K
pulling 9d507a36062c:  16% ▕██                ▏  11 GB/ 67 GB  242 MB/s   3m52s[K[?25h[?2026l[?2026h[?25l[A[1Gpulling manifest [K
pulling 9d507a36062c:  16% ▕██                ▏  11 GB/ 67 GB  242 MB/s   3m52s[K[?25h[?2026l[?2026h[?25l[A[1Gpulling manifest [K
pulling 9d507a36062c:  16% ▕██                ▏  11 GB/ 67 GB  242 MB/s   3m52s[K[?25h[?2026l[?2026h[?25l[A[1Gpulling manifest [K
pulling 9d507a36062c:  16% ▕██                ▏  11 GB/ 67 GB  242 MB/s   3m52s[K[?25h[?2026l[?2026h[?25l[A[1Gpulling manifest [K
pulling 9d507a36062c:  17% ▕██                ▏  11 GB/ 67 GB  242 MB/s   3m52s[K[?25h[?2026l[?2026h[?25l[A[1Gpulling manifest [K
pulling 9d507a36062c:  17% ▕██                ▏  11 GB/ 67 GB  242 MB/s   3m52s[K[?25h[?2026l[?2026h[?25l[A[1Gpulling manifest [K
pulling 9d507a36062c:  17% ▕██                ▏  11 GB/ 67 GB  242 MB/s   3m52s[K[?25h[?2026l[?2026h[?25l[A[1Gpulling manifest [K
pulling 9d507a36062c:  17% ▕██                ▏  11 GB/ 67 GB  242 MB/s   3m52s[K[?25h[?2026l[?2026h[?25l[A[1Gpulling manifest [K
pulling 9d507a36062c:  17% ▕██                ▏  11 GB/ 67 GB  242 MB/s   3m52s[K[?25h[?2026l[?2026h[?25l[A[1Gpulling manifest [K
pulling 9d507a36062c:  17% ▕███               ▏  11 GB/ 67 GB  241 MB/s   3m52s[K[?25h[?2026l[?2026h[?25l[A[1Gpulling manifest [K
pulling 9d507a36062c:  17% ▕███               ▏  11 GB/ 67 GB  241 MB/s   3m52s[K[?25h[?2026l[?2026h[?25l[A[1Gpulling manifest [K
pulling 9d507a36062c:  17% ▕███               ▏  11 GB/ 67 GB  241 MB/s   3m52s[K[?25h[?2026l[?2026h[?25l[A[1Gpulling manifest [K
pulling 9d507a36062c:  17% ▕███               ▏  11 GB/ 67 GB  241 MB/s   3m51s[K[?25h[?2026l[?2026h[?25l[A[1Gpulling manifest [K
pulling 9d507a36062c:  17% ▕███               ▏  11 GB/ 67 GB  241 MB/s   3m51s[K[?25h[?2026l[?2026h[?25l[A[1Gpulling manifest [K
pulling 9d507a36062c:  17% ▕███               ▏  11 GB/ 67 GB  241 MB/s   3m51s[K[?25h[?2026l[?2026h[?25l[A[1Gpulling manifest [K
pulling 9d507a36062c:  17% ▕███               ▏  11 GB/ 67 GB  241 MB/s   3m51s[K[?25h[?2026l[?2026h[?25l[A[1Gpulling manifest [K
pulling 9d507a36062c:  17% ▕███               ▏  11 GB/ 67 GB  241 MB/s   3m51s[K[?25h[?2026l[?2026h[?25l[A[1Gpulling manifest [K
pulling 9d507a36062c:  17% ▕███               ▏  11 GB/ 67 GB  241 MB/s   3m51s[K[?25h[?2026l[?2026h[?25l[A[1Gpulling manifest [K
pulling 9d507a36062c:  17% ▕███               ▏  11 GB/ 67 GB  241 MB/s   3m51s[K[?25h[?2026l[?2026h[?25l[A[1Gpulling manifest [K
pulling 9d507a36062c:  17% ▕███               ▏  11 GB/ 67 GB  245 MB/s   3m47s[K[?25h[?2026l[?2026h[?25l[A[1Gpulling manifest [K
pulling 9d507a36062c:  17% ▕███               ▏  11 GB/ 67 GB  245 MB/s   3m47s[K[?25h[?2026l[?2026h[?25l[A[1Gpulling manifest [K
pulling 9d507a36062c:  17% ▕███               ▏  11 GB/ 67 GB  245 MB/s   3m47s[K[?25h[?2026l[?2026h[?25l[A[1Gpulling manifest [K
pulling 9d507a36062c:  17% ▕███               ▏  11 GB/ 67 GB  245 MB/s   3m47s[K[?25h[?2026l[?2026h[?25l[A[1Gpulling manifest [K
pulling 9d507a36062c:  17% ▕███               ▏  11 GB/ 67 GB  245 MB/s   3m47s[K[?25h[?2026l[?2026h[?25l[A[1Gpulling manifest [K
pulling 9d507a36062c:  17% ▕███               ▏  11 GB/ 67 GB  245 MB/s   3m46s[K[?25h[?2026l[?2026h[?25l[A[1Gpulling manifest [K
pulling 9d507a36062c:  17% ▕███               ▏  11 GB/ 67 GB  245 MB/s   3m46s[K[?25h[?2026l[?2026h[?25l[A[1Gpulling manifest [K
pulling 9d507a36062c:  17% ▕███               ▏  11 GB/ 67 GB  245 MB/s   3m46s[K[?25h[?2026l[?2026h[?25l[A[1Gpulling manifest [K
pulling 9d507a36062c:  17% ▕███               ▏  11 GB/ 67 GB  245 MB/s   3m46s[K[?25h[?2026l[?2026h[?25l[A[1Gpulling manifest [K
pulling 9d507a36062c:  18% ▕███               ▏  11 GB/ 67 GB  245 MB/s   3m46s[K[?25h[?2026l[?2026h[?25l[A[1Gpulling manifest [K
pulling 9d507a36062c:  18% ▕███               ▏  11 GB/ 67 GB  245 MB/s   3m46s[K[?25h[?2026l[?2026h[?25l[A[1Gpulling manifest [K
pulling 9d507a36062c:  18% ▕███               ▏  11 GB/ 67 GB  253 MB/s   3m38s[K[?25h[?2026l[?2026h[?25l[A[1Gpulling manifest [K
pulling 9d507a36062c:  18% ▕███               ▏  11 GB/ 67 GB  253 MB/s   3m38s[K[?25h[?2026l[?2026h[?25l[A[1Gpulling manifest [K
pulling 9d507a36062c:  18% ▕███               ▏  11 GB/ 67 GB  253 MB/s   3m38s[K[?25h[?2026l[?2026h[?25l[A[1Gpulling manifest [K
pulling 9d507a36062c:  18% ▕███               ▏  11 GB/ 67 GB  253 MB/s   3m38s[K[?25h[?2026l[?2026h[?25l[A[1Gpulling manifest [K
pulling 9d507a36062c:  18% ▕███               ▏  11 GB/ 67 GB  253 MB/s   3m38s[K[?25h[?2026l[?2026h[?25l[A[1Gpulling manifest [K
pulling 9d507a36062c:  18% ▕███               ▏  12 GB/ 67 GB  253 MB/s   3m38s[K[?25h[?2026l[?2026h[?25l[A[1Gpulling manifest [K
pulling 9d507a36062c:  18% ▕███               ▏  12 GB/ 67 GB  253 MB/s   3m38s[K[?25h[?2026l[?2026h[?25l[A[1Gpulling manifest [K
pulling 9d507a36062c:  18% ▕███               ▏  12 GB/ 67 GB  253 MB/s   3m38s[K[?25h[?2026l[?2026h[?25l[A[1Gpulling manifest [K
pulling 9d507a36062c:  18% ▕███               ▏  12 GB/ 67 GB  253 MB/s   3m38s[K[?25h[?2026l[?2026h[?25l[A[1Gpulling manifest [K
pulling 9d507a36062c:  18% ▕███               ▏  12 GB/ 67 GB  253 MB/s   3m37s[K[?25h[?2026l[?2026h[?25l[A[1Gpulling manifest [K
pulling 9d507a36062c:  18% ▕███               ▏  12 GB/ 67 GB  258 MB/s   3m33s[K[?25h[?2026l[?2026h[?25l[A[1Gpulling manifest [K
pulling 9d507a36062c:  18% ▕███               ▏  12 GB/ 67 GB  258 MB/s   3m33s[K[?25h[?2026l[?2026h[?25l[A[1Gpulling manifest [K
pulling 9d507a36062c:  18% ▕███               ▏  12 GB/ 67 GB  258 MB/s   3m33s[K[?25h[?2026l[?2026h[?25l[A[1Gpulling manifest [K
pulling 9d507a36062c:  18% ▕███               ▏  12 GB/ 67 GB  258 MB/s   3m33s[K[?25h[?2026l[?2026h[?25l[A[1Gpulling manifest [K
pulling 9d507a36062c:  18% ▕███               ▏  12 GB/ 67 GB  258 MB/s   3m33s[K[?25h[?2026l[?2026h[?25l[A[1Gpulling manifest [K
pulling 9d507a36062c:  18% ▕███               ▏  12 GB/ 67 GB  258 MB/s   3m33s[K[?25h[?2026l[?2026h[?25l[A[1Gpulling manifest [K
pulling 9d507a36062c:  18% ▕███               ▏  12 GB/ 67 GB  258 MB/s   3m33s[K[?25h[?2026l[?2026h[?25l[A[1Gpulling manifest [K
pulling 9d507a36062c:  18% ▕███               ▏  12 GB/ 67 GB  258 MB/s   3m33s[K[?25h[?2026l[?2026h[?25l[A[1Gpulling manifest [K
pulling 9d507a36062c:  18% ▕███               ▏  12 GB/ 67 GB  258 MB/s   3m33s[K[?25h[?2026l[?2026h[?25l[A[1Gpulling manifest [K
pulling 9d507a36062c:  18% ▕███               ▏  12 GB/ 67 GB  258 MB/s   3m33s[K[?25h[?2026l[?2026h[?25l[A[1Gpulling manifest [K
pulling 9d507a36062c:  18% ▕███               ▏  12 GB/ 67 GB  258 MB/s   3m33s[K[?25h[?2026l[?2026h[?25l[A[1Gpulling manifest [K
pulling 9d507a36062c:  18% ▕███               ▏  12 GB/ 67 GB  253 MB/s   3m37s[K[?25h[?2026l[?2026h[?25l[A[1Gpulling manifest [K
pulling 9d507a36062c:  18% ▕███               ▏  12 GB/ 67 GB  253 MB/s   3m37s[K[?25h[?2026l[?2026h[?25l[A[1Gpulling manifest [K
pulling 9d507a36062c:  18% ▕███               ▏  12 GB/ 67 GB  253 MB/s   3m37s[K[?25h[?2026l[?2026h[?25l[A[1Gpulling manifest [K
pulling 9d507a36062c:  18% ▕███               ▏  12 GB/ 67 GB  253 MB/s   3m37s[K[?25h[?2026l[?2026h[?25l[A[1Gpulling manifest [K
pulling 9d507a36062c:  18% ▕███               ▏  12 GB/ 67 GB  253 MB/s   3m37s[K[?25h[?2026l[?2026h[?25l[A[1Gpulling manifest [K
pulling 9d507a36062c:  18% ▕███               ▏  12 GB/ 67 GB  253 MB/s   3m37s[K[?25h[?2026l[?2026h[?25l[A[1Gpulling manifest [K
pulling 9d507a36062c:  18% ▕███               ▏  12 GB/ 67 GB  253 MB/s   3m37s[K[?25h[?2026l[?2026h[?25l[A[1Gpulling manifest [K
pulling 9d507a36062c:  19% ▕███               ▏  12 GB/ 67 GB  253 MB/s   3m37s[K[?25h[?2026l[?2026h[?25l[A[1Gpulling manifest [K
pulling 9d507a36062c:  19% ▕███               ▏  12 GB/ 67 GB  253 MB/s   3m37s[K[?25h[?2026l[?2026h[?25l[A[1Gpulling manifest [K
pulling 9d507a36062c:  19% ▕███               ▏  12 GB/ 67 GB  253 MB/s   3m36s[K[?25h[?2026l[?2026h[?25l[A[1Gpulling manifest [K
pulling 9d507a36062c:  19% ▕███               ▏  12 GB/ 67 GB  252 MB/s   3m37s[K[?25h[?2026l[?2026h[?25l[A[1Gpulling manifest [K
pulling 9d507a36062c:  19% ▕███               ▏  12 GB/ 67 GB  252 MB/s   3m37s[K[?25h[?2026l[?2026h[?25l[A[1Gpulling manifest [K
pulling 9d507a36062c:  19% ▕███               ▏  12 GB/ 67 GB  252 MB/s   3m37s[K[?25h[?2026l[?2026h[?25l[A[1Gpulling manifest [K
pulling 9d507a36062c:  19% ▕███               ▏  12 GB/ 67 GB  252 MB/s   3m37s[K[?25h[?2026l[?2026h[?25l[A[1Gpulling manifest [K
pulling 9d507a36062c:  19% ▕███               ▏  12 GB/ 67 GB  252 MB/s   3m37s[K[?25h[?2026l[?2026h[?25l[A[1Gpulling manifest [K
pulling 9d507a36062c:  19% ▕███               ▏  12 GB/ 67 GB  252 MB/s   3m36s[K[?25h[?2026l[?2026h[?25l[A[1Gpulling manifest [K
pulling 9d507a36062c:  19% ▕███               ▏  12 GB/ 67 GB  252 MB/s   3m36s[K[?25h[?2026l[?2026h[?25l[A[1Gpulling manifest [K
pulling 9d507a36062c:  19% ▕███               ▏  12 GB/ 67 GB  252 MB/s   3m36s[K[?25h[?2026l[?2026h[?25l[A[1Gpulling manifest [K
pulling 9d507a36062c:  19% ▕███               ▏  12 GB/ 67 GB  252 MB/s   3m36s[K[?25h[?2026l[?2026h[?25l[A[1Gpulling manifest [K
pulling 9d507a36062c:  19% ▕███               ▏  12 GB/ 67 GB  252 MB/s   3m36s[K[?25h[?2026l[?2026h[?25l[A[1Gpulling manifest [K
pulling 9d507a36062c:  19% ▕███               ▏  12 GB/ 67 GB  254 MB/s   3m34s[K[?25h[?2026l[?2026h[?25l[A[1Gpulling manifest [K
pulling 9d507a36062c:  19% ▕███               ▏  12 GB/ 67 GB  254 MB/s   3m34s[K[?25h[?2026l[?2026h[?25l[A[1Gpulling manifest [K
pulling 9d507a36062c:  19% ▕███               ▏  12 GB/ 67 GB  254 MB/s   3m34s[K[?25h[?2026l[?2026h[?25l[A[1Gpulling manifest [K
pulling 9d507a36062c:  19% ▕███               ▏  12 GB/ 67 GB  254 MB/s   3m34s[K[?25h[?2026l[?2026h[?25l[A[1Gpulling manifest [K
pulling 9d507a36062c:  19% ▕███               ▏  12 GB/ 67 GB  254 MB/s   3m34s[K[?25h[?2026l[?2026h[?25l[A[1Gpulling manifest [K
pulling 9d507a36062c:  19% ▕███               ▏  12 GB/ 67 GB  254 MB/s   3m34s[K[?25h[?2026l[?2026h[?25l[A[1Gpulling manifest [K
pulling 9d507a36062c:  19% ▕███               ▏  12 GB/ 67 GB  254 MB/s   3m34s[K[?25h[?2026l[?2026h[?25l[A[1Gpulling manifest [K
pulling 9d507a36062c:  19% ▕███               ▏  12 GB/ 67 GB  254 MB/s   3m34s[K[?25h[?2026l[?2026h[?25l[A[1Gpulling manifest [K
pulling 9d507a36062c:  19% ▕███               ▏  13 GB/ 67 GB  254 MB/s   3m33s[K[?25h[?2026l[?2026h[?25l[A[1Gpulling manifest [K
pulling 9d507a36062c:  19% ▕███               ▏  13 GB/ 67 GB  254 MB/s   3m33s[K[?25h[?2026l[?2026h[?25l[A[1Gpulling manifest [K
pulling 9d507a36062c:  19% ▕███               ▏  13 GB/ 67 GB  256 MB/s   3m31s[K[?25h[?2026l[?2026h[?25l[A[1Gpulling manifest [K
pulling 9d507a36062c:  19% ▕███               ▏  13 GB/ 67 GB  256 MB/s   3m31s[K[?25h[?2026l[?2026h[?25l[A[1Gpulling manifest [K
pulling 9d507a36062c:  19% ▕███               ▏  13 GB/ 67 GB  256 MB/s   3m31s[K[?25h[?2026l[?2026h[?25l[A[1Gpulling manifest [K
pulling 9d507a36062c:  19% ▕███               ▏  13 GB/ 67 GB  256 MB/s   3m31s[K[?25h[?2026l[?2026h[?25l[A[1Gpulling manifest [K
pulling 9d507a36062c:  19% ▕███               ▏  13 GB/ 67 GB  256 MB/s   3m31s[K[?25h[?2026l[?2026h[?25l[A[1Gpulling manifest [K
pulling 9d507a36062c:  20% ▕███               ▏  13 GB/ 67 GB  256 MB/s   3m31s[K[?25h[?2026l[?2026h[?25l[A[1Gpulling manifest [K
pulling 9d507a36062c:  20% ▕███               ▏  13 GB/ 67 GB  256 MB/s   3m31s[K[?25h[?2026l[?2026h[?25l[A[1Gpulling manifest [K
pulling 9d507a36062c:  20% ▕███               ▏  13 GB/ 67 GB  256 MB/s   3m31s[K[?25h[?2026l[?2026h[?25l[A[1Gpulling manifest [K
pulling 9d507a36062c:  20% ▕███               ▏  13 GB/ 67 GB  256 MB/s   3m31s[K[?25h[?2026l[?2026h[?25l[A[1Gpulling manifest [K
pulling 9d507a36062c:  20% ▕███               ▏  13 GB/ 67 GB  256 MB/s   3m31s[K[?25h[?2026l[?2026h[?25l[A[1Gpulling manifest [K
pulling 9d507a36062c:  20% ▕███               ▏  13 GB/ 67 GB  259 MB/s   3m28s[K[?25h[?2026l[?2026h[?25l[A[1Gpulling manifest [K
pulling 9d507a36062c:  20% ▕███               ▏  13 GB/ 67 GB  259 MB/s   3m28s[K[?25h[?2026l[?2026h[?25l[A[1Gpulling manifest [K
pulling 9d507a36062c:  20% ▕███               ▏  13 GB/ 67 GB  259 MB/s   3m28s[K[?25h[?2026l[?2026h[?25l[A[1Gpulling manifest [K
pulling 9d507a36062c:  20% ▕███               ▏  13 GB/ 67 GB  259 MB/s   3m27s[K[?25h[?2026l[?2026h[?25l[A[1Gpulling manifest [K
pulling 9d507a36062c:  20% ▕███               ▏  13 GB/ 67 GB  259 MB/s   3m27s[K[?25h[?2026l[?2026h[?25l[A[1Gpulling manifest [K
pulling 9d507a36062c:  20% ▕███               ▏  13 GB/ 67 GB  259 MB/s   3m27s[K[?25h[?2026l[?2026h[?25l[A[1Gpulling manifest [K
pulling 9d507a36062c:  20% ▕███               ▏  13 GB/ 67 GB  259 MB/s   3m27s[K[?25h[?2026l[?2026h[?25l[A[1Gpulling manifest [K
pulling 9d507a36062c:  20% ▕███               ▏  13 GB/ 67 GB  259 MB/s   3m27s[K[?25h[?2026l[?2026h[?25l[A[1Gpulling manifest [K
pulling 9d507a36062c:  20% ▕███               ▏  13 GB/ 67 GB  259 MB/s   3m27s[K[?25h[?2026l[?2026h[?25l[A[1Gpulling manifest [K
pulling 9d507a36062c:  20% ▕███               ▏  13 GB/ 67 GB  259 MB/s   3m27s[K[?25h[?2026l[?2026h[?25l[A[1Gpulling manifest [K
pulling 9d507a36062c:  20% ▕███               ▏  13 GB/ 67 GB  259 MB/s   3m27s[K[?25h[?2026l[?2026h[?25l[A[1Gpulling manifest [K
pulling 9d507a36062c:  20% ▕███               ▏  13 GB/ 67 GB  260 MB/s   3m26s[K[?25h[?2026l[?2026h[?25l[A[1Gpulling manifest [K
pulling 9d507a36062c:  20% ▕███               ▏  13 GB/ 67 GB  260 MB/s   3m26s[K[?25h[?2026l[?2026h[?25l[A[1Gpulling manifest [K
pulling 9d507a36062c:  20% ▕███               ▏  13 GB/ 67 GB  260 MB/s   3m26s[K[?25h[?2026l[?2026h[?25l[A[1Gpulling manifest [K
pulling 9d507a36062c:  20% ▕███               ▏  13 GB/ 67 GB  260 MB/s   3m26s[K[?25h[?2026l[?2026h[?25l[A[1Gpulling manifest [K
pulling 9d507a36062c:  20% ▕███               ▏  13 GB/ 67 GB  260 MB/s   3m26s[K[?25h[?2026l[?2026h[?25l[A[1Gpulling manifest [K
pulling 9d507a36062c:  20% ▕███               ▏  13 GB/ 67 GB  260 MB/s   3m26s[K[?25h[?2026l[?2026h[?25l[A[1Gpulling manifest [K
pulling 9d507a36062c:  20% ▕███               ▏  13 GB/ 67 GB  260 MB/s   3m26s[K[?25h[?2026l[?2026h[?25l[A[1Gpulling manifest [K
pulling 9d507a36062c:  20% ▕███               ▏  13 GB/ 67 GB  260 MB/s   3m26s[K[?25h[?2026l[?2026h[?25l[A[1Gpulling manifest [K
pulling 9d507a36062c:  20% ▕███               ▏  13 GB/ 67 GB  260 MB/s   3m26s[K[?25h[?2026l[?2026h[?25l[A[1Gpulling manifest [K
pulling 9d507a36062c:  20% ▕███               ▏  13 GB/ 67 GB  260 MB/s   3m26s[K[?25h[?2026l[?2026h[?25l[A[1Gpulling manifest [K
pulling 9d507a36062c:  21% ▕███               ▏  13 GB/ 67 GB  253 MB/s   3m31s[K[?25h[?2026l[?2026h[?25l[A[1Gpulling manifest [K
pulling 9d507a36062c:  21% ▕███               ▏  13 GB/ 67 GB  253 MB/s   3m31s[K[?25h[?2026l[?2026h[?25l[A[1Gpulling manifest [K
pulling 9d507a36062c:  21% ▕███               ▏  13 GB/ 67 GB  253 MB/s   3m31s[K[?25h[?2026l[?2026h[?25l[A[1Gpulling manifest [K
pulling 9d507a36062c:  21% ▕███               ▏  13 GB/ 67 GB  253 MB/s   3m31s[K[?25h[?2026l[?2026h[?25l[A[1Gpulling manifest [K
pulling 9d507a36062c:  21% ▕███               ▏  13 GB/ 67 GB  253 MB/s   3m31s[K[?25h[?2026l[?2026h[?25l[A[1Gpulling manifest [K
pulling 9d507a36062c:  21% ▕███               ▏  13 GB/ 67 GB  253 MB/s   3m31s[K[?25h[?2026l[?2026h[?25l[A[1Gpulling manifest [K
pulling 9d507a36062c:  21% ▕███               ▏  13 GB/ 67 GB  253 MB/s   3m31s[K[?25h[?2026l[?2026h[?25l[A[1Gpulling manifest [K
pulling 9d507a36062c:  21% ▕███               ▏  14 GB/ 67 GB  253 MB/s   3m31s[K[?25h[?2026l[?2026h[?25l[A[1Gpulling manifest [K
pulling 9d507a36062c:  21% ▕███               ▏  14 GB/ 67 GB  253 MB/s   3m31s[K[?25h[?2026l[?2026h[?25l[A[1Gpulling manifest [K
pulling 9d507a36062c:  21% ▕███               ▏  14 GB/ 67 GB  253 MB/s   3m30s[K[?25h[?2026l[?2026h[?25l[A[1Gpulling manifest [K
pulling 9d507a36062c:  21% ▕███               ▏  14 GB/ 67 GB  245 MB/s   3m37s[K[?25h[?2026l[?2026h[?25l[A[1Gpulling manifest [K
pulling 9d507a36062c:  21% ▕███               ▏  14 GB/ 67 GB  245 MB/s   3m37s[K[?25h[?2026l[?2026h[?25l[A[1Gpulling manifest [K
pulling 9d507a36062c:  21% ▕███               ▏  14 GB/ 67 GB  245 MB/s   3m36s[K[?25h[?2026l[?2026h[?25l[A[1Gpulling manifest [K
pulling 9d507a36062c:  21% ▕███               ▏  14 GB/ 67 GB  245 MB/s   3m36s[K[?25h[?2026l[?2026h[?25l[A[1Gpulling manifest [K
pulling 9d507a36062c:  21% ▕███               ▏  14 GB/ 67 GB  245 MB/s   3m36s[K[?25h[?2026l[?2026h[?25l[A[1Gpulling manifest [K
pulling 9d507a36062c:  21% ▕███               ▏  14 GB/ 67 GB  245 MB/s   3m36s[K[?25h[?2026l[?2026h[?25l[A[1Gpulling manifest [K
pulling 9d507a36062c:  21% ▕███               ▏  14 GB/ 67 GB  245 MB/s   3m36s[K[?25h[?2026l[?2026h[?25l[A[1Gpulling manifest [K
pulling 9d507a36062c:  21% ▕███               ▏  14 GB/ 67 GB  245 MB/s   3m36s[K[?25h[?2026l[?2026h[?25l[A[1Gpulling manifest [K
pulling 9d507a36062c:  21% ▕███               ▏  14 GB/ 67 GB  245 MB/s   3m36s[K[?25h[?2026l[?2026h[?25l[A[1Gpulling manifest [K
pulling 9d507a36062c:  21% ▕███               ▏  14 GB/ 67 GB  245 MB/s   3m36s[K[?25h[?2026l[?2026h[?25l[A[1Gpulling manifest [K
pulling 9d507a36062c:  21% ▕███               ▏  14 GB/ 67 GB  247 MB/s   3m34s[K[?25h[?2026l[?2026h[?25l[A[1Gpulling manifest [K
pulling 9d507a36062c:  21% ▕███               ▏  14 GB/ 67 GB  247 MB/s   3m33s[K[?25h[?2026l[?2026h[?25l[A[1Gpulling manifest [K
pulling 9d507a36062c:  21% ▕███               ▏  14 GB/ 67 GB  247 MB/s   3m33s[K[?25h[?2026l[?2026h[?25l[A[1Gpulling manifest [K
pulling 9d507a36062c:  21% ▕███               ▏  14 GB/ 67 GB  247 MB/s   3m33s[K[?25h[?2026l[?2026h[?25l[A[1Gpulling manifest [K
pulling 9d507a36062c:  21% ▕███               ▏  14 GB/ 67 GB  247 MB/s   3m33s[K[?25h[?2026l[?2026h[?25l[A[1Gpulling manifest [K
pulling 9d507a36062c:  21% ▕███               ▏  14 GB/ 67 GB  247 MB/s   3m33s[K[?25h[?2026l[?2026h[?25l[A[1Gpulling manifest [K
pulling 9d507a36062c:  22% ▕███               ▏  14 GB/ 67 GB  247 MB/s   3m33s[K[?25h[?2026l[?2026h[?25l[A[1Gpulling manifest [K
pulling 9d507a36062c:  22% ▕███               ▏  14 GB/ 67 GB  247 MB/s   3m33s[K[?25h[?2026l[?2026h[?25l[A[1Gpulling manifest [K
pulling 9d507a36062c:  22% ▕███               ▏  14 GB/ 67 GB  247 MB/s   3m33s[K[?25h[?2026l[?2026h[?25l[A[1Gpulling manifest [K
pulling 9d507a36062c:  22% ▕███               ▏  14 GB/ 67 GB  247 MB/s   3m33s[K[?25h[?2026l[?2026h[?25l[A[1Gpulling manifest [K
pulling 9d507a36062c:  22% ▕███               ▏  14 GB/ 67 GB  257 MB/s   3m24s[K[?25h[?2026l[?2026h[?25l[A[1Gpulling manifest [K
pulling 9d507a36062c:  22% ▕███               ▏  14 GB/ 67 GB  257 MB/s   3m24s[K[?25h[?2026l[?2026h[?25l[A[1Gpulling manifest [K
pulling 9d507a36062c:  22% ▕███               ▏  14 GB/ 67 GB  257 MB/s   3m24s[K[?25h[?2026l[?2026h[?25l[A[1Gpulling manifest [K
pulling 9d507a36062c:  22% ▕███               ▏  14 GB/ 67 GB  257 MB/s   3m24s[K[?25h[?2026l[?2026h[?25l[A[1Gpulling manifest [K
pulling 9d507a36062c:  22% ▕███               ▏  14 GB/ 67 GB  257 MB/s   3m24s[K[?25h[?2026l[?2026h[?25l[A[1Gpulling manifest [K
pulling 9d507a36062c:  22% ▕███               ▏  14 GB/ 67 GB  257 MB/s   3m24s[K[?25h[?2026l[?2026h[?25l[A[1Gpulling manifest [K
pulling 9d507a36062c:  22% ▕███               ▏  14 GB/ 67 GB  257 MB/s   3m24s[K[?25h[?2026l[?2026h[?25l[A[1Gpulling manifest [K
pulling 9d507a36062c:  22% ▕███               ▏  14 GB/ 67 GB  257 MB/s   3m24s[K[?25h[?2026l[?2026h[?25l[A[1Gpulling manifest [K
pulling 9d507a36062c:  22% ▕███               ▏  14 GB/ 67 GB  257 MB/s   3m24s[K[?25h[?2026l[?2026h[?25l[A[1Gpulling manifest [K
pulling 9d507a36062c:  22% ▕███               ▏  14 GB/ 67 GB  257 MB/s   3m23s[K[?25h[?2026l[?2026h[?25l[A[1Gpulling manifest [K
pulling 9d507a36062c:  22% ▕███               ▏  14 GB/ 67 GB  257 MB/s   3m23s[K[?25h[?2026l[?2026h[?25l[A[1Gpulling manifest [K
pulling 9d507a36062c:  22% ▕███               ▏  14 GB/ 67 GB  262 MB/s   3m20s[K[?25h[?2026l[?2026h[?25l[A[1Gpulling manifest [K
pulling 9d507a36062c:  22% ▕███               ▏  14 GB/ 67 GB  262 MB/s   3m20s[K[?25h[?2026l[?2026h[?25l[A[1Gpulling manifest [K
pulling 9d507a36062c:  22% ▕███               ▏  14 GB/ 67 GB  262 MB/s   3m20s[K[?25h[?2026l[?2026h[?25l[A[1Gpulling manifest [K
pulling 9d507a36062c:  22% ▕███               ▏  14 GB/ 67 GB  262 MB/s   3m20s[K[?25h[?2026l[?2026h[?25l[A[1Gpulling manifest [K
pulling 9d507a36062c:  22% ▕████              ▏  14 GB/ 67 GB  262 MB/s   3m20s[K[?25h[?2026l[?2026h[?25l[A[1Gpulling manifest [K
pulling 9d507a36062c:  22% ▕████              ▏  14 GB/ 67 GB  262 MB/s   3m20s[K[?25h[?2026l[?2026h[?25l[A[1Gpulling manifest [K
pulling 9d507a36062c:  22% ▕████              ▏  15 GB/ 67 GB  262 MB/s   3m20s[K[?25h[?2026l[?2026h[?25l[A[1Gpulling manifest [K
pulling 9d507a36062c:  22% ▕████              ▏  15 GB/ 67 GB  262 MB/s   3m19s[K[?25h[?2026l[?2026h[?25l[A[1Gpulling manifest [K
pulling 9d507a36062c:  22% ▕████              ▏  15 GB/ 67 GB  262 MB/s   3m19s[K[?25h[?2026l[?2026h[?25l[A[1Gpulling manifest [K
pulling 9d507a36062c:  22% ▕████              ▏  15 GB/ 67 GB  262 MB/s   3m19s[K[?25h[?2026l[?2026h[?25l[A[1Gpulling manifest [K
pulling 9d507a36062c:  22% ▕████              ▏  15 GB/ 67 GB  262 MB/s   3m19s[K[?25h[?2026l[?2026h[?25l[A[1Gpulling manifest [K
pulling 9d507a36062c:  22% ▕████              ▏  15 GB/ 67 GB  262 MB/s   3m19s[K[?25h[?2026l[?2026h[?25l[A[1Gpulling manifest [K
pulling 9d507a36062c:  23% ▕████              ▏  15 GB/ 67 GB  262 MB/s   3m19s[K[?25h[?2026l[?2026h[?25l[A[1Gpulling manifest [K
pulling 9d507a36062c:  23% ▕████              ▏  15 GB/ 67 GB  262 MB/s   3m18s[K[?25h[?2026l[?2026h[?25l[A[1Gpulling manifest [K
pulling 9d507a36062c:  23% ▕████              ▏  15 GB/ 67 GB  262 MB/s   3m18s[K[?25h[?2026l[?2026h[?25l[A[1Gpulling manifest [K
pulling 9d507a36062c:  23% ▕████              ▏  15 GB/ 67 GB  262 MB/s   3m18s[K[?25h[?2026l[?2026h[?25l[A[1Gpulling manifest [K
pulling 9d507a36062c:  23% ▕████              ▏  15 GB/ 67 GB  262 MB/s   3m18s[K[?25h[?2026l[?2026h[?25l[A[1Gpulling manifest [K
pulling 9d507a36062c:  23% ▕████              ▏  15 GB/ 67 GB  262 MB/s   3m18s[K[?25h[?2026l[?2026h[?25l[A[1Gpulling manifest [K
pulling 9d507a36062c:  23% ▕████              ▏  15 GB/ 67 GB  262 MB/s   3m18s[K[?25h[?2026l[?2026h[?25l[A[1Gpulling manifest [K
pulling 9d507a36062c:  23% ▕████              ▏  15 GB/ 67 GB  262 MB/s   3m18s[K[?25h[?2026l[?2026h[?25l[A[1Gpulling manifest [K
pulling 9d507a36062c:  23% ▕████              ▏  15 GB/ 67 GB  262 MB/s   3m18s[K[?25h[?2026l[?2026h[?25l[A[1Gpulling manifest [K
pulling 9d507a36062c:  23% ▕████              ▏  15 GB/ 67 GB  268 MB/s   3m13s[K[?25h[?2026l[?2026h[?25l[A[1Gpulling manifest [K
pulling 9d507a36062c:  23% ▕████              ▏  15 GB/ 67 GB  268 MB/s   3m13s[K[?25h[?2026l[?2026h[?25l[A[1Gpulling manifest [K
pulling 9d507a36062c:  23% ▕████              ▏  15 GB/ 67 GB  268 MB/s   3m13s[K[?25h[?2026l[?2026h[?25l[A[1Gpulling manifest [K
pulling 9d507a36062c:  23% ▕████              ▏  15 GB/ 67 GB  268 MB/s   3m13s[K[?25h[?2026l[?2026h[?25l[A[1Gpulling manifest [K
pulling 9d507a36062c:  23% ▕████              ▏  15 GB/ 67 GB  268 MB/s   3m13s[K[?25h[?2026l[?2026h[?25l[A[1Gpulling manifest [K
pulling 9d507a36062c:  23% ▕████              ▏  15 GB/ 67 GB  268 MB/s   3m13s[K[?25h[?2026l[?2026h[?25l[A[1Gpulling manifest [K
pulling 9d507a36062c:  23% ▕████              ▏  15 GB/ 67 GB  268 MB/s   3m13s[K[?25h[?2026l[?2026h[?25l[A[1Gpulling manifest [K
pulling 9d507a36062c:  23% ▕████              ▏  15 GB/ 67 GB  268 MB/s   3m12s[K[?25h[?2026l[?2026h[?25l[A[1Gpulling manifest [K
pulling 9d507a36062c:  23% ▕████              ▏  15 GB/ 67 GB  268 MB/s   3m12s[K[?25h[?2026l[?2026h[?25l[A[1Gpulling manifest [K
pulling 9d507a36062c:  23% ▕████              ▏  15 GB/ 67 GB  268 MB/s   3m12s[K[?25h[?2026l[?2026h[?25l[A[1Gpulling manifest [K
pulling 9d507a36062c:  23% ▕████              ▏  15 GB/ 67 GB  269 MB/s   3m11s[K[?25h[?2026l[?2026h[?25l[A[1Gpulling manifest [K
pulling 9d507a36062c:  23% ▕████              ▏  15 GB/ 67 GB  269 MB/s   3m11s[K[?25h[?2026l[?2026h[?25l[A[1Gpulling manifest [K
pulling 9d507a36062c:  23% ▕████              ▏  15 GB/ 67 GB  269 MB/s   3m11s[K[?25h[?2026l[?2026h[?25l[A[1Gpulling manifest [K
pulling 9d507a36062c:  23% ▕████              ▏  15 GB/ 67 GB  269 MB/s   3m11s[K[?25h[?2026l[?2026h[?25l[A[1Gpulling manifest [K
pulling 9d507a36062c:  23% ▕████              ▏  15 GB/ 67 GB  269 MB/s   3m11s[K[?25h[?2026l[?2026h[?25l[A[1Gpulling manifest [K
pulling 9d507a36062c:  24% ▕████              ▏  15 GB/ 67 GB  269 MB/s   3m11s[K[?25h[?2026l[?2026h[?25l[A[1Gpulling manifest [K
pulling 9d507a36062c:  24% ▕████              ▏  15 GB/ 67 GB  269 MB/s   3m11s[K[?25h[?2026l[?2026h[?25l[A[1Gpulling manifest [K
pulling 9d507a36062c:  24% ▕████              ▏  15 GB/ 67 GB  269 MB/s   3m10s[K[?25h[?2026l[?2026h[?25l[A[1Gpulling manifest [K
pulling 9d507a36062c:  24% ▕████              ▏  15 GB/ 67 GB  269 MB/s   3m10s[K[?25h[?2026l[?2026h[?25l[A[1Gpulling manifest [K
pulling 9d507a36062c:  24% ▕████              ▏  15 GB/ 67 GB  269 MB/s   3m10s[K[?25h[?2026l[?2026h[?25l[A[1Gpulling manifest [K
pulling 9d507a36062c:  24% ▕████              ▏  16 GB/ 67 GB  269 MB/s   3m10s[K[?25h[?2026l[?2026h[?25l[A[1Gpulling manifest [K
pulling 9d507a36062c:  24% ▕████              ▏  16 GB/ 67 GB  271 MB/s    3m9s[K[?25h[?2026l[?2026h[?25l[A[1Gpulling manifest [K
pulling 9d507a36062c:  24% ▕████              ▏  16 GB/ 67 GB  271 MB/s    3m9s[K[?25h[?2026l[?2026h[?25l[A[1Gpulling manifest [K
pulling 9d507a36062c:  24% ▕████              ▏  16 GB/ 67 GB  271 MB/s    3m8s[K[?25h[?2026l[?2026h[?25l[A[1Gpulling manifest [K
pulling 9d507a36062c:  24% ▕████              ▏  16 GB/ 67 GB  271 MB/s    3m8s[K[?25h[?2026l[?2026h[?25l[A[1Gpulling manifest [K
pulling 9d507a36062c:  24% ▕████              ▏  16 GB/ 67 GB  271 MB/s    3m8s[K[?25h[?2026l[?2026h[?25l[A[1Gpulling manifest [K
pulling 9d507a36062c:  24% ▕████              ▏  16 GB/ 67 GB  271 MB/s    3m8s[K[?25h[?2026l[?2026h[?25l[A[1Gpulling manifest [K
pulling 9d507a36062c:  24% ▕████              ▏  16 GB/ 67 GB  271 MB/s    3m8s[K[?25h[?2026l[?2026h[?25l[A[1Gpulling manifest [K
pulling 9d507a36062c:  24% ▕████              ▏  16 GB/ 67 GB  271 MB/s    3m8s[K[?25h[?2026l[?2026h[?25l[A[1Gpulling manifest [K
pulling 9d507a36062c:  24% ▕████              ▏  16 GB/ 67 GB  271 MB/s    3m8s[K[?25h[?2026l[?2026h[?25l[A[1Gpulling manifest [K
pulling 9d507a36062c:  24% ▕████              ▏  16 GB/ 67 GB  271 MB/s    3m8s[K[?25h[?2026l[?2026h[?25l[A[1Gpulling manifest [K
pulling 9d507a36062c:  24% ▕████              ▏  16 GB/ 67 GB  272 MB/s    3m7s[K[?25h[?2026l[?2026h[?25l[A[1Gpulling manifest [K
pulling 9d507a36062c:  24% ▕████              ▏  16 GB/ 67 GB  272 MB/s    3m7s[K[?25h[?2026l[?2026h[?25l[A[1Gpulling manifest [K
pulling 9d507a36062c:  24% ▕████              ▏  16 GB/ 67 GB  272 MB/s    3m7s[K[?25h[?2026l[?2026h[?25l[A[1Gpulling manifest [K
pulling 9d507a36062c:  24% ▕████              ▏  16 GB/ 67 GB  272 MB/s    3m7s[K[?25h[?2026l[?2026h[?25l[A[1Gpulling manifest [K
pulling 9d507a36062c:  24% ▕████              ▏  16 GB/ 67 GB  272 MB/s    3m7s[K[?25h[?2026l[?2026h[?25l[A[1Gpulling manifest [K
pulling 9d507a36062c:  24% ▕████              ▏  16 GB/ 67 GB  272 MB/s    3m7s[K[?25h[?2026l[?2026h[?25l[A[1Gpulling manifest [K
pulling 9d507a36062c:  24% ▕████              ▏  16 GB/ 67 GB  272 MB/s    3m7s[K[?25h[?2026l[?2026h[?25l[A[1Gpulling manifest [K
pulling 9d507a36062c:  24% ▕████              ▏  16 GB/ 67 GB  272 MB/s    3m7s[K[?25h[?2026l[?2026h[?25l[A[1Gpulling manifest [K
pulling 9d507a36062c:  24% ▕████              ▏  16 GB/ 67 GB  272 MB/s    3m7s[K[?25h[?2026l[?2026h[?25l[A[1Gpulling manifest [K
pulling 9d507a36062c:  24% ▕████              ▏  16 GB/ 67 GB  272 MB/s    3m6s[K[?25h[?2026l[?2026h[?25l[A[1Gpulling manifest [K
pulling 9d507a36062c:  24% ▕████              ▏  16 GB/ 67 GB  272 MB/s    3m6s[K[?25h[?2026l[?2026h[?25l[A[1Gpulling manifest [K
pulling 9d507a36062c:  24% ▕████              ▏  16 GB/ 67 GB  270 MB/s    3m7s[K[?25h[?2026l[?2026h[?25l[A[1Gpulling manifest [K
pulling 9d507a36062c:  25% ▕████              ▏  16 GB/ 67 GB  270 MB/s    3m7s[K[?25h[?2026l[?2026h[?25l[A[1Gpulling manifest [K
pulling 9d507a36062c:  25% ▕████              ▏  16 GB/ 67 GB  270 MB/s    3m7s[K[?25h[?2026l[?2026h[?25l[A[1Gpulling manifest [K
pulling 9d507a36062c:  25% ▕████              ▏  16 GB/ 67 GB  270 MB/s    3m7s[K[?25h[?2026l[?2026h[?25l[A[1Gpulling manifest [K
pulling 9d507a36062c:  25% ▕████              ▏  16 GB/ 67 GB  270 MB/s    3m7s[K[?25h[?2026l[?2026h[?25l[A[1Gpulling manifest [K
pulling 9d507a36062c:  25% ▕████              ▏  16 GB/ 67 GB  270 MB/s    3m7s[K[?25h[?2026l[?2026h[?25l[A[1Gpulling manifest [K
pulling 9d507a36062c:  25% ▕████              ▏  16 GB/ 67 GB  270 MB/s    3m7s[K[?25h[?2026l[?2026h[?25l[A[1Gpulling manifest [K
pulling 9d507a36062c:  25% ▕████              ▏  16 GB/ 67 GB  270 MB/s    3m7s[K[?25h[?2026l[?2026h[?25l[A[1Gpulling manifest [K
pulling 9d507a36062c:  25% ▕████              ▏  16 GB/ 67 GB  270 MB/s    3m7s[K[?25h[?2026l[?2026h[?25l[A[1Gpulling manifest [K
pulling 9d507a36062c:  25% ▕████              ▏  16 GB/ 67 GB  270 MB/s    3m7s[K[?25h[?2026l[?2026h[?25l[A[1Gpulling manifest [K
pulling 9d507a36062c:  25% ▕████              ▏  16 GB/ 67 GB  264 MB/s   3m11s[K[?25h[?2026l[?2026h[?25l[A[1Gpulling manifest [K
pulling 9d507a36062c:  25% ▕████              ▏  16 GB/ 67 GB  264 MB/s   3m11s[K[?25h[?2026l[?2026h[?25l[A[1Gpulling manifest [K
pulling 9d507a36062c:  25% ▕████              ▏  16 GB/ 67 GB  264 MB/s   3m11s[K[?25h[?2026l[?2026h[?25l[A[1Gpulling manifest [K
pulling 9d507a36062c:  25% ▕████              ▏  16 GB/ 67 GB  264 MB/s   3m11s[K[?25h[?2026l[?2026h[?25l[A[1Gpulling manifest [K
pulling 9d507a36062c:  25% ▕████              ▏  16 GB/ 67 GB  264 MB/s   3m11s[K[?25h[?2026l[?2026h[?25l[A[1Gpulling manifest [K
pulling 9d507a36062c:  25% ▕████              ▏  16 GB/ 67 GB  264 MB/s   3m10s[K[?25h[?2026l[?2026h[?25l[A[1Gpulling manifest [K
pulling 9d507a36062c:  25% ▕████              ▏  16 GB/ 67 GB  264 MB/s   3m10s[K[?25h[?2026l[?2026h[?25l[A[1Gpulling manifest [K
pulling 9d507a36062c:  25% ▕████              ▏  16 GB/ 67 GB  264 MB/s   3m10s[K[?25h[?2026l[?2026h[?25l[A[1Gpulling manifest [K
pulling 9d507a36062c:  25% ▕████              ▏  16 GB/ 67 GB  264 MB/s   3m10s[K[?25h[?2026l[?2026h[?25l[A[1Gpulling manifest [K
pulling 9d507a36062c:  25% ▕████              ▏  16 GB/ 67 GB  264 MB/s   3m10s[K[?25h[?2026l[?2026h[?25l[A[1Gpulling manifest [K
pulling 9d507a36062c:  25% ▕████              ▏  16 GB/ 67 GB  264 MB/s   3m10s[K[?25h[?2026l[?2026h[?25l[A[1Gpulling manifest [K
pulling 9d507a36062c:  25% ▕████              ▏  16 GB/ 67 GB  262 MB/s   3m12s[K[?25h[?2026l[?2026h[?25l[A[1Gpulling manifest [K
pulling 9d507a36062c:  25% ▕████              ▏  17 GB/ 67 GB  262 MB/s   3m12s[K[?25h[?2026l[?2026h[?25l[A[1Gpulling manifest [K
pulling 9d507a36062c:  25% ▕████              ▏  17 GB/ 67 GB  262 MB/s   3m12s[K[?25h[?2026l[?2026h[?25l[A[1Gpulling manifest [K
pulling 9d507a36062c:  25% ▕████              ▏  17 GB/ 67 GB  262 MB/s   3m12s[K[?25h[?2026l[?2026h[?25l[A[1Gpulling manifest [K
pulling 9d507a36062c:  25% ▕████              ▏  17 GB/ 67 GB  262 MB/s   3m11s[K[?25h[?2026l[?2026h[?25l[A[1Gpulling manifest [K
pulling 9d507a36062c:  25% ▕████              ▏  17 GB/ 67 GB  262 MB/s   3m11s[K[?25h[?2026l[?2026h[?25l[A[1Gpulling manifest [K
pulling 9d507a36062c:  25% ▕████              ▏  17 GB/ 67 GB  262 MB/s   3m11s[K[?25h[?2026l[?2026h[?25l[A[1Gpulling manifest [K
pulling 9d507a36062c:  25% ▕████              ▏  17 GB/ 67 GB  262 MB/s   3m11s[K[?25h[?2026l[?2026h[?25l[A[1Gpulling manifest [K
pulling 9d507a36062c:  26% ▕████              ▏  17 GB/ 67 GB  262 MB/s   3m11s[K[?25h[?2026l[?2026h[?25l[A[1Gpulling manifest [K
pulling 9d507a36062c:  26% ▕████              ▏  17 GB/ 67 GB  262 MB/s   3m11s[K[?25h[?2026l[?2026h[?25l[A[1Gpulling manifest [K
pulling 9d507a36062c:  26% ▕████              ▏  17 GB/ 67 GB  262 MB/s   3m10s[K[?25h[?2026l[?2026h[?25l[A[1Gpulling manifest [K
pulling 9d507a36062c:  26% ▕████              ▏  17 GB/ 67 GB  262 MB/s   3m10s[K[?25h[?2026l[?2026h[?25l[A[1Gpulling manifest [K
pulling 9d507a36062c:  26% ▕████              ▏  17 GB/ 67 GB  262 MB/s   3m10s[K[?25h[?2026l[?2026h[?25l[A[1Gpulling manifest [K
pulling 9d507a36062c:  26% ▕████              ▏  17 GB/ 67 GB  262 MB/s   3m10s[K[?25h[?2026l[?2026h[?25l[A[1Gpulling manifest [K
pulling 9d507a36062c:  26% ▕████              ▏  17 GB/ 67 GB  262 MB/s   3m10s[K[?25h[?2026l[?2026h[?25l[A[1Gpulling manifest [K
pulling 9d507a36062c:  26% ▕████              ▏  17 GB/ 67 GB  262 MB/s   3m10s[K[?25h[?2026l[?2026h[?25l[A[1Gpulling manifest [K
pulling 9d507a36062c:  26% ▕████              ▏  17 GB/ 67 GB  262 MB/s   3m10s[K[?25h[?2026l[?2026h[?25l[A[1Gpulling manifest [K
pulling 9d507a36062c:  26% ▕████              ▏  17 GB/ 67 GB  262 MB/s   3m10s[K[?25h[?2026l[?2026h[?25l[A[1Gpulling manifest [K
pulling 9d507a36062c:  26% ▕████              ▏  17 GB/ 67 GB  262 MB/s   3m10s[K[?25h[?2026l[?2026h[?25l[A[1Gpulling manifest [K
pulling 9d507a36062c:  26% ▕████              ▏  17 GB/ 67 GB  262 MB/s    3m9s[K[?25h[?2026l[?2026h[?25l[A[1Gpulling manifest [K
pulling 9d507a36062c:  26% ▕████              ▏  17 GB/ 67 GB  262 MB/s    3m9s[K[?25h[?2026l[?2026h[?25l[A[1Gpulling manifest [K
pulling 9d507a36062c:  26% ▕████              ▏  17 GB/ 67 GB  268 MB/s    3m5s[K[?25h[?2026l[?2026h[?25l[A[1Gpulling manifest [K
pulling 9d507a36062c:  26% ▕████              ▏  17 GB/ 67 GB  268 MB/s    3m5s[K[?25h[?2026l[?2026h[?25l[A[1Gpulling manifest [K
pulling 9d507a36062c:  26% ▕████              ▏  17 GB/ 67 GB  268 MB/s    3m5s[K[?25h[?2026l[?2026h[?25l[A[1Gpulling manifest [K
pulling 9d507a36062c:  26% ▕████              ▏  17 GB/ 67 GB  268 MB/s    3m5s[K[?25h[?2026l[?2026h[?25l[A[1Gpulling manifest [K
pulling 9d507a36062c:  26% ▕████              ▏  17 GB/ 67 GB  268 MB/s    3m5s[K[?25h[?2026l[?2026h[?25l[A[1Gpulling manifest [K
pulling 9d507a36062c:  26% ▕████              ▏  17 GB/ 67 GB  268 MB/s    3m5s[K[?25h[?2026l[?2026h[?25l[A[1Gpulling manifest [K
pulling 9d507a36062c:  26% ▕████              ▏  17 GB/ 67 GB  268 MB/s    3m4s[K[?25h[?2026l[?2026h[?25l[A[1Gpulling manifest [K
pulling 9d507a36062c:  26% ▕████              ▏  17 GB/ 67 GB  268 MB/s    3m4s[K[?25h[?2026l[?2026h[?25l[A[1Gpulling manifest [K
pulling 9d507a36062c:  26% ▕████              ▏  17 GB/ 67 GB  268 MB/s    3m4s[K[?25h[?2026l[?2026h[?25l[A[1Gpulling manifest [K
pulling 9d507a36062c:  26% ▕████              ▏  17 GB/ 67 GB  268 MB/s    3m4s[K[?25h[?2026l[?2026h[?25l[A[1Gpulling manifest [K
pulling 9d507a36062c:  27% ▕████              ▏  17 GB/ 67 GB  266 MB/s    3m6s[K[?25h[?2026l[?2026h[?25l[A[1Gpulling manifest [K
pulling 9d507a36062c:  27% ▕████              ▏  17 GB/ 67 GB  266 MB/s    3m6s[K[?25h[?2026l[?2026h[?25l[A[1Gpulling manifest [K
pulling 9d507a36062c:  27% ▕████              ▏  17 GB/ 67 GB  266 MB/s    3m5s[K[?25h[?2026l[?2026h[?25l[A[1Gpulling manifest [K
pulling 9d507a36062c:  27% ▕████              ▏  17 GB/ 67 GB  266 MB/s    3m5s[K[?25h[?2026l[?2026h[?25l[A[1Gpulling manifest [K
pulling 9d507a36062c:  27% ▕████              ▏  17 GB/ 67 GB  266 MB/s    3m5s[K[?25h[?2026l[?2026h[?25l[A[1Gpulling manifest [K
pulling 9d507a36062c:  27% ▕████              ▏  17 GB/ 67 GB  266 MB/s    3m5s[K[?25h[?2026l[?2026h[?25l[A[1Gpulling manifest [K
pulling 9d507a36062c:  27% ▕████              ▏  18 GB/ 67 GB  266 MB/s    3m5s[K[?25h[?2026l[?2026h[?25l[A[1Gpulling manifest [K
pulling 9d507a36062c:  27% ▕████              ▏  18 GB/ 67 GB  266 MB/s    3m5s[K[?25h[?2026l[?2026h[?25l[A[1Gpulling manifest [K
pulling 9d507a36062c:  27% ▕████              ▏  18 GB/ 67 GB  266 MB/s    3m5s[K[?25h[?2026l[?2026h[?25l[A[1Gpulling manifest [K
pulling 9d507a36062c:  27% ▕████              ▏  18 GB/ 67 GB  266 MB/s    3m5s[K[?25h[?2026l[?2026h[?25l[A[1Gpulling manifest [K
pulling 9d507a36062c:  27% ▕████              ▏  18 GB/ 67 GB  263 MB/s    3m7s[K[?25h[?2026l[?2026h[?25l[A[1Gpulling manifest [K
pulling 9d507a36062c:  27% ▕████              ▏  18 GB/ 67 GB  263 MB/s    3m7s[K[?25h[?2026l[?2026h[?25l[A[1Gpulling manifest [K
pulling 9d507a36062c:  27% ▕████              ▏  18 GB/ 67 GB  263 MB/s    3m6s[K[?25h[?2026l[?2026h[?25l[A[1Gpulling manifest [K
pulling 9d507a36062c:  27% ▕████              ▏  18 GB/ 67 GB  263 MB/s    3m6s[K[?25h[?2026l[?2026h[?25l[A[1Gpulling manifest [K
pulling 9d507a36062c:  27% ▕████              ▏  18 GB/ 67 GB  263 MB/s    3m6s[K[?25h[?2026l[?2026h[?25l[A[1Gpulling manifest [K
pulling 9d507a36062c:  27% ▕████              ▏  18 GB/ 67 GB  263 MB/s    3m6s[K[?25h[?2026l[?2026h[?25l[A[1Gpulling manifest [K
pulling 9d507a36062c:  27% ▕████              ▏  18 GB/ 67 GB  263 MB/s    3m6s[K[?25h[?2026l[?2026h[?25l[A[1Gpulling manifest [K
pulling 9d507a36062c:  27% ▕████              ▏  18 GB/ 67 GB  263 MB/s    3m6s[K[?25h[?2026l[?2026h[?25l[A[1Gpulling manifest [K
pulling 9d507a36062c:  27% ▕████              ▏  18 GB/ 67 GB  263 MB/s    3m6s[K[?25h[?2026l[?2026h[?25l[A[1Gpulling manifest [K
pulling 9d507a36062c:  27% ▕████              ▏  18 GB/ 67 GB  263 MB/s    3m6s[K[?25h[?2026l[?2026h[?25l[A[1Gpulling manifest [K
pulling 9d507a36062c:  27% ▕████              ▏  18 GB/ 67 GB  255 MB/s   3m12s[K[?25h[?2026l[?2026h[?25l[A[1Gpulling manifest [K
pulling 9d507a36062c:  27% ▕████              ▏  18 GB/ 67 GB  255 MB/s   3m12s[K[?25h[?2026l[?2026h[?25l[A[1Gpulling manifest [K
pulling 9d507a36062c:  27% ▕████              ▏  18 GB/ 67 GB  255 MB/s   3m12s[K[?25h[?2026l[?2026h[?25l[A[1Gpulling manifest [K
pulling 9d507a36062c:  27% ▕████              ▏  18 GB/ 67 GB  255 MB/s   3m11s[K[?25h[?2026l[?2026h[?25l[A[1Gpulling manifest [K
pulling 9d507a36062c:  27% ▕████              ▏  18 GB/ 67 GB  255 MB/s   3m11s[K[?25h[?2026l[?2026h[?25l[A[1Gpulling manifest [K
pulling 9d507a36062c:  27% ▕████              ▏  18 GB/ 67 GB  255 MB/s   3m11s[K[?25h[?2026l[?2026h[?25l[A[1Gpulling manifest [K
pulling 9d507a36062c:  27% ▕████              ▏  18 GB/ 67 GB  255 MB/s   3m11s[K[?25h[?2026l[?2026h[?25l[A[1Gpulling manifest [K
pulling 9d507a36062c:  27% ▕████              ▏  18 GB/ 67 GB  255 MB/s   3m11s[K[?25h[?2026l[?2026h[?25l[A[1Gpulling manifest [K
pulling 9d507a36062c:  27% ▕████              ▏  18 GB/ 67 GB  255 MB/s   3m11s[K[?25h[?2026l[?2026h[?25l[A[1Gpulling manifest [K
pulling 9d507a36062c:  28% ▕████              ▏  18 GB/ 67 GB  255 MB/s   3m11s[K[?25h[?2026l[?2026h[?25l[A[1Gpulling manifest [K
pulling 9d507a36062c:  28% ▕████              ▏  18 GB/ 67 GB  257 MB/s    3m9s[K[?25h[?2026l[?2026h[?25l[A[1Gpulling manifest [K
pulling 9d507a36062c:  28% ▕████              ▏  18 GB/ 67 GB  257 MB/s    3m9s[K[?25h[?2026l[?2026h[?25l[A[1Gpulling manifest [K
pulling 9d507a36062c:  28% ▕████              ▏  18 GB/ 67 GB  257 MB/s    3m9s[K[?25h[?2026l[?2026h[?25l[A[1Gpulling manifest [K
pulling 9d507a36062c:  28% ▕████              ▏  18 GB/ 67 GB  257 MB/s    3m9s[K[?25h[?2026l[?2026h[?25l[A[1Gpulling manifest [K
pulling 9d507a36062c:  28% ▕████              ▏  18 GB/ 67 GB  257 MB/s    3m9s[K[?25h[?2026l[?2026h[?25l[A[1Gpulling manifest [K
pulling 9d507a36062c:  28% ▕████              ▏  18 GB/ 67 GB  257 MB/s    3m9s[K[?25h[?2026l[?2026h[?25l[A[1Gpulling manifest [K
pulling 9d507a36062c:  28% ▕█████             ▏  18 GB/ 67 GB  257 MB/s    3m8s[K[?25h[?2026l[?2026h[?25l[A[1Gpulling manifest [K
pulling 9d507a36062c:  28% ▕█████             ▏  18 GB/ 67 GB  257 MB/s    3m8s[K[?25h[?2026l[?2026h[?25l[A[1Gpulling manifest [K
pulling 9d507a36062c:  28% ▕█████             ▏  18 GB/ 67 GB  257 MB/s    3m8s[K[?25h[?2026l[?2026h[?25l[A[1Gpulling manifest [K
pulling 9d507a36062c:  28% ▕█████             ▏  18 GB/ 67 GB  257 MB/s    3m8s[K[?25h[?2026l[?2026h[?25l[A[1Gpulling manifest [K
pulling 9d507a36062c:  28% ▕█████             ▏  18 GB/ 67 GB  257 MB/s    3m8s[K[?25h[?2026l[?2026h[?25l[A[1Gpulling manifest [K
pulling 9d507a36062c:  28% ▕█████             ▏  18 GB/ 67 GB  258 MB/s    3m8s[K[?25h[?2026l[?2026h[?25l[A[1Gpulling manifest [K
pulling 9d507a36062c:  28% ▕█████             ▏  18 GB/ 67 GB  258 MB/s    3m8s[K[?25h[?2026l[?2026h[?25l[A[1Gpulling manifest [K
pulling 9d507a36062c:  28% ▕█████             ▏  18 GB/ 67 GB  258 MB/s    3m8s[K[?25h[?2026l[?2026h[?25l[A[1Gpulling manifest [K
pulling 9d507a36062c:  28% ▕█████             ▏  18 GB/ 67 GB  258 MB/s    3m8s[K[?25h[?2026l[?2026h[?25l[A[1Gpulling manifest [K
pulling 9d507a36062c:  28% ▕█████             ▏  18 GB/ 67 GB  258 MB/s    3m7s[K[?25h[?2026l[?2026h[?25l[A[1Gpulling manifest [K
pulling 9d507a36062c:  28% ▕█████             ▏  18 GB/ 67 GB  258 MB/s    3m7s[K[?25h[?2026l[?2026h[?25l[A[1Gpulling manifest [K
pulling 9d507a36062c:  28% ▕█████             ▏  18 GB/ 67 GB  258 MB/s    3m7s[K[?25h[?2026l[?2026h[?25l[A[1Gpulling manifest [K
pulling 9d507a36062c:  28% ▕█████             ▏  18 GB/ 67 GB  258 MB/s    3m7s[K[?25h[?2026l[?2026h[?25l[A[1Gpulling manifest [K
pulling 9d507a36062c:  28% ▕█████             ▏  19 GB/ 67 GB  258 MB/s    3m7s[K[?25h[?2026l[?2026h[?25l[A[1Gpulling manifest [K
pulling 9d507a36062c:  28% ▕█████             ▏  19 GB/ 67 GB  258 MB/s    3m7s[K[?25h[?2026l[?2026h[?25l[A[1Gpulling manifest [K
pulling 9d507a36062c:  28% ▕█████             ▏  19 GB/ 67 GB  255 MB/s    3m9s[K[?25h[?2026l[?2026h[?25l[A[1Gpulling manifest [K
pulling 9d507a36062c:  28% ▕█████             ▏  19 GB/ 67 GB  255 MB/s    3m9s[K[?25h[?2026l[?2026h[?25l[A[1Gpulling manifest [K
pulling 9d507a36062c:  28% ▕█████             ▏  19 GB/ 67 GB  255 MB/s    3m9s[K[?25h[?2026l[?2026h[?25l[A[1Gpulling manifest [K
pulling 9d507a36062c:  28% ▕█████             ▏  19 GB/ 67 GB  255 MB/s    3m8s[K[?25h[?2026l[?2026h[?25l[A[1Gpulling manifest [K
pulling 9d507a36062c:  28% ▕█████             ▏  19 GB/ 67 GB  255 MB/s    3m8s[K[?25h[?2026l[?2026h[?25l[A[1Gpulling manifest [K
pulling 9d507a36062c:  28% ▕█████             ▏  19 GB/ 67 GB  255 MB/s    3m8s[K[?25h[?2026l[?2026h[?25l[A[1Gpulling manifest [K
pulling 9d507a36062c:  28% ▕█████             ▏  19 GB/ 67 GB  255 MB/s    3m8s[K[?25h[?2026l[?2026h[?25l[A[1Gpulling manifest [K
pulling 9d507a36062c:  28% ▕█████             ▏  19 GB/ 67 GB  255 MB/s    3m8s[K[?25h[?2026l[?2026h[?25l[A[1Gpulling manifest [K
pulling 9d507a36062c:  29% ▕█████             ▏  19 GB/ 67 GB  255 MB/s    3m8s[K[?25h[?2026l[?2026h[?25l[A[1Gpulling manifest [K
pulling 9d507a36062c:  29% ▕█████             ▏  19 GB/ 67 GB  255 MB/s    3m8s[K[?25h[?2026l[?2026h[?25l[A[1Gpulling manifest [K
pulling 9d507a36062c:  29% ▕█████             ▏  19 GB/ 67 GB  255 MB/s    3m8s[K[?25h[?2026l[?2026h[?25l[A[1Gpulling manifest [K
pulling 9d507a36062c:  29% ▕█████             ▏  19 GB/ 67 GB  257 MB/s    3m6s[K[?25h[?2026l[?2026h[?25l[A[1Gpulling manifest [K
pulling 9d507a36062c:  29% ▕█████             ▏  19 GB/ 67 GB  257 MB/s    3m6s[K[?25h[?2026l[?2026h[?25l[A[1Gpulling manifest [K
pulling 9d507a36062c:  29% ▕█████             ▏  19 GB/ 67 GB  257 MB/s    3m6s[K[?25h[?2026l[?2026h[?25l[A[1Gpulling manifest [K
pulling 9d507a36062c:  29% ▕█████             ▏  19 GB/ 67 GB  257 MB/s    3m6s[K[?25h[?2026l[?2026h[?25l[A[1Gpulling manifest [K
pulling 9d507a36062c:  29% ▕█████             ▏  19 GB/ 67 GB  257 MB/s    3m6s[K[?25h[?2026l[?2026h[?25l[A[1Gpulling manifest [K
pulling 9d507a36062c:  29% ▕█████             ▏  19 GB/ 67 GB  257 MB/s    3m6s[K[?25h[?2026l[?2026h[?25l[A[1Gpulling manifest [K
pulling 9d507a36062c:  29% ▕█████             ▏  19 GB/ 67 GB  257 MB/s    3m6s[K[?25h[?2026l[?2026h[?25l[A[1Gpulling manifest [K
pulling 9d507a36062c:  29% ▕█████             ▏  19 GB/ 67 GB  257 MB/s    3m6s[K[?25h[?2026l[?2026h[?25l[A[1Gpulling manifest [K
pulling 9d507a36062c:  29% ▕█████             ▏  19 GB/ 67 GB  257 MB/s    3m6s[K[?25h[?2026l[?2026h[?25l[A[1Gpulling manifest [K
pulling 9d507a36062c:  29% ▕█████             ▏  19 GB/ 67 GB  257 MB/s    3m6s[K[?25h[?2026l[?2026h[?25l[A[1Gpulling manifest [K
pulling 9d507a36062c:  29% ▕█████             ▏  19 GB/ 67 GB  250 MB/s   3m10s[K[?25h[?2026l[?2026h[?25l[A[1Gpulling manifest [K
pulling 9d507a36062c:  29% ▕█████             ▏  19 GB/ 67 GB  250 MB/s   3m10s[K[?25h[?2026l[?2026h[?25l[A[1Gpulling manifest [K
pulling 9d507a36062c:  29% ▕█████             ▏  19 GB/ 67 GB  250 MB/s   3m10s[K[?25h[?2026l[?2026h[?25l[A[1Gpulling manifest [K
pulling 9d507a36062c:  29% ▕█████             ▏  19 GB/ 67 GB  250 MB/s   3m10s[K[?25h[?2026l[?2026h[?25l[A[1Gpulling manifest [K
pulling 9d507a36062c:  29% ▕█████             ▏  19 GB/ 67 GB  250 MB/s   3m10s[K[?25h[?2026l[?2026h[?25l[A[1Gpulling manifest [K
pulling 9d507a36062c:  29% ▕█████             ▏  19 GB/ 67 GB  250 MB/s   3m10s[K[?25h[?2026l[?2026h[?25l[A[1Gpulling manifest [K
pulling 9d507a36062c:  29% ▕█████             ▏  19 GB/ 67 GB  250 MB/s   3m10s[K[?25h[?2026l[?2026h[?25l[A[1Gpulling manifest [K
pulling 9d507a36062c:  29% ▕█████             ▏  19 GB/ 67 GB  250 MB/s   3m10s[K[?25h[?2026l[?2026h[?25l[A[1Gpulling manifest [K
pulling 9d507a36062c:  29% ▕█████             ▏  19 GB/ 67 GB  250 MB/s   3m10s[K[?25h[?2026l[?2026h[?25l[A[1Gpulling manifest [K
pulling 9d507a36062c:  29% ▕█████             ▏  19 GB/ 67 GB  250 MB/s   3m10s[K[?25h[?2026l[?2026h[?25l[A[1Gpulling manifest [K
pulling 9d507a36062c:  29% ▕█████             ▏  19 GB/ 67 GB  250 MB/s    3m9s[K[?25h[?2026l[?2026h[?25l[A[1Gpulling manifest [K
pulling 9d507a36062c:  29% ▕█████             ▏  19 GB/ 67 GB  249 MB/s   3m11s[K[?25h[?2026l[?2026h[?25l[A[1Gpulling manifest [K
pulling 9d507a36062c:  29% ▕█████             ▏  19 GB/ 67 GB  249 MB/s   3m10s[K[?25h[?2026l[?2026h[?25l[A[1Gpulling manifest [K
pulling 9d507a36062c:  29% ▕█████             ▏  19 GB/ 67 GB  249 MB/s   3m10s[K[?25h[?2026l[?2026h[?25l[A[1Gpulling manifest [K
pulling 9d507a36062c:  29% ▕█████             ▏  19 GB/ 67 GB  249 MB/s   3m10s[K[?25h[?2026l[?2026h[?25l[A[1Gpulling manifest [K
pulling 9d507a36062c:  30% ▕█████             ▏  19 GB/ 67 GB  249 MB/s   3m10s[K[?25h[?2026l[?2026h[?25l[A[1Gpulling manifest [K
pulling 9d507a36062c:  30% ▕█████             ▏  19 GB/ 67 GB  249 MB/s   3m10s[K[?25h[?2026l[?2026h[?25l[A[1Gpulling manifest [K
pulling 9d507a36062c:  30% ▕█████             ▏  19 GB/ 67 GB  249 MB/s   3m10s[K[?25h[?2026l[?2026h[?25l[A[1Gpulling manifest [K
pulling 9d507a36062c:  30% ▕█████             ▏  20 GB/ 67 GB  249 MB/s   3m10s[K[?25h[?2026l[?2026h[?25l[A[1Gpulling manifest [K
pulling 9d507a36062c:  30% ▕█████             ▏  20 GB/ 67 GB  249 MB/s   3m10s[K[?25h[?2026l[?2026h[?25l[A[1Gpulling manifest [K
pulling 9d507a36062c:  30% ▕█████             ▏  20 GB/ 67 GB  249 MB/s   3m10s[K[?25h[?2026l[?2026h[?25l[A[1Gpulling manifest [K
pulling 9d507a36062c:  30% ▕█████             ▏  20 GB/ 67 GB  245 MB/s   3m12s[K[?25h[?2026l[?2026h[?25l[A[1Gpulling manifest [K
pulling 9d507a36062c:  30% ▕█████             ▏  20 GB/ 67 GB  245 MB/s   3m12s[K[?25h[?2026l[?2026h[?25l[A[1Gpulling manifest [K
pulling 9d507a36062c:  30% ▕█████             ▏  20 GB/ 67 GB  245 MB/s   3m12s[K[?25h[?2026l[?2026h[?25l[A[1Gpulling manifest [K
pulling 9d507a36062c:  30% ▕█████             ▏  20 GB/ 67 GB  245 MB/s   3m12s[K[?25h[?2026l[?2026h[?25l[A[1Gpulling manifest [K
pulling 9d507a36062c:  30% ▕█████             ▏  20 GB/ 67 GB  245 MB/s   3m12s[K[?25h[?2026l[?2026h[?25l[A[1Gpulling manifest [K
pulling 9d507a36062c:  30% ▕█████             ▏  20 GB/ 67 GB  245 MB/s   3m12s[K[?25h[?2026l[?2026h[?25l[A[1Gpulling manifest [K
pulling 9d507a36062c:  30% ▕█████             ▏  20 GB/ 67 GB  245 MB/s   3m11s[K[?25h[?2026l[?2026h[?25l[A[1Gpulling manifest [K
pulling 9d507a36062c:  30% ▕█████             ▏  20 GB/ 67 GB  245 MB/s   3m11s[K[?25h[?2026l[?2026h[?25l[A[1Gpulling manifest [K
pulling 9d507a36062c:  30% ▕█████             ▏  20 GB/ 67 GB  245 MB/s   3m11s[K[?25h[?2026l[?2026h[?25l[A[1Gpulling manifest [K
pulling 9d507a36062c:  30% ▕█████             ▏  20 GB/ 67 GB  245 MB/s   3m11s[K[?25h[?2026l[?2026h[?25l[A[1Gpulling manifest [K
pulling 9d507a36062c:  30% ▕█████             ▏  20 GB/ 67 GB  245 MB/s   3m12s[K[?25h[?2026l[?2026h[?25l[A[1Gpulling manifest [K
pulling 9d507a36062c:  30% ▕█████             ▏  20 GB/ 67 GB  245 MB/s   3m11s[K[?25h[?2026l[?2026h[?25l[A[1Gpulling manifest [K
pulling 9d507a36062c:  30% ▕█████             ▏  20 GB/ 67 GB  245 MB/s   3m11s[K[?25h[?2026l[?2026h[?25l[A[1Gpulling manifest [K
pulling 9d507a36062c:  30% ▕█████             ▏  20 GB/ 67 GB  245 MB/s   3m11s[K[?25h[?2026l[?2026h[?25l[A[1Gpulling manifest [K
pulling 9d507a36062c:  30% ▕█████             ▏  20 GB/ 67 GB  245 MB/s   3m11s[K[?25h[?2026l[?2026h[?25l[A[1Gpulling manifest [K
pulling 9d507a36062c:  30% ▕█████             ▏  20 GB/ 67 GB  245 MB/s   3m11s[K[?25h[?2026l[?2026h[?25l[A[1Gpulling manifest [K
pulling 9d507a36062c:  30% ▕█████             ▏  20 GB/ 67 GB  245 MB/s   3m11s[K[?25h[?2026l[?2026h[?25l[A[1Gpulling manifest [K
pulling 9d507a36062c:  30% ▕█████             ▏  20 GB/ 67 GB  245 MB/s   3m11s[K[?25h[?2026l[?2026h[?25l[A[1Gpulling manifest [K
pulling 9d507a36062c:  30% ▕█████             ▏  20 GB/ 67 GB  245 MB/s   3m11s[K[?25h[?2026l[?2026h[?25l[A[1Gpulling manifest [K
pulling 9d507a36062c:  30% ▕█████             ▏  20 GB/ 67 GB  245 MB/s   3m11s[K[?25h[?2026l[?2026h[?25l[A[1Gpulling manifest [K
pulling 9d507a36062c:  30% ▕█████             ▏  20 GB/ 67 GB  247 MB/s    3m9s[K[?25h[?2026l[?2026h[?25l[A[1Gpulling manifest [K
pulling 9d507a36062c:  31% ▕█████             ▏  20 GB/ 67 GB  247 MB/s    3m9s[K[?25h[?2026l[?2026h[?25l[A[1Gpulling manifest [K
pulling 9d507a36062c:  31% ▕█████             ▏  20 GB/ 67 GB  247 MB/s    3m9s[K[?25h[?2026l[?2026h[?25l[A[1Gpulling manifest [K
pulling 9d507a36062c:  31% ▕█████             ▏  20 GB/ 67 GB  247 MB/s    3m9s[K[?25h[?2026l[?2026h[?25l[A[1Gpulling manifest [K
pulling 9d507a36062c:  31% ▕█████             ▏  20 GB/ 67 GB  247 MB/s    3m9s[K[?25h[?2026l[?2026h[?25l[A[1Gpulling manifest [K
pulling 9d507a36062c:  31% ▕█████             ▏  20 GB/ 67 GB  247 MB/s    3m9s[K[?25h[?2026l[?2026h[?25l[A[1Gpulling manifest [K
pulling 9d507a36062c:  31% ▕█████             ▏  20 GB/ 67 GB  247 MB/s    3m9s[K[?25h[?2026l[?2026h[?25l[A[1Gpulling manifest [K
pulling 9d507a36062c:  31% ▕█████             ▏  20 GB/ 67 GB  247 MB/s    3m9s[K[?25h[?2026l[?2026h[?25l[A[1Gpulling manifest [K
pulling 9d507a36062c:  31% ▕█████             ▏  20 GB/ 67 GB  247 MB/s    3m8s[K[?25h[?2026l[?2026h[?25l[A[1Gpulling manifest [K
pulling 9d507a36062c:  31% ▕█████             ▏  20 GB/ 67 GB  247 MB/s    3m8s[K[?25h[?2026l[?2026h[?25l[A[1Gpulling manifest [K
pulling 9d507a36062c:  31% ▕█████             ▏  20 GB/ 67 GB  245 MB/s   3m10s[K[?25h[?2026l[?2026h[?25l[A[1Gpulling manifest [K
pulling 9d507a36062c:  31% ▕█████             ▏  20 GB/ 67 GB  245 MB/s   3m10s[K[?25h[?2026l[?2026h[?25l[A[1Gpulling manifest [K
pulling 9d507a36062c:  31% ▕█████             ▏  20 GB/ 67 GB  245 MB/s   3m10s[K[?25h[?2026l[?2026h[?25l[A[1Gpulling manifest [K
pulling 9d507a36062c:  31% ▕█████             ▏  20 GB/ 67 GB  245 MB/s    3m9s[K[?25h[?2026l[?2026h[?25l[A[1Gpulling manifest [K
pulling 9d507a36062c:  31% ▕█████             ▏  20 GB/ 67 GB  245 MB/s    3m9s[K[?25h[?2026l[?2026h[?25l[A[1Gpulling manifest [K
pulling 9d507a36062c:  31% ▕█████             ▏  20 GB/ 67 GB  245 MB/s    3m9s[K[?25h[?2026l[?2026h[?25l[A[1Gpulling manifest [K
pulling 9d507a36062c:  31% ▕█████             ▏  20 GB/ 67 GB  245 MB/s    3m9s[K[?25h[?2026l[?2026h[?25l[A[1Gpulling manifest [K
pulling 9d507a36062c:  31% ▕█████             ▏  20 GB/ 67 GB  245 MB/s    3m9s[K[?25h[?2026l[?2026h[?25l[A[1Gpulling manifest [K
pulling 9d507a36062c:  31% ▕█████             ▏  20 GB/ 67 GB  245 MB/s    3m9s[K[?25h[?2026l[?2026h[?25l[A[1Gpulling manifest [K
pulling 9d507a36062c:  31% ▕█████             ▏  21 GB/ 67 GB  245 MB/s    3m9s[K[?25h[?2026l[?2026h[?25l[A[1Gpulling manifest [K
pulling 9d507a36062c:  31% ▕█████             ▏  21 GB/ 67 GB  245 MB/s    3m9s[K[?25h[?2026l[?2026h[?25l[A[1Gpulling manifest [K
pulling 9d507a36062c:  31% ▕█████             ▏  21 GB/ 67 GB  245 MB/s    3m9s[K[?25h[?2026l[?2026h[?25l[A[1Gpulling manifest [K
pulling 9d507a36062c:  31% ▕█████             ▏  21 GB/ 67 GB  245 MB/s    3m9s[K[?25h[?2026l[?2026h[?25l[A[1Gpulling manifest [K
pulling 9d507a36062c:  31% ▕█████             ▏  21 GB/ 67 GB  245 MB/s    3m9s[K[?25h[?2026l[?2026h[?25l[A[1Gpulling manifest [K
pulling 9d507a36062c:  31% ▕█████             ▏  21 GB/ 67 GB  245 MB/s    3m9s[K[?25h[?2026l[?2026h[?25l[A[1Gpulling manifest [K
pulling 9d507a36062c:  31% ▕█████             ▏  21 GB/ 67 GB  245 MB/s    3m8s[K[?25h[?2026l[?2026h[?25l[A[1Gpulling manifest [K
pulling 9d507a36062c:  31% ▕█████             ▏  21 GB/ 67 GB  245 MB/s    3m8s[K[?25h[?2026l[?2026h[?25l[A[1Gpulling manifest [K
pulling 9d507a36062c:  31% ▕█████             ▏  21 GB/ 67 GB  245 MB/s    3m8s[K[?25h[?2026l[?2026h[?25l[A[1Gpulling manifest [K
pulling 9d507a36062c:  31% ▕█████             ▏  21 GB/ 67 GB  245 MB/s    3m8s[K[?25h[?2026l[?2026h[?25l[A[1Gpulling manifest [K
pulling 9d507a36062c:  31% ▕█████             ▏  21 GB/ 67 GB  245 MB/s    3m8s[K[?25h[?2026l[?2026h[?25l[A[1Gpulling manifest [K
pulling 9d507a36062c:  32% ▕█████             ▏  21 GB/ 67 GB  245 MB/s    3m8s[K[?25h[?2026l[?2026h[?25l[A[1Gpulling manifest [K
pulling 9d507a36062c:  32% ▕█████             ▏  21 GB/ 67 GB  247 MB/s    3m6s[K[?25h[?2026l[?2026h[?25l[A[1Gpulling manifest [K
pulling 9d507a36062c:  32% ▕█████             ▏  21 GB/ 67 GB  247 MB/s    3m6s[K[?25h[?2026l[?2026h[?25l[A[1Gpulling manifest [K
pulling 9d507a36062c:  32% ▕█████             ▏  21 GB/ 67 GB  247 MB/s    3m6s[K[?25h[?2026l[?2026h[?25l[A[1Gpulling manifest [K
pulling 9d507a36062c:  32% ▕█████             ▏  21 GB/ 67 GB  247 MB/s    3m5s[K[?25h[?2026l[?2026h[?25l[A[1Gpulling manifest [K
pulling 9d507a36062c:  32% ▕█████             ▏  21 GB/ 67 GB  247 MB/s    3m5s[K[?25h[?2026l[?2026h[?25l[A[1Gpulling manifest [K
pulling 9d507a36062c:  32% ▕█████             ▏  21 GB/ 67 GB  247 MB/s    3m5s[K[?25h[?2026l[?2026h[?25l[A[1Gpulling manifest [K
pulling 9d507a36062c:  32% ▕█████             ▏  21 GB/ 67 GB  247 MB/s    3m5s[K[?25h[?2026l[?2026h[?25l[A[1Gpulling manifest [K
pulling 9d507a36062c:  32% ▕█████             ▏  21 GB/ 67 GB  247 MB/s    3m5s[K[?25h[?2026l[?2026h[?25l[A[1Gpulling manifest [K
pulling 9d507a36062c:  32% ▕█████             ▏  21 GB/ 67 GB  247 MB/s    3m5s[K[?25h[?2026l[?2026h[?25l[A[1Gpulling manifest [K
pulling 9d507a36062c:  32% ▕█████             ▏  21 GB/ 67 GB  247 MB/s    3m5s[K[?25h[?2026l[?2026h[?25l[A[1Gpulling manifest [K
pulling 9d507a36062c:  32% ▕█████             ▏  21 GB/ 67 GB  246 MB/s    3m6s[K[?25h[?2026l[?2026h[?25l[A[1Gpulling manifest [K
pulling 9d507a36062c:  32% ▕█████             ▏  21 GB/ 67 GB  246 MB/s    3m6s[K[?25h[?2026l[?2026h[?25l[A[1Gpulling manifest [K
pulling 9d507a36062c:  32% ▕█████             ▏  21 GB/ 67 GB  246 MB/s    3m6s[K[?25h[?2026l[?2026h[?25l[A[1Gpulling manifest [K
pulling 9d507a36062c:  32% ▕█████             ▏  21 GB/ 67 GB  246 MB/s    3m6s[K[?25h[?2026l[?2026h[?25l[A[1Gpulling manifest [K
pulling 9d507a36062c:  32% ▕█████             ▏  21 GB/ 67 GB  246 MB/s    3m5s[K[?25h[?2026l[?2026h[?25l[A[1Gpulling manifest [K
pulling 9d507a36062c:  32% ▕█████             ▏  21 GB/ 67 GB  246 MB/s    3m5s[K[?25h[?2026l[?2026h[?25l[A[1Gpulling manifest [K
pulling 9d507a36062c:  32% ▕█████             ▏  21 GB/ 67 GB  246 MB/s    3m5s[K[?25h[?2026l[?2026h[?25l[A[1Gpulling manifest [K
pulling 9d507a36062c:  32% ▕█████             ▏  21 GB/ 67 GB  246 MB/s    3m5s[K[?25h[?2026l[?2026h[?25l[A[1Gpulling manifest [K
pulling 9d507a36062c:  32% ▕█████             ▏  21 GB/ 67 GB  246 MB/s    3m5s[K[?25h[?2026l[?2026h[?25l[A[1Gpulling manifest [K
pulling 9d507a36062c:  32% ▕█████             ▏  21 GB/ 67 GB  246 MB/s    3m5s[K[?25h[?2026l[?2026h[?25l[A[1Gpulling manifest [K
pulling 9d507a36062c:  32% ▕█████             ▏  21 GB/ 67 GB  248 MB/s    3m4s[K[?25h[?2026l[?2026h[?25l[A[1Gpulling manifest [K
pulling 9d507a36062c:  32% ▕█████             ▏  21 GB/ 67 GB  248 MB/s    3m4s[K[?25h[?2026l[?2026h[?25l[A[1Gpulling manifest [K
pulling 9d507a36062c:  32% ▕█████             ▏  21 GB/ 67 GB  248 MB/s    3m4s[K[?25h[?2026l[?2026h[?25l[A[1Gpulling manifest [K
pulling 9d507a36062c:  32% ▕█████             ▏  21 GB/ 67 GB  248 MB/s    3m3s[K[?25h[?2026l[?2026h[?25l[A[1Gpulling manifest [K
pulling 9d507a36062c:  32% ▕█████             ▏  21 GB/ 67 GB  248 MB/s    3m3s[K[?25h[?2026l[?2026h[?25l[A[1Gpulling manifest [K
pulling 9d507a36062c:  32% ▕█████             ▏  21 GB/ 67 GB  248 MB/s    3m3s[K[?25h[?2026l[?2026h[?25l[A[1Gpulling manifest [K
pulling 9d507a36062c:  32% ▕█████             ▏  21 GB/ 67 GB  248 MB/s    3m3s[K[?25h[?2026l[?2026h[?25l[A[1Gpulling manifest [K
pulling 9d507a36062c:  33% ▕█████             ▏  21 GB/ 67 GB  248 MB/s    3m3s[K[?25h[?2026l[?2026h[?25l[A[1Gpulling manifest [K
pulling 9d507a36062c:  33% ▕█████             ▏  21 GB/ 67 GB  248 MB/s    3m3s[K[?25h[?2026l[?2026h[?25l[A[1Gpulling manifest [K
pulling 9d507a36062c:  33% ▕█████             ▏  21 GB/ 67 GB  248 MB/s    3m3s[K[?25h[?2026l[?2026h[?25l[A[1Gpulling manifest [K
pulling 9d507a36062c:  33% ▕█████             ▏  22 GB/ 67 GB  245 MB/s    3m5s[K[?25h[?2026l[?2026h[?25l[A[1Gpulling manifest [K
pulling 9d507a36062c:  33% ▕█████             ▏  22 GB/ 67 GB  245 MB/s    3m5s[K[?25h[?2026l[?2026h[?25l[A[1Gpulling manifest [K
pulling 9d507a36062c:  33% ▕█████             ▏  22 GB/ 67 GB  245 MB/s    3m5s[K[?25h[?2026l[?2026h[?25l[A[1Gpulling manifest [K
pulling 9d507a36062c:  33% ▕█████             ▏  22 GB/ 67 GB  245 MB/s    3m5s[K[?25h[?2026l[?2026h[?25l[A[1Gpulling manifest [K
pulling 9d507a36062c:  33% ▕█████             ▏  22 GB/ 67 GB  245 MB/s    3m5s[K[?25h[?2026l[?2026h[?25l[A[1Gpulling manifest [K
pulling 9d507a36062c:  33% ▕█████             ▏  22 GB/ 67 GB  245 MB/s    3m4s[K[?25h[?2026l[?2026h[?25l[A[1Gpulling manifest [K
pulling 9d507a36062c:  33% ▕█████             ▏  22 GB/ 67 GB  245 MB/s    3m4s[K[?25h[?2026l[?2026h[?25l[A[1Gpulling manifest [K
pulling 9d507a36062c:  33% ▕█████             ▏  22 GB/ 67 GB  245 MB/s    3m4s[K[?25h[?2026l[?2026h[?25l[A[1Gpulling manifest [K
pulling 9d507a36062c:  33% ▕█████             ▏  22 GB/ 67 GB  245 MB/s    3m4s[K[?25h[?2026l[?2026h[?25l[A[1Gpulling manifest [K
pulling 9d507a36062c:  33% ▕█████             ▏  22 GB/ 67 GB  245 MB/s    3m4s[K[?25h[?2026l[?2026h[?25l[A[1Gpulling manifest [K
pulling 9d507a36062c:  33% ▕█████             ▏  22 GB/ 67 GB  245 MB/s    3m4s[K[?25h[?2026l[?2026h[?25l[A[1Gpulling manifest [K
pulling 9d507a36062c:  33% ▕█████             ▏  22 GB/ 67 GB  240 MB/s    3m7s[K[?25h[?2026l[?2026h[?25l[A[1Gpulling manifest [K
pulling 9d507a36062c:  33% ▕█████             ▏  22 GB/ 67 GB  240 MB/s    3m7s[K[?25h[?2026l[?2026h[?25l[A[1Gpulling manifest [K
pulling 9d507a36062c:  33% ▕█████             ▏  22 GB/ 67 GB  240 MB/s    3m7s[K[?25h[?2026l[?2026h[?25l[A[1Gpulling manifest [K
pulling 9d507a36062c:  33% ▕█████             ▏  22 GB/ 67 GB  240 MB/s    3m7s[K[?25h[?2026l[?2026h[?25l[A[1Gpulling manifest [K
pulling 9d507a36062c:  33% ▕█████             ▏  22 GB/ 67 GB  240 MB/s    3m7s[K[?25h[?2026l[?2026h[?25l[A[1Gpulling manifest [K
pulling 9d507a36062c:  33% ▕█████             ▏  22 GB/ 67 GB  240 MB/s    3m7s[K[?25h[?2026l[?2026h[?25l[A[1Gpulling manifest [K
pulling 9d507a36062c:  33% ▕█████             ▏  22 GB/ 67 GB  240 MB/s    3m7s[K[?25h[?2026l[?2026h[?25l[A[1Gpulling manifest [K
pulling 9d507a36062c:  33% ▕█████             ▏  22 GB/ 67 GB  240 MB/s    3m7s[K[?25h[?2026l[?2026h[?25l[A[1Gpulling manifest [K
pulling 9d507a36062c:  33% ▕█████             ▏  22 GB/ 67 GB  240 MB/s    3m7s[K[?25h[?2026l[?2026h[?25l[A[1Gpulling manifest [K
pulling 9d507a36062c:  33% ▕█████             ▏  22 GB/ 67 GB  240 MB/s    3m7s[K[?25h[?2026l[?2026h[?25l[A[1Gpulling manifest [K
pulling 9d507a36062c:  33% ▕█████             ▏  22 GB/ 67 GB  238 MB/s    3m8s[K[?25h[?2026l[?2026h[?25l[A[1Gpulling manifest [K
pulling 9d507a36062c:  33% ▕█████             ▏  22 GB/ 67 GB  238 MB/s    3m8s[K[?25h[?2026l[?2026h[?25l[A[1Gpulling manifest [K
pulling 9d507a36062c:  33% ▕██████            ▏  22 GB/ 67 GB  238 MB/s    3m8s[K[?25h[?2026l[?2026h[?25l[A[1Gpulling manifest [K
pulling 9d507a36062c:  33% ▕██████            ▏  22 GB/ 67 GB  238 MB/s    3m8s[K[?25h[?2026l[?2026h[?25l[A[1Gpulling manifest [K
pulling 9d507a36062c:  33% ▕██████            ▏  22 GB/ 67 GB  238 MB/s    3m8s[K[?25h[?2026l[?2026h[?25l[A[1Gpulling manifest [K
pulling 9d507a36062c:  33% ▕██████            ▏  22 GB/ 67 GB  238 MB/s    3m8s[K[?25h[?2026l[?2026h[?25l[A[1Gpulling manifest [K
pulling 9d507a36062c:  34% ▕██████            ▏  22 GB/ 67 GB  238 MB/s    3m8s[K[?25h[?2026l[?2026h[?25l[A[1Gpulling manifest [K
pulling 9d507a36062c:  34% ▕██████            ▏  22 GB/ 67 GB  238 MB/s    3m8s[K[?25h[?2026l[?2026h[?25l[A[1Gpulling manifest [K
pulling 9d507a36062c:  34% ▕██████            ▏  22 GB/ 67 GB  238 MB/s    3m8s[K[?25h[?2026l[?2026h[?25l[A[1Gpulling manifest [K
pulling 9d507a36062c:  34% ▕██████            ▏  22 GB/ 67 GB  238 MB/s    3m7s[K[?25h[?2026l[?2026h[?25l[A[1Gpulling manifest [K
pulling 9d507a36062c:  34% ▕██████            ▏  22 GB/ 67 GB  238 MB/s    3m7s[K[?25h[?2026l[?2026h[?25l[A[1Gpulling manifest [K
pulling 9d507a36062c:  34% ▕██████            ▏  22 GB/ 67 GB  236 MB/s    3m9s[K[?25h[?2026l[?2026h[?25l[A[1Gpulling manifest [K
pulling 9d507a36062c:  34% ▕██████            ▏  22 GB/ 67 GB  236 MB/s    3m8s[K[?25h[?2026l[?2026h[?25l[A[1Gpulling manifest [K
pulling 9d507a36062c:  34% ▕██████            ▏  22 GB/ 67 GB  236 MB/s    3m8s[K[?25h[?2026l[?2026h[?25l[A[1Gpulling manifest [K
pulling 9d507a36062c:  34% ▕██████            ▏  22 GB/ 67 GB  236 MB/s    3m8s[K[?25h[?2026l[?2026h[?25l[A[1Gpulling manifest [K
pulling 9d507a36062c:  34% ▕██████            ▏  22 GB/ 67 GB  236 MB/s    3m8s[K[?25h[?2026l[?2026h[?25l[A[1Gpulling manifest [K
pulling 9d507a36062c:  34% ▕██████            ▏  22 GB/ 67 GB  236 MB/s    3m8s[K[?25h[?2026l[?2026h[?25l[A[1Gpulling manifest [K
pulling 9d507a36062c:  34% ▕██████            ▏  22 GB/ 67 GB  236 MB/s    3m8s[K[?25h[?2026l[?2026h[?25l[A[1Gpulling manifest [K
pulling 9d507a36062c:  34% ▕██████            ▏  22 GB/ 67 GB  236 MB/s    3m8s[K[?25h[?2026l[?2026h[?25l[A[1Gpulling manifest [K
pulling 9d507a36062c:  34% ▕██████            ▏  22 GB/ 67 GB  236 MB/s    3m8s[K[?25h[?2026l[?2026h[?25l[A[1Gpulling manifest [K
pulling 9d507a36062c:  34% ▕██████            ▏  22 GB/ 67 GB  236 MB/s    3m8s[K[?25h[?2026l[?2026h[?25l[A[1Gpulling manifest [K
pulling 9d507a36062c:  34% ▕██████            ▏  22 GB/ 67 GB  235 MB/s    3m8s[K[?25h[?2026l[?2026h[?25l[A[1Gpulling manifest [K
pulling 9d507a36062c:  34% ▕██████            ▏  22 GB/ 67 GB  235 MB/s    3m8s[K[?25h[?2026l[?2026h[?25l[A[1Gpulling manifest [K
pulling 9d507a36062c:  34% ▕██████            ▏  22 GB/ 67 GB  235 MB/s    3m8s[K[?25h[?2026l[?2026h[?25l[A[1Gpulling manifest [K
pulling 9d507a36062c:  34% ▕██████            ▏  23 GB/ 67 GB  235 MB/s    3m8s[K[?25h[?2026l[?2026h[?25l[A[1Gpulling manifest [K
pulling 9d507a36062c:  34% ▕██████            ▏  23 GB/ 67 GB  235 MB/s    3m8s[K[?25h[?2026l[?2026h[?25l[A[1Gpulling manifest [K
pulling 9d507a36062c:  34% ▕██████            ▏  23 GB/ 67 GB  235 MB/s    3m8s[K[?25h[?2026l[?2026h[?25l[A[1Gpulling manifest [K
pulling 9d507a36062c:  34% ▕██████            ▏  23 GB/ 67 GB  235 MB/s    3m8s[K[?25h[?2026l[?2026h[?25l[A[1Gpulling manifest [K
pulling 9d507a36062c:  34% ▕██████            ▏  23 GB/ 67 GB  235 MB/s    3m8s[K[?25h[?2026l[?2026h[?25l[A[1Gpulling manifest [K
pulling 9d507a36062c:  34% ▕██████            ▏  23 GB/ 67 GB  235 MB/s    3m8s[K[?25h[?2026l[?2026h[?25l[A[1Gpulling manifest [K
pulling 9d507a36062c:  34% ▕██████            ▏  23 GB/ 67 GB  235 MB/s    3m7s[K[?25h[?2026l[?2026h[?25l[A[1Gpulling manifest [K
pulling 9d507a36062c:  34% ▕██████            ▏  23 GB/ 67 GB  235 MB/s    3m7s[K[?25h[?2026l[?2026h[?25l[A[1Gpulling manifest [K
pulling 9d507a36062c:  34% ▕██████            ▏  23 GB/ 67 GB  238 MB/s    3m5s[K[?25h[?2026l[?2026h[?25l[A[1Gpulling manifest [K
pulling 9d507a36062c:  34% ▕██████            ▏  23 GB/ 67 GB  238 MB/s    3m5s[K[?25h[?2026l[?2026h[?25l[A[1Gpulling manifest [K
pulling 9d507a36062c:  34% ▕██████            ▏  23 GB/ 67 GB  238 MB/s    3m5s[K[?25h[?2026l[?2026h[?25l[A[1Gpulling manifest [K
pulling 9d507a36062c:  35% ▕██████            ▏  23 GB/ 67 GB  238 MB/s    3m5s[K[?25h[?2026l[?2026h[?25l[A[1Gpulling manifest [K
pulling 9d507a36062c:  35% ▕██████            ▏  23 GB/ 67 GB  238 MB/s    3m4s[K[?25h[?2026l[?2026h[?25l[A[1Gpulling manifest [K
pulling 9d507a36062c:  35% ▕██████            ▏  23 GB/ 67 GB  238 MB/s    3m4s[K[?25h[?2026l[?2026h[?25l[A[1Gpulling manifest [K
pulling 9d507a36062c:  35% ▕██████            ▏  23 GB/ 67 GB  238 MB/s    3m4s[K[?25h[?2026l[?2026h[?25l[A[1Gpulling manifest [K
pulling 9d507a36062c:  35% ▕██████            ▏  23 GB/ 67 GB  238 MB/s    3m4s[K[?25h[?2026l[?2026h[?25l[A[1Gpulling manifest [K
pulling 9d507a36062c:  35% ▕██████            ▏  23 GB/ 67 GB  238 MB/s    3m4s[K[?25h[?2026l[?2026h[?25l[A[1Gpulling manifest [K
pulling 9d507a36062c:  35% ▕██████            ▏  23 GB/ 67 GB  238 MB/s    3m4s[K[?25h[?2026l[?2026h[?25l[A[1Gpulling manifest [K
pulling 9d507a36062c:  35% ▕██████            ▏  23 GB/ 67 GB  241 MB/s    3m2s[K[?25h[?2026l[?2026h[?25l[A[1Gpulling manifest [K
pulling 9d507a36062c:  35% ▕██████            ▏  23 GB/ 67 GB  241 MB/s    3m1s[K[?25h[?2026l[?2026h[?25l[A[1Gpulling manifest [K
pulling 9d507a36062c:  35% ▕██████            ▏  23 GB/ 67 GB  241 MB/s    3m1s[K[?25h[?2026l[?2026h[?25l[A[1Gpulling manifest [K
pulling 9d507a36062c:  35% ▕██████            ▏  23 GB/ 67 GB  241 MB/s    3m1s[K[?25h[?2026l[?2026h[?25l[A[1Gpulling manifest [K
pulling 9d507a36062c:  35% ▕██████            ▏  23 GB/ 67 GB  241 MB/s    3m1s[K[?25h[?2026l[?2026h[?25l[A[1Gpulling manifest [K
pulling 9d507a36062c:  35% ▕██████            ▏  23 GB/ 67 GB  241 MB/s    3m1s[K[?25h[?2026l[?2026h[?25l[A[1Gpulling manifest [K
pulling 9d507a36062c:  35% ▕██████            ▏  23 GB/ 67 GB  241 MB/s    3m1s[K[?25h[?2026l[?2026h[?25l[A[1Gpulling manifest [K
pulling 9d507a36062c:  35% ▕██████            ▏  23 GB/ 67 GB  241 MB/s    3m1s[K[?25h[?2026l[?2026h[?25l[A[1Gpulling manifest [K
pulling 9d507a36062c:  35% ▕██████            ▏  23 GB/ 67 GB  241 MB/s    3m1s[K[?25h[?2026l[?2026h[?25l[A[1Gpulling manifest [K
pulling 9d507a36062c:  35% ▕██████            ▏  23 GB/ 67 GB  241 MB/s    3m1s[K[?25h[?2026l[?2026h[?25l[A[1Gpulling manifest [K
pulling 9d507a36062c:  35% ▕██████            ▏  23 GB/ 67 GB  241 MB/s    3m1s[K[?25h[?2026l[?2026h[?25l[A[1Gpulling manifest [K
pulling 9d507a36062c:  35% ▕██████            ▏  23 GB/ 67 GB  245 MB/s   2m57s[K[?25h[?2026l[?2026h[?25l[A[1Gpulling manifest [K
pulling 9d507a36062c:  35% ▕██████            ▏  23 GB/ 67 GB  245 MB/s   2m57s[K[?25h[?2026l[?2026h[?25l[A[1Gpulling manifest [K
pulling 9d507a36062c:  35% ▕██████            ▏  23 GB/ 67 GB  245 MB/s   2m57s[K[?25h[?2026l[?2026h[?25l[A[1Gpulling manifest [K
pulling 9d507a36062c:  35% ▕██████            ▏  23 GB/ 67 GB  245 MB/s   2m57s[K[?25h[?2026l[?2026h[?25l[A[1Gpulling manifest [K
pulling 9d507a36062c:  35% ▕██████            ▏  23 GB/ 67 GB  245 MB/s   2m57s[K[?25h[?2026l[?2026h[?25l[A[1Gpulling manifest [K
pulling 9d507a36062c:  35% ▕██████            ▏  23 GB/ 67 GB  245 MB/s   2m57s[K[?25h[?2026l[?2026h[?25l[A[1Gpulling manifest [K
pulling 9d507a36062c:  35% ▕██████            ▏  23 GB/ 67 GB  245 MB/s   2m57s[K[?25h[?2026l[?2026h[?25l[A[1Gpulling manifest [K
pulling 9d507a36062c:  35% ▕██████            ▏  23 GB/ 67 GB  245 MB/s   2m57s[K[?25h[?2026l[?2026h[?25l[A[1Gpulling manifest [K
pulling 9d507a36062c:  35% ▕██████            ▏  23 GB/ 67 GB  245 MB/s   2m57s[K[?25h[?2026l[?2026h[?25l[A[1Gpulling manifest [K
pulling 9d507a36062c:  36% ▕██████            ▏  23 GB/ 67 GB  245 MB/s   2m57s[K[?25h[?2026l[?2026h[?25l[A[1Gpulling manifest [K
pulling 9d507a36062c:  36% ▕██████            ▏  23 GB/ 67 GB  245 MB/s   2m56s[K[?25h[?2026l[?2026h[?25l[A[1Gpulling manifest [K
pulling 9d507a36062c:  36% ▕██████            ▏  23 GB/ 67 GB  245 MB/s   2m56s[K[?25h[?2026l[?2026h[?25l[A[1Gpulling manifest [K
pulling 9d507a36062c:  36% ▕██████            ▏  24 GB/ 67 GB  245 MB/s   2m56s[K[?25h[?2026l[?2026h[?25l[A[1Gpulling manifest [K
pulling 9d507a36062c:  36% ▕██████            ▏  24 GB/ 67 GB  245 MB/s   2m56s[K[?25h[?2026l[?2026h[?25l[A[1Gpulling manifest [K
pulling 9d507a36062c:  36% ▕██████            ▏  24 GB/ 67 GB  245 MB/s   2m56s[K[?25h[?2026l[?2026h[?25l[A[1Gpulling manifest [K
pulling 9d507a36062c:  36% ▕██████            ▏  24 GB/ 67 GB  245 MB/s   2m56s[K[?25h[?2026l[?2026h[?25l[A[1Gpulling manifest [K
pulling 9d507a36062c:  36% ▕██████            ▏  24 GB/ 67 GB  245 MB/s   2m56s[K[?25h[?2026l[?2026h[?25l[A[1Gpulling manifest [K
pulling 9d507a36062c:  36% ▕██████            ▏  24 GB/ 67 GB  245 MB/s   2m56s[K[?25h[?2026l[?2026h[?25l[A[1Gpulling manifest [K
pulling 9d507a36062c:  36% ▕██████            ▏  24 GB/ 67 GB  245 MB/s   2m55s[K[?25h[?2026l[?2026h[?25l[A[1Gpulling manifest [K
pulling 9d507a36062c:  36% ▕██████            ▏  24 GB/ 67 GB  245 MB/s   2m55s[K[?25h[?2026l[?2026h[?25l[A[1Gpulling manifest [K
pulling 9d507a36062c:  36% ▕██████            ▏  24 GB/ 67 GB  245 MB/s   2m55s[K[?25h[?2026l[?2026h[?25l[A[1Gpulling manifest [K
pulling 9d507a36062c:  36% ▕██████            ▏  24 GB/ 67 GB  249 MB/s   2m53s[K[?25h[?2026l[?2026h[?25l[A[1Gpulling manifest [K
pulling 9d507a36062c:  36% ▕██████            ▏  24 GB/ 67 GB  249 MB/s   2m52s[K[?25h[?2026l[?2026h[?25l[A[1Gpulling manifest [K
pulling 9d507a36062c:  36% ▕██████            ▏  24 GB/ 67 GB  249 MB/s   2m52s[K[?25h[?2026l[?2026h[?25l[A[1Gpulling manifest [K
pulling 9d507a36062c:  36% ▕██████            ▏  24 GB/ 67 GB  249 MB/s   2m52s[K[?25h[?2026l[?2026h[?25l[A[1Gpulling manifest [K
pulling 9d507a36062c:  36% ▕██████            ▏  24 GB/ 67 GB  249 MB/s   2m52s[K[?25h[?2026l[?2026h[?25l[A[1Gpulling manifest [K
pulling 9d507a36062c:  36% ▕██████            ▏  24 GB/ 67 GB  249 MB/s   2m52s[K[?25h[?2026l[?2026h[?25l[A[1Gpulling manifest [K
pulling 9d507a36062c:  36% ▕██████            ▏  24 GB/ 67 GB  249 MB/s   2m52s[K[?25h[?2026l[?2026h[?25l[A[1Gpulling manifest [K
pulling 9d507a36062c:  36% ▕██████            ▏  24 GB/ 67 GB  249 MB/s   2m52s[K[?25h[?2026l[?2026h[?25l[A[1Gpulling manifest [K
pulling 9d507a36062c:  36% ▕██████            ▏  24 GB/ 67 GB  249 MB/s   2m52s[K[?25h[?2026l[?2026h[?25l[A[1Gpulling manifest [K
pulling 9d507a36062c:  36% ▕██████            ▏  24 GB/ 67 GB  249 MB/s   2m51s[K[?25h[?2026l[?2026h[?25l[A[1Gpulling manifest [K
pulling 9d507a36062c:  36% ▕██████            ▏  24 GB/ 67 GB  256 MB/s   2m47s[K[?25h[?2026l[?2026h[?25l[A[1Gpulling manifest [K
pulling 9d507a36062c:  36% ▕██████            ▏  24 GB/ 67 GB  256 MB/s   2m47s[K[?25h[?2026l[?2026h[?25l[A[1Gpulling manifest [K
pulling 9d507a36062c:  36% ▕██████            ▏  24 GB/ 67 GB  256 MB/s   2m46s[K[?25h[?2026l[?2026h[?25l[A[1Gpulling manifest [K
pulling 9d507a36062c:  37% ▕██████            ▏  24 GB/ 67 GB  256 MB/s   2m46s[K[?25h[?2026l[?2026h[?25l[A[1Gpulling manifest [K
pulling 9d507a36062c:  37% ▕██████            ▏  24 GB/ 67 GB  256 MB/s   2m46s[K[?25h[?2026l[?2026h[?25l[A[1Gpulling manifest [K
pulling 9d507a36062c:  37% ▕██████            ▏  24 GB/ 67 GB  256 MB/s   2m46s[K[?25h[?2026l[?2026h[?25l[A[1Gpulling manifest [K
pulling 9d507a36062c:  37% ▕██████            ▏  24 GB/ 67 GB  256 MB/s   2m46s[K[?25h[?2026l[?2026h[?25l[A[1Gpulling manifest [K
pulling 9d507a36062c:  37% ▕██████            ▏  24 GB/ 67 GB  256 MB/s   2m46s[K[?25h[?2026l[?2026h[?25l[A[1Gpulling manifest [K
pulling 9d507a36062c:  37% ▕██████            ▏  24 GB/ 67 GB  256 MB/s   2m46s[K[?25h[?2026l[?2026h[?25l[A[1Gpulling manifest [K
pulling 9d507a36062c:  37% ▕██████            ▏  24 GB/ 67 GB  256 MB/s   2m46s[K[?25h[?2026l[?2026h[?25l[A[1Gpulling manifest [K
pulling 9d507a36062c:  37% ▕██████            ▏  24 GB/ 67 GB  256 MB/s   2m46s[K[?25h[?2026l[?2026h[?25l[A[1Gpulling manifest [K
pulling 9d507a36062c:  37% ▕██████            ▏  24 GB/ 67 GB  259 MB/s   2m44s[K[?25h[?2026l[?2026h[?25l[A[1Gpulling manifest [K
pulling 9d507a36062c:  37% ▕██████            ▏  24 GB/ 67 GB  259 MB/s   2m44s[K[?25h[?2026l[?2026h[?25l[A[1Gpulling manifest [K
pulling 9d507a36062c:  37% ▕██████            ▏  24 GB/ 67 GB  259 MB/s   2m44s[K[?25h[?2026l[?2026h[?25l[A[1Gpulling manifest [K
pulling 9d507a36062c:  37% ▕██████            ▏  24 GB/ 67 GB  259 MB/s   2m44s[K[?25h[?2026l[?2026h[?25l[A[1Gpulling manifest [K
pulling 9d507a36062c:  37% ▕██████            ▏  24 GB/ 67 GB  259 MB/s   2m44s[K[?25h[?2026l[?2026h[?25l[A[1Gpulling manifest [K
pulling 9d507a36062c:  37% ▕██████            ▏  24 GB/ 67 GB  259 MB/s   2m44s[K[?25h[?2026l[?2026h[?25l[A[1Gpulling manifest [K
pulling 9d507a36062c:  37% ▕██████            ▏  24 GB/ 67 GB  259 MB/s   2m43s[K[?25h[?2026l[?2026h[?25l[A[1Gpulling manifest [K
pulling 9d507a36062c:  37% ▕██████            ▏  24 GB/ 67 GB  259 MB/s   2m43s[K[?25h[?2026l[?2026h[?25l[A[1Gpulling manifest [K
pulling 9d507a36062c:  37% ▕██████            ▏  24 GB/ 67 GB  259 MB/s   2m43s[K[?25h[?2026l[?2026h[?25l[A[1Gpulling manifest [K
pulling 9d507a36062c:  37% ▕██████            ▏  25 GB/ 67 GB  259 MB/s   2m43s[K[?25h[?2026l[?2026h[?25l[A[1Gpulling manifest [K
pulling 9d507a36062c:  37% ▕██████            ▏  25 GB/ 67 GB  261 MB/s   2m42s[K[?25h[?2026l[?2026h[?25l[A[1Gpulling manifest [K
pulling 9d507a36062c:  37% ▕██████            ▏  25 GB/ 67 GB  261 MB/s   2m42s[K[?25h[?2026l[?2026h[?25l[A[1Gpulling manifest [K
pulling 9d507a36062c:  37% ▕██████            ▏  25 GB/ 67 GB  261 MB/s   2m42s[K[?25h[?2026l[?2026h[?25l[A[1Gpulling manifest [K
pulling 9d507a36062c:  37% ▕██████            ▏  25 GB/ 67 GB  261 MB/s   2m42s[K[?25h[?2026l[?2026h[?25l[A[1Gpulling manifest [K
pulling 9d507a36062c:  37% ▕██████            ▏  25 GB/ 67 GB  261 MB/s   2m41s[K[?25h[?2026l[?2026h[?25l[A[1Gpulling manifest [K
pulling 9d507a36062c:  37% ▕██████            ▏  25 GB/ 67 GB  261 MB/s   2m41s[K[?25h[?2026l[?2026h[?25l[A[1Gpulling manifest [K
pulling 9d507a36062c:  37% ▕██████            ▏  25 GB/ 67 GB  261 MB/s   2m41s[K[?25h[?2026l[?2026h[?25l[A[1Gpulling manifest [K
pulling 9d507a36062c:  37% ▕██████            ▏  25 GB/ 67 GB  261 MB/s   2m41s[K[?25h[?2026l[?2026h[?25l[A[1Gpulling manifest [K
pulling 9d507a36062c:  37% ▕██████            ▏  25 GB/ 67 GB  261 MB/s   2m41s[K[?25h[?2026l[?2026h[?25l[A[1Gpulling manifest [K
pulling 9d507a36062c:  37% ▕██████            ▏  25 GB/ 67 GB  261 MB/s   2m41s[K[?25h[?2026l[?2026h[?25l[A[1Gpulling manifest [K
pulling 9d507a36062c:  37% ▕██████            ▏  25 GB/ 67 GB  259 MB/s   2m42s[K[?25h[?2026l[?2026h[?25l[A[1Gpulling manifest [K
pulling 9d507a36062c:  37% ▕██████            ▏  25 GB/ 67 GB  259 MB/s   2m42s[K[?25h[?2026l[?2026h[?25l[A[1Gpulling manifest [K
pulling 9d507a36062c:  38% ▕██████            ▏  25 GB/ 67 GB  259 MB/s   2m42s[K[?25h[?2026l[?2026h[?25l[A[1Gpulling manifest [K
pulling 9d507a36062c:  38% ▕██████            ▏  25 GB/ 67 GB  259 MB/s   2m42s[K[?25h[?2026l[?2026h[?25l[A[1Gpulling manifest [K
pulling 9d507a36062c:  38% ▕██████            ▏  25 GB/ 67 GB  259 MB/s   2m41s[K[?25h[?2026l[?2026h[?25l[A[1Gpulling manifest [K
pulling 9d507a36062c:  38% ▕██████            ▏  25 GB/ 67 GB  259 MB/s   2m41s[K[?25h[?2026l[?2026h[?25l[A[1Gpulling manifest [K
pulling 9d507a36062c:  38% ▕██████            ▏  25 GB/ 67 GB  259 MB/s   2m41s[K[?25h[?2026l[?2026h[?25l[A[1Gpulling manifest [K
pulling 9d507a36062c:  38% ▕██████            ▏  25 GB/ 67 GB  259 MB/s   2m41s[K[?25h[?2026l[?2026h[?25l[A[1Gpulling manifest [K
pulling 9d507a36062c:  38% ▕██████            ▏  25 GB/ 67 GB  259 MB/s   2m41s[K[?25h[?2026l[?2026h[?25l[A[1Gpulling manifest [K
pulling 9d507a36062c:  38% ▕██████            ▏  25 GB/ 67 GB  259 MB/s   2m41s[K[?25h[?2026l[?2026h[?25l[A[1Gpulling manifest [K
pulling 9d507a36062c:  38% ▕██████            ▏  25 GB/ 67 GB  257 MB/s   2m42s[K[?25h[?2026l[?2026h[?25l[A[1Gpulling manifest [K
pulling 9d507a36062c:  38% ▕██████            ▏  25 GB/ 67 GB  257 MB/s   2m42s[K[?25h[?2026l[?2026h[?25l[A[1Gpulling manifest [K
pulling 9d507a36062c:  38% ▕██████            ▏  25 GB/ 67 GB  257 MB/s   2m42s[K[?25h[?2026l[?2026h[?25l[A[1Gpulling manifest [K
pulling 9d507a36062c:  38% ▕██████            ▏  25 GB/ 67 GB  257 MB/s   2m42s[K[?25h[?2026l[?2026h[?25l[A[1Gpulling manifest [K
pulling 9d507a36062c:  38% ▕██████            ▏  25 GB/ 67 GB  257 MB/s   2m42s[K[?25h[?2026l[?2026h[?25l[A[1Gpulling manifest [K
pulling 9d507a36062c:  38% ▕██████            ▏  25 GB/ 67 GB  257 MB/s   2m42s[K[?25h[?2026l[?2026h[?25l[A[1Gpulling manifest [K
pulling 9d507a36062c:  38% ▕██████            ▏  25 GB/ 67 GB  257 MB/s   2m41s[K[?25h[?2026l[?2026h[?25l[A[1Gpulling manifest [K
pulling 9d507a36062c:  38% ▕██████            ▏  25 GB/ 67 GB  257 MB/s   2m41s[K[?25h[?2026l[?2026h[?25l[A[1Gpulling manifest [K
pulling 9d507a36062c:  38% ▕██████            ▏  25 GB/ 67 GB  257 MB/s   2m41s[K[?25h[?2026l[?2026h[?25l[A[1Gpulling manifest [K
pulling 9d507a36062c:  38% ▕██████            ▏  25 GB/ 67 GB  257 MB/s   2m41s[K[?25h[?2026l[?2026h[?25l[A[1Gpulling manifest [K
pulling 9d507a36062c:  38% ▕██████            ▏  25 GB/ 67 GB  258 MB/s   2m41s[K[?25h[?2026l[?2026h[?25l[A[1Gpulling manifest [K
pulling 9d507a36062c:  38% ▕██████            ▏  25 GB/ 67 GB  258 MB/s   2m41s[K[?25h[?2026l[?2026h[?25l[A[1Gpulling manifest [K
pulling 9d507a36062c:  38% ▕██████            ▏  25 GB/ 67 GB  258 MB/s   2m41s[K[?25h[?2026l[?2026h[?25l[A[1Gpulling manifest [K
pulling 9d507a36062c:  38% ▕██████            ▏  25 GB/ 67 GB  258 MB/s   2m41s[K[?25h[?2026l[?2026h[?25l[A[1Gpulling manifest [K
pulling 9d507a36062c:  38% ▕██████            ▏  25 GB/ 67 GB  258 MB/s   2m41s[K[?25h[?2026l[?2026h[?25l[A[1Gpulling manifest [K
pulling 9d507a36062c:  38% ▕██████            ▏  25 GB/ 67 GB  258 MB/s   2m40s[K[?25h[?2026l[?2026h[?25l[A[1Gpulling manifest [K
pulling 9d507a36062c:  38% ▕██████            ▏  25 GB/ 67 GB  258 MB/s   2m40s[K[?25h[?2026l[?2026h[?25l[A[1Gpulling manifest [K
pulling 9d507a36062c:  38% ▕██████            ▏  25 GB/ 67 GB  258 MB/s   2m40s[K[?25h[?2026l[?2026h[?25l[A[1Gpulling manifest [K
pulling 9d507a36062c:  39% ▕██████            ▏  25 GB/ 67 GB  258 MB/s   2m40s[K[?25h[?2026l[?2026h[?25l[A[1Gpulling manifest [K
pulling 9d507a36062c:  39% ▕██████            ▏  26 GB/ 67 GB  258 MB/s   2m40s[K[?25h[?2026l[?2026h[?25l[A[1Gpulling manifest [K
pulling 9d507a36062c:  39% ▕██████            ▏  26 GB/ 67 GB  258 MB/s   2m40s[K[?25h[?2026l[?2026h[?25l[A[1Gpulling manifest [K
pulling 9d507a36062c:  39% ▕██████            ▏  26 GB/ 67 GB  260 MB/s   2m38s[K[?25h[?2026l[?2026h[?25l[A[1Gpulling manifest [K
pulling 9d507a36062c:  39% ▕██████            ▏  26 GB/ 67 GB  260 MB/s   2m38s[K[?25h[?2026l[?2026h[?25l[A[1Gpulling manifest [K
pulling 9d507a36062c:  39% ▕██████            ▏  26 GB/ 67 GB  260 MB/s   2m38s[K[?25h[?2026l[?2026h[?25l[A[1Gpulling manifest [K
pulling 9d507a36062c:  39% ▕██████            ▏  26 GB/ 67 GB  260 MB/s   2m38s[K[?25h[?2026l[?2026h[?25l[A[1Gpulling manifest [K
pulling 9d507a36062c:  39% ▕██████            ▏  26 GB/ 67 GB  260 MB/s   2m38s[K[?25h[?2026l[?2026h[?25l[A[1Gpulling manifest [K
pulling 9d507a36062c:  39% ▕██████            ▏  26 GB/ 67 GB  260 MB/s   2m38s[K[?25h[?2026l[?2026h[?25l[A[1Gpulling manifest [K
pulling 9d507a36062c:  39% ▕███████           ▏  26 GB/ 67 GB  260 MB/s   2m38s[K[?25h[?2026l[?2026h[?25l[A[1Gpulling manifest [K
pulling 9d507a36062c:  39% ▕███████           ▏  26 GB/ 67 GB  260 MB/s   2m38s[K[?25h[?2026l[?2026h[?25l[A[1Gpulling manifest [K
pulling 9d507a36062c:  39% ▕███████           ▏  26 GB/ 67 GB  260 MB/s   2m37s[K[?25h[?2026l[?2026h[?25l[A[1Gpulling manifest [K
pulling 9d507a36062c:  39% ▕███████           ▏  26 GB/ 67 GB  260 MB/s   2m37s[K[?25h[?2026l[?2026h[?25l[A[1Gpulling manifest [K
pulling 9d507a36062c:  39% ▕███████           ▏  26 GB/ 67 GB  263 MB/s   2m36s[K[?25h[?2026l[?2026h[?25l[A[1Gpulling manifest [K
pulling 9d507a36062c:  39% ▕███████           ▏  26 GB/ 67 GB  263 MB/s   2m35s[K[?25h[?2026l[?2026h[?25l[A[1Gpulling manifest [K
pulling 9d507a36062c:  39% ▕███████           ▏  26 GB/ 67 GB  263 MB/s   2m35s[K[?25h[?2026l[?2026h[?25l[A[1Gpulling manifest [K
pulling 9d507a36062c:  39% ▕███████           ▏  26 GB/ 67 GB  263 MB/s   2m35s[K[?25h[?2026l[?2026h[?25l[A[1Gpulling manifest [K
pulling 9d507a36062c:  39% ▕███████           ▏  26 GB/ 67 GB  263 MB/s   2m35s[K[?25h[?2026l[?2026h[?25l[A[1Gpulling manifest [K
pulling 9d507a36062c:  39% ▕███████           ▏  26 GB/ 67 GB  263 MB/s   2m35s[K[?25h[?2026l[?2026h[?25l[A[1Gpulling manifest [K
pulling 9d507a36062c:  39% ▕███████           ▏  26 GB/ 67 GB  263 MB/s   2m35s[K[?25h[?2026l[?2026h[?25l[A[1Gpulling manifest [K
pulling 9d507a36062c:  39% ▕███████           ▏  26 GB/ 67 GB  263 MB/s   2m35s[K[?25h[?2026l[?2026h[?25l[A[1Gpulling manifest [K
pulling 9d507a36062c:  39% ▕███████           ▏  26 GB/ 67 GB  263 MB/s   2m35s[K[?25h[?2026l[?2026h[?25l[A[1Gpulling manifest [K
pulling 9d507a36062c:  39% ▕███████           ▏  26 GB/ 67 GB  263 MB/s   2m35s[K[?25h[?2026l[?2026h[?25l[A[1Gpulling manifest [K
pulling 9d507a36062c:  39% ▕███████           ▏  26 GB/ 67 GB  263 MB/s   2m35s[K[?25h[?2026l[?2026h[?25l[A[1Gpulling manifest [K
pulling 9d507a36062c:  39% ▕███████           ▏  26 GB/ 67 GB  261 MB/s   2m36s[K[?25h[?2026l[?2026h[?25l[A[1Gpulling manifest [K
pulling 9d507a36062c:  40% ▕███████           ▏  26 GB/ 67 GB  261 MB/s   2m36s[K[?25h[?2026l[?2026h[?25l[A[1Gpulling manifest [K
pulling 9d507a36062c:  40% ▕███████           ▏  26 GB/ 67 GB  261 MB/s   2m36s[K[?25h[?2026l[?2026h[?25l[A[1Gpulling manifest [K
pulling 9d507a36062c:  40% ▕███████           ▏  26 GB/ 67 GB  261 MB/s   2m36s[K[?25h[?2026l[?2026h[?25l[A[1Gpulling manifest [K
pulling 9d507a36062c:  40% ▕███████           ▏  26 GB/ 67 GB  261 MB/s   2m35s[K[?25h[?2026l[?2026h[?25l[A[1Gpulling manifest [K
pulling 9d507a36062c:  40% ▕███████           ▏  26 GB/ 67 GB  261 MB/s   2m35s[K[?25h[?2026l[?2026h[?25l[A[1Gpulling manifest [K
pulling 9d507a36062c:  40% ▕███████           ▏  26 GB/ 67 GB  261 MB/s   2m35s[K[?25h[?2026l[?2026h[?25l[A[1Gpulling manifest [K
pulling 9d507a36062c:  40% ▕███████           ▏  26 GB/ 67 GB  261 MB/s   2m35s[K[?25h[?2026l[?2026h[?25l[A[1Gpulling manifest [K
pulling 9d507a36062c:  40% ▕███████           ▏  26 GB/ 67 GB  261 MB/s   2m35s[K[?25h[?2026l[?2026h[?25l[A[1Gpulling manifest [K
pulling 9d507a36062c:  40% ▕███████           ▏  26 GB/ 67 GB  261 MB/s   2m35s[K[?25h[?2026l[?2026h[?25l[A[1Gpulling manifest [K
pulling 9d507a36062c:  40% ▕███████           ▏  26 GB/ 67 GB  256 MB/s   2m38s[K[?25h[?2026l[?2026h[?25l[A[1Gpulling manifest [K
pulling 9d507a36062c:  40% ▕███████           ▏  26 GB/ 67 GB  256 MB/s   2m38s[K[?25h[?2026l[?2026h[?25l[A[1Gpulling manifest [K
pulling 9d507a36062c:  40% ▕███████           ▏  26 GB/ 67 GB  256 MB/s   2m37s[K[?25h[?2026l[?2026h[?25l[A[1Gpulling manifest [K
pulling 9d507a36062c:  40% ▕███████           ▏  26 GB/ 67 GB  256 MB/s   2m37s[K[?25h[?2026l[?2026h[?25l[A[1Gpulling manifest [K
pulling 9d507a36062c:  40% ▕███████           ▏  26 GB/ 67 GB  256 MB/s   2m37s[K[?25h[?2026l[?2026h[?25l[A[1Gpulling manifest [K
pulling 9d507a36062c:  40% ▕███████           ▏  26 GB/ 67 GB  256 MB/s   2m37s[K[?25h[?2026l[?2026h[?25l[A[1Gpulling manifest [K
pulling 9d507a36062c:  40% ▕███████           ▏  27 GB/ 67 GB  256 MB/s   2m37s[K[?25h[?2026l[?2026h[?25l[A[1Gpulling manifest [K
pulling 9d507a36062c:  40% ▕███████           ▏  27 GB/ 67 GB  256 MB/s   2m37s[K[?25h[?2026l[?2026h[?25l[A[1Gpulling manifest [K
pulling 9d507a36062c:  40% ▕███████           ▏  27 GB/ 67 GB  256 MB/s   2m37s[K[?25h[?2026l[?2026h[?25l[A[1Gpulling manifest [K
pulling 9d507a36062c:  40% ▕███████           ▏  27 GB/ 67 GB  256 MB/s   2m37s[K[?25h[?2026l[?2026h[?25l[A[1Gpulling manifest [K
pulling 9d507a36062c:  40% ▕███████           ▏  27 GB/ 67 GB  256 MB/s   2m37s[K[?25h[?2026l[?2026h[?25l[A[1Gpulling manifest [K
pulling 9d507a36062c:  40% ▕███████           ▏  27 GB/ 67 GB  258 MB/s   2m35s[K[?25h[?2026l[?2026h[?25l[A[1Gpulling manifest [K
pulling 9d507a36062c:  40% ▕███████           ▏  27 GB/ 67 GB  258 MB/s   2m35s[K[?25h[?2026l[?2026h[?25l[A[1Gpulling manifest [K
pulling 9d507a36062c:  40% ▕███████           ▏  27 GB/ 67 GB  258 MB/s   2m35s[K[?25h[?2026l[?2026h[?25l[A[1Gpulling manifest [K
pulling 9d507a36062c:  40% ▕███████           ▏  27 GB/ 67 GB  258 MB/s   2m35s[K[?25h[?2026l[?2026h[?25l[A[1Gpulling manifest [K
pulling 9d507a36062c:  40% ▕███████           ▏  27 GB/ 67 GB  258 MB/s   2m35s[K[?25h[?2026l[?2026h[?25l[A[1Gpulling manifest [K
pulling 9d507a36062c:  40% ▕███████           ▏  27 GB/ 67 GB  258 MB/s   2m35s[K[?25h[?2026l[?2026h[?25l[A[1Gpulling manifest [K
pulling 9d507a36062c:  40% ▕███████           ▏  27 GB/ 67 GB  258 MB/s   2m35s[K[?25h[?2026l[?2026h[?25l[A[1Gpulling manifest [K
pulling 9d507a36062c:  41% ▕███████           ▏  27 GB/ 67 GB  258 MB/s   2m34s[K[?25h[?2026l[?2026h[?25l[A[1Gpulling manifest [K
pulling 9d507a36062c:  41% ▕███████           ▏  27 GB/ 67 GB  258 MB/s   2m34s[K[?25h[?2026l[?2026h[?25l[A[1Gpulling manifest [K
pulling 9d507a36062c:  41% ▕███████           ▏  27 GB/ 67 GB  258 MB/s   2m34s[K[?25h[?2026l[?2026h[?25l[A[1Gpulling manifest [K
pulling 9d507a36062c:  41% ▕███████           ▏  27 GB/ 67 GB  261 MB/s   2m32s[K[?25h[?2026l[?2026h[?25l[A[1Gpulling manifest [K
pulling 9d507a36062c:  41% ▕███████           ▏  27 GB/ 67 GB  261 MB/s   2m32s[K[?25h[?2026l[?2026h[?25l[A[1Gpulling manifest [K
pulling 9d507a36062c:  41% ▕███████           ▏  27 GB/ 67 GB  261 MB/s   2m32s[K[?25h[?2026l[?2026h[?25l[A[1Gpulling manifest [K
pulling 9d507a36062c:  41% ▕███████           ▏  27 GB/ 67 GB  261 MB/s   2m32s[K[?25h[?2026l[?2026h[?25l[A[1Gpulling manifest [K
pulling 9d507a36062c:  41% ▕███████           ▏  27 GB/ 67 GB  261 MB/s   2m32s[K[?25h[?2026l[?2026h[?25l[A[1Gpulling manifest [K
pulling 9d507a36062c:  41% ▕███████           ▏  27 GB/ 67 GB  261 MB/s   2m32s[K[?25h[?2026l[?2026h[?25l[A[1Gpulling manifest [K
pulling 9d507a36062c:  41% ▕███████           ▏  27 GB/ 67 GB  261 MB/s   2m32s[K[?25h[?2026l[?2026h[?25l[A[1Gpulling manifest [K
pulling 9d507a36062c:  41% ▕███████           ▏  27 GB/ 67 GB  261 MB/s   2m32s[K[?25h[?2026l[?2026h[?25l[A[1Gpulling manifest [K
pulling 9d507a36062c:  41% ▕███████           ▏  27 GB/ 67 GB  261 MB/s   2m32s[K[?25h[?2026l[?2026h[?25l[A[1Gpulling manifest [K
pulling 9d507a36062c:  41% ▕███████           ▏  27 GB/ 67 GB  261 MB/s   2m32s[K[?25h[?2026l[?2026h[?25l[A[1Gpulling manifest [K
pulling 9d507a36062c:  41% ▕███████           ▏  27 GB/ 67 GB  261 MB/s   2m32s[K[?25h[?2026l[?2026h[?25l[A[1Gpulling manifest [K
pulling 9d507a36062c:  41% ▕███████           ▏  27 GB/ 67 GB  266 MB/s   2m29s[K[?25h[?2026l[?2026h[?25l[A[1Gpulling manifest [K
pulling 9d507a36062c:  41% ▕███████           ▏  27 GB/ 67 GB  266 MB/s   2m28s[K[?25h[?2026l[?2026h[?25l[A[1Gpulling manifest [K
pulling 9d507a36062c:  41% ▕███████           ▏  27 GB/ 67 GB  266 MB/s   2m28s[K[?25h[?2026l[?2026h[?25l[A[1Gpulling manifest [K
pulling 9d507a36062c:  41% ▕███████           ▏  27 GB/ 67 GB  266 MB/s   2m28s[K[?25h[?2026l[?2026h[?25l[A[1Gpulling manifest [K
pulling 9d507a36062c:  41% ▕███████           ▏  27 GB/ 67 GB  266 MB/s   2m28s[K[?25h[?2026l[?2026h[?25l[A[1Gpulling manifest [K
pulling 9d507a36062c:  41% ▕███████           ▏  27 GB/ 67 GB  266 MB/s   2m28s[K[?25h[?2026l[?2026h[?25l[A[1Gpulling manifest [K
pulling 9d507a36062c:  41% ▕███████           ▏  27 GB/ 67 GB  266 MB/s   2m28s[K[?25h[?2026l[?2026h[?25l[A[1Gpulling manifest [K
pulling 9d507a36062c:  41% ▕███████           ▏  27 GB/ 67 GB  266 MB/s   2m28s[K[?25h[?2026l[?2026h[?25l[A[1Gpulling manifest [K
pulling 9d507a36062c:  41% ▕███████           ▏  27 GB/ 67 GB  266 MB/s   2m28s[K[?25h[?2026l[?2026h[?25l[A[1Gpulling manifest [K
pulling 9d507a36062c:  41% ▕███████           ▏  27 GB/ 67 GB  266 MB/s   2m28s[K[?25h[?2026l[?2026h[?25l[A[1Gpulling manifest [K
pulling 9d507a36062c:  41% ▕███████           ▏  27 GB/ 67 GB  263 MB/s   2m29s[K[?25h[?2026l[?2026h[?25l[A[1Gpulling manifest [K
pulling 9d507a36062c:  41% ▕███████           ▏  27 GB/ 67 GB  263 MB/s   2m29s[K[?25h[?2026l[?2026h[?25l[A[1Gpulling manifest [K
pulling 9d507a36062c:  41% ▕███████           ▏  27 GB/ 67 GB  263 MB/s   2m29s[K[?25h[?2026l[?2026h[?25l[A[1Gpulling manifest [K
pulling 9d507a36062c:  41% ▕███████           ▏  27 GB/ 67 GB  263 MB/s   2m29s[K[?25h[?2026l[?2026h[?25l[A[1Gpulling manifest [K
pulling 9d507a36062c:  41% ▕███████           ▏  27 GB/ 67 GB  263 MB/s   2m29s[K[?25h[?2026l[?2026h[?25l[A[1Gpulling manifest [K
pulling 9d507a36062c:  42% ▕███████           ▏  28 GB/ 67 GB  263 MB/s   2m29s[K[?25h[?2026l[?2026h[?25l[A[1Gpulling manifest [K
pulling 9d507a36062c:  42% ▕███████           ▏  28 GB/ 67 GB  263 MB/s   2m29s[K[?25h[?2026l[?2026h[?25l[A[1Gpulling manifest [K
pulling 9d507a36062c:  42% ▕███████           ▏  28 GB/ 67 GB  263 MB/s   2m29s[K[?25h[?2026l[?2026h[?25l[A[1Gpulling manifest [K
pulling 9d507a36062c:  42% ▕███████           ▏  28 GB/ 67 GB  263 MB/s   2m29s[K[?25h[?2026l[?2026h[?25l[A[1Gpulling manifest [K
pulling 9d507a36062c:  42% ▕███████           ▏  28 GB/ 67 GB  263 MB/s   2m29s[K[?25h[?2026l[?2026h[?25l[A[1Gpulling manifest [K
pulling 9d507a36062c:  42% ▕███████           ▏  28 GB/ 67 GB  263 MB/s   2m29s[K[?25h[?2026l[?2026h[?25l[A[1Gpulling manifest [K
pulling 9d507a36062c:  42% ▕███████           ▏  28 GB/ 67 GB  261 MB/s   2m30s[K[?25h[?2026l[?2026h[?25l[A[1Gpulling manifest [K
pulling 9d507a36062c:  42% ▕███████           ▏  28 GB/ 67 GB  261 MB/s   2m29s[K[?25h[?2026l[?2026h[?25l[A[1Gpulling manifest [K
pulling 9d507a36062c:  42% ▕███████           ▏  28 GB/ 67 GB  261 MB/s   2m29s[K[?25h[?2026l[?2026h[?25l[A[1Gpulling manifest [K
pulling 9d507a36062c:  42% ▕███████           ▏  28 GB/ 67 GB  261 MB/s   2m29s[K[?25h[?2026l[?2026h[?25l[A[1Gpulling manifest [K
pulling 9d507a36062c:  42% ▕███████           ▏  28 GB/ 67 GB  261 MB/s   2m29s[K[?25h[?2026l[?2026h[?25l[A[1Gpulling manifest [K
pulling 9d507a36062c:  42% ▕███████           ▏  28 GB/ 67 GB  261 MB/s   2m29s[K[?25h[?2026l[?2026h[?25l[A[1Gpulling manifest [K
pulling 9d507a36062c:  42% ▕███████           ▏  28 GB/ 67 GB  261 MB/s   2m29s[K[?25h[?2026l[?2026h[?25l[A[1Gpulling manifest [K
pulling 9d507a36062c:  42% ▕███████           ▏  28 GB/ 67 GB  261 MB/s   2m29s[K[?25h[?2026l[?2026h[?25l[A[1Gpulling manifest [K
pulling 9d507a36062c:  42% ▕███████           ▏  28 GB/ 67 GB  261 MB/s   2m29s[K[?25h[?2026l[?2026h[?25l[A[1Gpulling manifest [K
pulling 9d507a36062c:  42% ▕███████           ▏  28 GB/ 67 GB  261 MB/s   2m29s[K[?25h[?2026l[?2026h[?25l[A[1Gpulling manifest [K
pulling 9d507a36062c:  42% ▕███████           ▏  28 GB/ 67 GB  257 MB/s   2m31s[K[?25h[?2026l[?2026h[?25l[A[1Gpulling manifest [K
pulling 9d507a36062c:  42% ▕███████           ▏  28 GB/ 67 GB  257 MB/s   2m31s[K[?25h[?2026l[?2026h[?25l[A[1Gpulling manifest [K
pulling 9d507a36062c:  42% ▕███████           ▏  28 GB/ 67 GB  257 MB/s   2m31s[K[?25h[?2026l[?2026h[?25l[A[1Gpulling manifest [K
pulling 9d507a36062c:  42% ▕███████           ▏  28 GB/ 67 GB  257 MB/s   2m31s[K[?25h[?2026l[?2026h[?25l[A[1Gpulling manifest [K
pulling 9d507a36062c:  42% ▕███████           ▏  28 GB/ 67 GB  257 MB/s   2m31s[K[?25h[?2026l[?2026h[?25l[A[1Gpulling manifest [K
pulling 9d507a36062c:  42% ▕███████           ▏  28 GB/ 67 GB  257 MB/s   2m30s[K[?25h[?2026l[?2026h[?25l[A[1Gpulling manifest [K
pulling 9d507a36062c:  42% ▕███████           ▏  28 GB/ 67 GB  257 MB/s   2m30s[K[?25h[?2026l[?2026h[?25l[A[1Gpulling manifest [K
pulling 9d507a36062c:  42% ▕███████           ▏  28 GB/ 67 GB  257 MB/s   2m30s[K[?25h[?2026l[?2026h[?25l[A[1Gpulling manifest [K
pulling 9d507a36062c:  42% ▕███████           ▏  28 GB/ 67 GB  257 MB/s   2m30s[K[?25h[?2026l[?2026h[?25l[A[1Gpulling manifest [K
pulling 9d507a36062c:  42% ▕███████           ▏  28 GB/ 67 GB  257 MB/s   2m30s[K[?25h[?2026l[?2026h[?25l[A[1Gpulling manifest [K
pulling 9d507a36062c:  42% ▕███████           ▏  28 GB/ 67 GB  257 MB/s   2m30s[K[?25h[?2026l[?2026h[?25l[A[1Gpulling manifest [K
pulling 9d507a36062c:  43% ▕███████           ▏  28 GB/ 67 GB  233 MB/s   2m46s[K[?25h[?2026l[?2026h[?25l[A[1Gpulling manifest [K
pulling 9d507a36062c:  43% ▕███████           ▏  28 GB/ 67 GB  233 MB/s   2m45s[K[?25h[?2026l[?2026h[?25l[A[1Gpulling manifest [K
pulling 9d507a36062c:  43% ▕███████           ▏  28 GB/ 67 GB  233 MB/s   2m45s[K[?25h[?2026l[?2026h[?25l[A[1Gpulling manifest [K
pulling 9d507a36062c:  43% ▕███████           ▏  28 GB/ 67 GB  233 MB/s   2m45s[K[?25h[?2026l[?2026h[?25l[A[1Gpulling manifest [K
pulling 9d507a36062c:  43% ▕███████           ▏  28 GB/ 67 GB  233 MB/s   2m45s[K[?25h[?2026l[?2026h[?25l[A[1Gpulling manifest [K
pulling 9d507a36062c:  43% ▕███████           ▏  28 GB/ 67 GB  233 MB/s   2m45s[K[?25h[?2026l[?2026h[?25l[A[1Gpulling manifest [K
pulling 9d507a36062c:  43% ▕███████           ▏  28 GB/ 67 GB  233 MB/s   2m45s[K[?25h[?2026l[?2026h[?25l[A[1Gpulling manifest [K
pulling 9d507a36062c:  43% ▕███████           ▏  28 GB/ 67 GB  233 MB/s   2m45s[K[?25h[?2026l[?2026h[?25l[A[1Gpulling manifest [K
pulling 9d507a36062c:  43% ▕███████           ▏  28 GB/ 67 GB  233 MB/s   2m45s[K[?25h[?2026l[?2026h[?25l[A[1Gpulling manifest [K
pulling 9d507a36062c:  43% ▕███████           ▏  28 GB/ 67 GB  233 MB/s   2m45s[K[?25h[?2026l[?2026h[?25l[A[1Gpulling manifest [K
pulling 9d507a36062c:  43% ▕███████           ▏  28 GB/ 67 GB  258 MB/s   2m28s[K[?25h[?2026l[?2026h[?25l[A[1Gpulling manifest [K
pulling 9d507a36062c:  43% ▕███████           ▏  28 GB/ 67 GB  258 MB/s   2m28s[K[?25h[?2026l[?2026h[?25l[A[1Gpulling manifest [K
pulling 9d507a36062c:  43% ▕███████           ▏  28 GB/ 67 GB  258 MB/s   2m28s[K[?25h[?2026l[?2026h[?25l[A[1Gpulling manifest [K
pulling 9d507a36062c:  43% ▕███████           ▏  28 GB/ 67 GB  258 MB/s   2m28s[K[?25h[?2026l[?2026h[?25l[A[1Gpulling manifest [K
pulling 9d507a36062c:  43% ▕███████           ▏  28 GB/ 67 GB  258 MB/s   2m28s[K[?25h[?2026l[?2026h[?25l[A[1Gpulling manifest [K
pulling 9d507a36062c:  43% ▕███████           ▏  29 GB/ 67 GB  258 MB/s   2m28s[K[?25h[?2026l[?2026h[?25l[A[1Gpulling manifest [K
pulling 9d507a36062c:  43% ▕███████           ▏  29 GB/ 67 GB  258 MB/s   2m28s[K[?25h[?2026l[?2026h[?25l[A[1Gpulling manifest [K
pulling 9d507a36062c:  43% ▕███████           ▏  29 GB/ 67 GB  258 MB/s   2m28s[K[?25h[?2026l[?2026h[?25l[A[1Gpulling manifest [K
pulling 9d507a36062c:  43% ▕███████           ▏  29 GB/ 67 GB  258 MB/s   2m28s[K[?25h[?2026l[?2026h[?25l[A[1Gpulling manifest [K
pulling 9d507a36062c:  43% ▕███████           ▏  29 GB/ 67 GB  258 MB/s   2m28s[K[?25h[?2026l[?2026h[?25l[A[1Gpulling manifest [K
pulling 9d507a36062c:  43% ▕███████           ▏  29 GB/ 67 GB  258 MB/s   2m27s[K[?25h[?2026l[?2026h[?25l[A[1Gpulling manifest [K
pulling 9d507a36062c:  43% ▕███████           ▏  29 GB/ 67 GB  255 MB/s   2m29s[K[?25h[?2026l[?2026h[?25l[A[1Gpulling manifest [K
pulling 9d507a36062c:  43% ▕███████           ▏  29 GB/ 67 GB  255 MB/s   2m29s[K[?25h[?2026l[?2026h[?25l[A[1Gpulling manifest [K
pulling 9d507a36062c:  43% ▕███████           ▏  29 GB/ 67 GB  255 MB/s   2m29s[K[?25h[?2026l[?2026h[?25l[A[1Gpulling manifest [K
pulling 9d507a36062c:  43% ▕███████           ▏  29 GB/ 67 GB  255 MB/s   2m29s[K[?25h[?2026l[?2026h[?25l[A[1Gpulling manifest [K
pulling 9d507a36062c:  43% ▕███████           ▏  29 GB/ 67 GB  255 MB/s   2m29s[K[?25h[?2026l[?2026h[?25l[A[1Gpulling manifest [K
pulling 9d507a36062c:  43% ▕███████           ▏  29 GB/ 67 GB  255 MB/s   2m29s[K[?25h[?2026l[?2026h[?25l[A[1Gpulling manifest [K
pulling 9d507a36062c:  43% ▕███████           ▏  29 GB/ 67 GB  255 MB/s   2m29s[K[?25h[?2026l[?2026h[?25l[A[1Gpulling manifest [K
pulling 9d507a36062c:  43% ▕███████           ▏  29 GB/ 67 GB  255 MB/s   2m29s[K[?25h[?2026l[?2026h[?25l[A[1Gpulling manifest [K
pulling 9d507a36062c:  43% ▕███████           ▏  29 GB/ 67 GB  255 MB/s   2m29s[K[?25h[?2026l[?2026h[?25l[A[1Gpulling manifest [K
pulling 9d507a36062c:  44% ▕███████           ▏  29 GB/ 67 GB  255 MB/s   2m28s[K[?25h[?2026l[?2026h[?25l[A[1Gpulling manifest [K
pulling 9d507a36062c:  44% ▕███████           ▏  29 GB/ 67 GB  249 MB/s   2m32s[K[?25h[?2026l[?2026h[?25l[A[1Gpulling manifest [K
pulling 9d507a36062c:  44% ▕███████           ▏  29 GB/ 67 GB  249 MB/s   2m32s[K[?25h[?2026l[?2026h[?25l[A[1Gpulling manifest [K
pulling 9d507a36062c:  44% ▕███████           ▏  29 GB/ 67 GB  249 MB/s   2m32s[K[?25h[?2026l[?2026h[?25l[A[1Gpulling manifest [K
pulling 9d507a36062c:  44% ▕███████           ▏  29 GB/ 67 GB  249 MB/s   2m32s[K[?25h[?2026l[?2026h[?25l[A[1Gpulling manifest [K
pulling 9d507a36062c:  44% ▕███████           ▏  29 GB/ 67 GB  249 MB/s   2m32s[K[?25h[?2026l[?2026h[?25l[A[1Gpulling manifest [K
pulling 9d507a36062c:  44% ▕███████           ▏  29 GB/ 67 GB  249 MB/s   2m31s[K[?25h[?2026l[?2026h[?25l[A[1Gpulling manifest [K
pulling 9d507a36062c:  44% ▕███████           ▏  29 GB/ 67 GB  249 MB/s   2m31s[K[?25h[?2026l[?2026h[?25l[A[1Gpulling manifest [K
pulling 9d507a36062c:  44% ▕███████           ▏  29 GB/ 67 GB  249 MB/s   2m31s[K[?25h[?2026l[?2026h[?25l[A[1Gpulling manifest [K
pulling 9d507a36062c:  44% ▕███████           ▏  29 GB/ 67 GB  249 MB/s   2m31s[K[?25h[?2026l[?2026h[?25l[A[1Gpulling manifest [K
pulling 9d507a36062c:  44% ▕███████           ▏  29 GB/ 67 GB  249 MB/s   2m31s[K[?25h[?2026l[?2026h[?25l[A[1Gpulling manifest [K
pulling 9d507a36062c:  44% ▕███████           ▏  29 GB/ 67 GB  249 MB/s   2m31s[K[?25h[?2026l[?2026h[?25l[A[1Gpulling manifest [K
pulling 9d507a36062c:  44% ▕███████           ▏  29 GB/ 67 GB  245 MB/s   2m33s[K[?25h[?2026l[?2026h[?25l[A[1Gpulling manifest [K
pulling 9d507a36062c:  44% ▕███████           ▏  29 GB/ 67 GB  245 MB/s   2m33s[K[?25h[?2026l[?2026h[?25l[A[1Gpulling manifest [K
pulling 9d507a36062c:  44% ▕███████           ▏  29 GB/ 67 GB  245 MB/s   2m33s[K[?25h[?2026l[?2026h[?25l[A[1Gpulling manifest [K
pulling 9d507a36062c:  44% ▕███████           ▏  29 GB/ 67 GB  245 MB/s   2m33s[K[?25h[?2026l[?2026h[?25l[A[1Gpulling manifest [K
pulling 9d507a36062c:  44% ▕███████           ▏  29 GB/ 67 GB  245 MB/s   2m33s[K[?25h[?2026l[?2026h[?25l[A[1Gpulling manifest [K
pulling 9d507a36062c:  44% ▕███████           ▏  29 GB/ 67 GB  245 MB/s   2m33s[K[?25h[?2026l[?2026h[?25l[A[1Gpulling manifest [K
pulling 9d507a36062c:  44% ▕███████           ▏  29 GB/ 67 GB  245 MB/s   2m33s[K[?25h[?2026l[?2026h[?25l[A[1Gpulling manifest [K
pulling 9d507a36062c:  44% ▕███████           ▏  29 GB/ 67 GB  245 MB/s   2m33s[K[?25h[?2026l[?2026h[?25l[A[1Gpulling manifest [K
pulling 9d507a36062c:  44% ▕███████           ▏  29 GB/ 67 GB  245 MB/s   2m33s[K[?25h[?2026l[?2026h[?25l[A[1Gpulling manifest [K
pulling 9d507a36062c:  44% ▕███████           ▏  29 GB/ 67 GB  245 MB/s   2m33s[K[?25h[?2026l[?2026h[?25l[A[1Gpulling manifest [K
pulling 9d507a36062c:  44% ▕███████           ▏  29 GB/ 67 GB  239 MB/s   2m36s[K[?25h[?2026l[?2026h[?25l[A[1Gpulling manifest [K
pulling 9d507a36062c:  44% ▕███████           ▏  29 GB/ 67 GB  239 MB/s   2m36s[K[?25h[?2026l[?2026h[?25l[A[1Gpulling manifest [K
pulling 9d507a36062c:  44% ▕███████           ▏  29 GB/ 67 GB  239 MB/s   2m36s[K[?25h[?2026l[?2026h[?25l[A[1Gpulling manifest [K
pulling 9d507a36062c:  44% ▕███████           ▏  29 GB/ 67 GB  239 MB/s   2m36s[K[?25h[?2026l[?2026h[?25l[A[1Gpulling manifest [K
pulling 9d507a36062c:  44% ▕███████           ▏  29 GB/ 67 GB  239 MB/s   2m36s[K[?25h[?2026l[?2026h[?25l[A[1Gpulling manifest [K
pulling 9d507a36062c:  44% ▕███████           ▏  29 GB/ 67 GB  239 MB/s   2m36s[K[?25h[?2026l[?2026h[?25l[A[1Gpulling manifest [K
pulling 9d507a36062c:  44% ▕███████           ▏  29 GB/ 67 GB  239 MB/s   2m36s[K[?25h[?2026l[?2026h[?25l[A[1Gpulling manifest [K
pulling 9d507a36062c:  44% ▕███████           ▏  29 GB/ 67 GB  239 MB/s   2m36s[K[?25h[?2026l[?2026h[?25l[A[1Gpulling manifest [K
pulling 9d507a36062c:  44% ▕████████          ▏  29 GB/ 67 GB  239 MB/s   2m36s[K[?25h[?2026l[?2026h[?25l[A[1Gpulling manifest [K
pulling 9d507a36062c:  45% ▕████████          ▏  30 GB/ 67 GB  239 MB/s   2m36s[K[?25h[?2026l[?2026h[?25l[A[1Gpulling manifest [K
pulling 9d507a36062c:  45% ▕████████          ▏  30 GB/ 67 GB  239 MB/s   2m35s[K[?25h[?2026l[?2026h[?25l[A[1Gpulling manifest [K
pulling 9d507a36062c:  45% ▕████████          ▏  30 GB/ 67 GB  243 MB/s   2m33s[K[?25h[?2026l[?2026h[?25l[A[1Gpulling manifest [K
pulling 9d507a36062c:  45% ▕████████          ▏  30 GB/ 67 GB  243 MB/s   2m33s[K[?25h[?2026l[?2026h[?25l[A[1Gpulling manifest [K
pulling 9d507a36062c:  45% ▕████████          ▏  30 GB/ 67 GB  243 MB/s   2m33s[K[?25h[?2026l[?2026h[?25l[A[1Gpulling manifest [K
pulling 9d507a36062c:  45% ▕████████          ▏  30 GB/ 67 GB  243 MB/s   2m33s[K[?25h[?2026l[?2026h[?25l[A[1Gpulling manifest [K
pulling 9d507a36062c:  45% ▕████████          ▏  30 GB/ 67 GB  243 MB/s   2m33s[K[?25h[?2026l[?2026h[?25l[A[1Gpulling manifest [K
pulling 9d507a36062c:  45% ▕████████          ▏  30 GB/ 67 GB  243 MB/s   2m32s[K[?25h[?2026l[?2026h[?25l[A[1Gpulling manifest [K
pulling 9d507a36062c:  45% ▕████████          ▏  30 GB/ 67 GB  243 MB/s   2m32s[K[?25h[?2026l[?2026h[?25l[A[1Gpulling manifest [K
pulling 9d507a36062c:  45% ▕████████          ▏  30 GB/ 67 GB  243 MB/s   2m32s[K[?25h[?2026l[?2026h[?25l[A[1Gpulling manifest [K
pulling 9d507a36062c:  45% ▕████████          ▏  30 GB/ 67 GB  243 MB/s   2m32s[K[?25h[?2026l[?2026h[?25l[A[1Gpulling manifest [K
pulling 9d507a36062c:  45% ▕████████          ▏  30 GB/ 67 GB  243 MB/s   2m32s[K[?25h[?2026l[?2026h[?25l[A[1Gpulling manifest [K
pulling 9d507a36062c:  45% ▕████████          ▏  30 GB/ 67 GB  241 MB/s   2m33s[K[?25h[?2026l[?2026h[?25l[A[1Gpulling manifest [K
pulling 9d507a36062c:  45% ▕████████          ▏  30 GB/ 67 GB  241 MB/s   2m33s[K[?25h[?2026l[?2026h[?25l[A[1Gpulling manifest [K
pulling 9d507a36062c:  45% ▕████████          ▏  30 GB/ 67 GB  241 MB/s   2m33s[K[?25h[?2026l[?2026h[?25l[A[1Gpulling manifest [K
pulling 9d507a36062c:  45% ▕████████          ▏  30 GB/ 67 GB  241 MB/s   2m33s[K[?25h[?2026l[?2026h[?25l[A[1Gpulling manifest [K
pulling 9d507a36062c:  45% ▕████████          ▏  30 GB/ 67 GB  241 MB/s   2m33s[K[?25h[?2026l[?2026h[?25l[A[1Gpulling manifest [K
pulling 9d507a36062c:  45% ▕████████          ▏  30 GB/ 67 GB  241 MB/s   2m33s[K[?25h[?2026l[?2026h[?25l[A[1Gpulling manifest [K
pulling 9d507a36062c:  45% ▕████████          ▏  30 GB/ 67 GB  241 MB/s   2m33s[K[?25h[?2026l[?2026h[?25l[A[1Gpulling manifest [K
pulling 9d507a36062c:  45% ▕████████          ▏  30 GB/ 67 GB  241 MB/s   2m32s[K[?25h[?2026l[?2026h[?25l[A[1Gpulling manifest [K
pulling 9d507a36062c:  45% ▕████████          ▏  30 GB/ 67 GB  241 MB/s   2m32s[K[?25h[?2026l[?2026h[?25l[A[1Gpulling manifest [K
pulling 9d507a36062c:  45% ▕████████          ▏  30 GB/ 67 GB  241 MB/s   2m32s[K[?25h[?2026l[?2026h[?25l[A[1Gpulling manifest [K
pulling 9d507a36062c:  45% ▕████████          ▏  30 GB/ 67 GB  241 MB/s   2m32s[K[?25h[?2026l[?2026h[?25l[A[1Gpulling manifest [K
pulling 9d507a36062c:  45% ▕████████          ▏  30 GB/ 67 GB  241 MB/s   2m32s[K[?25h[?2026l[?2026h[?25l[A[1Gpulling manifest [K
pulling 9d507a36062c:  45% ▕████████          ▏  30 GB/ 67 GB  241 MB/s   2m32s[K[?25h[?2026l[?2026h[?25l[A[1Gpulling manifest [K
pulling 9d507a36062c:  45% ▕████████          ▏  30 GB/ 67 GB  241 MB/s   2m32s[K[?25h[?2026l[?2026h[?25l[A[1Gpulling manifest [K
pulling 9d507a36062c:  45% ▕████████          ▏  30 GB/ 67 GB  241 MB/s   2m32s[K[?25h[?2026l[?2026h[?25l[A[1Gpulling manifest [K
pulling 9d507a36062c:  45% ▕████████          ▏  30 GB/ 67 GB  241 MB/s   2m32s[K[?25h[?2026l[?2026h[?25l[A[1Gpulling manifest [K
pulling 9d507a36062c:  45% ▕████████          ▏  30 GB/ 67 GB  241 MB/s   2m32s[K[?25h[?2026l[?2026h[?25l[A[1Gpulling manifest [K
pulling 9d507a36062c:  46% ▕████████          ▏  30 GB/ 67 GB  241 MB/s   2m32s[K[?25h[?2026l[?2026h[?25l[A[1Gpulling manifest [K
pulling 9d507a36062c:  46% ▕████████          ▏  30 GB/ 67 GB  241 MB/s   2m32s[K[?25h[?2026l[?2026h[?25l[A[1Gpulling manifest [K
pulling 9d507a36062c:  46% ▕████████          ▏  30 GB/ 67 GB  241 MB/s   2m32s[K[?25h[?2026l[?2026h[?25l[A[1Gpulling manifest [K
pulling 9d507a36062c:  46% ▕████████          ▏  30 GB/ 67 GB  241 MB/s   2m31s[K[?25h[?2026l[?2026h[?25l[A[1Gpulling manifest [K
pulling 9d507a36062c:  46% ▕████████          ▏  30 GB/ 67 GB  238 MB/s   2m33s[K[?25h[?2026l[?2026h[?25l[A[1Gpulling manifest [K
pulling 9d507a36062c:  46% ▕████████          ▏  30 GB/ 67 GB  238 MB/s   2m33s[K[?25h[?2026l[?2026h[?25l[A[1Gpulling manifest [K
pulling 9d507a36062c:  46% ▕████████          ▏  30 GB/ 67 GB  238 MB/s   2m33s[K[?25h[?2026l[?2026h[?25l[A[1Gpulling manifest [K
pulling 9d507a36062c:  46% ▕████████          ▏  30 GB/ 67 GB  238 MB/s   2m32s[K[?25h[?2026l[?2026h[?25l[A[1Gpulling manifest [K
pulling 9d507a36062c:  46% ▕████████          ▏  30 GB/ 67 GB  238 MB/s   2m32s[K[?25h[?2026l[?2026h[?25l[A[1Gpulling manifest [K
pulling 9d507a36062c:  46% ▕████████          ▏  30 GB/ 67 GB  238 MB/s   2m32s[K[?25h[?2026l[?2026h[?25l[A[1Gpulling manifest [K
pulling 9d507a36062c:  46% ▕████████          ▏  30 GB/ 67 GB  238 MB/s   2m32s[K[?25h[?2026l[?2026h[?25l[A[1Gpulling manifest [K
pulling 9d507a36062c:  46% ▕████████          ▏  30 GB/ 67 GB  238 MB/s   2m32s[K[?25h[?2026l[?2026h[?25l[A[1Gpulling manifest [K
pulling 9d507a36062c:  46% ▕████████          ▏  30 GB/ 67 GB  238 MB/s   2m32s[K[?25h[?2026l[?2026h[?25l[A[1Gpulling manifest [K
pulling 9d507a36062c:  46% ▕████████          ▏  31 GB/ 67 GB  238 MB/s   2m32s[K[?25h[?2026l[?2026h[?25l[A[1Gpulling manifest [K
pulling 9d507a36062c:  46% ▕████████          ▏  31 GB/ 67 GB  238 MB/s   2m32s[K[?25h[?2026l[?2026h[?25l[A[1Gpulling manifest [K
pulling 9d507a36062c:  46% ▕████████          ▏  31 GB/ 67 GB  236 MB/s   2m33s[K[?25h[?2026l[?2026h[?25l[A[1Gpulling manifest [K
pulling 9d507a36062c:  46% ▕████████          ▏  31 GB/ 67 GB  236 MB/s   2m33s[K[?25h[?2026l[?2026h[?25l[A[1Gpulling manifest [K
pulling 9d507a36062c:  46% ▕████████          ▏  31 GB/ 67 GB  236 MB/s   2m33s[K[?25h[?2026l[?2026h[?25l[A[1Gpulling manifest [K
pulling 9d507a36062c:  46% ▕████████          ▏  31 GB/ 67 GB  236 MB/s   2m33s[K[?25h[?2026l[?2026h[?25l[A[1Gpulling manifest [K
pulling 9d507a36062c:  46% ▕████████          ▏  31 GB/ 67 GB  236 MB/s   2m33s[K[?25h[?2026l[?2026h[?25l[A[1Gpulling manifest [K
pulling 9d507a36062c:  46% ▕████████          ▏  31 GB/ 67 GB  236 MB/s   2m33s[K[?25h[?2026l[?2026h[?25l[A[1Gpulling manifest [K
pulling 9d507a36062c:  46% ▕████████          ▏  31 GB/ 67 GB  236 MB/s   2m33s[K[?25h[?2026l[?2026h[?25l[A[1Gpulling manifest [K
pulling 9d507a36062c:  46% ▕████████          ▏  31 GB/ 67 GB  236 MB/s   2m32s[K[?25h[?2026l[?2026h[?25l[A[1Gpulling manifest [K
pulling 9d507a36062c:  46% ▕████████          ▏  31 GB/ 67 GB  236 MB/s   2m32s[K[?25h[?2026l[?2026h[?25l[A[1Gpulling manifest [K
pulling 9d507a36062c:  46% ▕████████          ▏  31 GB/ 67 GB  236 MB/s   2m32s[K[?25h[?2026l[?2026h[?25l[A[1Gpulling manifest [K
pulling 9d507a36062c:  46% ▕████████          ▏  31 GB/ 67 GB  243 MB/s   2m28s[K[?25h[?2026l[?2026h[?25l[A[1Gpulling manifest [K
pulling 9d507a36062c:  47% ▕████████          ▏  31 GB/ 67 GB  243 MB/s   2m28s[K[?25h[?2026l[?2026h[?25l[A[1Gpulling manifest [K
pulling 9d507a36062c:  47% ▕████████          ▏  31 GB/ 67 GB  243 MB/s   2m28s[K[?25h[?2026l[?2026h[?25l[A[1Gpulling manifest [K
pulling 9d507a36062c:  47% ▕████████          ▏  31 GB/ 67 GB  243 MB/s   2m27s[K[?25h[?2026l[?2026h[?25l[A[1Gpulling manifest [K
pulling 9d507a36062c:  47% ▕████████          ▏  31 GB/ 67 GB  243 MB/s   2m27s[K[?25h[?2026l[?2026h[?25l[A[1Gpulling manifest [K
pulling 9d507a36062c:  47% ▕████████          ▏  31 GB/ 67 GB  243 MB/s   2m27s[K[?25h[?2026l[?2026h[?25l[A[1Gpulling manifest [K
pulling 9d507a36062c:  47% ▕████████          ▏  31 GB/ 67 GB  243 MB/s   2m27s[K[?25h[?2026l[?2026h[?25l[A[1Gpulling manifest [K
pulling 9d507a36062c:  47% ▕████████          ▏  31 GB/ 67 GB  243 MB/s   2m27s[K[?25h[?2026l[?2026h[?25l[A[1Gpulling manifest [K
pulling 9d507a36062c:  47% ▕████████          ▏  31 GB/ 67 GB  243 MB/s   2m27s[K[?25h[?2026l[?2026h[?25l[A[1Gpulling manifest [K
pulling 9d507a36062c:  47% ▕████████          ▏  31 GB/ 67 GB  243 MB/s   2m27s[K[?25h[?2026l[?2026h[?25l[A[1Gpulling manifest [K
pulling 9d507a36062c:  47% ▕████████          ▏  31 GB/ 67 GB  243 MB/s   2m27s[K[?25h[?2026l[?2026h[?25l[A[1Gpulling manifest [K
pulling 9d507a36062c:  47% ▕████████          ▏  31 GB/ 67 GB  247 MB/s   2m25s[K[?25h[?2026l[?2026h[?25l[A[1Gpulling manifest [K
pulling 9d507a36062c:  47% ▕████████          ▏  31 GB/ 67 GB  247 MB/s   2m24s[K[?25h[?2026l[?2026h[?25l[A[1Gpulling manifest [K
pulling 9d507a36062c:  47% ▕████████          ▏  31 GB/ 67 GB  247 MB/s   2m24s[K[?25h[?2026l[?2026h[?25l[A[1Gpulling manifest [K
pulling 9d507a36062c:  47% ▕████████          ▏  31 GB/ 67 GB  247 MB/s   2m24s[K[?25h[?2026l[?2026h[?25l[A[1Gpulling manifest [K
pulling 9d507a36062c:  47% ▕████████          ▏  31 GB/ 67 GB  247 MB/s   2m24s[K[?25h[?2026l[?2026h[?25l[A[1Gpulling manifest [K
pulling 9d507a36062c:  47% ▕████████          ▏  31 GB/ 67 GB  247 MB/s   2m24s[K[?25h[?2026l[?2026h[?25l[A[1Gpulling manifest [K
pulling 9d507a36062c:  47% ▕████████          ▏  31 GB/ 67 GB  247 MB/s   2m24s[K[?25h[?2026l[?2026h[?25l[A[1Gpulling manifest [K
pulling 9d507a36062c:  47% ▕████████          ▏  31 GB/ 67 GB  247 MB/s   2m24s[K[?25h[?2026l[?2026h[?25l[A[1Gpulling manifest [K
pulling 9d507a36062c:  47% ▕████████          ▏  31 GB/ 67 GB  247 MB/s   2m24s[K[?25h[?2026l[?2026h[?25l[A[1Gpulling manifest [K
pulling 9d507a36062c:  47% ▕████████          ▏  31 GB/ 67 GB  247 MB/s   2m24s[K[?25h[?2026l[?2026h[?25l[A[1Gpulling manifest [K
pulling 9d507a36062c:  47% ▕████████          ▏  31 GB/ 67 GB  249 MB/s   2m22s[K[?25h[?2026l[?2026h[?25l[A[1Gpulling manifest [K
pulling 9d507a36062c:  47% ▕████████          ▏  31 GB/ 67 GB  249 MB/s   2m22s[K[?25h[?2026l[?2026h[?25l[A[1Gpulling manifest [K
pulling 9d507a36062c:  47% ▕████████          ▏  31 GB/ 67 GB  249 MB/s   2m22s[K[?25h[?2026l[?2026h[?25l[A[1Gpulling manifest [K
pulling 9d507a36062c:  47% ▕████████          ▏  31 GB/ 67 GB  249 MB/s   2m22s[K[?25h[?2026l[?2026h[?25l[A[1Gpulling manifest [K
pulling 9d507a36062c:  47% ▕████████          ▏  31 GB/ 67 GB  249 MB/s   2m22s[K[?25h[?2026l[?2026h[?25l[A[1Gpulling manifest [K
pulling 9d507a36062c:  47% ▕████████          ▏  31 GB/ 67 GB  249 MB/s   2m22s[K[?25h[?2026l[?2026h[?25l[A[1Gpulling manifest [K
pulling 9d507a36062c:  47% ▕████████          ▏  31 GB/ 67 GB  249 MB/s   2m22s[K[?25h[?2026l[?2026h[?25l[A[1Gpulling manifest [K
pulling 9d507a36062c:  47% ▕████████          ▏  31 GB/ 67 GB  249 MB/s   2m22s[K[?25h[?2026l[?2026h[?25l[A[1Gpulling manifest [K
pulling 9d507a36062c:  47% ▕████████          ▏  32 GB/ 67 GB  249 MB/s   2m21s[K[?25h[?2026l[?2026h[?25l[A[1Gpulling manifest [K
pulling 9d507a36062c:  48% ▕████████          ▏  32 GB/ 67 GB  249 MB/s   2m21s[K[?25h[?2026l[?2026h[?25l[A[1Gpulling manifest [K
pulling 9d507a36062c:  48% ▕████████          ▏  32 GB/ 67 GB  249 MB/s   2m21s[K[?25h[?2026l[?2026h[?25l[A[1Gpulling manifest [K
pulling 9d507a36062c:  48% ▕████████          ▏  32 GB/ 67 GB  255 MB/s   2m18s[K[?25h[?2026l[?2026h[?25l[A[1Gpulling manifest [K
pulling 9d507a36062c:  48% ▕████████          ▏  32 GB/ 67 GB  255 MB/s   2m18s[K[?25h[?2026l[?2026h[?25l[A[1Gpulling manifest [K
pulling 9d507a36062c:  48% ▕████████          ▏  32 GB/ 67 GB  255 MB/s   2m18s[K[?25h[?2026l[?2026h[?25l[A[1Gpulling manifest [K
pulling 9d507a36062c:  48% ▕████████          ▏  32 GB/ 67 GB  255 MB/s   2m18s[K[?25h[?2026l[?2026h[?25l[A[1Gpulling manifest [K
pulling 9d507a36062c:  48% ▕████████          ▏  32 GB/ 67 GB  255 MB/s   2m17s[K[?25h[?2026l[?2026h[?25l[A[1Gpulling manifest [K
pulling 9d507a36062c:  48% ▕████████          ▏  32 GB/ 67 GB  255 MB/s   2m17s[K[?25h[?2026l[?2026h[?25l[A[1Gpulling manifest [K
pulling 9d507a36062c:  48% ▕████████          ▏  32 GB/ 67 GB  255 MB/s   2m17s[K[?25h[?2026l[?2026h[?25l[A[1Gpulling manifest [K
pulling 9d507a36062c:  48% ▕████████          ▏  32 GB/ 67 GB  255 MB/s   2m17s[K[?25h[?2026l[?2026h[?25l[A[1Gpulling manifest [K
pulling 9d507a36062c:  48% ▕████████          ▏  32 GB/ 67 GB  255 MB/s   2m17s[K[?25h[?2026l[?2026h[?25l[A[1Gpulling manifest [K
pulling 9d507a36062c:  48% ▕████████          ▏  32 GB/ 67 GB  255 MB/s   2m17s[K[?25h[?2026l[?2026h[?25l[A[1Gpulling manifest [K
pulling 9d507a36062c:  48% ▕████████          ▏  32 GB/ 67 GB  257 MB/s   2m15s[K[?25h[?2026l[?2026h[?25l[A[1Gpulling manifest [K
pulling 9d507a36062c:  48% ▕████████          ▏  32 GB/ 67 GB  257 MB/s   2m15s[K[?25h[?2026l[?2026h[?25l[A[1Gpulling manifest [K
pulling 9d507a36062c:  48% ▕████████          ▏  32 GB/ 67 GB  257 MB/s   2m15s[K[?25h[?2026l[?2026h[?25l[A[1Gpulling manifest [K
pulling 9d507a36062c:  48% ▕████████          ▏  32 GB/ 67 GB  257 MB/s   2m15s[K[?25h[?2026l[?2026h[?25l[A[1Gpulling manifest [K
pulling 9d507a36062c:  48% ▕████████          ▏  32 GB/ 67 GB  257 MB/s   2m15s[K[?25h[?2026l[?2026h[?25l[A[1Gpulling manifest [K
pulling 9d507a36062c:  48% ▕████████          ▏  32 GB/ 67 GB  257 MB/s   2m15s[K[?25h[?2026l[?2026h[?25l[A[1Gpulling manifest [K
pulling 9d507a36062c:  48% ▕████████          ▏  32 GB/ 67 GB  257 MB/s   2m15s[K[?25h[?2026l[?2026h[?25l[A[1Gpulling manifest [K
pulling 9d507a36062c:  48% ▕████████          ▏  32 GB/ 67 GB  257 MB/s   2m15s[K[?25h[?2026l[?2026h[?25l[A[1Gpulling manifest [K
pulling 9d507a36062c:  48% ▕████████          ▏  32 GB/ 67 GB  257 MB/s   2m15s[K[?25h[?2026l[?2026h[?25l[A[1Gpulling manifest [K
pulling 9d507a36062c:  48% ▕████████          ▏  32 GB/ 67 GB  257 MB/s   2m14s[K[?25h[?2026l[?2026h[?25l[A[1Gpulling manifest [K
pulling 9d507a36062c:  48% ▕████████          ▏  32 GB/ 67 GB  260 MB/s   2m13s[K[?25h[?2026l[?2026h[?25l[A[1Gpulling manifest [K
pulling 9d507a36062c:  48% ▕████████          ▏  32 GB/ 67 GB  260 MB/s   2m13s[K[?25h[?2026l[?2026h[?25l[A[1Gpulling manifest [K
pulling 9d507a36062c:  49% ▕████████          ▏  32 GB/ 67 GB  260 MB/s   2m13s[K[?25h[?2026l[?2026h[?25l[A[1Gpulling manifest [K
pulling 9d507a36062c:  49% ▕████████          ▏  32 GB/ 67 GB  260 MB/s   2m13s[K[?25h[?2026l[?2026h[?25l[A[1Gpulling manifest [K
pulling 9d507a36062c:  49% ▕████████          ▏  32 GB/ 67 GB  260 MB/s   2m13s[K[?25h[?2026l[?2026h[?25l[A[1Gpulling manifest [K
pulling 9d507a36062c:  49% ▕████████          ▏  32 GB/ 67 GB  260 MB/s   2m13s[K[?25h[?2026l[?2026h[?25l[A[1Gpulling manifest [K
pulling 9d507a36062c:  49% ▕████████          ▏  32 GB/ 67 GB  260 MB/s   2m12s[K[?25h[?2026l[?2026h[?25l[A[1Gpulling manifest [K
pulling 9d507a36062c:  49% ▕████████          ▏  32 GB/ 67 GB  260 MB/s   2m12s[K[?25h[?2026l[?2026h[?25l[A[1Gpulling manifest [K
pulling 9d507a36062c:  49% ▕████████          ▏  32 GB/ 67 GB  260 MB/s   2m12s[K[?25h[?2026l[?2026h[?25l[A[1Gpulling manifest [K
pulling 9d507a36062c:  49% ▕████████          ▏  32 GB/ 67 GB  260 MB/s   2m12s[K[?25h[?2026l[?2026h[?25l[A[1Gpulling manifest [K
pulling 9d507a36062c:  49% ▕████████          ▏  32 GB/ 67 GB  266 MB/s    2m9s[K[?25h[?2026l[?2026h[?25l[A[1Gpulling manifest [K
pulling 9d507a36062c:  49% ▕████████          ▏  33 GB/ 67 GB  266 MB/s    2m9s[K[?25h[?2026l[?2026h[?25l[A[1Gpulling manifest [K
pulling 9d507a36062c:  49% ▕████████          ▏  33 GB/ 67 GB  266 MB/s    2m9s[K[?25h[?2026l[?2026h[?25l[A[1Gpulling manifest [K
pulling 9d507a36062c:  49% ▕████████          ▏  33 GB/ 67 GB  266 MB/s    2m9s[K[?25h[?2026l[?2026h[?25l[A[1Gpulling manifest [K
pulling 9d507a36062c:  49% ▕████████          ▏  33 GB/ 67 GB  266 MB/s    2m9s[K[?25h[?2026l[?2026h[?25l[A[1Gpulling manifest [K
pulling 9d507a36062c:  49% ▕████████          ▏  33 GB/ 67 GB  266 MB/s    2m9s[K[?25h[?2026l[?2026h[?25l[A[1Gpulling manifest [K
pulling 9d507a36062c:  49% ▕████████          ▏  33 GB/ 67 GB  266 MB/s    2m8s[K[?25h[?2026l[?2026h[?25l[A[1Gpulling manifest [K
pulling 9d507a36062c:  49% ▕████████          ▏  33 GB/ 67 GB  266 MB/s    2m8s[K[?25h[?2026l[?2026h[?25l[A[1Gpulling manifest [K
pulling 9d507a36062c:  49% ▕████████          ▏  33 GB/ 67 GB  266 MB/s    2m8s[K[?25h[?2026l[?2026h[?25l[A[1Gpulling manifest [K
pulling 9d507a36062c:  49% ▕████████          ▏  33 GB/ 67 GB  266 MB/s    2m8s[K[?25h[?2026l[?2026h[?25l[A[1Gpulling manifest [K
pulling 9d507a36062c:  49% ▕████████          ▏  33 GB/ 67 GB  270 MB/s    2m6s[K[?25h[?2026l[?2026h[?25l[A[1Gpulling manifest [K
pulling 9d507a36062c:  49% ▕████████          ▏  33 GB/ 67 GB  270 MB/s    2m6s[K[?25h[?2026l[?2026h[?25l[A[1Gpulling manifest [K
pulling 9d507a36062c:  49% ▕████████          ▏  33 GB/ 67 GB  270 MB/s    2m6s[K[?25h[?2026l[?2026h[?25l[A[1Gpulling manifest [K
pulling 9d507a36062c:  49% ▕████████          ▏  33 GB/ 67 GB  270 MB/s    2m5s[K[?25h[?2026l[?2026h[?25l[A[1Gpulling manifest [K
pulling 9d507a36062c:  49% ▕████████          ▏  33 GB/ 67 GB  270 MB/s    2m5s[K[?25h[?2026l[?2026h[?25l[A[1Gpulling manifest [K
pulling 9d507a36062c:  50% ▕████████          ▏  33 GB/ 67 GB  270 MB/s    2m5s[K[?25h[?2026l[?2026h[?25l[A[1Gpulling manifest [K
pulling 9d507a36062c:  50% ▕████████          ▏  33 GB/ 67 GB  270 MB/s    2m5s[K[?25h[?2026l[?2026h[?25l[A[1Gpulling manifest [K
pulling 9d507a36062c:  50% ▕████████          ▏  33 GB/ 67 GB  270 MB/s    2m5s[K[?25h[?2026l[?2026h[?25l[A[1Gpulling manifest [K
pulling 9d507a36062c:  50% ▕████████          ▏  33 GB/ 67 GB  270 MB/s    2m5s[K[?25h[?2026l[?2026h[?25l[A[1Gpulling manifest [K
pulling 9d507a36062c:  50% ▕████████          ▏  33 GB/ 67 GB  270 MB/s    2m5s[K[?25h[?2026l[?2026h[?25l[A[1Gpulling manifest [K
pulling 9d507a36062c:  50% ▕████████          ▏  33 GB/ 67 GB  270 MB/s    2m5s[K[?25h[?2026l[?2026h[?25l[A[1Gpulling manifest [K
pulling 9d507a36062c:  50% ▕████████          ▏  33 GB/ 67 GB  280 MB/s    2m0s[K[?25h[?2026l[?2026h[?25l[A[1Gpulling manifest [K
pulling 9d507a36062c:  50% ▕████████          ▏  33 GB/ 67 GB  280 MB/s    2m0s[K[?25h[?2026l[?2026h[?25l[A[1Gpulling manifest [K
pulling 9d507a36062c:  50% ▕████████          ▏  33 GB/ 67 GB  280 MB/s    2m0s[K[?25h[?2026l[?2026h[?25l[A[1Gpulling manifest [K
pulling 9d507a36062c:  50% ▕████████          ▏  33 GB/ 67 GB  280 MB/s    2m0s[K[?25h[?2026l[?2026h[?25l[A[1Gpulling manifest [K
pulling 9d507a36062c:  50% ▕█████████         ▏  33 GB/ 67 GB  280 MB/s    2m0s[K[?25h[?2026l[?2026h[?25l[A[1Gpulling manifest [K
pulling 9d507a36062c:  50% ▕█████████         ▏  33 GB/ 67 GB  280 MB/s    2m0s[K[?25h[?2026l[?2026h[?25l[A[1Gpulling manifest [K
pulling 9d507a36062c:  50% ▕█████████         ▏  33 GB/ 67 GB  280 MB/s   1m59s[K[?25h[?2026l[?2026h[?25l[A[1Gpulling manifest [K
pulling 9d507a36062c:  50% ▕█████████         ▏  33 GB/ 67 GB  280 MB/s   1m59s[K[?25h[?2026l[?2026h[?25l[A[1Gpulling manifest [K
pulling 9d507a36062c:  50% ▕█████████         ▏  33 GB/ 67 GB  280 MB/s   1m59s[K[?25h[?2026l[?2026h[?25l[A[1Gpulling manifest [K
pulling 9d507a36062c:  50% ▕█████████         ▏  33 GB/ 67 GB  280 MB/s   1m59s[K[?25h[?2026l[?2026h[?25l[A[1Gpulling manifest [K
pulling 9d507a36062c:  50% ▕█████████         ▏  33 GB/ 67 GB  283 MB/s   1m58s[K[?25h[?2026l[?2026h[?25l[A[1Gpulling manifest [K
pulling 9d507a36062c:  50% ▕█████████         ▏  33 GB/ 67 GB  283 MB/s   1m58s[K[?25h[?2026l[?2026h[?25l[A[1Gpulling manifest [K
pulling 9d507a36062c:  50% ▕█████████         ▏  33 GB/ 67 GB  283 MB/s   1m58s[K[?25h[?2026l[?2026h[?25l[A[1Gpulling manifest [K
pulling 9d507a36062c:  50% ▕█████████         ▏  33 GB/ 67 GB  283 MB/s   1m58s[K[?25h[?2026l[?2026h[?25l[A[1Gpulling manifest [K
pulling 9d507a36062c:  50% ▕█████████         ▏  33 GB/ 67 GB  283 MB/s   1m58s[K[?25h[?2026l[?2026h[?25l[A[1Gpulling manifest [K
pulling 9d507a36062c:  50% ▕█████████         ▏  34 GB/ 67 GB  283 MB/s   1m57s[K[?25h[?2026l[?2026h[?25l[A[1Gpulling manifest [K
pulling 9d507a36062c:  51% ▕█████████         ▏  34 GB/ 67 GB  283 MB/s   1m57s[K[?25h[?2026l[?2026h[?25l[A[1Gpulling manifest [K
pulling 9d507a36062c:  51% ▕█████████         ▏  34 GB/ 67 GB  283 MB/s   1m57s[K[?25h[?2026l[?2026h[?25l[A[1Gpulling manifest [K
pulling 9d507a36062c:  51% ▕█████████         ▏  34 GB/ 67 GB  283 MB/s   1m57s[K[?25h[?2026l[?2026h[?25l[A[1Gpulling manifest [K
pulling 9d507a36062c:  51% ▕█████████         ▏  34 GB/ 67 GB  283 MB/s   1m57s[K[?25h[?2026l[?2026h[?25l[A[1Gpulling manifest [K
pulling 9d507a36062c:  51% ▕█████████         ▏  34 GB/ 67 GB  284 MB/s   1m56s[K[?25h[?2026l[?2026h[?25l[A[1Gpulling manifest [K
pulling 9d507a36062c:  51% ▕█████████         ▏  34 GB/ 67 GB  284 MB/s   1m56s[K[?25h[?2026l[?2026h[?25l[A[1Gpulling manifest [K
pulling 9d507a36062c:  51% ▕█████████         ▏  34 GB/ 67 GB  284 MB/s   1m56s[K[?25h[?2026l[?2026h[?25l[A[1Gpulling manifest [K
pulling 9d507a36062c:  51% ▕█████████         ▏  34 GB/ 67 GB  284 MB/s   1m56s[K[?25h[?2026l[?2026h[?25l[A[1Gpulling manifest [K
pulling 9d507a36062c:  51% ▕█████████         ▏  34 GB/ 67 GB  284 MB/s   1m56s[K[?25h[?2026l[?2026h[?25l[A[1Gpulling manifest [K
pulling 9d507a36062c:  51% ▕█████████         ▏  34 GB/ 67 GB  284 MB/s   1m56s[K[?25h[?2026l[?2026h[?25l[A[1Gpulling manifest [K
pulling 9d507a36062c:  51% ▕█████████         ▏  34 GB/ 67 GB  284 MB/s   1m56s[K[?25h[?2026l[?2026h[?25l[A[1Gpulling manifest [K
pulling 9d507a36062c:  51% ▕█████████         ▏  34 GB/ 67 GB  284 MB/s   1m56s[K[?25h[?2026l[?2026h[?25l[A[1Gpulling manifest [K
pulling 9d507a36062c:  51% ▕█████████         ▏  34 GB/ 67 GB  284 MB/s   1m56s[K[?25h[?2026l[?2026h[?25l[A[1Gpulling manifest [K
pulling 9d507a36062c:  51% ▕█████████         ▏  34 GB/ 67 GB  284 MB/s   1m55s[K[?25h[?2026l[?2026h[?25l[A[1Gpulling manifest [K
pulling 9d507a36062c:  51% ▕█████████         ▏  34 GB/ 67 GB  289 MB/s   1m53s[K[?25h[?2026l[?2026h[?25l[A[1Gpulling manifest [K
pulling 9d507a36062c:  51% ▕█████████         ▏  34 GB/ 67 GB  289 MB/s   1m53s[K[?25h[?2026l[?2026h[?25l[A[1Gpulling manifest [K
pulling 9d507a36062c:  51% ▕█████████         ▏  34 GB/ 67 GB  289 MB/s   1m53s[K[?25h[?2026l[?2026h[?25l[A[1Gpulling manifest [K
pulling 9d507a36062c:  51% ▕█████████         ▏  34 GB/ 67 GB  289 MB/s   1m53s[K[?25h[?2026l[?2026h[?25l[A[1Gpulling manifest [K
pulling 9d507a36062c:  51% ▕█████████         ▏  34 GB/ 67 GB  289 MB/s   1m53s[K[?25h[?2026l[?2026h[?25l[A[1Gpulling manifest [K
pulling 9d507a36062c:  51% ▕█████████         ▏  34 GB/ 67 GB  289 MB/s   1m53s[K[?25h[?2026l[?2026h[?25l[A[1Gpulling manifest [K
pulling 9d507a36062c:  51% ▕█████████         ▏  34 GB/ 67 GB  289 MB/s   1m53s[K[?25h[?2026l[?2026h[?25l[A[1Gpulling manifest [K
pulling 9d507a36062c:  51% ▕█████████         ▏  34 GB/ 67 GB  289 MB/s   1m53s[K[?25h[?2026l[?2026h[?25l[A[1Gpulling manifest [K
pulling 9d507a36062c:  51% ▕█████████         ▏  34 GB/ 67 GB  289 MB/s   1m53s[K[?25h[?2026l[?2026h[?25l[A[1Gpulling manifest [K
pulling 9d507a36062c:  51% ▕█████████         ▏  34 GB/ 67 GB  289 MB/s   1m53s[K[?25h[?2026l[?2026h[?25l[A[1Gpulling manifest [K
pulling 9d507a36062c:  52% ▕█████████         ▏  34 GB/ 67 GB  292 MB/s   1m51s[K[?25h[?2026l[?2026h[?25l[A[1Gpulling manifest [K
pulling 9d507a36062c:  52% ▕█████████         ▏  34 GB/ 67 GB  292 MB/s   1m51s[K[?25h[?2026l[?2026h[?25l[A[1Gpulling manifest [K
pulling 9d507a36062c:  52% ▕█████████         ▏  34 GB/ 67 GB  292 MB/s   1m51s[K[?25h[?2026l[?2026h[?25l[A[1Gpulling manifest [K
pulling 9d507a36062c:  52% ▕█████████         ▏  34 GB/ 67 GB  292 MB/s   1m51s[K[?25h[?2026l[?2026h[?25l[A[1Gpulling manifest [K
pulling 9d507a36062c:  52% ▕█████████         ▏  34 GB/ 67 GB  292 MB/s   1m51s[K[?25h[?2026l[?2026h[?25l[A[1Gpulling manifest [K
pulling 9d507a36062c:  52% ▕█████████         ▏  34 GB/ 67 GB  292 MB/s   1m51s[K[?25h[?2026l[?2026h[?25l[A[1Gpulling manifest [K
pulling 9d507a36062c:  52% ▕█████████         ▏  34 GB/ 67 GB  292 MB/s   1m51s[K[?25h[?2026l[?2026h[?25l[A[1Gpulling manifest [K
pulling 9d507a36062c:  52% ▕█████████         ▏  34 GB/ 67 GB  292 MB/s   1m51s[K[?25h[?2026l[?2026h[?25l[A[1Gpulling manifest [K
pulling 9d507a36062c:  52% ▕█████████         ▏  34 GB/ 67 GB  292 MB/s   1m51s[K[?25h[?2026l[?2026h[?25l[A[1Gpulling manifest [K
pulling 9d507a36062c:  52% ▕█████████         ▏  34 GB/ 67 GB  292 MB/s   1m51s[K[?25h[?2026l[?2026h[?25l[A[1Gpulling manifest [K
pulling 9d507a36062c:  52% ▕█████████         ▏  34 GB/ 67 GB  292 MB/s   1m51s[K[?25h[?2026l[?2026h[?25l[A[1Gpulling manifest [K
pulling 9d507a36062c:  52% ▕█████████         ▏  35 GB/ 67 GB  289 MB/s   1m51s[K[?25h[?2026l[?2026h[?25l[A[1Gpulling manifest [K
pulling 9d507a36062c:  52% ▕█████████         ▏  35 GB/ 67 GB  289 MB/s   1m51s[K[?25h[?2026l[?2026h[?25l[A[1Gpulling manifest [K
pulling 9d507a36062c:  52% ▕█████████         ▏  35 GB/ 67 GB  289 MB/s   1m51s[K[?25h[?2026l[?2026h[?25l[A[1Gpulling manifest [K
pulling 9d507a36062c:  52% ▕█████████         ▏  35 GB/ 67 GB  289 MB/s   1m51s[K[?25h[?2026l[?2026h[?25l[A[1Gpulling manifest [K
pulling 9d507a36062c:  52% ▕█████████         ▏  35 GB/ 67 GB  289 MB/s   1m51s[K[?25h[?2026l[?2026h[?25l[A[1Gpulling manifest [K
pulling 9d507a36062c:  52% ▕█████████         ▏  35 GB/ 67 GB  289 MB/s   1m51s[K[?25h[?2026l[?2026h[?25l[A[1Gpulling manifest [K
pulling 9d507a36062c:  52% ▕█████████         ▏  35 GB/ 67 GB  289 MB/s   1m51s[K[?25h[?2026l[?2026h[?25l[A[1Gpulling manifest [K
pulling 9d507a36062c:  52% ▕█████████         ▏  35 GB/ 67 GB  289 MB/s   1m51s[K[?25h[?2026l[?2026h[?25l[A[1Gpulling manifest [K
pulling 9d507a36062c:  52% ▕█████████         ▏  35 GB/ 67 GB  289 MB/s   1m51s[K[?25h[?2026l[?2026h[?25l[A[1Gpulling manifest [K
pulling 9d507a36062c:  52% ▕█████████         ▏  35 GB/ 67 GB  289 MB/s   1m51s[K[?25h[?2026l[?2026h[?25l[A[1Gpulling manifest [K
pulling 9d507a36062c:  52% ▕█████████         ▏  35 GB/ 67 GB  290 MB/s   1m50s[K[?25h[?2026l[?2026h[?25l[A[1Gpulling manifest [K
pulling 9d507a36062c:  52% ▕█████████         ▏  35 GB/ 67 GB  290 MB/s   1m50s[K[?25h[?2026l[?2026h[?25l[A[1Gpulling manifest [K
pulling 9d507a36062c:  52% ▕█████████         ▏  35 GB/ 67 GB  290 MB/s   1m50s[K[?25h[?2026l[?2026h[?25l[A[1Gpulling manifest [K
pulling 9d507a36062c:  52% ▕█████████         ▏  35 GB/ 67 GB  290 MB/s   1m50s[K[?25h[?2026l[?2026h[?25l[A[1Gpulling manifest [K
pulling 9d507a36062c:  52% ▕█████████         ▏  35 GB/ 67 GB  290 MB/s   1m50s[K[?25h[?2026l[?2026h[?25l[A[1Gpulling manifest [K
pulling 9d507a36062c:  52% ▕█████████         ▏  35 GB/ 67 GB  290 MB/s   1m50s[K[?25h[?2026l[?2026h[?25l[A[1Gpulling manifest [K
pulling 9d507a36062c:  53% ▕█████████         ▏  35 GB/ 67 GB  290 MB/s   1m50s[K[?25h[?2026l[?2026h[?25l[A[1Gpulling manifest [K
pulling 9d507a36062c:  53% ▕█████████         ▏  35 GB/ 67 GB  290 MB/s   1m50s[K[?25h[?2026l[?2026h[?25l[A[1Gpulling manifest [K
pulling 9d507a36062c:  53% ▕█████████         ▏  35 GB/ 67 GB  290 MB/s   1m49s[K[?25h[?2026l[?2026h[?25l[A[1Gpulling manifest [K
pulling 9d507a36062c:  53% ▕█████████         ▏  35 GB/ 67 GB  290 MB/s   1m49s[K[?25h[?2026l[?2026h[?25l[A[1Gpulling manifest [K
pulling 9d507a36062c:  53% ▕█████████         ▏  35 GB/ 67 GB  283 MB/s   1m52s[K[?25h[?2026l[?2026h[?25l[A[1Gpulling manifest [K
pulling 9d507a36062c:  53% ▕█████████         ▏  35 GB/ 67 GB  283 MB/s   1m52s[K[?25h[?2026l[?2026h[?25l[A[1Gpulling manifest [K
pulling 9d507a36062c:  53% ▕█████████         ▏  35 GB/ 67 GB  283 MB/s   1m52s[K[?25h[?2026l[?2026h[?25l[A[1Gpulling manifest [K
pulling 9d507a36062c:  53% ▕█████████         ▏  35 GB/ 67 GB  283 MB/s   1m52s[K[?25h[?2026l[?2026h[?25l[A[1Gpulling manifest [K
pulling 9d507a36062c:  53% ▕█████████         ▏  35 GB/ 67 GB  283 MB/s   1m52s[K[?25h[?2026l[?2026h[?25l[A[1Gpulling manifest [K
pulling 9d507a36062c:  53% ▕█████████         ▏  35 GB/ 67 GB  283 MB/s   1m52s[K[?25h[?2026l[?2026h[?25l[A[1Gpulling manifest [K
pulling 9d507a36062c:  53% ▕█████████         ▏  35 GB/ 67 GB  283 MB/s   1m52s[K[?25h[?2026l[?2026h[?25l[A[1Gpulling manifest [K
pulling 9d507a36062c:  53% ▕█████████         ▏  35 GB/ 67 GB  283 MB/s   1m52s[K[?25h[?2026l[?2026h[?25l[A[1Gpulling manifest [K
pulling 9d507a36062c:  53% ▕█████████         ▏  35 GB/ 67 GB  283 MB/s   1m52s[K[?25h[?2026l[?2026h[?25l[A[1Gpulling manifest [K
pulling 9d507a36062c:  53% ▕█████████         ▏  35 GB/ 67 GB  283 MB/s   1m52s[K[?25h[?2026l[?2026h[?25l[A[1Gpulling manifest [K
pulling 9d507a36062c:  53% ▕█████████         ▏  35 GB/ 67 GB  275 MB/s   1m54s[K[?25h[?2026l[?2026h[?25l[A[1Gpulling manifest [K
pulling 9d507a36062c:  53% ▕█████████         ▏  35 GB/ 67 GB  275 MB/s   1m54s[K[?25h[?2026l[?2026h[?25l[A[1Gpulling manifest [K
pulling 9d507a36062c:  53% ▕█████████         ▏  35 GB/ 67 GB  275 MB/s   1m54s[K[?25h[?2026l[?2026h[?25l[A[1Gpulling manifest [K
pulling 9d507a36062c:  53% ▕█████████         ▏  35 GB/ 67 GB  275 MB/s   1m54s[K[?25h[?2026l[?2026h[?25l[A[1Gpulling manifest [K
pulling 9d507a36062c:  53% ▕█████████         ▏  35 GB/ 67 GB  275 MB/s   1m54s[K[?25h[?2026l[?2026h[?25l[A[1Gpulling manifest [K
pulling 9d507a36062c:  53% ▕█████████         ▏  35 GB/ 67 GB  275 MB/s   1m54s[K[?25h[?2026l[?2026h[?25l[A[1Gpulling manifest [K
pulling 9d507a36062c:  53% ▕█████████         ▏  35 GB/ 67 GB  275 MB/s   1m54s[K[?25h[?2026l[?2026h[?25l[A[1Gpulling manifest [K
pulling 9d507a36062c:  53% ▕█████████         ▏  35 GB/ 67 GB  275 MB/s   1m54s[K[?25h[?2026l[?2026h[?25l[A[1Gpulling manifest [K
pulling 9d507a36062c:  53% ▕█████████         ▏  35 GB/ 67 GB  275 MB/s   1m54s[K[?25h[?2026l[?2026h[?25l[A[1Gpulling manifest [K
pulling 9d507a36062c:  53% ▕█████████         ▏  35 GB/ 67 GB  275 MB/s   1m54s[K[?25h[?2026l[?2026h[?25l[A[1Gpulling manifest [K
pulling 9d507a36062c:  53% ▕█████████         ▏  36 GB/ 67 GB  266 MB/s   1m58s[K[?25h[?2026l[?2026h[?25l[A[1Gpulling manifest [K
pulling 9d507a36062c:  53% ▕█████████         ▏  36 GB/ 67 GB  266 MB/s   1m57s[K[?25h[?2026l[?2026h[?25l[A[1Gpulling manifest [K
pulling 9d507a36062c:  53% ▕█████████         ▏  36 GB/ 67 GB  266 MB/s   1m57s[K[?25h[?2026l[?2026h[?25l[A[1Gpulling manifest [K
pulling 9d507a36062c:  53% ▕█████████         ▏  36 GB/ 67 GB  266 MB/s   1m57s[K[?25h[?2026l[?2026h[?25l[A[1Gpulling manifest [K
pulling 9d507a36062c:  53% ▕█████████         ▏  36 GB/ 67 GB  266 MB/s   1m57s[K[?25h[?2026l[?2026h[?25l[A[1Gpulling manifest [K
pulling 9d507a36062c:  54% ▕█████████         ▏  36 GB/ 67 GB  266 MB/s   1m57s[K[?25h[?2026l[?2026h[?25l[A[1Gpulling manifest [K
pulling 9d507a36062c:  54% ▕█████████         ▏  36 GB/ 67 GB  266 MB/s   1m57s[K[?25h[?2026l[?2026h[?25l[A[1Gpulling manifest [K
pulling 9d507a36062c:  54% ▕█████████         ▏  36 GB/ 67 GB  266 MB/s   1m57s[K[?25h[?2026l[?2026h[?25l[A[1Gpulling manifest [K
pulling 9d507a36062c:  54% ▕█████████         ▏  36 GB/ 67 GB  266 MB/s   1m57s[K[?25h[?2026l[?2026h[?25l[A[1Gpulling manifest [K
pulling 9d507a36062c:  54% ▕█████████         ▏  36 GB/ 67 GB  266 MB/s   1m57s[K[?25h[?2026l[?2026h[?25l[A[1Gpulling manifest [K
pulling 9d507a36062c:  54% ▕█████████         ▏  36 GB/ 67 GB  266 MB/s   1m57s[K[?25h[?2026l[?2026h[?25l[A[1Gpulling manifest [K
pulling 9d507a36062c:  54% ▕█████████         ▏  36 GB/ 67 GB  259 MB/s    2m0s[K[?25h[?2026l[?2026h[?25l[A[1Gpulling manifest [K
pulling 9d507a36062c:  54% ▕█████████         ▏  36 GB/ 67 GB  259 MB/s    2m0s[K[?25h[?2026l[?2026h[?25l[A[1Gpulling manifest [K
pulling 9d507a36062c:  54% ▕█████████         ▏  36 GB/ 67 GB  259 MB/s    2m0s[K[?25h[?2026l[?2026h[?25l[A[1Gpulling manifest [K
pulling 9d507a36062c:  54% ▕█████████         ▏  36 GB/ 67 GB  259 MB/s   1m59s[K[?25h[?2026l[?2026h[?25l[A[1Gpulling manifest [K
pulling 9d507a36062c:  54% ▕█████████         ▏  36 GB/ 67 GB  259 MB/s   1m59s[K[?25h[?2026l[?2026h[?25l[A[1Gpulling manifest [K
pulling 9d507a36062c:  54% ▕█████████         ▏  36 GB/ 67 GB  259 MB/s   1m59s[K[?25h[?2026l[?2026h[?25l[A[1Gpulling manifest [K
pulling 9d507a36062c:  54% ▕█████████         ▏  36 GB/ 67 GB  259 MB/s   1m59s[K[?25h[?2026l[?2026h[?25l[A[1Gpulling manifest [K
pulling 9d507a36062c:  54% ▕█████████         ▏  36 GB/ 67 GB  259 MB/s   1m59s[K[?25h[?2026l[?2026h[?25l[A[1Gpulling manifest [K
pulling 9d507a36062c:  54% ▕█████████         ▏  36 GB/ 67 GB  259 MB/s   1m59s[K[?25h[?2026l[?2026h[?25l[A[1Gpulling manifest [K
pulling 9d507a36062c:  54% ▕█████████         ▏  36 GB/ 67 GB  259 MB/s   1m59s[K[?25h[?2026l[?2026h[?25l[A[1Gpulling manifest [K
pulling 9d507a36062c:  54% ▕█████████         ▏  36 GB/ 67 GB  258 MB/s   1m59s[K[?25h[?2026l[?2026h[?25l[A[1Gpulling manifest [K
pulling 9d507a36062c:  54% ▕█████████         ▏  36 GB/ 67 GB  258 MB/s   1m59s[K[?25h[?2026l[?2026h[?25l[A[1Gpulling manifest [K
pulling 9d507a36062c:  54% ▕█████████         ▏  36 GB/ 67 GB  258 MB/s   1m59s[K[?25h[?2026l[?2026h[?25l[A[1Gpulling manifest [K
pulling 9d507a36062c:  54% ▕█████████         ▏  36 GB/ 67 GB  258 MB/s   1m59s[K[?25h[?2026l[?2026h[?25l[A[1Gpulling manifest [K
pulling 9d507a36062c:  54% ▕█████████         ▏  36 GB/ 67 GB  258 MB/s   1m59s[K[?25h[?2026l[?2026h[?25l[A[1Gpulling manifest [K
pulling 9d507a36062c:  54% ▕█████████         ▏  36 GB/ 67 GB  258 MB/s   1m59s[K[?25h[?2026l[?2026h[?25l[A[1Gpulling manifest [K
pulling 9d507a36062c:  54% ▕█████████         ▏  36 GB/ 67 GB  258 MB/s   1m59s[K[?25h[?2026l[?2026h[?25l[A[1Gpulling manifest [K
pulling 9d507a36062c:  54% ▕█████████         ▏  36 GB/ 67 GB  258 MB/s   1m59s[K[?25h[?2026l[?2026h[?25l[A[1Gpulling manifest [K
pulling 9d507a36062c:  54% ▕█████████         ▏  36 GB/ 67 GB  258 MB/s   1m59s[K[?25h[?2026l[?2026h[?25l[A[1Gpulling manifest [K
pulling 9d507a36062c:  54% ▕█████████         ▏  36 GB/ 67 GB  258 MB/s   1m59s[K[?25h[?2026l[?2026h[?25l[A[1Gpulling manifest [K
pulling 9d507a36062c:  54% ▕█████████         ▏  36 GB/ 67 GB  258 MB/s   1m58s[K[?25h[?2026l[?2026h[?25l[A[1Gpulling manifest [K
pulling 9d507a36062c:  54% ▕█████████         ▏  36 GB/ 67 GB  250 MB/s    2m2s[K[?25h[?2026l[?2026h[?25l[A[1Gpulling manifest [K
pulling 9d507a36062c:  54% ▕█████████         ▏  36 GB/ 67 GB  250 MB/s    2m2s[K[?25h[?2026l[?2026h[?25l[A[1Gpulling manifest [K
pulling 9d507a36062c:  54% ▕█████████         ▏  36 GB/ 67 GB  250 MB/s    2m2s[K[?25h[?2026l[?2026h[?25l[A[1Gpulling manifest [K
pulling 9d507a36062c:  55% ▕█████████         ▏  36 GB/ 67 GB  250 MB/s    2m2s[K[?25h[?2026l[?2026h[?25l[A[1Gpulling manifest [K
pulling 9d507a36062c:  55% ▕█████████         ▏  36 GB/ 67 GB  250 MB/s    2m2s[K[?25h[?2026l[?2026h[?25l[A[1Gpulling manifest [K
pulling 9d507a36062c:  55% ▕█████████         ▏  36 GB/ 67 GB  250 MB/s    2m2s[K[?25h[?2026l[?2026h[?25l[A[1Gpulling manifest [K
pulling 9d507a36062c:  55% ▕█████████         ▏  36 GB/ 67 GB  250 MB/s    2m1s[K[?25h[?2026l[?2026h[?25l[A[1Gpulling manifest [K
pulling 9d507a36062c:  55% ▕█████████         ▏  36 GB/ 67 GB  250 MB/s    2m1s[K[?25h[?2026l[?2026h[?25l[A[1Gpulling manifest [K
pulling 9d507a36062c:  55% ▕█████████         ▏  36 GB/ 67 GB  250 MB/s    2m1s[K[?25h[?2026l[?2026h[?25l[A[1Gpulling manifest [K
pulling 9d507a36062c:  55% ▕█████████         ▏  36 GB/ 67 GB  250 MB/s    2m1s[K[?25h[?2026l[?2026h[?25l[A[1Gpulling manifest [K
pulling 9d507a36062c:  55% ▕█████████         ▏  36 GB/ 67 GB  244 MB/s    2m4s[K[?25h[?2026l[?2026h[?25l[A[1Gpulling manifest [K
pulling 9d507a36062c:  55% ▕█████████         ▏  36 GB/ 67 GB  244 MB/s    2m4s[K[?25h[?2026l[?2026h[?25l[A[1Gpulling manifest [K
pulling 9d507a36062c:  55% ▕█████████         ▏  36 GB/ 67 GB  244 MB/s    2m4s[K[?25h[?2026l[?2026h[?25l[A[1Gpulling manifest [K
pulling 9d507a36062c:  55% ▕█████████         ▏  37 GB/ 67 GB  244 MB/s    2m4s[K[?25h[?2026l[?2026h[?25l[A[1Gpulling manifest [K
pulling 9d507a36062c:  55% ▕█████████         ▏  37 GB/ 67 GB  244 MB/s    2m4s[K[?25h[?2026l[?2026h[?25l[A[1Gpulling manifest [K
pulling 9d507a36062c:  55% ▕█████████         ▏  37 GB/ 67 GB  244 MB/s    2m4s[K[?25h[?2026l[?2026h[?25l[A[1Gpulling manifest [K
pulling 9d507a36062c:  55% ▕█████████         ▏  37 GB/ 67 GB  244 MB/s    2m4s[K[?25h[?2026l[?2026h[?25l[A[1Gpulling manifest [K
pulling 9d507a36062c:  55% ▕█████████         ▏  37 GB/ 67 GB  244 MB/s    2m4s[K[?25h[?2026l[?2026h[?25l[A[1Gpulling manifest [K
pulling 9d507a36062c:  55% ▕█████████         ▏  37 GB/ 67 GB  244 MB/s    2m3s[K[?25h[?2026l[?2026h[?25l[A[1Gpulling manifest [K
pulling 9d507a36062c:  55% ▕█████████         ▏  37 GB/ 67 GB  244 MB/s    2m3s[K[?25h[?2026l[?2026h[?25l[A[1Gpulling manifest [K
pulling 9d507a36062c:  55% ▕█████████         ▏  37 GB/ 67 GB  244 MB/s    2m3s[K[?25h[?2026l[?2026h[?25l[A[1Gpulling manifest [K
pulling 9d507a36062c:  55% ▕█████████         ▏  37 GB/ 67 GB  240 MB/s    2m5s[K[?25h[?2026l[?2026h[?25l[A[1Gpulling manifest [K
pulling 9d507a36062c:  55% ▕█████████         ▏  37 GB/ 67 GB  240 MB/s    2m5s[K[?25h[?2026l[?2026h[?25l[A[1Gpulling manifest [K
pulling 9d507a36062c:  55% ▕█████████         ▏  37 GB/ 67 GB  240 MB/s    2m5s[K[?25h[?2026l[?2026h[?25l[A[1Gpulling manifest [K
pulling 9d507a36062c:  55% ▕█████████         ▏  37 GB/ 67 GB  240 MB/s    2m5s[K[?25h[?2026l[?2026h[?25l[A[1Gpulling manifest [K
pulling 9d507a36062c:  55% ▕█████████         ▏  37 GB/ 67 GB  240 MB/s    2m5s[K[?25h[?2026l[?2026h[?25l[A[1Gpulling manifest [K
pulling 9d507a36062c:  55% ▕█████████         ▏  37 GB/ 67 GB  240 MB/s    2m5s[K[?25h[?2026l[?2026h[?25l[A[1Gpulling manifest [K
pulling 9d507a36062c:  55% ▕█████████         ▏  37 GB/ 67 GB  240 MB/s    2m5s[K[?25h[?2026l[?2026h[?25l[A[1Gpulling manifest [K
pulling 9d507a36062c:  55% ▕█████████         ▏  37 GB/ 67 GB  240 MB/s    2m5s[K[?25h[?2026l[?2026h[?25l[A[1Gpulling manifest [K
pulling 9d507a36062c:  55% ▕█████████         ▏  37 GB/ 67 GB  240 MB/s    2m5s[K[?25h[?2026l[?2026h[?25l[A[1Gpulling manifest [K
pulling 9d507a36062c:  55% ▕█████████         ▏  37 GB/ 67 GB  240 MB/s    2m5s[K[?25h[?2026l[?2026h[?25l[A[1Gpulling manifest [K
pulling 9d507a36062c:  55% ▕█████████         ▏  37 GB/ 67 GB  237 MB/s    2m6s[K[?25h[?2026l[?2026h[?25l[A[1Gpulling manifest [K
pulling 9d507a36062c:  55% ▕█████████         ▏  37 GB/ 67 GB  237 MB/s    2m6s[K[?25h[?2026l[?2026h[?25l[A[1Gpulling manifest [K
pulling 9d507a36062c:  56% ▕█████████         ▏  37 GB/ 67 GB  237 MB/s    2m6s[K[?25h[?2026l[?2026h[?25l[A[1Gpulling manifest [K
pulling 9d507a36062c:  56% ▕██████████        ▏  37 GB/ 67 GB  237 MB/s    2m6s[K[?25h[?2026l[?2026h[?25l[A[1Gpulling manifest [K
pulling 9d507a36062c:  56% ▕██████████        ▏  37 GB/ 67 GB  237 MB/s    2m6s[K[?25h[?2026l[?2026h[?25l[A[1Gpulling manifest [K
pulling 9d507a36062c:  56% ▕██████████        ▏  37 GB/ 67 GB  237 MB/s    2m6s[K[?25h[?2026l[?2026h[?25l[A[1Gpulling manifest [K
pulling 9d507a36062c:  56% ▕██████████        ▏  37 GB/ 67 GB  237 MB/s    2m5s[K[?25h[?2026l[?2026h[?25l[A[1Gpulling manifest [K
pulling 9d507a36062c:  56% ▕██████████        ▏  37 GB/ 67 GB  237 MB/s    2m5s[K[?25h[?2026l[?2026h[?25l[A[1Gpulling manifest [K
pulling 9d507a36062c:  56% ▕██████████        ▏  37 GB/ 67 GB  237 MB/s    2m5s[K[?25h[?2026l[?2026h[?25l[A[1Gpulling manifest [K
pulling 9d507a36062c:  56% ▕██████████        ▏  37 GB/ 67 GB  237 MB/s    2m5s[K[?25h[?2026l[?2026h[?25l[A[1Gpulling manifest [K
pulling 9d507a36062c:  56% ▕██████████        ▏  37 GB/ 67 GB  237 MB/s    2m5s[K[?25h[?2026l[?2026h[?25l[A[1Gpulling manifest [K
pulling 9d507a36062c:  56% ▕██████████        ▏  37 GB/ 67 GB  240 MB/s    2m3s[K[?25h[?2026l[?2026h[?25l[A[1Gpulling manifest [K
pulling 9d507a36062c:  56% ▕██████████        ▏  37 GB/ 67 GB  240 MB/s    2m3s[K[?25h[?2026l[?2026h[?25l[A[1Gpulling manifest [K
pulling 9d507a36062c:  56% ▕██████████        ▏  37 GB/ 67 GB  240 MB/s    2m3s[K[?25h[?2026l[?2026h[?25l[A[1Gpulling manifest [K
pulling 9d507a36062c:  56% ▕██████████        ▏  37 GB/ 67 GB  240 MB/s    2m3s[K[?25h[?2026l[?2026h[?25l[A[1Gpulling manifest [K
pulling 9d507a36062c:  56% ▕██████████        ▏  37 GB/ 67 GB  240 MB/s    2m3s[K[?25h[?2026l[?2026h[?25l[A[1Gpulling manifest [K
pulling 9d507a36062c:  56% ▕██████████        ▏  37 GB/ 67 GB  240 MB/s    2m3s[K[?25h[?2026l[?2026h[?25l[A[1Gpulling manifest [K
pulling 9d507a36062c:  56% ▕██████████        ▏  37 GB/ 67 GB  240 MB/s    2m3s[K[?25h[?2026l[?2026h[?25l[A[1Gpulling manifest [K
pulling 9d507a36062c:  56% ▕██████████        ▏  37 GB/ 67 GB  240 MB/s    2m3s[K[?25h[?2026l[?2026h[?25l[A[1Gpulling manifest [K
pulling 9d507a36062c:  56% ▕██████████        ▏  37 GB/ 67 GB  240 MB/s    2m3s[K[?25h[?2026l[?2026h[?25l[A[1Gpulling manifest [K
pulling 9d507a36062c:  56% ▕██████████        ▏  37 GB/ 67 GB  240 MB/s    2m2s[K[?25h[?2026l[?2026h[?25l[A[1Gpulling manifest [K
pulling 9d507a36062c:  56% ▕██████████        ▏  37 GB/ 67 GB  244 MB/s    2m0s[K[?25h[?2026l[?2026h[?25l[A[1Gpulling manifest [K
pulling 9d507a36062c:  56% ▕██████████        ▏  37 GB/ 67 GB  244 MB/s    2m0s[K[?25h[?2026l[?2026h[?25l[A[1Gpulling manifest [K
pulling 9d507a36062c:  56% ▕██████████        ▏  37 GB/ 67 GB  244 MB/s    2m0s[K[?25h[?2026l[?2026h[?25l[A[1Gpulling manifest [K
pulling 9d507a36062c:  56% ▕██████████        ▏  38 GB/ 67 GB  244 MB/s    2m0s[K[?25h[?2026l[?2026h[?25l[A[1Gpulling manifest [K
pulling 9d507a36062c:  56% ▕██████████        ▏  38 GB/ 67 GB  244 MB/s    2m0s[K[?25h[?2026l[?2026h[?25l[A[1Gpulling manifest [K
pulling 9d507a36062c:  56% ▕██████████        ▏  38 GB/ 67 GB  244 MB/s    2m0s[K[?25h[?2026l[?2026h[?25l[A[1Gpulling manifest [K
pulling 9d507a36062c:  56% ▕██████████        ▏  38 GB/ 67 GB  244 MB/s   1m59s[K[?25h[?2026l[?2026h[?25l[A[1Gpulling manifest [K
pulling 9d507a36062c:  57% ▕██████████        ▏  38 GB/ 67 GB  244 MB/s   1m59s[K[?25h[?2026l[?2026h[?25l[A[1Gpulling manifest [K
pulling 9d507a36062c:  57% ▕██████████        ▏  38 GB/ 67 GB  244 MB/s   1m59s[K[?25h[?2026l[?2026h[?25l[A[1Gpulling manifest [K
pulling 9d507a36062c:  57% ▕██████████        ▏  38 GB/ 67 GB  244 MB/s   1m59s[K[?25h[?2026l[?2026h[?25l[A[1Gpulling manifest [K
pulling 9d507a36062c:  57% ▕██████████        ▏  38 GB/ 67 GB  244 MB/s   1m59s[K[?25h[?2026l[?2026h[?25l[A[1Gpulling manifest [K
pulling 9d507a36062c:  57% ▕██████████        ▏  38 GB/ 67 GB  247 MB/s   1m57s[K[?25h[?2026l[?2026h[?25l[A[1Gpulling manifest [K
pulling 9d507a36062c:  57% ▕██████████        ▏  38 GB/ 67 GB  247 MB/s   1m57s[K[?25h[?2026l[?2026h[?25l[A[1Gpulling manifest [K
pulling 9d507a36062c:  57% ▕██████████        ▏  38 GB/ 67 GB  247 MB/s   1m57s[K[?25h[?2026l[?2026h[?25l[A[1Gpulling manifest [K
pulling 9d507a36062c:  57% ▕██████████        ▏  38 GB/ 67 GB  247 MB/s   1m57s[K[?25h[?2026l[?2026h[?25l[A[1Gpulling manifest [K
pulling 9d507a36062c:  57% ▕██████████        ▏  38 GB/ 67 GB  247 MB/s   1m57s[K[?25h[?2026l[?2026h[?25l[A[1Gpulling manifest [K
pulling 9d507a36062c:  57% ▕██████████        ▏  38 GB/ 67 GB  247 MB/s   1m57s[K[?25h[?2026l[?2026h[?25l[A[1Gpulling manifest [K
pulling 9d507a36062c:  57% ▕██████████        ▏  38 GB/ 67 GB  247 MB/s   1m57s[K[?25h[?2026l[?2026h[?25l[A[1Gpulling manifest [K
pulling 9d507a36062c:  57% ▕██████████        ▏  38 GB/ 67 GB  247 MB/s   1m57s[K[?25h[?2026l[?2026h[?25l[A[1Gpulling manifest [K
pulling 9d507a36062c:  57% ▕██████████        ▏  38 GB/ 67 GB  247 MB/s   1m57s[K[?25h[?2026l[?2026h[?25l[A[1Gpulling manifest [K
pulling 9d507a36062c:  57% ▕██████████        ▏  38 GB/ 67 GB  247 MB/s   1m57s[K[?25h[?2026l[?2026h[?25l[A[1Gpulling manifest [K
pulling 9d507a36062c:  57% ▕██████████        ▏  38 GB/ 67 GB  249 MB/s   1m56s[K[?25h[?2026l[?2026h[?25l[A[1Gpulling manifest [K
pulling 9d507a36062c:  57% ▕██████████        ▏  38 GB/ 67 GB  249 MB/s   1m56s[K[?25h[?2026l[?2026h[?25l[A[1Gpulling manifest [K
pulling 9d507a36062c:  57% ▕██████████        ▏  38 GB/ 67 GB  249 MB/s   1m56s[K[?25h[?2026l[?2026h[?25l[A[1Gpulling manifest [K
pulling 9d507a36062c:  57% ▕██████████        ▏  38 GB/ 67 GB  249 MB/s   1m55s[K[?25h[?2026l[?2026h[?25l[A[1Gpulling manifest [K
pulling 9d507a36062c:  57% ▕██████████        ▏  38 GB/ 67 GB  249 MB/s   1m55s[K[?25h[?2026l[?2026h[?25l[A[1Gpulling manifest [K
pulling 9d507a36062c:  57% ▕██████████        ▏  38 GB/ 67 GB  249 MB/s   1m55s[K[?25h[?2026l[?2026h[?25l[A[1Gpulling manifest [K
pulling 9d507a36062c:  57% ▕██████████        ▏  38 GB/ 67 GB  249 MB/s   1m55s[K[?25h[?2026l[?2026h[?25l[A[1Gpulling manifest [K
pulling 9d507a36062c:  57% ▕██████████        ▏  38 GB/ 67 GB  249 MB/s   1m55s[K[?25h[?2026l[?2026h[?25l[A[1Gpulling manifest [K
pulling 9d507a36062c:  57% ▕██████████        ▏  38 GB/ 67 GB  249 MB/s   1m55s[K[?25h[?2026l[?2026h[?25l[A[1Gpulling manifest [K
pulling 9d507a36062c:  57% ▕██████████        ▏  38 GB/ 67 GB  249 MB/s   1m55s[K[?25h[?2026l[?2026h[?25l[A[1Gpulling manifest [K
pulling 9d507a36062c:  57% ▕██████████        ▏  38 GB/ 67 GB  249 MB/s   1m55s[K[?25h[?2026l[?2026h[?25l[A[1Gpulling manifest [K
pulling 9d507a36062c:  57% ▕██████████        ▏  38 GB/ 67 GB  249 MB/s   1m55s[K[?25h[?2026l[?2026h[?25l[A[1Gpulling manifest [K
pulling 9d507a36062c:  57% ▕██████████        ▏  38 GB/ 67 GB  249 MB/s   1m55s[K[?25h[?2026l[?2026h[?25l[A[1Gpulling manifest [K
pulling 9d507a36062c:  57% ▕██████████        ▏  38 GB/ 67 GB  249 MB/s   1m55s[K[?25h[?2026l[?2026h[?25l[A[1Gpulling manifest [K
pulling 9d507a36062c:  58% ▕██████████        ▏  38 GB/ 67 GB  249 MB/s   1m54s[K[?25h[?2026l[?2026h[?25l[A[1Gpulling manifest [K
pulling 9d507a36062c:  58% ▕██████████        ▏  38 GB/ 67 GB  249 MB/s   1m54s[K[?25h[?2026l[?2026h[?25l[A[1Gpulling manifest [K
pulling 9d507a36062c:  58% ▕██████████        ▏  38 GB/ 67 GB  249 MB/s   1m54s[K[?25h[?2026l[?2026h[?25l[A[1Gpulling manifest [K
pulling 9d507a36062c:  58% ▕██████████        ▏  38 GB/ 67 GB  249 MB/s   1m54s[K[?25h[?2026l[?2026h[?25l[A[1Gpulling manifest [K
pulling 9d507a36062c:  58% ▕██████████        ▏  38 GB/ 67 GB  249 MB/s   1m54s[K[?25h[?2026l[?2026h[?25l[A[1Gpulling manifest [K
pulling 9d507a36062c:  58% ▕██████████        ▏  38 GB/ 67 GB  249 MB/s   1m54s[K[?25h[?2026l[?2026h[?25l[A[1Gpulling manifest [K
pulling 9d507a36062c:  58% ▕██████████        ▏  38 GB/ 67 GB  249 MB/s   1m54s[K[?25h[?2026l[?2026h[?25l[A[1Gpulling manifest [K
pulling 9d507a36062c:  58% ▕██████████        ▏  39 GB/ 67 GB  255 MB/s   1m51s[K[?25h[?2026l[?2026h[?25l[A[1Gpulling manifest [K
pulling 9d507a36062c:  58% ▕██████████        ▏  39 GB/ 67 GB  255 MB/s   1m51s[K[?25h[?2026l[?2026h[?25l[A[1Gpulling manifest [K
pulling 9d507a36062c:  58% ▕██████████        ▏  39 GB/ 67 GB  255 MB/s   1m51s[K[?25h[?2026l[?2026h[?25l[A[1Gpulling manifest [K
pulling 9d507a36062c:  58% ▕██████████        ▏  39 GB/ 67 GB  255 MB/s   1m51s[K[?25h[?2026l[?2026h[?25l[A[1Gpulling manifest [K
pulling 9d507a36062c:  58% ▕██████████        ▏  39 GB/ 67 GB  255 MB/s   1m51s[K[?25h[?2026l[?2026h[?25l[A[1Gpulling manifest [K
pulling 9d507a36062c:  58% ▕██████████        ▏  39 GB/ 67 GB  255 MB/s   1m51s[K[?25h[?2026l[?2026h[?25l[A[1Gpulling manifest [K
pulling 9d507a36062c:  58% ▕██████████        ▏  39 GB/ 67 GB  255 MB/s   1m50s[K[?25h[?2026l[?2026h[?25l[A[1Gpulling manifest [K
pulling 9d507a36062c:  58% ▕██████████        ▏  39 GB/ 67 GB  255 MB/s   1m50s[K[?25h[?2026l[?2026h[?25l[A[1Gpulling manifest [K
pulling 9d507a36062c:  58% ▕██████████        ▏  39 GB/ 67 GB  255 MB/s   1m50s[K[?25h[?2026l[?2026h[?25l[A[1Gpulling manifest [K
pulling 9d507a36062c:  58% ▕██████████        ▏  39 GB/ 67 GB  255 MB/s   1m50s[K[?25h[?2026l[?2026h[?25l[A[1Gpulling manifest [K
pulling 9d507a36062c:  58% ▕██████████        ▏  39 GB/ 67 GB  255 MB/s   1m50s[K[?25h[?2026l[?2026h[?25l[A[1Gpulling manifest [K
pulling 9d507a36062c:  58% ▕██████████        ▏  39 GB/ 67 GB  231 MB/s    2m1s[K[?25h[?2026l[?2026h[?25l[A[1Gpulling manifest [K
pulling 9d507a36062c:  58% ▕██████████        ▏  39 GB/ 67 GB  231 MB/s    2m1s[K[?25h[?2026l[?2026h[?25l[A[1Gpulling manifest [K
pulling 9d507a36062c:  58% ▕██████████        ▏  39 GB/ 67 GB  231 MB/s    2m1s[K[?25h[?2026l[?2026h[?25l[A[1Gpulling manifest [K
pulling 9d507a36062c:  58% ▕██████████        ▏  39 GB/ 67 GB  231 MB/s    2m1s[K[?25h[?2026l[?2026h[?25l[A[1Gpulling manifest [K
pulling 9d507a36062c:  58% ▕██████████        ▏  39 GB/ 67 GB  231 MB/s    2m1s[K[?25h[?2026l[?2026h[?25l[A[1Gpulling manifest [K
pulling 9d507a36062c:  58% ▕██████████        ▏  39 GB/ 67 GB  231 MB/s    2m1s[K[?25h[?2026l[?2026h[?25l[A[1Gpulling manifest [K
pulling 9d507a36062c:  58% ▕██████████        ▏  39 GB/ 67 GB  231 MB/s    2m1s[K[?25h[?2026l[?2026h[?25l[A[1Gpulling manifest [K
pulling 9d507a36062c:  58% ▕██████████        ▏  39 GB/ 67 GB  231 MB/s    2m0s[K[?25h[?2026l[?2026h[?25l[A[1Gpulling manifest [K
pulling 9d507a36062c:  58% ▕██████████        ▏  39 GB/ 67 GB  231 MB/s    2m0s[K[?25h[?2026l[?2026h[?25l[A[1Gpulling manifest [K
pulling 9d507a36062c:  59% ▕██████████        ▏  39 GB/ 67 GB  231 MB/s    2m0s[K[?25h[?2026l[?2026h[?25l[A[1Gpulling manifest [K
pulling 9d507a36062c:  59% ▕██████████        ▏  39 GB/ 67 GB  258 MB/s   1m48s[K[?25h[?2026l[?2026h[?25l[A[1Gpulling manifest [K
pulling 9d507a36062c:  59% ▕██████████        ▏  39 GB/ 67 GB  258 MB/s   1m48s[K[?25h[?2026l[?2026h[?25l[A[1Gpulling manifest [K
pulling 9d507a36062c:  59% ▕██████████        ▏  39 GB/ 67 GB  258 MB/s   1m48s[K[?25h[?2026l[?2026h[?25l[A[1Gpulling manifest [K
pulling 9d507a36062c:  59% ▕██████████        ▏  39 GB/ 67 GB  258 MB/s   1m47s[K[?25h[?2026l[?2026h[?25l[A[1Gpulling manifest [K
pulling 9d507a36062c:  59% ▕██████████        ▏  39 GB/ 67 GB  258 MB/s   1m47s[K[?25h[?2026l[?2026h[?25l[A[1Gpulling manifest [K
pulling 9d507a36062c:  59% ▕██████████        ▏  39 GB/ 67 GB  258 MB/s   1m47s[K[?25h[?2026l[?2026h[?25l[A[1Gpulling manifest [K
pulling 9d507a36062c:  59% ▕██████████        ▏  39 GB/ 67 GB  258 MB/s   1m47s[K[?25h[?2026l[?2026h[?25l[A[1Gpulling manifest [K
pulling 9d507a36062c:  59% ▕██████████        ▏  39 GB/ 67 GB  258 MB/s   1m47s[K[?25h[?2026l[?2026h[?25l[A[1Gpulling manifest [K
pulling 9d507a36062c:  59% ▕██████████        ▏  39 GB/ 67 GB  258 MB/s   1m47s[K[?25h[?2026l[?2026h[?25l[A[1Gpulling manifest [K
pulling 9d507a36062c:  59% ▕██████████        ▏  39 GB/ 67 GB  258 MB/s   1m47s[K[?25h[?2026l[?2026h[?25l[A[1Gpulling manifest [K
pulling 9d507a36062c:  59% ▕██████████        ▏  39 GB/ 67 GB  258 MB/s   1m47s[K[?25h[?2026l[?2026h[?25l[A[1Gpulling manifest [K
pulling 9d507a36062c:  59% ▕██████████        ▏  39 GB/ 67 GB  261 MB/s   1m45s[K[?25h[?2026l[?2026h[?25l[A[1Gpulling manifest [K
pulling 9d507a36062c:  59% ▕██████████        ▏  39 GB/ 67 GB  261 MB/s   1m45s[K[?25h[?2026l[?2026h[?25l[A[1Gpulling manifest [K
pulling 9d507a36062c:  59% ▕██████████        ▏  39 GB/ 67 GB  261 MB/s   1m45s[K[?25h[?2026l[?2026h[?25l[A[1Gpulling manifest [K
pulling 9d507a36062c:  59% ▕██████████        ▏  39 GB/ 67 GB  261 MB/s   1m45s[K[?25h[?2026l[?2026h[?25l[A[1Gpulling manifest [K
pulling 9d507a36062c:  59% ▕██████████        ▏  39 GB/ 67 GB  261 MB/s   1m45s[K[?25h[?2026l[?2026h[?25l[A[1Gpulling manifest [K
pulling 9d507a36062c:  59% ▕██████████        ▏  39 GB/ 67 GB  261 MB/s   1m45s[K[?25h[?2026l[?2026h[?25l[A[1Gpulling manifest [K
pulling 9d507a36062c:  59% ▕██████████        ▏  39 GB/ 67 GB  261 MB/s   1m45s[K[?25h[?2026l[?2026h[?25l[A[1Gpulling manifest [K
pulling 9d507a36062c:  59% ▕██████████        ▏  39 GB/ 67 GB  261 MB/s   1m45s[K[?25h[?2026l[?2026h[?25l[A[1Gpulling manifest [K
pulling 9d507a36062c:  59% ▕██████████        ▏  39 GB/ 67 GB  261 MB/s   1m45s[K[?25h[?2026l[?2026h[?25l[A[1Gpulling manifest [K
pulling 9d507a36062c:  59% ▕██████████        ▏  40 GB/ 67 GB  261 MB/s   1m44s[K[?25h[?2026l[?2026h[?25l[A[1Gpulling manifest [K
pulling 9d507a36062c:  59% ▕██████████        ▏  40 GB/ 67 GB  263 MB/s   1m44s[K[?25h[?2026l[?2026h[?25l[A[1Gpulling manifest [K
pulling 9d507a36062c:  59% ▕██████████        ▏  40 GB/ 67 GB  263 MB/s   1m44s[K[?25h[?2026l[?2026h[?25l[A[1Gpulling manifest [K
pulling 9d507a36062c:  59% ▕██████████        ▏  40 GB/ 67 GB  263 MB/s   1m43s[K[?25h[?2026l[?2026h[?25l[A[1Gpulling manifest [K
pulling 9d507a36062c:  59% ▕██████████        ▏  40 GB/ 67 GB  263 MB/s   1m43s[K[?25h[?2026l[?2026h[?25l[A[1Gpulling manifest [K
pulling 9d507a36062c:  59% ▕██████████        ▏  40 GB/ 67 GB  263 MB/s   1m43s[K[?25h[?2026l[?2026h[?25l[A[1Gpulling manifest [K
pulling 9d507a36062c:  60% ▕██████████        ▏  40 GB/ 67 GB  263 MB/s   1m43s[K[?25h[?2026l[?2026h[?25l[A[1Gpulling manifest [K
pulling 9d507a36062c:  60% ▕██████████        ▏  40 GB/ 67 GB  263 MB/s   1m43s[K[?25h[?2026l[?2026h[?25l[A[1Gpulling manifest [K
pulling 9d507a36062c:  60% ▕██████████        ▏  40 GB/ 67 GB  263 MB/s   1m43s[K[?25h[?2026l[?2026h[?25l[A[1Gpulling manifest [K
pulling 9d507a36062c:  60% ▕██████████        ▏  40 GB/ 67 GB  263 MB/s   1m43s[K[?25h[?2026l[?2026h[?25l[A[1Gpulling manifest [K
pulling 9d507a36062c:  60% ▕██████████        ▏  40 GB/ 67 GB  263 MB/s   1m43s[K[?25h[?2026l[?2026h[?25l[A[1Gpulling manifest [K
pulling 9d507a36062c:  60% ▕██████████        ▏  40 GB/ 67 GB  263 MB/s   1m43s[K[?25h[?2026l[?2026h[?25l[A[1Gpulling manifest [K
pulling 9d507a36062c:  60% ▕██████████        ▏  40 GB/ 67 GB  260 MB/s   1m44s[K[?25h[?2026l[?2026h[?25l[A[1Gpulling manifest [K
pulling 9d507a36062c:  60% ▕██████████        ▏  40 GB/ 67 GB  260 MB/s   1m44s[K[?25h[?2026l[?2026h[?25l[A[1Gpulling manifest [K
pulling 9d507a36062c:  60% ▕██████████        ▏  40 GB/ 67 GB  260 MB/s   1m43s[K[?25h[?2026l[?2026h[?25l[A[1Gpulling manifest [K
pulling 9d507a36062c:  60% ▕██████████        ▏  40 GB/ 67 GB  260 MB/s   1m43s[K[?25h[?2026l[?2026h[?25l[A[1Gpulling manifest [K
pulling 9d507a36062c:  60% ▕██████████        ▏  40 GB/ 67 GB  260 MB/s   1m43s[K[?25h[?2026l[?2026h[?25l[A[1Gpulling manifest [K
pulling 9d507a36062c:  60% ▕██████████        ▏  40 GB/ 67 GB  260 MB/s   1m43s[K[?25h[?2026l[?2026h[?25l[A[1Gpulling manifest [K
pulling 9d507a36062c:  60% ▕██████████        ▏  40 GB/ 67 GB  260 MB/s   1m43s[K[?25h[?2026l[?2026h[?25l[A[1Gpulling manifest [K
pulling 9d507a36062c:  60% ▕██████████        ▏  40 GB/ 67 GB  260 MB/s   1m43s[K[?25h[?2026l[?2026h[?25l[A[1Gpulling manifest [K
pulling 9d507a36062c:  60% ▕██████████        ▏  40 GB/ 67 GB  260 MB/s   1m43s[K[?25h[?2026l[?2026h[?25l[A[1Gpulling manifest [K
pulling 9d507a36062c:  60% ▕██████████        ▏  40 GB/ 67 GB  260 MB/s   1m43s[K[?25h[?2026l[?2026h[?25l[A[1Gpulling manifest [K
pulling 9d507a36062c:  60% ▕██████████        ▏  40 GB/ 67 GB  257 MB/s   1m44s[K[?25h[?2026l[?2026h[?25l[A[1Gpulling manifest [K
pulling 9d507a36062c:  60% ▕██████████        ▏  40 GB/ 67 GB  257 MB/s   1m44s[K[?25h[?2026l[?2026h[?25l[A[1Gpulling manifest [K
pulling 9d507a36062c:  60% ▕██████████        ▏  40 GB/ 67 GB  257 MB/s   1m44s[K[?25h[?2026l[?2026h[?25l[A[1Gpulling manifest [K
pulling 9d507a36062c:  60% ▕██████████        ▏  40 GB/ 67 GB  257 MB/s   1m44s[K[?25h[?2026l[?2026h[?25l[A[1Gpulling manifest [K
pulling 9d507a36062c:  60% ▕██████████        ▏  40 GB/ 67 GB  257 MB/s   1m44s[K[?25h[?2026l[?2026h[?25l[A[1Gpulling manifest [K
pulling 9d507a36062c:  60% ▕██████████        ▏  40 GB/ 67 GB  257 MB/s   1m43s[K[?25h[?2026l[?2026h[?25l[A[1Gpulling manifest [K
pulling 9d507a36062c:  60% ▕██████████        ▏  40 GB/ 67 GB  257 MB/s   1m43s[K[?25h[?2026l[?2026h[?25l[A[1Gpulling manifest [K
pulling 9d507a36062c:  60% ▕██████████        ▏  40 GB/ 67 GB  257 MB/s   1m43s[K[?25h[?2026l[?2026h[?25l[A[1Gpulling manifest [K
pulling 9d507a36062c:  60% ▕██████████        ▏  40 GB/ 67 GB  257 MB/s   1m43s[K[?25h[?2026l[?2026h[?25l[A[1Gpulling manifest [K
pulling 9d507a36062c:  60% ▕██████████        ▏  40 GB/ 67 GB  257 MB/s   1m43s[K[?25h[?2026l[?2026h[?25l[A[1Gpulling manifest [K
pulling 9d507a36062c:  60% ▕██████████        ▏  40 GB/ 67 GB  257 MB/s   1m43s[K[?25h[?2026l[?2026h[?25l[A[1Gpulling manifest [K
pulling 9d507a36062c:  60% ▕██████████        ▏  40 GB/ 67 GB  256 MB/s   1m43s[K[?25h[?2026l[?2026h[?25l[A[1Gpulling manifest [K
pulling 9d507a36062c:  61% ▕██████████        ▏  40 GB/ 67 GB  256 MB/s   1m43s[K[?25h[?2026l[?2026h[?25l[A[1Gpulling manifest [K
pulling 9d507a36062c:  61% ▕██████████        ▏  40 GB/ 67 GB  256 MB/s   1m43s[K[?25h[?2026l[?2026h[?25l[A[1Gpulling manifest [K
pulling 9d507a36062c:  61% ▕██████████        ▏  40 GB/ 67 GB  256 MB/s   1m43s[K[?25h[?2026l[?2026h[?25l[A[1Gpulling manifest [K
pulling 9d507a36062c:  61% ▕██████████        ▏  40 GB/ 67 GB  256 MB/s   1m43s[K[?25h[?2026l[?2026h[?25l[A[1Gpulling manifest [K
pulling 9d507a36062c:  61% ▕██████████        ▏  40 GB/ 67 GB  256 MB/s   1m43s[K[?25h[?2026l[?2026h[?25l[A[1Gpulling manifest [K
pulling 9d507a36062c:  61% ▕██████████        ▏  40 GB/ 67 GB  256 MB/s   1m43s[K[?25h[?2026l[?2026h[?25l[A[1Gpulling manifest [K
pulling 9d507a36062c:  61% ▕██████████        ▏  40 GB/ 67 GB  256 MB/s   1m43s[K[?25h[?2026l[?2026h[?25l[A[1Gpulling manifest [K
pulling 9d507a36062c:  61% ▕██████████        ▏  40 GB/ 67 GB  256 MB/s   1m43s[K[?25h[?2026l[?2026h[?25l[A[1Gpulling manifest [K
pulling 9d507a36062c:  61% ▕██████████        ▏  41 GB/ 67 GB  256 MB/s   1m42s[K[?25h[?2026l[?2026h[?25l[A[1Gpulling manifest [K
pulling 9d507a36062c:  61% ▕██████████        ▏  41 GB/ 67 GB  256 MB/s   1m42s[K[?25h[?2026l[?2026h[?25l[A[1Gpulling manifest [K
pulling 9d507a36062c:  61% ▕██████████        ▏  41 GB/ 67 GB  256 MB/s   1m42s[K[?25h[?2026l[?2026h[?25l[A[1Gpulling manifest [K
pulling 9d507a36062c:  61% ▕██████████        ▏  41 GB/ 67 GB  256 MB/s   1m42s[K[?25h[?2026l[?2026h[?25l[A[1Gpulling manifest [K
pulling 9d507a36062c:  61% ▕██████████        ▏  41 GB/ 67 GB  256 MB/s   1m42s[K[?25h[?2026l[?2026h[?25l[A[1Gpulling manifest [K
pulling 9d507a36062c:  61% ▕██████████        ▏  41 GB/ 67 GB  256 MB/s   1m42s[K[?25h[?2026l[?2026h[?25l[A[1Gpulling manifest [K
pulling 9d507a36062c:  61% ▕██████████        ▏  41 GB/ 67 GB  256 MB/s   1m42s[K[?25h[?2026l[?2026h[?25l[A[1Gpulling manifest [K
pulling 9d507a36062c:  61% ▕██████████        ▏  41 GB/ 67 GB  256 MB/s   1m42s[K[?25h[?2026l[?2026h[?25l[A[1Gpulling manifest [K
pulling 9d507a36062c:  61% ▕██████████        ▏  41 GB/ 67 GB  256 MB/s   1m42s[K[?25h[?2026l[?2026h[?25l[A[1Gpulling manifest [K
pulling 9d507a36062c:  61% ▕███████████       ▏  41 GB/ 67 GB  256 MB/s   1m41s[K[?25h[?2026l[?2026h[?25l[A[1Gpulling manifest [K
pulling 9d507a36062c:  61% ▕███████████       ▏  41 GB/ 67 GB  256 MB/s   1m41s[K[?25h[?2026l[?2026h[?25l[A[1Gpulling manifest [K
pulling 9d507a36062c:  61% ▕███████████       ▏  41 GB/ 67 GB  256 MB/s   1m41s[K[?25h[?2026l[?2026h[?25l[A[1Gpulling manifest [K
pulling 9d507a36062c:  61% ▕███████████       ▏  41 GB/ 67 GB  254 MB/s   1m42s[K[?25h[?2026l[?2026h[?25l[A[1Gpulling manifest [K
pulling 9d507a36062c:  61% ▕███████████       ▏  41 GB/ 67 GB  254 MB/s   1m42s[K[?25h[?2026l[?2026h[?25l[A[1Gpulling manifest [K
pulling 9d507a36062c:  61% ▕███████████       ▏  41 GB/ 67 GB  254 MB/s   1m42s[K[?25h[?2026l[?2026h[?25l[A[1Gpulling manifest [K
pulling 9d507a36062c:  61% ▕███████████       ▏  41 GB/ 67 GB  254 MB/s   1m42s[K[?25h[?2026l[?2026h[?25l[A[1Gpulling manifest [K
pulling 9d507a36062c:  61% ▕███████████       ▏  41 GB/ 67 GB  254 MB/s   1m42s[K[?25h[?2026l[?2026h[?25l[A[1Gpulling manifest [K
pulling 9d507a36062c:  61% ▕███████████       ▏  41 GB/ 67 GB  254 MB/s   1m42s[K[?25h[?2026l[?2026h[?25l[A[1Gpulling manifest [K
pulling 9d507a36062c:  61% ▕███████████       ▏  41 GB/ 67 GB  254 MB/s   1m42s[K[?25h[?2026l[?2026h[?25l[A[1Gpulling manifest [K
pulling 9d507a36062c:  61% ▕███████████       ▏  41 GB/ 67 GB  254 MB/s   1m42s[K[?25h[?2026l[?2026h[?25l[A[1Gpulling manifest [K
pulling 9d507a36062c:  61% ▕███████████       ▏  41 GB/ 67 GB  254 MB/s   1m42s[K[?25h[?2026l[?2026h[?25l[A[1Gpulling manifest [K
pulling 9d507a36062c:  62% ▕███████████       ▏  41 GB/ 67 GB  254 MB/s   1m41s[K[?25h[?2026l[?2026h[?25l[A[1Gpulling manifest [K
pulling 9d507a36062c:  62% ▕███████████       ▏  41 GB/ 67 GB  251 MB/s   1m43s[K[?25h[?2026l[?2026h[?25l[A[1Gpulling manifest [K
pulling 9d507a36062c:  62% ▕███████████       ▏  41 GB/ 67 GB  251 MB/s   1m43s[K[?25h[?2026l[?2026h[?25l[A[1Gpulling manifest [K
pulling 9d507a36062c:  62% ▕███████████       ▏  41 GB/ 67 GB  251 MB/s   1m42s[K[?25h[?2026l[?2026h[?25l[A[1Gpulling manifest [K
pulling 9d507a36062c:  62% ▕███████████       ▏  41 GB/ 67 GB  251 MB/s   1m42s[K[?25h[?2026l[?2026h[?25l[A[1Gpulling manifest [K
pulling 9d507a36062c:  62% ▕███████████       ▏  41 GB/ 67 GB  251 MB/s   1m42s[K[?25h[?2026l[?2026h[?25l[A[1Gpulling manifest [K
pulling 9d507a36062c:  62% ▕███████████       ▏  41 GB/ 67 GB  251 MB/s   1m42s[K[?25h[?2026l[?2026h[?25l[A[1Gpulling manifest [K
pulling 9d507a36062c:  62% ▕███████████       ▏  41 GB/ 67 GB  251 MB/s   1m42s[K[?25h[?2026l[?2026h[?25l[A[1Gpulling manifest [K
pulling 9d507a36062c:  62% ▕███████████       ▏  41 GB/ 67 GB  251 MB/s   1m42s[K[?25h[?2026l[?2026h[?25l[A[1Gpulling manifest [K
pulling 9d507a36062c:  62% ▕███████████       ▏  41 GB/ 67 GB  251 MB/s   1m42s[K[?25h[?2026l[?2026h[?25l[A[1Gpulling manifest [K
pulling 9d507a36062c:  62% ▕███████████       ▏  41 GB/ 67 GB  251 MB/s   1m42s[K[?25h[?2026l[?2026h[?25l[A[1Gpulling manifest [K
pulling 9d507a36062c:  62% ▕███████████       ▏  41 GB/ 67 GB  251 MB/s   1m42s[K[?25h[?2026l[?2026h[?25l[A[1Gpulling manifest [K
pulling 9d507a36062c:  62% ▕███████████       ▏  41 GB/ 67 GB  257 MB/s   1m39s[K[?25h[?2026l[?2026h[?25l[A[1Gpulling manifest [K
pulling 9d507a36062c:  62% ▕███████████       ▏  41 GB/ 67 GB  257 MB/s   1m39s[K[?25h[?2026l[?2026h[?25l[A[1Gpulling manifest [K
pulling 9d507a36062c:  62% ▕███████████       ▏  41 GB/ 67 GB  257 MB/s   1m39s[K[?25h[?2026l[?2026h[?25l[A[1Gpulling manifest [K
pulling 9d507a36062c:  62% ▕███████████       ▏  41 GB/ 67 GB  257 MB/s   1m39s[K[?25h[?2026l[?2026h[?25l[A[1Gpulling manifest [K
pulling 9d507a36062c:  62% ▕███████████       ▏  41 GB/ 67 GB  257 MB/s   1m39s[K[?25h[?2026l[?2026h[?25l[A[1Gpulling manifest [K
pulling 9d507a36062c:  62% ▕███████████       ▏  41 GB/ 67 GB  257 MB/s   1m39s[K[?25h[?2026l[?2026h[?25l[A[1Gpulling manifest [K
pulling 9d507a36062c:  62% ▕███████████       ▏  41 GB/ 67 GB  257 MB/s   1m39s[K[?25h[?2026l[?2026h[?25l[A[1Gpulling manifest [K
pulling 9d507a36062c:  62% ▕███████████       ▏  42 GB/ 67 GB  257 MB/s   1m38s[K[?25h[?2026l[?2026h[?25l[A[1Gpulling manifest [K
pulling 9d507a36062c:  62% ▕███████████       ▏  42 GB/ 67 GB  257 MB/s   1m38s[K[?25h[?2026l[?2026h[?25l[A[1Gpulling manifest [K
pulling 9d507a36062c:  62% ▕███████████       ▏  42 GB/ 67 GB  257 MB/s   1m38s[K[?25h[?2026l[?2026h[?25l[A[1Gpulling manifest [K
pulling 9d507a36062c:  62% ▕███████████       ▏  42 GB/ 67 GB  256 MB/s   1m38s[K[?25h[?2026l[?2026h[?25l[A[1Gpulling manifest [K
pulling 9d507a36062c:  62% ▕███████████       ▏  42 GB/ 67 GB  256 MB/s   1m38s[K[?25h[?2026l[?2026h[?25l[A[1Gpulling manifest [K
pulling 9d507a36062c:  62% ▕███████████       ▏  42 GB/ 67 GB  256 MB/s   1m38s[K[?25h[?2026l[?2026h[?25l[A[1Gpulling manifest [K
pulling 9d507a36062c:  62% ▕███████████       ▏  42 GB/ 67 GB  256 MB/s   1m38s[K[?25h[?2026l[?2026h[?25l[A[1Gpulling manifest [K
pulling 9d507a36062c:  62% ▕███████████       ▏  42 GB/ 67 GB  256 MB/s   1m38s[K[?25h[?2026l[?2026h[?25l[A[1Gpulling manifest [K
pulling 9d507a36062c:  63% ▕███████████       ▏  42 GB/ 67 GB  256 MB/s   1m38s[K[?25h[?2026l[?2026h[?25l[A[1Gpulling manifest [K
pulling 9d507a36062c:  63% ▕███████████       ▏  42 GB/ 67 GB  256 MB/s   1m38s[K[?25h[?2026l[?2026h[?25l[A[1Gpulling manifest [K
pulling 9d507a36062c:  63% ▕███████████       ▏  42 GB/ 67 GB  256 MB/s   1m38s[K[?25h[?2026l[?2026h[?25l[A[1Gpulling manifest [K
pulling 9d507a36062c:  63% ▕███████████       ▏  42 GB/ 67 GB  256 MB/s   1m38s[K[?25h[?2026l[?2026h[?25l[A[1Gpulling manifest [K
pulling 9d507a36062c:  63% ▕███████████       ▏  42 GB/ 67 GB  256 MB/s   1m37s[K[?25h[?2026l[?2026h[?25l[A[1Gpulling manifest [K
pulling 9d507a36062c:  63% ▕███████████       ▏  42 GB/ 67 GB  256 MB/s   1m37s[K[?25h[?2026l[?2026h[?25l[A[1Gpulling manifest [K
pulling 9d507a36062c:  63% ▕███████████       ▏  42 GB/ 67 GB  251 MB/s   1m40s[K[?25h[?2026l[?2026h[?25l[A[1Gpulling manifest [K
pulling 9d507a36062c:  63% ▕███████████       ▏  42 GB/ 67 GB  251 MB/s   1m39s[K[?25h[?2026l[?2026h[?25l[A[1Gpulling manifest [K
pulling 9d507a36062c:  63% ▕███████████       ▏  42 GB/ 67 GB  251 MB/s   1m39s[K[?25h[?2026l[?2026h[?25l[A[1Gpulling manifest [K
pulling 9d507a36062c:  63% ▕███████████       ▏  42 GB/ 67 GB  251 MB/s   1m39s[K[?25h[?2026l[?2026h[?25l[A[1Gpulling manifest [K
pulling 9d507a36062c:  63% ▕███████████       ▏  42 GB/ 67 GB  251 MB/s   1m39s[K[?25h[?2026l[?2026h[?25l[A[1Gpulling manifest [K
pulling 9d507a36062c:  63% ▕███████████       ▏  42 GB/ 67 GB  251 MB/s   1m39s[K[?25h[?2026l[?2026h[?25l[A[1Gpulling manifest [K
pulling 9d507a36062c:  63% ▕███████████       ▏  42 GB/ 67 GB  251 MB/s   1m39s[K[?25h[?2026l[?2026h[?25l[A[1Gpulling manifest [K
pulling 9d507a36062c:  63% ▕███████████       ▏  42 GB/ 67 GB  251 MB/s   1m39s[K[?25h[?2026l[?2026h[?25l[A[1Gpulling manifest [K
pulling 9d507a36062c:  63% ▕███████████       ▏  42 GB/ 67 GB  251 MB/s   1m39s[K[?25h[?2026l[?2026h[?25l[A[1Gpulling manifest [K
pulling 9d507a36062c:  63% ▕███████████       ▏  42 GB/ 67 GB  251 MB/s   1m39s[K[?25h[?2026l[?2026h[?25l[A[1Gpulling manifest [K
pulling 9d507a36062c:  63% ▕███████████       ▏  42 GB/ 67 GB  247 MB/s   1m40s[K[?25h[?2026l[?2026h[?25l[A[1Gpulling manifest [K
pulling 9d507a36062c:  63% ▕███████████       ▏  42 GB/ 67 GB  247 MB/s   1m40s[K[?25h[?2026l[?2026h[?25l[A[1Gpulling manifest [K
pulling 9d507a36062c:  63% ▕███████████       ▏  42 GB/ 67 GB  247 MB/s   1m40s[K[?25h[?2026l[?2026h[?25l[A[1Gpulling manifest [K
pulling 9d507a36062c:  63% ▕███████████       ▏  42 GB/ 67 GB  247 MB/s   1m40s[K[?25h[?2026l[?2026h[?25l[A[1Gpulling manifest [K
pulling 9d507a36062c:  63% ▕███████████       ▏  42 GB/ 67 GB  247 MB/s   1m40s[K[?25h[?2026l[?2026h[?25l[A[1Gpulling manifest [K
pulling 9d507a36062c:  63% ▕███████████       ▏  42 GB/ 67 GB  247 MB/s   1m40s[K[?25h[?2026l[?2026h[?25l[A[1Gpulling manifest [K
pulling 9d507a36062c:  63% ▕███████████       ▏  42 GB/ 67 GB  247 MB/s   1m40s[K[?25h[?2026l[?2026h[?25l[A[1Gpulling manifest [K
pulling 9d507a36062c:  63% ▕███████████       ▏  42 GB/ 67 GB  247 MB/s   1m40s[K[?25h[?2026l[?2026h[?25l[A[1Gpulling manifest [K
pulling 9d507a36062c:  63% ▕███████████       ▏  42 GB/ 67 GB  247 MB/s   1m39s[K[?25h[?2026l[?2026h[?25l[A[1Gpulling manifest [K
pulling 9d507a36062c:  63% ▕███████████       ▏  42 GB/ 67 GB  247 MB/s   1m39s[K[?25h[?2026l[?2026h[?25l[A[1Gpulling manifest [K
pulling 9d507a36062c:  63% ▕███████████       ▏  42 GB/ 67 GB  243 MB/s   1m41s[K[?25h[?2026l[?2026h[?25l[A[1Gpulling manifest [K
pulling 9d507a36062c:  63% ▕███████████       ▏  42 GB/ 67 GB  243 MB/s   1m41s[K[?25h[?2026l[?2026h[?25l[A[1Gpulling manifest [K
pulling 9d507a36062c:  63% ▕███████████       ▏  42 GB/ 67 GB  243 MB/s   1m41s[K[?25h[?2026l[?2026h[?25l[A[1Gpulling manifest [K
pulling 9d507a36062c:  63% ▕███████████       ▏  42 GB/ 67 GB  243 MB/s   1m41s[K[?25h[?2026l[?2026h[?25l[A[1Gpulling manifest [K
pulling 9d507a36062c:  63% ▕███████████       ▏  42 GB/ 67 GB  243 MB/s   1m41s[K[?25h[?2026l[?2026h[?25l[A[1Gpulling manifest [K
pulling 9d507a36062c:  64% ▕███████████       ▏  42 GB/ 67 GB  243 MB/s   1m41s[K[?25h[?2026l[?2026h[?25l[A[1Gpulling manifest [K
pulling 9d507a36062c:  64% ▕███████████       ▏  42 GB/ 67 GB  243 MB/s   1m41s[K[?25h[?2026l[?2026h[?25l[A[1Gpulling manifest [K
pulling 9d507a36062c:  64% ▕███████████       ▏  42 GB/ 67 GB  243 MB/s   1m40s[K[?25h[?2026l[?2026h[?25l[A[1Gpulling manifest [K
pulling 9d507a36062c:  64% ▕███████████       ▏  42 GB/ 67 GB  243 MB/s   1m40s[K[?25h[?2026l[?2026h[?25l[A[1Gpulling manifest [K
pulling 9d507a36062c:  64% ▕███████████       ▏  42 GB/ 67 GB  243 MB/s   1m40s[K[?25h[?2026l[?2026h[?25l[A[1Gpulling manifest [K
pulling 9d507a36062c:  64% ▕███████████       ▏  42 GB/ 67 GB  242 MB/s   1m41s[K[?25h[?2026l[?2026h[?25l[A[1Gpulling manifest [K
pulling 9d507a36062c:  64% ▕███████████       ▏  43 GB/ 67 GB  242 MB/s   1m40s[K[?25h[?2026l[?2026h[?25l[A[1Gpulling manifest [K
pulling 9d507a36062c:  64% ▕███████████       ▏  43 GB/ 67 GB  242 MB/s   1m40s[K[?25h[?2026l[?2026h[?25l[A[1Gpulling manifest [K
pulling 9d507a36062c:  64% ▕███████████       ▏  43 GB/ 67 GB  242 MB/s   1m40s[K[?25h[?2026l[?2026h[?25l[A[1Gpulling manifest [K
pulling 9d507a36062c:  64% ▕███████████       ▏  43 GB/ 67 GB  242 MB/s   1m40s[K[?25h[?2026l[?2026h[?25l[A[1Gpulling manifest [K
pulling 9d507a36062c:  64% ▕███████████       ▏  43 GB/ 67 GB  242 MB/s   1m40s[K[?25h[?2026l[?2026h[?25l[A[1Gpulling manifest [K
pulling 9d507a36062c:  64% ▕███████████       ▏  43 GB/ 67 GB  242 MB/s   1m40s[K[?25h[?2026l[?2026h[?25l[A[1Gpulling manifest [K
pulling 9d507a36062c:  64% ▕███████████       ▏  43 GB/ 67 GB  242 MB/s   1m40s[K[?25h[?2026l[?2026h[?25l[A[1Gpulling manifest [K
pulling 9d507a36062c:  64% ▕███████████       ▏  43 GB/ 67 GB  242 MB/s   1m40s[K[?25h[?2026l[?2026h[?25l[A[1Gpulling manifest [K
pulling 9d507a36062c:  64% ▕███████████       ▏  43 GB/ 67 GB  242 MB/s   1m40s[K[?25h[?2026l[?2026h[?25l[A[1Gpulling manifest [K
pulling 9d507a36062c:  64% ▕███████████       ▏  43 GB/ 67 GB  239 MB/s   1m41s[K[?25h[?2026l[?2026h[?25l[A[1Gpulling manifest [K
pulling 9d507a36062c:  64% ▕███████████       ▏  43 GB/ 67 GB  239 MB/s   1m41s[K[?25h[?2026l[?2026h[?25l[A[1Gpulling manifest [K
pulling 9d507a36062c:  64% ▕███████████       ▏  43 GB/ 67 GB  239 MB/s   1m41s[K[?25h[?2026l[?2026h[?25l[A[1Gpulling manifest [K
pulling 9d507a36062c:  64% ▕███████████       ▏  43 GB/ 67 GB  239 MB/s   1m40s[K[?25h[?2026l[?2026h[?25l[A[1Gpulling manifest [K
pulling 9d507a36062c:  64% ▕███████████       ▏  43 GB/ 67 GB  239 MB/s   1m40s[K[?25h[?2026l[?2026h[?25l[A[1Gpulling manifest [K
pulling 9d507a36062c:  64% ▕███████████       ▏  43 GB/ 67 GB  239 MB/s   1m40s[K[?25h[?2026l[?2026h[?25l[A[1Gpulling manifest [K
pulling 9d507a36062c:  64% ▕███████████       ▏  43 GB/ 67 GB  239 MB/s   1m40s[K[?25h[?2026l[?2026h[?25l[A[1Gpulling manifest [K
pulling 9d507a36062c:  64% ▕███████████       ▏  43 GB/ 67 GB  239 MB/s   1m40s[K[?25h[?2026l[?2026h[?25l[A[1Gpulling manifest [K
pulling 9d507a36062c:  64% ▕███████████       ▏  43 GB/ 67 GB  239 MB/s   1m40s[K[?25h[?2026l[?2026h[?25l[A[1Gpulling manifest [K
pulling 9d507a36062c:  64% ▕███████████       ▏  43 GB/ 67 GB  239 MB/s   1m40s[K[?25h[?2026l[?2026h[?25l[A[1Gpulling manifest [K
pulling 9d507a36062c:  64% ▕███████████       ▏  43 GB/ 67 GB  239 MB/s   1m40s[K[?25h[?2026l[?2026h[?25l[A[1Gpulling manifest [K
pulling 9d507a36062c:  64% ▕███████████       ▏  43 GB/ 67 GB  234 MB/s   1m42s[K[?25h[?2026l[?2026h[?25l[A[1Gpulling manifest [K
pulling 9d507a36062c:  64% ▕███████████       ▏  43 GB/ 67 GB  234 MB/s   1m42s[K[?25h[?2026l[?2026h[?25l[A[1Gpulling manifest [K
pulling 9d507a36062c:  64% ▕███████████       ▏  43 GB/ 67 GB  234 MB/s   1m42s[K[?25h[?2026l[?2026h[?25l[A[1Gpulling manifest [K
pulling 9d507a36062c:  64% ▕███████████       ▏  43 GB/ 67 GB  234 MB/s   1m41s[K[?25h[?2026l[?2026h[?25l[A[1Gpulling manifest [K
pulling 9d507a36062c:  65% ▕███████████       ▏  43 GB/ 67 GB  234 MB/s   1m41s[K[?25h[?2026l[?2026h[?25l[A[1Gpulling manifest [K
pulling 9d507a36062c:  65% ▕███████████       ▏  43 GB/ 67 GB  234 MB/s   1m41s[K[?25h[?2026l[?2026h[?25l[A[1Gpulling manifest [K
pulling 9d507a36062c:  65% ▕███████████       ▏  43 GB/ 67 GB  234 MB/s   1m41s[K[?25h[?2026l[?2026h[?25l[A[1Gpulling manifest [K
pulling 9d507a36062c:  65% ▕███████████       ▏  43 GB/ 67 GB  234 MB/s   1m41s[K[?25h[?2026l[?2026h[?25l[A[1Gpulling manifest [K
pulling 9d507a36062c:  65% ▕███████████       ▏  43 GB/ 67 GB  234 MB/s   1m41s[K[?25h[?2026l[?2026h[?25l[A[1Gpulling manifest [K
pulling 9d507a36062c:  65% ▕███████████       ▏  43 GB/ 67 GB  234 MB/s   1m41s[K[?25h[?2026l[?2026h[?25l[A[1Gpulling manifest [K
pulling 9d507a36062c:  65% ▕███████████       ▏  43 GB/ 67 GB  233 MB/s   1m41s[K[?25h[?2026l[?2026h[?25l[A[1Gpulling manifest [K
pulling 9d507a36062c:  65% ▕███████████       ▏  43 GB/ 67 GB  233 MB/s   1m41s[K[?25h[?2026l[?2026h[?25l[A[1Gpulling manifest [K
pulling 9d507a36062c:  65% ▕███████████       ▏  43 GB/ 67 GB  233 MB/s   1m41s[K[?25h[?2026l[?2026h[?25l[A[1Gpulling manifest [K
pulling 9d507a36062c:  65% ▕███████████       ▏  43 GB/ 67 GB  233 MB/s   1m41s[K[?25h[?2026l[?2026h[?25l[A[1Gpulling manifest [K
pulling 9d507a36062c:  65% ▕███████████       ▏  43 GB/ 67 GB  233 MB/s   1m41s[K[?25h[?2026l[?2026h[?25l[A[1Gpulling manifest [K
pulling 9d507a36062c:  65% ▕███████████       ▏  43 GB/ 67 GB  233 MB/s   1m41s[K[?25h[?2026l[?2026h[?25l[A[1Gpulling manifest [K
pulling 9d507a36062c:  65% ▕███████████       ▏  43 GB/ 67 GB  233 MB/s   1m41s[K[?25h[?2026l[?2026h[?25l[A[1Gpulling manifest [K
pulling 9d507a36062c:  65% ▕███████████       ▏  43 GB/ 67 GB  233 MB/s   1m41s[K[?25h[?2026l[?2026h[?25l[A[1Gpulling manifest [K
pulling 9d507a36062c:  65% ▕███████████       ▏  43 GB/ 67 GB  233 MB/s   1m41s[K[?25h[?2026l[?2026h[?25l[A[1Gpulling manifest [K
pulling 9d507a36062c:  65% ▕███████████       ▏  43 GB/ 67 GB  233 MB/s   1m41s[K[?25h[?2026l[?2026h[?25l[A[1Gpulling manifest [K
pulling 9d507a36062c:  65% ▕███████████       ▏  43 GB/ 67 GB  233 MB/s   1m41s[K[?25h[?2026l[?2026h[?25l[A[1Gpulling manifest [K
pulling 9d507a36062c:  65% ▕███████████       ▏  43 GB/ 67 GB  228 MB/s   1m43s[K[?25h[?2026l[?2026h[?25l[A[1Gpulling manifest [K
pulling 9d507a36062c:  65% ▕███████████       ▏  43 GB/ 67 GB  228 MB/s   1m43s[K[?25h[?2026l[?2026h[?25l[A[1Gpulling manifest [K
pulling 9d507a36062c:  65% ▕███████████       ▏  43 GB/ 67 GB  228 MB/s   1m43s[K[?25h[?2026l[?2026h[?25l[A[1Gpulling manifest [K
pulling 9d507a36062c:  65% ▕███████████       ▏  43 GB/ 67 GB  228 MB/s   1m43s[K[?25h[?2026l[?2026h[?25l[A[1Gpulling manifest [K
pulling 9d507a36062c:  65% ▕███████████       ▏  43 GB/ 67 GB  228 MB/s   1m42s[K[?25h[?2026l[?2026h[?25l[A[1Gpulling manifest [K
pulling 9d507a36062c:  65% ▕███████████       ▏  43 GB/ 67 GB  228 MB/s   1m42s[K[?25h[?2026l[?2026h[?25l[A[1Gpulling manifest [K
pulling 9d507a36062c:  65% ▕███████████       ▏  43 GB/ 67 GB  228 MB/s   1m42s[K[?25h[?2026l[?2026h[?25l[A[1Gpulling manifest [K
pulling 9d507a36062c:  65% ▕███████████       ▏  44 GB/ 67 GB  228 MB/s   1m42s[K[?25h[?2026l[?2026h[?25l[A[1Gpulling manifest [K
pulling 9d507a36062c:  65% ▕███████████       ▏  44 GB/ 67 GB  228 MB/s   1m42s[K[?25h[?2026l[?2026h[?25l[A[1Gpulling manifest [K
pulling 9d507a36062c:  65% ▕███████████       ▏  44 GB/ 67 GB  228 MB/s   1m42s[K[?25h[?2026l[?2026h[?25l[A[1Gpulling manifest [K
pulling 9d507a36062c:  65% ▕███████████       ▏  44 GB/ 67 GB  222 MB/s   1m44s[K[?25h[?2026l[?2026h[?25l[A[1Gpulling manifest [K
pulling 9d507a36062c:  65% ▕███████████       ▏  44 GB/ 67 GB  222 MB/s   1m44s[K[?25h[?2026l[?2026h[?25l[A[1Gpulling manifest [K
pulling 9d507a36062c:  65% ▕███████████       ▏  44 GB/ 67 GB  222 MB/s   1m44s[K[?25h[?2026l[?2026h[?25l[A[1Gpulling manifest [K
pulling 9d507a36062c:  65% ▕███████████       ▏  44 GB/ 67 GB  222 MB/s   1m44s[K[?25h[?2026l[?2026h[?25l[A[1Gpulling manifest [K
pulling 9d507a36062c:  66% ▕███████████       ▏  44 GB/ 67 GB  222 MB/s   1m44s[K[?25h[?2026l[?2026h[?25l[A[1Gpulling manifest [K
pulling 9d507a36062c:  66% ▕███████████       ▏  44 GB/ 67 GB  222 MB/s   1m44s[K[?25h[?2026l[?2026h[?25l[A[1Gpulling manifest [K
pulling 9d507a36062c:  66% ▕███████████       ▏  44 GB/ 67 GB  222 MB/s   1m44s[K[?25h[?2026l[?2026h[?25l[A[1Gpulling manifest [K
pulling 9d507a36062c:  66% ▕███████████       ▏  44 GB/ 67 GB  222 MB/s   1m44s[K[?25h[?2026l[?2026h[?25l[A[1Gpulling manifest [K
pulling 9d507a36062c:  66% ▕███████████       ▏  44 GB/ 67 GB  222 MB/s   1m44s[K[?25h[?2026l[?2026h[?25l[A[1Gpulling manifest [K
pulling 9d507a36062c:  66% ▕███████████       ▏  44 GB/ 67 GB  222 MB/s   1m43s[K[?25h[?2026l[?2026h[?25l[A[1Gpulling manifest [K
pulling 9d507a36062c:  66% ▕███████████       ▏  44 GB/ 67 GB  221 MB/s   1m44s[K[?25h[?2026l[?2026h[?25l[A[1Gpulling manifest [K
pulling 9d507a36062c:  66% ▕███████████       ▏  44 GB/ 67 GB  221 MB/s   1m44s[K[?25h[?2026l[?2026h[?25l[A[1Gpulling manifest [K
pulling 9d507a36062c:  66% ▕███████████       ▏  44 GB/ 67 GB  221 MB/s   1m43s[K[?25h[?2026l[?2026h[?25l[A[1Gpulling manifest [K
pulling 9d507a36062c:  66% ▕███████████       ▏  44 GB/ 67 GB  221 MB/s   1m43s[K[?25h[?2026l[?2026h[?25l[A[1Gpulling manifest [K
pulling 9d507a36062c:  66% ▕███████████       ▏  44 GB/ 67 GB  221 MB/s   1m43s[K[?25h[?2026l[?2026h[?25l[A[1Gpulling manifest [K
pulling 9d507a36062c:  66% ▕███████████       ▏  44 GB/ 67 GB  221 MB/s   1m43s[K[?25h[?2026l[?2026h[?25l[A[1Gpulling manifest [K
pulling 9d507a36062c:  66% ▕███████████       ▏  44 GB/ 67 GB  221 MB/s   1m43s[K[?25h[?2026l[?2026h[?25l[A[1Gpulling manifest [K
pulling 9d507a36062c:  66% ▕███████████       ▏  44 GB/ 67 GB  221 MB/s   1m43s[K[?25h[?2026l[?2026h[?25l[A[1Gpulling manifest [K
pulling 9d507a36062c:  66% ▕███████████       ▏  44 GB/ 67 GB  221 MB/s   1m43s[K[?25h[?2026l[?2026h[?25l[A[1Gpulling manifest [K
pulling 9d507a36062c:  66% ▕███████████       ▏  44 GB/ 67 GB  221 MB/s   1m43s[K[?25h[?2026l[?2026h[?25l[A[1Gpulling manifest [K
pulling 9d507a36062c:  66% ▕███████████       ▏  44 GB/ 67 GB  225 MB/s   1m41s[K[?25h[?2026l[?2026h[?25l[A[1Gpulling manifest [K
pulling 9d507a36062c:  66% ▕███████████       ▏  44 GB/ 67 GB  225 MB/s   1m41s[K[?25h[?2026l[?2026h[?25l[A[1Gpulling manifest [K
pulling 9d507a36062c:  66% ▕███████████       ▏  44 GB/ 67 GB  225 MB/s   1m41s[K[?25h[?2026l[?2026h[?25l[A[1Gpulling manifest [K
pulling 9d507a36062c:  66% ▕███████████       ▏  44 GB/ 67 GB  225 MB/s   1m41s[K[?25h[?2026l[?2026h[?25l[A[1Gpulling manifest [K
pulling 9d507a36062c:  66% ▕███████████       ▏  44 GB/ 67 GB  225 MB/s   1m41s[K[?25h[?2026l[?2026h[?25l[A[1Gpulling manifest [K
pulling 9d507a36062c:  66% ▕███████████       ▏  44 GB/ 67 GB  225 MB/s   1m41s[K[?25h[?2026l[?2026h[?25l[A[1Gpulling manifest [K
pulling 9d507a36062c:  66% ▕███████████       ▏  44 GB/ 67 GB  225 MB/s   1m40s[K[?25h[?2026l[?2026h[?25l[A[1Gpulling manifest [K
pulling 9d507a36062c:  66% ▕███████████       ▏  44 GB/ 67 GB  225 MB/s   1m40s[K[?25h[?2026l[?2026h[?25l[A[1Gpulling manifest [K
pulling 9d507a36062c:  66% ▕███████████       ▏  44 GB/ 67 GB  225 MB/s   1m40s[K[?25h[?2026l[?2026h[?25l[A[1Gpulling manifest [K
pulling 9d507a36062c:  66% ▕███████████       ▏  44 GB/ 67 GB  225 MB/s   1m40s[K[?25h[?2026l[?2026h[?25l[A[1Gpulling manifest [K
pulling 9d507a36062c:  66% ▕███████████       ▏  44 GB/ 67 GB  227 MB/s   1m39s[K[?25h[?2026l[?2026h[?25l[A[1Gpulling manifest [K
pulling 9d507a36062c:  66% ▕███████████       ▏  44 GB/ 67 GB  227 MB/s   1m39s[K[?25h[?2026l[?2026h[?25l[A[1Gpulling manifest [K
pulling 9d507a36062c:  66% ▕███████████       ▏  44 GB/ 67 GB  227 MB/s   1m39s[K[?25h[?2026l[?2026h[?25l[A[1Gpulling manifest [K
pulling 9d507a36062c:  66% ▕███████████       ▏  44 GB/ 67 GB  227 MB/s   1m39s[K[?25h[?2026l[?2026h[?25l[A[1Gpulling manifest [K
pulling 9d507a36062c:  67% ▕███████████       ▏  44 GB/ 67 GB  227 MB/s   1m39s[K[?25h[?2026l[?2026h[?25l[A[1Gpulling manifest [K
pulling 9d507a36062c:  67% ▕███████████       ▏  44 GB/ 67 GB  227 MB/s   1m39s[K[?25h[?2026l[?2026h[?25l[A[1Gpulling manifest [K
pulling 9d507a36062c:  67% ▕███████████       ▏  44 GB/ 67 GB  227 MB/s   1m39s[K[?25h[?2026l[?2026h[?25l[A[1Gpulling manifest [K
pulling 9d507a36062c:  67% ▕███████████       ▏  44 GB/ 67 GB  227 MB/s   1m39s[K[?25h[?2026l[?2026h[?25l[A[1Gpulling manifest [K
pulling 9d507a36062c:  67% ▕███████████       ▏  44 GB/ 67 GB  227 MB/s   1m38s[K[?25h[?2026l[?2026h[?25l[A[1Gpulling manifest [K
pulling 9d507a36062c:  67% ▕███████████       ▏  44 GB/ 67 GB  227 MB/s   1m38s[K[?25h[?2026l[?2026h[?25l[A[1Gpulling manifest [K
pulling 9d507a36062c:  67% ▕████████████      ▏  44 GB/ 67 GB  227 MB/s   1m38s[K[?25h[?2026l[?2026h[?25l[A[1Gpulling manifest [K
pulling 9d507a36062c:  67% ▕████████████      ▏  44 GB/ 67 GB  224 MB/s   1m40s[K[?25h[?2026l[?2026h[?25l[A[1Gpulling manifest [K
pulling 9d507a36062c:  67% ▕████████████      ▏  45 GB/ 67 GB  224 MB/s   1m40s[K[?25h[?2026l[?2026h[?25l[A[1Gpulling manifest [K
pulling 9d507a36062c:  67% ▕████████████      ▏  45 GB/ 67 GB  224 MB/s   1m40s[K[?25h[?2026l[?2026h[?25l[A[1Gpulling manifest [K
pulling 9d507a36062c:  67% ▕████████████      ▏  45 GB/ 67 GB  224 MB/s   1m39s[K[?25h[?2026l[?2026h[?25l[A[1Gpulling manifest [K
pulling 9d507a36062c:  67% ▕████████████      ▏  45 GB/ 67 GB  224 MB/s   1m39s[K[?25h[?2026l[?2026h[?25l[A[1Gpulling manifest [K
pulling 9d507a36062c:  67% ▕████████████      ▏  45 GB/ 67 GB  224 MB/s   1m39s[K[?25h[?2026l[?2026h[?25l[A[1Gpulling manifest [K
pulling 9d507a36062c:  67% ▕████████████      ▏  45 GB/ 67 GB  224 MB/s   1m39s[K[?25h[?2026l[?2026h[?25l[A[1Gpulling manifest [K
pulling 9d507a36062c:  67% ▕████████████      ▏  45 GB/ 67 GB  224 MB/s   1m39s[K[?25h[?2026l[?2026h[?25l[A[1Gpulling manifest [K
pulling 9d507a36062c:  67% ▕████████████      ▏  45 GB/ 67 GB  224 MB/s   1m39s[K[?25h[?2026l[?2026h[?25l[A[1Gpulling manifest [K
pulling 9d507a36062c:  67% ▕████████████      ▏  45 GB/ 67 GB  224 MB/s   1m39s[K[?25h[?2026l[?2026h[?25l[A[1Gpulling manifest [K
pulling 9d507a36062c:  67% ▕████████████      ▏  45 GB/ 67 GB  221 MB/s   1m40s[K[?25h[?2026l[?2026h[?25l[A[1Gpulling manifest [K
pulling 9d507a36062c:  67% ▕████████████      ▏  45 GB/ 67 GB  221 MB/s   1m40s[K[?25h[?2026l[?2026h[?25l[A[1Gpulling manifest [K
pulling 9d507a36062c:  67% ▕████████████      ▏  45 GB/ 67 GB  221 MB/s   1m40s[K[?25h[?2026l[?2026h[?25l[A[1Gpulling manifest [K
pulling 9d507a36062c:  67% ▕████████████      ▏  45 GB/ 67 GB  221 MB/s   1m40s[K[?25h[?2026l[?2026h[?25l[A[1Gpulling manifest [K
pulling 9d507a36062c:  67% ▕████████████      ▏  45 GB/ 67 GB  221 MB/s   1m40s[K[?25h[?2026l[?2026h[?25l[A[1Gpulling manifest [K
pulling 9d507a36062c:  67% ▕████████████      ▏  45 GB/ 67 GB  221 MB/s   1m40s[K[?25h[?2026l[?2026h[?25l[A[1Gpulling manifest [K
pulling 9d507a36062c:  67% ▕████████████      ▏  45 GB/ 67 GB  221 MB/s   1m40s[K[?25h[?2026l[?2026h[?25l[A[1Gpulling manifest [K
pulling 9d507a36062c:  67% ▕████████████      ▏  45 GB/ 67 GB  221 MB/s   1m40s[K[?25h[?2026l[?2026h[?25l[A[1Gpulling manifest [K
pulling 9d507a36062c:  67% ▕████████████      ▏  45 GB/ 67 GB  221 MB/s   1m39s[K[?25h[?2026l[?2026h[?25l[A[1Gpulling manifest [K
pulling 9d507a36062c:  67% ▕████████████      ▏  45 GB/ 67 GB  221 MB/s   1m39s[K[?25h[?2026l[?2026h[?25l[A[1Gpulling manifest [K
pulling 9d507a36062c:  67% ▕████████████      ▏  45 GB/ 67 GB  218 MB/s   1m41s[K[?25h[?2026l[?2026h[?25l[A[1Gpulling manifest [K
pulling 9d507a36062c:  67% ▕████████████      ▏  45 GB/ 67 GB  218 MB/s   1m40s[K[?25h[?2026l[?2026h[?25l[A[1Gpulling manifest [K
pulling 9d507a36062c:  67% ▕████████████      ▏  45 GB/ 67 GB  218 MB/s   1m40s[K[?25h[?2026l[?2026h[?25l[A[1Gpulling manifest [K
pulling 9d507a36062c:  67% ▕████████████      ▏  45 GB/ 67 GB  218 MB/s   1m40s[K[?25h[?2026l[?2026h[?25l[A[1Gpulling manifest [K
pulling 9d507a36062c:  67% ▕████████████      ▏  45 GB/ 67 GB  218 MB/s   1m40s[K[?25h[?2026l[?2026h[?25l[A[1Gpulling manifest [K
pulling 9d507a36062c:  67% ▕████████████      ▏  45 GB/ 67 GB  218 MB/s   1m40s[K[?25h[?2026l[?2026h[?25l[A[1Gpulling manifest [K
pulling 9d507a36062c:  67% ▕████████████      ▏  45 GB/ 67 GB  218 MB/s   1m40s[K[?25h[?2026l[?2026h[?25l[A[1Gpulling manifest [K
pulling 9d507a36062c:  68% ▕████████████      ▏  45 GB/ 67 GB  218 MB/s   1m40s[K[?25h[?2026l[?2026h[?25l[A[1Gpulling manifest [K
pulling 9d507a36062c:  68% ▕████████████      ▏  45 GB/ 67 GB  218 MB/s   1m40s[K[?25h[?2026l[?2026h[?25l[A[1Gpulling manifest [K
pulling 9d507a36062c:  68% ▕████████████      ▏  45 GB/ 67 GB  218 MB/s   1m40s[K[?25h[?2026l[?2026h[?25l[A[1Gpulling manifest [K
pulling 9d507a36062c:  68% ▕████████████      ▏  45 GB/ 67 GB  219 MB/s   1m39s[K[?25h[?2026l[?2026h[?25l[A[1Gpulling manifest [K
pulling 9d507a36062c:  68% ▕████████████      ▏  45 GB/ 67 GB  219 MB/s   1m39s[K[?25h[?2026l[?2026h[?25l[A[1Gpulling manifest [K
pulling 9d507a36062c:  68% ▕████████████      ▏  45 GB/ 67 GB  219 MB/s   1m39s[K[?25h[?2026l[?2026h[?25l[A[1Gpulling manifest [K
pulling 9d507a36062c:  68% ▕████████████      ▏  45 GB/ 67 GB  219 MB/s   1m39s[K[?25h[?2026l[?2026h[?25l[A[1Gpulling manifest [K
pulling 9d507a36062c:  68% ▕████████████      ▏  45 GB/ 67 GB  219 MB/s   1m39s[K[?25h[?2026l[?2026h[?25l[A[1Gpulling manifest [K
pulling 9d507a36062c:  68% ▕████████████      ▏  45 GB/ 67 GB  219 MB/s   1m39s[K[?25h[?2026l[?2026h[?25l[A[1Gpulling manifest [K
pulling 9d507a36062c:  68% ▕████████████      ▏  45 GB/ 67 GB  219 MB/s   1m39s[K[?25h[?2026l[?2026h[?25l[A[1Gpulling manifest [K
pulling 9d507a36062c:  68% ▕████████████      ▏  45 GB/ 67 GB  219 MB/s   1m38s[K[?25h[?2026l[?2026h[?25l[A[1Gpulling manifest [K
pulling 9d507a36062c:  68% ▕████████████      ▏  45 GB/ 67 GB  219 MB/s   1m38s[K[?25h[?2026l[?2026h[?25l[A[1Gpulling manifest [K
pulling 9d507a36062c:  68% ▕████████████      ▏  45 GB/ 67 GB  219 MB/s   1m38s[K[?25h[?2026l[?2026h[?25l[A[1Gpulling manifest [K
pulling 9d507a36062c:  68% ▕████████████      ▏  45 GB/ 67 GB  217 MB/s   1m39s[K[?25h[?2026l[?2026h[?25l[A[1Gpulling manifest [K
pulling 9d507a36062c:  68% ▕████████████      ▏  45 GB/ 67 GB  217 MB/s   1m39s[K[?25h[?2026l[?2026h[?25l[A[1Gpulling manifest [K
pulling 9d507a36062c:  68% ▕████████████      ▏  45 GB/ 67 GB  217 MB/s   1m39s[K[?25h[?2026l[?2026h[?25l[A[1Gpulling manifest [K
pulling 9d507a36062c:  68% ▕████████████      ▏  45 GB/ 67 GB  217 MB/s   1m39s[K[?25h[?2026l[?2026h[?25l[A[1Gpulling manifest [K
pulling 9d507a36062c:  68% ▕████████████      ▏  45 GB/ 67 GB  217 MB/s   1m38s[K[?25h[?2026l[?2026h[?25l[A[1Gpulling manifest [K
pulling 9d507a36062c:  68% ▕████████████      ▏  45 GB/ 67 GB  217 MB/s   1m38s[K[?25h[?2026l[?2026h[?25l[A[1Gpulling manifest [K
pulling 9d507a36062c:  68% ▕████████████      ▏  45 GB/ 67 GB  217 MB/s   1m38s[K[?25h[?2026l[?2026h[?25l[A[1Gpulling manifest [K
pulling 9d507a36062c:  68% ▕████████████      ▏  45 GB/ 67 GB  217 MB/s   1m38s[K[?25h[?2026l[?2026h[?25l[A[1Gpulling manifest [K
pulling 9d507a36062c:  68% ▕████████████      ▏  45 GB/ 67 GB  217 MB/s   1m38s[K[?25h[?2026l[?2026h[?25l[A[1Gpulling manifest [K
pulling 9d507a36062c:  68% ▕████████████      ▏  46 GB/ 67 GB  217 MB/s   1m38s[K[?25h[?2026l[?2026h[?25l[A[1Gpulling manifest [K
pulling 9d507a36062c:  68% ▕████████████      ▏  46 GB/ 67 GB  217 MB/s   1m38s[K[?25h[?2026l[?2026h[?25l[A[1Gpulling manifest [K
pulling 9d507a36062c:  68% ▕████████████      ▏  46 GB/ 67 GB  219 MB/s   1m37s[K[?25h[?2026l[?2026h[?25l[A[1Gpulling manifest [K
pulling 9d507a36062c:  68% ▕████████████      ▏  46 GB/ 67 GB  219 MB/s   1m37s[K[?25h[?2026l[?2026h[?25l[A[1Gpulling manifest [K
pulling 9d507a36062c:  68% ▕████████████      ▏  46 GB/ 67 GB  219 MB/s   1m37s[K[?25h[?2026l[?2026h[?25l[A[1Gpulling manifest [K
pulling 9d507a36062c:  68% ▕████████████      ▏  46 GB/ 67 GB  219 MB/s   1m37s[K[?25h[?2026l[?2026h[?25l[A[1Gpulling manifest [K
pulling 9d507a36062c:  68% ▕████████████      ▏  46 GB/ 67 GB  219 MB/s   1m37s[K[?25h[?2026l[?2026h[?25l[A[1Gpulling manifest [K
pulling 9d507a36062c:  68% ▕████████████      ▏  46 GB/ 67 GB  219 MB/s   1m37s[K[?25h[?2026l[?2026h[?25l[A[1Gpulling manifest [K
pulling 9d507a36062c:  68% ▕████████████      ▏  46 GB/ 67 GB  219 MB/s   1m37s[K[?25h[?2026l[?2026h[?25l[A[1Gpulling manifest [K
pulling 9d507a36062c:  69% ▕████████████      ▏  46 GB/ 67 GB  219 MB/s   1m36s[K[?25h[?2026l[?2026h[?25l[A[1Gpulling manifest [K
pulling 9d507a36062c:  69% ▕████████████      ▏  46 GB/ 67 GB  219 MB/s   1m36s[K[?25h[?2026l[?2026h[?25l[A[1Gpulling manifest [K
pulling 9d507a36062c:  69% ▕████████████      ▏  46 GB/ 67 GB  219 MB/s   1m36s[K[?25h[?2026l[?2026h[?25l[A[1Gpulling manifest [K
pulling 9d507a36062c:  69% ▕████████████      ▏  46 GB/ 67 GB  222 MB/s   1m35s[K[?25h[?2026l[?2026h[?25l[A[1Gpulling manifest [K
pulling 9d507a36062c:  69% ▕████████████      ▏  46 GB/ 67 GB  222 MB/s   1m35s[K[?25h[?2026l[?2026h[?25l[A[1Gpulling manifest [K
pulling 9d507a36062c:  69% ▕████████████      ▏  46 GB/ 67 GB  222 MB/s   1m34s[K[?25h[?2026l[?2026h[?25l[A[1Gpulling manifest [K
pulling 9d507a36062c:  69% ▕████████████      ▏  46 GB/ 67 GB  222 MB/s   1m34s[K[?25h[?2026l[?2026h[?25l[A[1Gpulling manifest [K
pulling 9d507a36062c:  69% ▕████████████      ▏  46 GB/ 67 GB  222 MB/s   1m34s[K[?25h[?2026l[?2026h[?25l[A[1Gpulling manifest [K
pulling 9d507a36062c:  69% ▕████████████      ▏  46 GB/ 67 GB  222 MB/s   1m34s[K[?25h[?2026l[?2026h[?25l[A[1Gpulling manifest [K
pulling 9d507a36062c:  69% ▕████████████      ▏  46 GB/ 67 GB  222 MB/s   1m34s[K[?25h[?2026l[?2026h[?25l[A[1Gpulling manifest [K
pulling 9d507a36062c:  69% ▕████████████      ▏  46 GB/ 67 GB  222 MB/s   1m34s[K[?25h[?2026l[?2026h[?25l[A[1Gpulling manifest [K
pulling 9d507a36062c:  69% ▕████████████      ▏  46 GB/ 67 GB  222 MB/s   1m34s[K[?25h[?2026l[?2026h[?25l[A[1Gpulling manifest [K
pulling 9d507a36062c:  69% ▕████████████      ▏  46 GB/ 67 GB  222 MB/s   1m34s[K[?25h[?2026l[?2026h[?25l[A[1Gpulling manifest [K
pulling 9d507a36062c:  69% ▕████████████      ▏  46 GB/ 67 GB  222 MB/s   1m34s[K[?25h[?2026l[?2026h[?25l[A[1Gpulling manifest [K
pulling 9d507a36062c:  69% ▕████████████      ▏  46 GB/ 67 GB  225 MB/s   1m32s[K[?25h[?2026l[?2026h[?25l[A[1Gpulling manifest [K
pulling 9d507a36062c:  69% ▕████████████      ▏  46 GB/ 67 GB  225 MB/s   1m32s[K[?25h[?2026l[?2026h[?25l[A[1Gpulling manifest [K
pulling 9d507a36062c:  69% ▕████████████      ▏  46 GB/ 67 GB  225 MB/s   1m32s[K[?25h[?2026l[?2026h[?25l[A[1Gpulling manifest [K
pulling 9d507a36062c:  69% ▕████████████      ▏  46 GB/ 67 GB  225 MB/s   1m32s[K[?25h[?2026l[?2026h[?25l[A[1Gpulling manifest [K
pulling 9d507a36062c:  69% ▕████████████      ▏  46 GB/ 67 GB  225 MB/s   1m32s[K[?25h[?2026l[?2026h[?25l[A[1Gpulling manifest [K
pulling 9d507a36062c:  69% ▕████████████      ▏  46 GB/ 67 GB  225 MB/s   1m32s[K[?25h[?2026l[?2026h[?25l[A[1Gpulling manifest [K
pulling 9d507a36062c:  69% ▕████████████      ▏  46 GB/ 67 GB  225 MB/s   1m32s[K[?25h[?2026l[?2026h[?25l[A[1Gpulling manifest [K
pulling 9d507a36062c:  69% ▕████████████      ▏  46 GB/ 67 GB  225 MB/s   1m31s[K[?25h[?2026l[?2026h[?25l[A[1Gpulling manifest [K
pulling 9d507a36062c:  69% ▕████████████      ▏  46 GB/ 67 GB  225 MB/s   1m31s[K[?25h[?2026l[?2026h[?25l[A[1Gpulling manifest [K
pulling 9d507a36062c:  69% ▕████████████      ▏  46 GB/ 67 GB  225 MB/s   1m31s[K[?25h[?2026l[?2026h[?25l[A[1Gpulling manifest [K
pulling 9d507a36062c:  69% ▕████████████      ▏  46 GB/ 67 GB  224 MB/s   1m32s[K[?25h[?2026l[?2026h[?25l[A[1Gpulling manifest [K
pulling 9d507a36062c:  69% ▕████████████      ▏  46 GB/ 67 GB  224 MB/s   1m32s[K[?25h[?2026l[?2026h[?25l[A[1Gpulling manifest [K
pulling 9d507a36062c:  69% ▕████████████      ▏  46 GB/ 67 GB  224 MB/s   1m31s[K[?25h[?2026l[?2026h[?25l[A[1Gpulling manifest [K
pulling 9d507a36062c:  70% ▕████████████      ▏  46 GB/ 67 GB  224 MB/s   1m31s[K[?25h[?2026l[?2026h[?25l[A[1Gpulling manifest [K
pulling 9d507a36062c:  70% ▕████████████      ▏  46 GB/ 67 GB  224 MB/s   1m31s[K[?25h[?2026l[?2026h[?25l[A[1Gpulling manifest [K
pulling 9d507a36062c:  70% ▕████████████      ▏  46 GB/ 67 GB  224 MB/s   1m31s[K[?25h[?2026l[?2026h[?25l[A[1Gpulling manifest [K
pulling 9d507a36062c:  70% ▕████████████      ▏  46 GB/ 67 GB  224 MB/s   1m31s[K[?25h[?2026l[?2026h[?25l[A[1Gpulling manifest [K
pulling 9d507a36062c:  70% ▕████████████      ▏  46 GB/ 67 GB  224 MB/s   1m31s[K[?25h[?2026l[?2026h[?25l[A[1Gpulling manifest [K
pulling 9d507a36062c:  70% ▕████████████      ▏  46 GB/ 67 GB  224 MB/s   1m31s[K[?25h[?2026l[?2026h[?25l[A[1Gpulling manifest [K
pulling 9d507a36062c:  70% ▕████████████      ▏  47 GB/ 67 GB  224 MB/s   1m31s[K[?25h[?2026l[?2026h[?25l[A[1Gpulling manifest [K
pulling 9d507a36062c:  70% ▕████████████      ▏  47 GB/ 67 GB  224 MB/s   1m31s[K[?25h[?2026l[?2026h[?25l[A[1Gpulling manifest [K
pulling 9d507a36062c:  70% ▕████████████      ▏  47 GB/ 67 GB  229 MB/s   1m28s[K[?25h[?2026l[?2026h[?25l[A[1Gpulling manifest [K
pulling 9d507a36062c:  70% ▕████████████      ▏  47 GB/ 67 GB  229 MB/s   1m28s[K[?25h[?2026l[?2026h[?25l[A[1Gpulling manifest [K
pulling 9d507a36062c:  70% ▕████████████      ▏  47 GB/ 67 GB  229 MB/s   1m28s[K[?25h[?2026l[?2026h[?25l[A[1Gpulling manifest [K
pulling 9d507a36062c:  70% ▕████████████      ▏  47 GB/ 67 GB  229 MB/s   1m28s[K[?25h[?2026l[?2026h[?25l[A[1Gpulling manifest [K
pulling 9d507a36062c:  70% ▕████████████      ▏  47 GB/ 67 GB  229 MB/s   1m28s[K[?25h[?2026l[?2026h[?25l[A[1Gpulling manifest [K
pulling 9d507a36062c:  70% ▕████████████      ▏  47 GB/ 67 GB  229 MB/s   1m28s[K[?25h[?2026l[?2026h[?25l[A[1Gpulling manifest [K
pulling 9d507a36062c:  70% ▕████████████      ▏  47 GB/ 67 GB  229 MB/s   1m28s[K[?25h[?2026l[?2026h[?25l[A[1Gpulling manifest [K
pulling 9d507a36062c:  70% ▕████████████      ▏  47 GB/ 67 GB  229 MB/s   1m28s[K[?25h[?2026l[?2026h[?25l[A[1Gpulling manifest [K
pulling 9d507a36062c:  70% ▕████████████      ▏  47 GB/ 67 GB  229 MB/s   1m27s[K[?25h[?2026l[?2026h[?25l[A[1Gpulling manifest [K
pulling 9d507a36062c:  70% ▕████████████      ▏  47 GB/ 67 GB  229 MB/s   1m27s[K[?25h[?2026l[?2026h[?25l[A[1Gpulling manifest [K
pulling 9d507a36062c:  70% ▕████████████      ▏  47 GB/ 67 GB  233 MB/s   1m26s[K[?25h[?2026l[?2026h[?25l[A[1Gpulling manifest [K
pulling 9d507a36062c:  70% ▕████████████      ▏  47 GB/ 67 GB  233 MB/s   1m26s[K[?25h[?2026l[?2026h[?25l[A[1Gpulling manifest [K
pulling 9d507a36062c:  70% ▕████████████      ▏  47 GB/ 67 GB  233 MB/s   1m25s[K[?25h[?2026l[?2026h[?25l[A[1Gpulling manifest [K
pulling 9d507a36062c:  70% ▕████████████      ▏  47 GB/ 67 GB  233 MB/s   1m25s[K[?25h[?2026l[?2026h[?25l[A[1Gpulling manifest [K
pulling 9d507a36062c:  70% ▕████████████      ▏  47 GB/ 67 GB  233 MB/s   1m25s[K[?25h[?2026l[?2026h[?25l[A[1Gpulling manifest [K
pulling 9d507a36062c:  70% ▕████████████      ▏  47 GB/ 67 GB  233 MB/s   1m25s[K[?25h[?2026l[?2026h[?25l[A[1Gpulling manifest [K
pulling 9d507a36062c:  70% ▕████████████      ▏  47 GB/ 67 GB  233 MB/s   1m25s[K[?25h[?2026l[?2026h[?25l[A[1Gpulling manifest [K
pulling 9d507a36062c:  70% ▕████████████      ▏  47 GB/ 67 GB  233 MB/s   1m25s[K[?25h[?2026l[?2026h[?25l[A[1Gpulling manifest [K
pulling 9d507a36062c:  70% ▕████████████      ▏  47 GB/ 67 GB  233 MB/s   1m25s[K[?25h[?2026l[?2026h[?25l[A[1Gpulling manifest [K
pulling 9d507a36062c:  70% ▕████████████      ▏  47 GB/ 67 GB  233 MB/s   1m25s[K[?25h[?2026l[?2026h[?25l[A[1Gpulling manifest [K
pulling 9d507a36062c:  70% ▕████████████      ▏  47 GB/ 67 GB  233 MB/s   1m25s[K[?25h[?2026l[?2026h[?25l[A[1Gpulling manifest [K
pulling 9d507a36062c:  70% ▕████████████      ▏  47 GB/ 67 GB  237 MB/s   1m23s[K[?25h[?2026l[?2026h[?25l[A[1Gpulling manifest [K
pulling 9d507a36062c:  71% ▕████████████      ▏  47 GB/ 67 GB  237 MB/s   1m23s[K[?25h[?2026l[?2026h[?25l[A[1Gpulling manifest [K
pulling 9d507a36062c:  71% ▕████████████      ▏  47 GB/ 67 GB  237 MB/s   1m23s[K[?25h[?2026l[?2026h[?25l[A[1Gpulling manifest [K
pulling 9d507a36062c:  71% ▕████████████      ▏  47 GB/ 67 GB  237 MB/s   1m23s[K[?25h[?2026l[?2026h[?25l[A[1Gpulling manifest [K
pulling 9d507a36062c:  71% ▕████████████      ▏  47 GB/ 67 GB  237 MB/s   1m23s[K[?25h[?2026l[?2026h[?25l[A[1Gpulling manifest [K
pulling 9d507a36062c:  71% ▕████████████      ▏  47 GB/ 67 GB  237 MB/s   1m23s[K[?25h[?2026l[?2026h[?25l[A[1Gpulling manifest [K
pulling 9d507a36062c:  71% ▕████████████      ▏  47 GB/ 67 GB  237 MB/s   1m23s[K[?25h[?2026l[?2026h[?25l[A[1Gpulling manifest [K
pulling 9d507a36062c:  71% ▕████████████      ▏  47 GB/ 67 GB  237 MB/s   1m23s[K[?25h[?2026l[?2026h[?25l[A[1Gpulling manifest [K
pulling 9d507a36062c:  71% ▕████████████      ▏  47 GB/ 67 GB  237 MB/s   1m23s[K[?25h[?2026l[?2026h[?25l[A[1Gpulling manifest [K
pulling 9d507a36062c:  71% ▕████████████      ▏  47 GB/ 67 GB  237 MB/s   1m22s[K[?25h[?2026l[?2026h[?25l[A[1Gpulling manifest [K
pulling 9d507a36062c:  71% ▕████████████      ▏  47 GB/ 67 GB  238 MB/s   1m22s[K[?25h[?2026l[?2026h[?25l[A[1Gpulling manifest [K
pulling 9d507a36062c:  71% ▕████████████      ▏  47 GB/ 67 GB  238 MB/s   1m22s[K[?25h[?2026l[?2026h[?25l[A[1Gpulling manifest [K
pulling 9d507a36062c:  71% ▕████████████      ▏  47 GB/ 67 GB  238 MB/s   1m22s[K[?25h[?2026l[?2026h[?25l[A[1Gpulling manifest [K
pulling 9d507a36062c:  71% ▕████████████      ▏  47 GB/ 67 GB  238 MB/s   1m22s[K[?25h[?2026l[?2026h[?25l[A[1Gpulling manifest [K
pulling 9d507a36062c:  71% ▕████████████      ▏  47 GB/ 67 GB  238 MB/s   1m22s[K[?25h[?2026l[?2026h[?25l[A[1Gpulling manifest [K
pulling 9d507a36062c:  71% ▕████████████      ▏  47 GB/ 67 GB  238 MB/s   1m22s[K[?25h[?2026l[?2026h[?25l[A[1Gpulling manifest [K
pulling 9d507a36062c:  71% ▕████████████      ▏  47 GB/ 67 GB  238 MB/s   1m21s[K[?25h[?2026l[?2026h[?25l[A[1Gpulling manifest [K
pulling 9d507a36062c:  71% ▕████████████      ▏  47 GB/ 67 GB  238 MB/s   1m21s[K[?25h[?2026l[?2026h[?25l[A[1Gpulling manifest [K
pulling 9d507a36062c:  71% ▕████████████      ▏  47 GB/ 67 GB  238 MB/s   1m21s[K[?25h[?2026l[?2026h[?25l[A[1Gpulling manifest [K
pulling 9d507a36062c:  71% ▕████████████      ▏  47 GB/ 67 GB  238 MB/s   1m21s[K[?25h[?2026l[?2026h[?25l[A[1Gpulling manifest [K
pulling 9d507a36062c:  71% ▕████████████      ▏  47 GB/ 67 GB  238 MB/s   1m21s[K[?25h[?2026l[?2026h[?25l[A[1Gpulling manifest [K
pulling 9d507a36062c:  71% ▕████████████      ▏  47 GB/ 67 GB  238 MB/s   1m21s[K[?25h[?2026l[?2026h[?25l[A[1Gpulling manifest [K
pulling 9d507a36062c:  71% ▕████████████      ▏  48 GB/ 67 GB  238 MB/s   1m21s[K[?25h[?2026l[?2026h[?25l[A[1Gpulling manifest [K
pulling 9d507a36062c:  71% ▕████████████      ▏  48 GB/ 67 GB  238 MB/s   1m21s[K[?25h[?2026l[?2026h[?25l[A[1Gpulling manifest [K
pulling 9d507a36062c:  71% ▕████████████      ▏  48 GB/ 67 GB  238 MB/s   1m21s[K[?25h[?2026l[?2026h[?25l[A[1Gpulling manifest [K
pulling 9d507a36062c:  71% ▕████████████      ▏  48 GB/ 67 GB  238 MB/s   1m21s[K[?25h[?2026l[?2026h[?25l[A[1Gpulling manifest [K
pulling 9d507a36062c:  71% ▕████████████      ▏  48 GB/ 67 GB  238 MB/s   1m21s[K[?25h[?2026l[?2026h[?25l[A[1Gpulling manifest [K
pulling 9d507a36062c:  71% ▕████████████      ▏  48 GB/ 67 GB  238 MB/s   1m20s[K[?25h[?2026l[?2026h[?25l[A[1Gpulling manifest [K
pulling 9d507a36062c:  71% ▕████████████      ▏  48 GB/ 67 GB  238 MB/s   1m20s[K[?25h[?2026l[?2026h[?25l[A[1Gpulling manifest [K
pulling 9d507a36062c:  71% ▕████████████      ▏  48 GB/ 67 GB  238 MB/s   1m20s[K[?25h[?2026l[?2026h[?25l[A[1Gpulling manifest [K
pulling 9d507a36062c:  71% ▕████████████      ▏  48 GB/ 67 GB  238 MB/s   1m20s[K[?25h[?2026l[?2026h[?25l[A[1Gpulling manifest [K
pulling 9d507a36062c:  71% ▕████████████      ▏  48 GB/ 67 GB  236 MB/s   1m21s[K[?25h[?2026l[?2026h[?25l[A[1Gpulling manifest [K
pulling 9d507a36062c:  71% ▕████████████      ▏  48 GB/ 67 GB  236 MB/s   1m21s[K[?25h[?2026l[?2026h[?25l[A[1Gpulling manifest [K
pulling 9d507a36062c:  72% ▕████████████      ▏  48 GB/ 67 GB  236 MB/s   1m21s[K[?25h[?2026l[?2026h[?25l[A[1Gpulling manifest [K
pulling 9d507a36062c:  72% ▕████████████      ▏  48 GB/ 67 GB  236 MB/s   1m21s[K[?25h[?2026l[?2026h[?25l[A[1Gpulling manifest [K
pulling 9d507a36062c:  72% ▕████████████      ▏  48 GB/ 67 GB  236 MB/s   1m21s[K[?25h[?2026l[?2026h[?25l[A[1Gpulling manifest [K
pulling 9d507a36062c:  72% ▕████████████      ▏  48 GB/ 67 GB  236 MB/s   1m20s[K[?25h[?2026l[?2026h[?25l[A[1Gpulling manifest [K
pulling 9d507a36062c:  72% ▕████████████      ▏  48 GB/ 67 GB  236 MB/s   1m20s[K[?25h[?2026l[?2026h[?25l[A[1Gpulling manifest [K
pulling 9d507a36062c:  72% ▕████████████      ▏  48 GB/ 67 GB  236 MB/s   1m20s[K[?25h[?2026l[?2026h[?25l[A[1Gpulling manifest [K
pulling 9d507a36062c:  72% ▕████████████      ▏  48 GB/ 67 GB  236 MB/s   1m20s[K[?25h[?2026l[?2026h[?25l[A[1Gpulling manifest [K
pulling 9d507a36062c:  72% ▕████████████      ▏  48 GB/ 67 GB  236 MB/s   1m20s[K[?25h[?2026l[?2026h[?25l[A[1Gpulling manifest [K
pulling 9d507a36062c:  72% ▕████████████      ▏  48 GB/ 67 GB  236 MB/s   1m20s[K[?25h[?2026l[?2026h[?25l[A[1Gpulling manifest [K
pulling 9d507a36062c:  72% ▕████████████      ▏  48 GB/ 67 GB  231 MB/s   1m22s[K[?25h[?2026l[?2026h[?25l[A[1Gpulling manifest [K
pulling 9d507a36062c:  72% ▕████████████      ▏  48 GB/ 67 GB  231 MB/s   1m22s[K[?25h[?2026l[?2026h[?25l[A[1Gpulling manifest [K
pulling 9d507a36062c:  72% ▕████████████      ▏  48 GB/ 67 GB  231 MB/s   1m22s[K[?25h[?2026l[?2026h[?25l[A[1Gpulling manifest [K
pulling 9d507a36062c:  72% ▕████████████      ▏  48 GB/ 67 GB  231 MB/s   1m21s[K[?25h[?2026l[?2026h[?25l[A[1Gpulling manifest [K
pulling 9d507a36062c:  72% ▕████████████      ▏  48 GB/ 67 GB  231 MB/s   1m21s[K[?25h[?2026l[?2026h[?25l[A[1Gpulling manifest [K
pulling 9d507a36062c:  72% ▕████████████      ▏  48 GB/ 67 GB  231 MB/s   1m21s[K[?25h[?2026l[?2026h[?25l[A[1Gpulling manifest [K
pulling 9d507a36062c:  72% ▕████████████      ▏  48 GB/ 67 GB  231 MB/s   1m21s[K[?25h[?2026l[?2026h[?25l[A[1Gpulling manifest [K
pulling 9d507a36062c:  72% ▕████████████      ▏  48 GB/ 67 GB  231 MB/s   1m21s[K[?25h[?2026l[?2026h[?25l[A[1Gpulling manifest [K
pulling 9d507a36062c:  72% ▕████████████      ▏  48 GB/ 67 GB  231 MB/s   1m21s[K[?25h[?2026l[?2026h[?25l[A[1Gpulling manifest [K
pulling 9d507a36062c:  72% ▕████████████      ▏  48 GB/ 67 GB  231 MB/s   1m21s[K[?25h[?2026l[?2026h[?25l[A[1Gpulling manifest [K
pulling 9d507a36062c:  72% ▕████████████      ▏  48 GB/ 67 GB  223 MB/s   1m24s[K[?25h[?2026l[?2026h[?25l[A[1Gpulling manifest [K
pulling 9d507a36062c:  72% ▕████████████      ▏  48 GB/ 67 GB  223 MB/s   1m24s[K[?25h[?2026l[?2026h[?25l[A[1Gpulling manifest [K
pulling 9d507a36062c:  72% ▕████████████      ▏  48 GB/ 67 GB  223 MB/s   1m24s[K[?25h[?2026l[?2026h[?25l[A[1Gpulling manifest [K
pulling 9d507a36062c:  72% ▕████████████      ▏  48 GB/ 67 GB  223 MB/s   1m23s[K[?25h[?2026l[?2026h[?25l[A[1Gpulling manifest [K
pulling 9d507a36062c:  72% ▕████████████      ▏  48 GB/ 67 GB  223 MB/s   1m23s[K[?25h[?2026l[?2026h[?25l[A[1Gpulling manifest [K
pulling 9d507a36062c:  72% ▕████████████      ▏  48 GB/ 67 GB  223 MB/s   1m23s[K[?25h[?2026l[?2026h[?25l[A[1Gpulling manifest [K
pulling 9d507a36062c:  72% ▕█████████████     ▏  48 GB/ 67 GB  223 MB/s   1m23s[K[?25h[?2026l[?2026h[?25l[A[1Gpulling manifest [K
pulling 9d507a36062c:  72% ▕█████████████     ▏  48 GB/ 67 GB  223 MB/s   1m23s[K[?25h[?2026l[?2026h[?25l[A[1Gpulling manifest [K
pulling 9d507a36062c:  72% ▕█████████████     ▏  48 GB/ 67 GB  223 MB/s   1m23s[K[?25h[?2026l[?2026h[?25l[A[1Gpulling manifest [K
pulling 9d507a36062c:  72% ▕█████████████     ▏  48 GB/ 67 GB  223 MB/s   1m23s[K[?25h[?2026l[?2026h[?25l[A[1Gpulling manifest [K
pulling 9d507a36062c:  72% ▕█████████████     ▏  48 GB/ 67 GB  223 MB/s   1m23s[K[?25h[?2026l[?2026h[?25l[A[1Gpulling manifest [K
pulling 9d507a36062c:  72% ▕█████████████     ▏  48 GB/ 67 GB  223 MB/s   1m23s[K[?25h[?2026l[?2026h[?25l[A[1Gpulling manifest [K
pulling 9d507a36062c:  72% ▕█████████████     ▏  48 GB/ 67 GB  223 MB/s   1m22s[K[?25h[?2026l[?2026h[?25l[A[1Gpulling manifest [K
pulling 9d507a36062c:  72% ▕█████████████     ▏  48 GB/ 67 GB  223 MB/s   1m22s[K[?25h[?2026l[?2026h[?25l[A[1Gpulling manifest [K
pulling 9d507a36062c:  73% ▕█████████████     ▏  48 GB/ 67 GB  223 MB/s   1m22s[K[?25h[?2026l[?2026h[?25l[A[1Gpulling manifest [K
pulling 9d507a36062c:  73% ▕█████████████     ▏  48 GB/ 67 GB  223 MB/s   1m22s[K[?25h[?2026l[?2026h[?25l[A[1Gpulling manifest [K
pulling 9d507a36062c:  73% ▕█████████████     ▏  48 GB/ 67 GB  223 MB/s   1m22s[K[?25h[?2026l[?2026h[?25l[A[1Gpulling manifest [K
pulling 9d507a36062c:  73% ▕█████████████     ▏  48 GB/ 67 GB  223 MB/s   1m22s[K[?25h[?2026l[?2026h[?25l[A[1Gpulling manifest [K
pulling 9d507a36062c:  73% ▕█████████████     ▏  48 GB/ 67 GB  223 MB/s   1m22s[K[?25h[?2026l[?2026h[?25l[A[1Gpulling manifest [K
pulling 9d507a36062c:  73% ▕█████████████     ▏  49 GB/ 67 GB  223 MB/s   1m22s[K[?25h[?2026l[?2026h[?25l[A[1Gpulling manifest [K
pulling 9d507a36062c:  73% ▕█████████████     ▏  49 GB/ 67 GB  220 MB/s   1m23s[K[?25h[?2026l[?2026h[?25l[A[1Gpulling manifest [K
pulling 9d507a36062c:  73% ▕█████████████     ▏  49 GB/ 67 GB  220 MB/s   1m23s[K[?25h[?2026l[?2026h[?25l[A[1Gpulling manifest [K
pulling 9d507a36062c:  73% ▕█████████████     ▏  49 GB/ 67 GB  220 MB/s   1m23s[K[?25h[?2026l[?2026h[?25l[A[1Gpulling manifest [K
pulling 9d507a36062c:  73% ▕█████████████     ▏  49 GB/ 67 GB  220 MB/s   1m23s[K[?25h[?2026l[?2026h[?25l[A[1Gpulling manifest [K
pulling 9d507a36062c:  73% ▕█████████████     ▏  49 GB/ 67 GB  220 MB/s   1m23s[K[?25h[?2026l[?2026h[?25l[A[1Gpulling manifest [K
pulling 9d507a36062c:  73% ▕█████████████     ▏  49 GB/ 67 GB  220 MB/s   1m23s[K[?25h[?2026l[?2026h[?25l[A[1Gpulling manifest [K
pulling 9d507a36062c:  73% ▕█████████████     ▏  49 GB/ 67 GB  220 MB/s   1m23s[K[?25h[?2026l[?2026h[?25l[A[1Gpulling manifest [K
pulling 9d507a36062c:  73% ▕█████████████     ▏  49 GB/ 67 GB  220 MB/s   1m22s[K[?25h[?2026l[?2026h[?25l[A[1Gpulling manifest [K
pulling 9d507a36062c:  73% ▕█████████████     ▏  49 GB/ 67 GB  220 MB/s   1m22s[K[?25h[?2026l[?2026h[?25l[A[1Gpulling manifest [K
pulling 9d507a36062c:  73% ▕█████████████     ▏  49 GB/ 67 GB  220 MB/s   1m22s[K[?25h[?2026l[?2026h[?25l[A[1Gpulling manifest [K
pulling 9d507a36062c:  73% ▕█████████████     ▏  49 GB/ 67 GB  215 MB/s   1m24s[K[?25h[?2026l[?2026h[?25l[A[1Gpulling manifest [K
pulling 9d507a36062c:  73% ▕█████████████     ▏  49 GB/ 67 GB  215 MB/s   1m24s[K[?25h[?2026l[?2026h[?25l[A[1Gpulling manifest [K
pulling 9d507a36062c:  73% ▕█████████████     ▏  49 GB/ 67 GB  215 MB/s   1m24s[K[?25h[?2026l[?2026h[?25l[A[1Gpulling manifest [K
pulling 9d507a36062c:  73% ▕█████████████     ▏  49 GB/ 67 GB  215 MB/s   1m24s[K[?25h[?2026l[?2026h[?25l[A[1Gpulling manifest [K
pulling 9d507a36062c:  73% ▕█████████████     ▏  49 GB/ 67 GB  215 MB/s   1m24s[K[?25h[?2026l[?2026h[?25l[A[1Gpulling manifest [K
pulling 9d507a36062c:  73% ▕█████████████     ▏  49 GB/ 67 GB  215 MB/s   1m23s[K[?25h[?2026l[?2026h[?25l[A[1Gpulling manifest [K
pulling 9d507a36062c:  73% ▕█████████████     ▏  49 GB/ 67 GB  215 MB/s   1m23s[K[?25h[?2026l[?2026h[?25l[A[1Gpulling manifest [K
pulling 9d507a36062c:  73% ▕█████████████     ▏  49 GB/ 67 GB  215 MB/s   1m23s[K[?25h[?2026l[?2026h[?25l[A[1Gpulling manifest [K
pulling 9d507a36062c:  73% ▕█████████████     ▏  49 GB/ 67 GB  215 MB/s   1m23s[K[?25h[?2026l[?2026h[?25l[A[1Gpulling manifest [K
pulling 9d507a36062c:  73% ▕█████████████     ▏  49 GB/ 67 GB  215 MB/s   1m23s[K[?25h[?2026l[?2026h[?25l[A[1Gpulling manifest [K
pulling 9d507a36062c:  73% ▕█████████████     ▏  49 GB/ 67 GB  215 MB/s   1m23s[K[?25h[?2026l[?2026h[?25l[A[1Gpulling manifest [K
pulling 9d507a36062c:  73% ▕█████████████     ▏  49 GB/ 67 GB  216 MB/s   1m22s[K[?25h[?2026l[?2026h[?25l[A[1Gpulling manifest [K
pulling 9d507a36062c:  73% ▕█████████████     ▏  49 GB/ 67 GB  216 MB/s   1m22s[K[?25h[?2026l[?2026h[?25l[A[1Gpulling manifest [K
pulling 9d507a36062c:  73% ▕█████████████     ▏  49 GB/ 67 GB  216 MB/s   1m22s[K[?25h[?2026l[?2026h[?25l[A[1Gpulling manifest [K
pulling 9d507a36062c:  73% ▕█████████████     ▏  49 GB/ 67 GB  216 MB/s   1m22s[K[?25h[?2026l[?2026h[?25l[A[1Gpulling manifest [K
pulling 9d507a36062c:  73% ▕█████████████     ▏  49 GB/ 67 GB  216 MB/s   1m22s[K[?25h[?2026l[?2026h[?25l[A[1Gpulling manifest [K
pulling 9d507a36062c:  74% ▕█████████████     ▏  49 GB/ 67 GB  216 MB/s   1m22s[K[?25h[?2026l[?2026h[?25l[A[1Gpulling manifest [K
pulling 9d507a36062c:  74% ▕█████████████     ▏  49 GB/ 67 GB  216 MB/s   1m22s[K[?25h[?2026l[?2026h[?25l[A[1Gpulling manifest [K
pulling 9d507a36062c:  74% ▕█████████████     ▏  49 GB/ 67 GB  216 MB/s   1m22s[K[?25h[?2026l[?2026h[?25l[A[1Gpulling manifest [K
pulling 9d507a36062c:  74% ▕█████████████     ▏  49 GB/ 67 GB  216 MB/s   1m22s[K[?25h[?2026l[?2026h[?25l[A[1Gpulling manifest [K
pulling 9d507a36062c:  74% ▕█████████████     ▏  49 GB/ 67 GB  216 MB/s   1m21s[K[?25h[?2026l[?2026h[?25l[A[1Gpulling manifest [K
pulling 9d507a36062c:  74% ▕█████████████     ▏  49 GB/ 67 GB  216 MB/s   1m21s[K[?25h[?2026l[?2026h[?25l[A[1Gpulling manifest [K
pulling 9d507a36062c:  74% ▕█████████████     ▏  49 GB/ 67 GB  216 MB/s   1m21s[K[?25h[?2026l[?2026h[?25l[A[1Gpulling manifest [K
pulling 9d507a36062c:  74% ▕█████████████     ▏  49 GB/ 67 GB  216 MB/s   1m21s[K[?25h[?2026l[?2026h[?25l[A[1Gpulling manifest [K
pulling 9d507a36062c:  74% ▕█████████████     ▏  49 GB/ 67 GB  216 MB/s   1m21s[K[?25h[?2026l[?2026h[?25l[A[1Gpulling manifest [K
pulling 9d507a36062c:  74% ▕█████████████     ▏  49 GB/ 67 GB  216 MB/s   1m21s[K[?25h[?2026l[?2026h[?25l[A[1Gpulling manifest [K
pulling 9d507a36062c:  74% ▕█████████████     ▏  49 GB/ 67 GB  216 MB/s   1m21s[K[?25h[?2026l[?2026h[?25l[A[1Gpulling manifest [K
pulling 9d507a36062c:  74% ▕█████████████     ▏  49 GB/ 67 GB  216 MB/s   1m21s[K[?25h[?2026l[?2026h[?25l[A[1Gpulling manifest [K
pulling 9d507a36062c:  74% ▕█████████████     ▏  49 GB/ 67 GB  216 MB/s   1m21s[K[?25h[?2026l[?2026h[?25l[A[1Gpulling manifest [K
pulling 9d507a36062c:  74% ▕█████████████     ▏  49 GB/ 67 GB  216 MB/s   1m21s[K[?25h[?2026l[?2026h[?25l[A[1Gpulling manifest [K
pulling 9d507a36062c:  74% ▕█████████████     ▏  49 GB/ 67 GB  216 MB/s   1m20s[K[?25h[?2026l[?2026h[?25l[A[1Gpulling manifest [K
pulling 9d507a36062c:  74% ▕█████████████     ▏  49 GB/ 67 GB  220 MB/s   1m19s[K[?25h[?2026l[?2026h[?25l[A[1Gpulling manifest [K
pulling 9d507a36062c:  74% ▕█████████████     ▏  49 GB/ 67 GB  220 MB/s   1m18s[K[?25h[?2026l[?2026h[?25l[A[1Gpulling manifest [K
pulling 9d507a36062c:  74% ▕█████████████     ▏  50 GB/ 67 GB  220 MB/s   1m18s[K[?25h[?2026l[?2026h[?25l[A[1Gpulling manifest [K
pulling 9d507a36062c:  74% ▕█████████████     ▏  50 GB/ 67 GB  220 MB/s   1m18s[K[?25h[?2026l[?2026h[?25l[A[1Gpulling manifest [K
pulling 9d507a36062c:  74% ▕█████████████     ▏  50 GB/ 67 GB  220 MB/s   1m18s[K[?25h[?2026l[?2026h[?25l[A[1Gpulling manifest [K
pulling 9d507a36062c:  74% ▕█████████████     ▏  50 GB/ 67 GB  220 MB/s   1m18s[K[?25h[?2026l[?2026h[?25l[A[1Gpulling manifest [K
pulling 9d507a36062c:  74% ▕█████████████     ▏  50 GB/ 67 GB  220 MB/s   1m18s[K[?25h[?2026l[?2026h[?25l[A[1Gpulling manifest [K
pulling 9d507a36062c:  74% ▕█████████████     ▏  50 GB/ 67 GB  220 MB/s   1m18s[K[?25h[?2026l[?2026h[?25l[A[1Gpulling manifest [K
pulling 9d507a36062c:  74% ▕█████████████     ▏  50 GB/ 67 GB  220 MB/s   1m18s[K[?25h[?2026l[?2026h[?25l[A[1Gpulling manifest [K
pulling 9d507a36062c:  74% ▕█████████████     ▏  50 GB/ 67 GB  220 MB/s   1m18s[K[?25h[?2026l[?2026h[?25l[A[1Gpulling manifest [K
pulling 9d507a36062c:  74% ▕█████████████     ▏  50 GB/ 67 GB  226 MB/s   1m15s[K[?25h[?2026l[?2026h[?25l[A[1Gpulling manifest [K
pulling 9d507a36062c:  75% ▕█████████████     ▏  50 GB/ 67 GB  226 MB/s   1m15s[K[?25h[?2026l[?2026h[?25l[A[1Gpulling manifest [K
pulling 9d507a36062c:  75% ▕█████████████     ▏  50 GB/ 67 GB  226 MB/s   1m15s[K[?25h[?2026l[?2026h[?25l[A[1Gpulling manifest [K
pulling 9d507a36062c:  75% ▕█████████████     ▏  50 GB/ 67 GB  226 MB/s   1m15s[K[?25h[?2026l[?2026h[?25l[A[1Gpulling manifest [K
pulling 9d507a36062c:  75% ▕█████████████     ▏  50 GB/ 67 GB  226 MB/s   1m15s[K[?25h[?2026l[?2026h[?25l[A[1Gpulling manifest [K
pulling 9d507a36062c:  75% ▕█████████████     ▏  50 GB/ 67 GB  226 MB/s   1m15s[K[?25h[?2026l[?2026h[?25l[A[1Gpulling manifest [K
pulling 9d507a36062c:  75% ▕█████████████     ▏  50 GB/ 67 GB  226 MB/s   1m15s[K[?25h[?2026l[?2026h[?25l[A[1Gpulling manifest [K
pulling 9d507a36062c:  75% ▕█████████████     ▏  50 GB/ 67 GB  226 MB/s   1m15s[K[?25h[?2026l[?2026h[?25l[A[1Gpulling manifest [K
pulling 9d507a36062c:  75% ▕█████████████     ▏  50 GB/ 67 GB  226 MB/s   1m15s[K[?25h[?2026l[?2026h[?25l[A[1Gpulling manifest [K
pulling 9d507a36062c:  75% ▕█████████████     ▏  50 GB/ 67 GB  226 MB/s   1m14s[K[?25h[?2026l[?2026h[?25l[A[1Gpulling manifest [K
pulling 9d507a36062c:  75% ▕█████████████     ▏  50 GB/ 67 GB  228 MB/s   1m14s[K[?25h[?2026l[?2026h[?25l[A[1Gpulling manifest [K
pulling 9d507a36062c:  75% ▕█████████████     ▏  50 GB/ 67 GB  228 MB/s   1m14s[K[?25h[?2026l[?2026h[?25l[A[1Gpulling manifest [K
pulling 9d507a36062c:  75% ▕█████████████     ▏  50 GB/ 67 GB  228 MB/s   1m14s[K[?25h[?2026l[?2026h[?25l[A[1Gpulling manifest [K
pulling 9d507a36062c:  75% ▕█████████████     ▏  50 GB/ 67 GB  228 MB/s   1m14s[K[?25h[?2026l[?2026h[?25l[A[1Gpulling manifest [K
pulling 9d507a36062c:  75% ▕█████████████     ▏  50 GB/ 67 GB  228 MB/s   1m14s[K[?25h[?2026l[?2026h[?25l[A[1Gpulling manifest [K
pulling 9d507a36062c:  75% ▕█████████████     ▏  50 GB/ 67 GB  228 MB/s   1m13s[K[?25h[?2026l[?2026h[?25l[A[1Gpulling manifest [K
pulling 9d507a36062c:  75% ▕█████████████     ▏  50 GB/ 67 GB  228 MB/s   1m13s[K[?25h[?2026l[?2026h[?25l[A[1Gpulling manifest [K
pulling 9d507a36062c:  75% ▕█████████████     ▏  50 GB/ 67 GB  228 MB/s   1m13s[K[?25h[?2026l[?2026h[?25l[A[1Gpulling manifest [K
pulling 9d507a36062c:  75% ▕█████████████     ▏  50 GB/ 67 GB  228 MB/s   1m13s[K[?25h[?2026l[?2026h[?25l[A[1Gpulling manifest [K
pulling 9d507a36062c:  75% ▕█████████████     ▏  50 GB/ 67 GB  228 MB/s   1m13s[K[?25h[?2026l[?2026h[?25l[A[1Gpulling manifest [K
pulling 9d507a36062c:  75% ▕█████████████     ▏  50 GB/ 67 GB  228 MB/s   1m13s[K[?25h[?2026l[?2026h[?25l[A[1Gpulling manifest [K
pulling 9d507a36062c:  75% ▕█████████████     ▏  50 GB/ 67 GB  230 MB/s   1m12s[K[?25h[?2026l[?2026h[?25l[A[1Gpulling manifest [K
pulling 9d507a36062c:  75% ▕█████████████     ▏  50 GB/ 67 GB  230 MB/s   1m12s[K[?25h[?2026l[?2026h[?25l[A[1Gpulling manifest [K
pulling 9d507a36062c:  75% ▕█████████████     ▏  50 GB/ 67 GB  230 MB/s   1m12s[K[?25h[?2026l[?2026h[?25l[A[1Gpulling manifest [K
pulling 9d507a36062c:  75% ▕█████████████     ▏  50 GB/ 67 GB  230 MB/s   1m12s[K[?25h[?2026l[?2026h[?25l[A[1Gpulling manifest [K
pulling 9d507a36062c:  75% ▕█████████████     ▏  50 GB/ 67 GB  230 MB/s   1m12s[K[?25h[?2026l[?2026h[?25l[A[1Gpulling manifest [K
pulling 9d507a36062c:  75% ▕█████████████     ▏  50 GB/ 67 GB  230 MB/s   1m12s[K[?25h[?2026l[?2026h[?25l[A[1Gpulling manifest [K
pulling 9d507a36062c:  75% ▕█████████████     ▏  50 GB/ 67 GB  230 MB/s   1m12s[K[?25h[?2026l[?2026h[?25l[A[1Gpulling manifest [K
pulling 9d507a36062c:  75% ▕█████████████     ▏  50 GB/ 67 GB  230 MB/s   1m12s[K[?25h[?2026l[?2026h[?25l[A[1Gpulling manifest [K
pulling 9d507a36062c:  75% ▕█████████████     ▏  50 GB/ 67 GB  230 MB/s   1m12s[K[?25h[?2026l[?2026h[?25l[A[1Gpulling manifest [K
pulling 9d507a36062c:  75% ▕█████████████     ▏  50 GB/ 67 GB  230 MB/s   1m11s[K[?25h[?2026l[?2026h[?25l[A[1Gpulling manifest [K
pulling 9d507a36062c:  75% ▕█████████████     ▏  50 GB/ 67 GB  231 MB/s   1m11s[K[?25h[?2026l[?2026h[?25l[A[1Gpulling manifest [K
pulling 9d507a36062c:  75% ▕█████████████     ▏  50 GB/ 67 GB  231 MB/s   1m11s[K[?25h[?2026l[?2026h[?25l[A[1Gpulling manifest [K
pulling 9d507a36062c:  76% ▕█████████████     ▏  50 GB/ 67 GB  231 MB/s   1m11s[K[?25h[?2026l[?2026h[?25l[A[1Gpulling manifest [K
pulling 9d507a36062c:  76% ▕█████████████     ▏  50 GB/ 67 GB  231 MB/s   1m11s[K[?25h[?2026l[?2026h[?25l[A[1Gpulling manifest [K
pulling 9d507a36062c:  76% ▕█████████████     ▏  50 GB/ 67 GB  231 MB/s   1m11s[K[?25h[?2026l[?2026h[?25l[A[1Gpulling manifest [K
pulling 9d507a36062c:  76% ▕█████████████     ▏  50 GB/ 67 GB  231 MB/s   1m11s[K[?25h[?2026l[?2026h[?25l[A[1Gpulling manifest [K
pulling 9d507a36062c:  76% ▕█████████████     ▏  51 GB/ 67 GB  231 MB/s   1m10s[K[?25h[?2026l[?2026h[?25l[A[1Gpulling manifest [K
pulling 9d507a36062c:  76% ▕█████████████     ▏  51 GB/ 67 GB  231 MB/s   1m10s[K[?25h[?2026l[?2026h[?25l[A[1Gpulling manifest [K
pulling 9d507a36062c:  76% ▕█████████████     ▏  51 GB/ 67 GB  231 MB/s   1m10s[K[?25h[?2026l[?2026h[?25l[A[1Gpulling manifest [K
pulling 9d507a36062c:  76% ▕█████████████     ▏  51 GB/ 67 GB  231 MB/s   1m10s[K[?25h[?2026l[?2026h[?25l[A[1Gpulling manifest [K
pulling 9d507a36062c:  76% ▕█████████████     ▏  51 GB/ 67 GB  231 MB/s   1m10s[K[?25h[?2026l[?2026h[?25l[A[1Gpulling manifest [K
pulling 9d507a36062c:  76% ▕█████████████     ▏  51 GB/ 67 GB  231 MB/s   1m10s[K[?25h[?2026l[?2026h[?25l[A[1Gpulling manifest [K
pulling 9d507a36062c:  76% ▕█████████████     ▏  51 GB/ 67 GB  231 MB/s   1m10s[K[?25h[?2026l[?2026h[?25l[A[1Gpulling manifest [K
pulling 9d507a36062c:  76% ▕█████████████     ▏  51 GB/ 67 GB  231 MB/s   1m10s[K[?25h[?2026l[?2026h[?25l[A[1Gpulling manifest [K
pulling 9d507a36062c:  76% ▕█████████████     ▏  51 GB/ 67 GB  231 MB/s   1m10s[K[?25h[?2026l[?2026h[?25l[A[1Gpulling manifest [K
pulling 9d507a36062c:  76% ▕█████████████     ▏  51 GB/ 67 GB  231 MB/s   1m10s[K[?25h[?2026l[?2026h[?25l[A[1Gpulling manifest [K
pulling 9d507a36062c:  76% ▕█████████████     ▏  51 GB/ 67 GB  231 MB/s   1m10s[K[?25h[?2026l[?2026h[?25l[A[1Gpulling manifest [K
pulling 9d507a36062c:  76% ▕█████████████     ▏  51 GB/ 67 GB  231 MB/s    1m9s[K[?25h[?2026l[?2026h[?25l[A[1Gpulling manifest [K
pulling 9d507a36062c:  76% ▕█████████████     ▏  51 GB/ 67 GB  231 MB/s    1m9s[K[?25h[?2026l[?2026h[?25l[A[1Gpulling manifest [K
pulling 9d507a36062c:  76% ▕█████████████     ▏  51 GB/ 67 GB  231 MB/s    1m9s[K[?25h[?2026l[?2026h[?25l[A[1Gpulling manifest [K
pulling 9d507a36062c:  76% ▕█████████████     ▏  51 GB/ 67 GB  231 MB/s    1m9s[K[?25h[?2026l[?2026h[?25l[A[1Gpulling manifest [K
pulling 9d507a36062c:  76% ▕█████████████     ▏  51 GB/ 67 GB  233 MB/s    1m9s[K[?25h[?2026l[?2026h[?25l[A[1Gpulling manifest [K
pulling 9d507a36062c:  76% ▕█████████████     ▏  51 GB/ 67 GB  233 MB/s    1m9s[K[?25h[?2026l[?2026h[?25l[A[1Gpulling manifest [K
pulling 9d507a36062c:  76% ▕█████████████     ▏  51 GB/ 67 GB  233 MB/s    1m8s[K[?25h[?2026l[?2026h[?25l[A[1Gpulling manifest [K
pulling 9d507a36062c:  76% ▕█████████████     ▏  51 GB/ 67 GB  233 MB/s    1m8s[K[?25h[?2026l[?2026h[?25l[A[1Gpulling manifest [K
pulling 9d507a36062c:  76% ▕█████████████     ▏  51 GB/ 67 GB  233 MB/s    1m8s[K[?25h[?2026l[?2026h[?25l[A[1Gpulling manifest [K
pulling 9d507a36062c:  76% ▕█████████████     ▏  51 GB/ 67 GB  233 MB/s    1m8s[K[?25h[?2026l[?2026h[?25l[A[1Gpulling manifest [K
pulling 9d507a36062c:  76% ▕█████████████     ▏  51 GB/ 67 GB  233 MB/s    1m8s[K[?25h[?2026l[?2026h[?25l[A[1Gpulling manifest [K
pulling 9d507a36062c:  76% ▕█████████████     ▏  51 GB/ 67 GB  233 MB/s    1m8s[K[?25h[?2026l[?2026h[?25l[A[1Gpulling manifest [K
pulling 9d507a36062c:  76% ▕█████████████     ▏  51 GB/ 67 GB  233 MB/s    1m8s[K[?25h[?2026l[?2026h[?25l[A[1Gpulling manifest [K
pulling 9d507a36062c:  76% ▕█████████████     ▏  51 GB/ 67 GB  233 MB/s    1m8s[K[?25h[?2026l[?2026h[?25l[A[1Gpulling manifest [K
pulling 9d507a36062c:  76% ▕█████████████     ▏  51 GB/ 67 GB  233 MB/s    1m8s[K[?25h[?2026l[?2026h[?25l[A[1Gpulling manifest [K
pulling 9d507a36062c:  77% ▕█████████████     ▏  51 GB/ 67 GB  236 MB/s    1m6s[K[?25h[?2026l[?2026h[?25l[A[1Gpulling manifest [K
pulling 9d507a36062c:  77% ▕█████████████     ▏  51 GB/ 67 GB  236 MB/s    1m6s[K[?25h[?2026l[?2026h[?25l[A[1Gpulling manifest [K
pulling 9d507a36062c:  77% ▕█████████████     ▏  51 GB/ 67 GB  236 MB/s    1m6s[K[?25h[?2026l[?2026h[?25l[A[1Gpulling manifest [K
pulling 9d507a36062c:  77% ▕█████████████     ▏  51 GB/ 67 GB  236 MB/s    1m6s[K[?25h[?2026l[?2026h[?25l[A[1Gpulling manifest [K
pulling 9d507a36062c:  77% ▕█████████████     ▏  51 GB/ 67 GB  236 MB/s    1m6s[K[?25h[?2026l[?2026h[?25l[A[1Gpulling manifest [K
pulling 9d507a36062c:  77% ▕█████████████     ▏  51 GB/ 67 GB  236 MB/s    1m6s[K[?25h[?2026l[?2026h[?25l[A[1Gpulling manifest [K
pulling 9d507a36062c:  77% ▕█████████████     ▏  51 GB/ 67 GB  236 MB/s    1m6s[K[?25h[?2026l[?2026h[?25l[A[1Gpulling manifest [K
pulling 9d507a36062c:  77% ▕█████████████     ▏  51 GB/ 67 GB  236 MB/s    1m6s[K[?25h[?2026l[?2026h[?25l[A[1Gpulling manifest [K
pulling 9d507a36062c:  77% ▕█████████████     ▏  51 GB/ 67 GB  236 MB/s    1m6s[K[?25h[?2026l[?2026h[?25l[A[1Gpulling manifest [K
pulling 9d507a36062c:  77% ▕█████████████     ▏  51 GB/ 67 GB  236 MB/s    1m6s[K[?25h[?2026l[?2026h[?25l[A[1Gpulling manifest [K
pulling 9d507a36062c:  77% ▕█████████████     ▏  51 GB/ 67 GB  234 MB/s    1m6s[K[?25h[?2026l[?2026h[?25l[A[1Gpulling manifest [K
pulling 9d507a36062c:  77% ▕█████████████     ▏  51 GB/ 67 GB  234 MB/s    1m6s[K[?25h[?2026l[?2026h[?25l[A[1Gpulling manifest [K
pulling 9d507a36062c:  77% ▕█████████████     ▏  51 GB/ 67 GB  234 MB/s    1m6s[K[?25h[?2026l[?2026h[?25l[A[1Gpulling manifest [K
pulling 9d507a36062c:  77% ▕█████████████     ▏  51 GB/ 67 GB  234 MB/s    1m6s[K[?25h[?2026l[?2026h[?25l[A[1Gpulling manifest [K
pulling 9d507a36062c:  77% ▕█████████████     ▏  51 GB/ 67 GB  234 MB/s    1m6s[K[?25h[?2026l[?2026h[?25l[A[1Gpulling manifest [K
pulling 9d507a36062c:  77% ▕█████████████     ▏  51 GB/ 67 GB  234 MB/s    1m6s[K[?25h[?2026l[?2026h[?25l[A[1Gpulling manifest [K
pulling 9d507a36062c:  77% ▕█████████████     ▏  51 GB/ 67 GB  234 MB/s    1m5s[K[?25h[?2026l[?2026h[?25l[A[1Gpulling manifest [K
pulling 9d507a36062c:  77% ▕█████████████     ▏  51 GB/ 67 GB  234 MB/s    1m5s[K[?25h[?2026l[?2026h[?25l[A[1Gpulling manifest [K
pulling 9d507a36062c:  77% ▕█████████████     ▏  51 GB/ 67 GB  234 MB/s    1m5s[K[?25h[?2026l[?2026h[?25l[A[1Gpulling manifest [K
pulling 9d507a36062c:  77% ▕█████████████     ▏  52 GB/ 67 GB  234 MB/s    1m5s[K[?25h[?2026l[?2026h[?25l[A[1Gpulling manifest [K
pulling 9d507a36062c:  77% ▕█████████████     ▏  52 GB/ 67 GB  228 MB/s    1m7s[K[?25h[?2026l[?2026h[?25l[A[1Gpulling manifest [K
pulling 9d507a36062c:  77% ▕█████████████     ▏  52 GB/ 67 GB  228 MB/s    1m7s[K[?25h[?2026l[?2026h[?25l[A[1Gpulling manifest [K
pulling 9d507a36062c:  77% ▕█████████████     ▏  52 GB/ 67 GB  228 MB/s    1m7s[K[?25h[?2026l[?2026h[?25l[A[1Gpulling manifest [K
pulling 9d507a36062c:  77% ▕█████████████     ▏  52 GB/ 67 GB  228 MB/s    1m7s[K[?25h[?2026l[?2026h[?25l[A[1Gpulling manifest [K
pulling 9d507a36062c:  77% ▕█████████████     ▏  52 GB/ 67 GB  228 MB/s    1m6s[K[?25h[?2026l[?2026h[?25l[A[1Gpulling manifest [K
pulling 9d507a36062c:  77% ▕█████████████     ▏  52 GB/ 67 GB  228 MB/s    1m6s[K[?25h[?2026l[?2026h[?25l[A[1Gpulling manifest [K
pulling 9d507a36062c:  77% ▕█████████████     ▏  52 GB/ 67 GB  228 MB/s    1m6s[K[?25h[?2026l[?2026h[?25l[A[1Gpulling manifest [K
pulling 9d507a36062c:  77% ▕█████████████     ▏  52 GB/ 67 GB  228 MB/s    1m6s[K[?25h[?2026l[?2026h[?25l[A[1Gpulling manifest [K
pulling 9d507a36062c:  77% ▕█████████████     ▏  52 GB/ 67 GB  228 MB/s    1m6s[K[?25h[?2026l[?2026h[?25l[A[1Gpulling manifest [K
pulling 9d507a36062c:  77% ▕█████████████     ▏  52 GB/ 67 GB  228 MB/s    1m6s[K[?25h[?2026l[?2026h[?25l[A[1Gpulling manifest [K
pulling 9d507a36062c:  77% ▕█████████████     ▏  52 GB/ 67 GB  224 MB/s    1m7s[K[?25h[?2026l[?2026h[?25l[A[1Gpulling manifest [K
pulling 9d507a36062c:  77% ▕█████████████     ▏  52 GB/ 67 GB  224 MB/s    1m7s[K[?25h[?2026l[?2026h[?25l[A[1Gpulling manifest [K
pulling 9d507a36062c:  78% ▕█████████████     ▏  52 GB/ 67 GB  224 MB/s    1m7s[K[?25h[?2026l[?2026h[?25l[A[1Gpulling manifest [K
pulling 9d507a36062c:  78% ▕█████████████     ▏  52 GB/ 67 GB  224 MB/s    1m7s[K[?25h[?2026l[?2026h[?25l[A[1Gpulling manifest [K
pulling 9d507a36062c:  78% ▕█████████████     ▏  52 GB/ 67 GB  224 MB/s    1m7s[K[?25h[?2026l[?2026h[?25l[A[1Gpulling manifest [K
pulling 9d507a36062c:  78% ▕█████████████     ▏  52 GB/ 67 GB  224 MB/s    1m7s[K[?25h[?2026l[?2026h[?25l[A[1Gpulling manifest [K
pulling 9d507a36062c:  78% ▕█████████████     ▏  52 GB/ 67 GB  224 MB/s    1m7s[K[?25h[?2026l[?2026h[?25l[A[1Gpulling manifest [K
pulling 9d507a36062c:  78% ▕█████████████     ▏  52 GB/ 67 GB  224 MB/s    1m7s[K[?25h[?2026l[?2026h[?25l[A[1Gpulling manifest [K
pulling 9d507a36062c:  78% ▕█████████████     ▏  52 GB/ 67 GB  224 MB/s    1m7s[K[?25h[?2026l[?2026h[?25l[A[1Gpulling manifest [K
pulling 9d507a36062c:  78% ▕█████████████     ▏  52 GB/ 67 GB  224 MB/s    1m6s[K[?25h[?2026l[?2026h[?25l[A[1Gpulling manifest [K
pulling 9d507a36062c:  78% ▕██████████████    ▏  52 GB/ 67 GB  225 MB/s    1m6s[K[?25h[?2026l[?2026h[?25l[A[1Gpulling manifest [K
pulling 9d507a36062c:  78% ▕██████████████    ▏  52 GB/ 67 GB  225 MB/s    1m6s[K[?25h[?2026l[?2026h[?25l[A[1Gpulling manifest [K
pulling 9d507a36062c:  78% ▕██████████████    ▏  52 GB/ 67 GB  225 MB/s    1m6s[K[?25h[?2026l[?2026h[?25l[A[1Gpulling manifest [K
pulling 9d507a36062c:  78% ▕██████████████    ▏  52 GB/ 67 GB  225 MB/s    1m6s[K[?25h[?2026l[?2026h[?25l[A[1Gpulling manifest [K
pulling 9d507a36062c:  78% ▕██████████████    ▏  52 GB/ 67 GB  225 MB/s    1m6s[K[?25h[?2026l[?2026h[?25l[A[1Gpulling manifest [K
pulling 9d507a36062c:  78% ▕██████████████    ▏  52 GB/ 67 GB  225 MB/s    1m6s[K[?25h[?2026l[?2026h[?25l[A[1Gpulling manifest [K
pulling 9d507a36062c:  78% ▕██████████████    ▏  52 GB/ 67 GB  225 MB/s    1m5s[K[?25h[?2026l[?2026h[?25l[A[1Gpulling manifest [K
pulling 9d507a36062c:  78% ▕██████████████    ▏  52 GB/ 67 GB  225 MB/s    1m5s[K[?25h[?2026l[?2026h[?25l[A[1Gpulling manifest [K
pulling 9d507a36062c:  78% ▕██████████████    ▏  52 GB/ 67 GB  225 MB/s    1m5s[K[?25h[?2026l[?2026h[?25l[A[1Gpulling manifest [K
pulling 9d507a36062c:  78% ▕██████████████    ▏  52 GB/ 67 GB  225 MB/s    1m5s[K[?25h[?2026l[?2026h[?25l[A[1Gpulling manifest [K
pulling 9d507a36062c:  78% ▕██████████████    ▏  52 GB/ 67 GB  225 MB/s    1m5s[K[?25h[?2026l[?2026h[?25l[A[1Gpulling manifest [K
pulling 9d507a36062c:  78% ▕██████████████    ▏  52 GB/ 67 GB  227 MB/s    1m4s[K[?25h[?2026l[?2026h[?25l[A[1Gpulling manifest [K
pulling 9d507a36062c:  78% ▕██████████████    ▏  52 GB/ 67 GB  227 MB/s    1m4s[K[?25h[?2026l[?2026h[?25l[A[1Gpulling manifest [K
pulling 9d507a36062c:  78% ▕██████████████    ▏  52 GB/ 67 GB  227 MB/s    1m4s[K[?25h[?2026l[?2026h[?25l[A[1Gpulling manifest [K
pulling 9d507a36062c:  78% ▕██████████████    ▏  52 GB/ 67 GB  227 MB/s    1m4s[K[?25h[?2026l[?2026h[?25l[A[1Gpulling manifest [K
pulling 9d507a36062c:  78% ▕██████████████    ▏  52 GB/ 67 GB  227 MB/s    1m4s[K[?25h[?2026l[?2026h[?25l[A[1Gpulling manifest [K
pulling 9d507a36062c:  78% ▕██████████████    ▏  52 GB/ 67 GB  227 MB/s    1m4s[K[?25h[?2026l[?2026h[?25l[A[1Gpulling manifest [K
pulling 9d507a36062c:  78% ▕██████████████    ▏  52 GB/ 67 GB  227 MB/s    1m3s[K[?25h[?2026l[?2026h[?25l[A[1Gpulling manifest [K
pulling 9d507a36062c:  78% ▕██████████████    ▏  52 GB/ 67 GB  227 MB/s    1m3s[K[?25h[?2026l[?2026h[?25l[A[1Gpulling manifest [K
pulling 9d507a36062c:  78% ▕██████████████    ▏  52 GB/ 67 GB  227 MB/s    1m3s[K[?25h[?2026l[?2026h[?25l[A[1Gpulling manifest [K
pulling 9d507a36062c:  78% ▕██████████████    ▏  52 GB/ 67 GB  227 MB/s    1m3s[K[?25h[?2026l[?2026h[?25l[A[1Gpulling manifest [K
pulling 9d507a36062c:  79% ▕██████████████    ▏  52 GB/ 67 GB  227 MB/s    1m3s[K[?25h[?2026l[?2026h[?25l[A[1Gpulling manifest [K
pulling 9d507a36062c:  79% ▕██████████████    ▏  52 GB/ 67 GB  227 MB/s    1m3s[K[?25h[?2026l[?2026h[?25l[A[1Gpulling manifest [K
pulling 9d507a36062c:  79% ▕██████████████    ▏  52 GB/ 67 GB  227 MB/s    1m3s[K[?25h[?2026l[?2026h[?25l[A[1Gpulling manifest [K
pulling 9d507a36062c:  79% ▕██████████████    ▏  53 GB/ 67 GB  227 MB/s    1m3s[K[?25h[?2026l[?2026h[?25l[A[1Gpulling manifest [K
pulling 9d507a36062c:  79% ▕██████████████    ▏  53 GB/ 67 GB  227 MB/s    1m3s[K[?25h[?2026l[?2026h[?25l[A[1Gpulling manifest [K
pulling 9d507a36062c:  79% ▕██████████████    ▏  53 GB/ 67 GB  227 MB/s    1m3s[K[?25h[?2026l[?2026h[?25l[A[1Gpulling manifest [K
pulling 9d507a36062c:  79% ▕██████████████    ▏  53 GB/ 67 GB  227 MB/s    1m2s[K[?25h[?2026l[?2026h[?25l[A[1Gpulling manifest [K
pulling 9d507a36062c:  79% ▕██████████████    ▏  53 GB/ 67 GB  227 MB/s    1m2s[K[?25h[?2026l[?2026h[?25l[A[1Gpulling manifest [K
pulling 9d507a36062c:  79% ▕██████████████    ▏  53 GB/ 67 GB  227 MB/s    1m2s[K[?25h[?2026l[?2026h[?25l[A[1Gpulling manifest [K
pulling 9d507a36062c:  79% ▕██████████████    ▏  53 GB/ 67 GB  227 MB/s    1m2s[K[?25h[?2026l[?2026h[?25l[A[1Gpulling manifest [K
pulling 9d507a36062c:  79% ▕██████████████    ▏  53 GB/ 67 GB  227 MB/s    1m2s[K[?25h[?2026l[?2026h[?25l[A[1Gpulling manifest [K
pulling 9d507a36062c:  79% ▕██████████████    ▏  53 GB/ 67 GB  232 MB/s    1m1s[K[?25h[?2026l[?2026h[?25l[A[1Gpulling manifest [K
pulling 9d507a36062c:  79% ▕██████████████    ▏  53 GB/ 67 GB  232 MB/s    1m0s[K[?25h[?2026l[?2026h[?25l[A[1Gpulling manifest [K
pulling 9d507a36062c:  79% ▕██████████████    ▏  53 GB/ 67 GB  232 MB/s    1m0s[K[?25h[?2026l[?2026h[?25l[A[1Gpulling manifest [K
pulling 9d507a36062c:  79% ▕██████████████    ▏  53 GB/ 67 GB  232 MB/s    1m0s[K[?25h[?2026l[?2026h[?25l[A[1Gpulling manifest [K
pulling 9d507a36062c:  79% ▕██████████████    ▏  53 GB/ 67 GB  232 MB/s    1m0s[K[?25h[?2026l[?2026h[?25l[A[1Gpulling manifest [K
pulling 9d507a36062c:  79% ▕██████████████    ▏  53 GB/ 67 GB  232 MB/s    1m0s[K[?25h[?2026l[?2026h[?25l[A[1Gpulling manifest [K
pulling 9d507a36062c:  79% ▕██████████████    ▏  53 GB/ 67 GB  232 MB/s    1m0s[K[?25h[?2026l[?2026h[?25l[A[1Gpulling manifest [K
pulling 9d507a36062c:  79% ▕██████████████    ▏  53 GB/ 67 GB  232 MB/s    1m0s[K[?25h[?2026l[?2026h[?25l[A[1Gpulling manifest [K
pulling 9d507a36062c:  79% ▕██████████████    ▏  53 GB/ 67 GB  232 MB/s    1m0s[K[?25h[?2026l[?2026h[?25l[A[1Gpulling manifest [K
pulling 9d507a36062c:  79% ▕██████████████    ▏  53 GB/ 67 GB  232 MB/s    1m0s[K[?25h[?2026l[?2026h[?25l[A[1Gpulling manifest [K
pulling 9d507a36062c:  79% ▕██████████████    ▏  53 GB/ 67 GB  237 MB/s     58s[K[?25h[?2026l[?2026h[?25l[A[1Gpulling manifest [K
pulling 9d507a36062c:  79% ▕██████████████    ▏  53 GB/ 67 GB  237 MB/s     58s[K[?25h[?2026l[?2026h[?25l[A[1Gpulling manifest [K
pulling 9d507a36062c:  79% ▕██████████████    ▏  53 GB/ 67 GB  237 MB/s     58s[K[?25h[?2026l[?2026h[?25l[A[1Gpulling manifest [K
pulling 9d507a36062c:  79% ▕██████████████    ▏  53 GB/ 67 GB  237 MB/s     58s[K[?25h[?2026l[?2026h[?25l[A[1Gpulling manifest [K
pulling 9d507a36062c:  79% ▕██████████████    ▏  53 GB/ 67 GB  237 MB/s     58s[K[?25h[?2026l[?2026h[?25l[A[1Gpulling manifest [K
pulling 9d507a36062c:  79% ▕██████████████    ▏  53 GB/ 67 GB  237 MB/s     58s[K[?25h[?2026l[?2026h[?25l[A[1Gpulling manifest [K
pulling 9d507a36062c:  79% ▕██████████████    ▏  53 GB/ 67 GB  237 MB/s     58s[K[?25h[?2026l[?2026h[?25l[A[1Gpulling manifest [K
pulling 9d507a36062c:  79% ▕██████████████    ▏  53 GB/ 67 GB  237 MB/s     58s[K[?25h[?2026l[?2026h[?25l[A[1Gpulling manifest [K
pulling 9d507a36062c:  80% ▕██████████████    ▏  53 GB/ 67 GB  237 MB/s     58s[K[?25h[?2026l[?2026h[?25l[A[1Gpulling manifest [K
pulling 9d507a36062c:  80% ▕██████████████    ▏  53 GB/ 67 GB  237 MB/s     57s[K[?25h[?2026l[?2026h[?25l[A[1Gpulling manifest [K
pulling 9d507a36062c:  80% ▕██████████████    ▏  53 GB/ 67 GB  237 MB/s     57s[K[?25h[?2026l[?2026h[?25l[A[1Gpulling manifest [K
pulling 9d507a36062c:  80% ▕██████████████    ▏  53 GB/ 67 GB  232 MB/s     59s[K[?25h[?2026l[?2026h[?25l[A[1Gpulling manifest [K
pulling 9d507a36062c:  80% ▕██████████████    ▏  53 GB/ 67 GB  232 MB/s     59s[K[?25h[?2026l[?2026h[?25l[A[1Gpulling manifest [K
pulling 9d507a36062c:  80% ▕██████████████    ▏  53 GB/ 67 GB  232 MB/s     59s[K[?25h[?2026l[?2026h[?25l[A[1Gpulling manifest [K
pulling 9d507a36062c:  80% ▕██████████████    ▏  53 GB/ 67 GB  232 MB/s     58s[K[?25h[?2026l[?2026h[?25l[A[1Gpulling manifest [K
pulling 9d507a36062c:  80% ▕██████████████    ▏  53 GB/ 67 GB  232 MB/s     58s[K[?25h[?2026l[?2026h[?25l[A[1Gpulling manifest [K
pulling 9d507a36062c:  80% ▕██████████████    ▏  53 GB/ 67 GB  232 MB/s     58s[K[?25h[?2026l[?2026h[?25l[A[1Gpulling manifest [K
pulling 9d507a36062c:  80% ▕██████████████    ▏  53 GB/ 67 GB  232 MB/s     58s[K[?25h[?2026l[?2026h[?25l[A[1Gpulling manifest [K
pulling 9d507a36062c:  80% ▕██████████████    ▏  53 GB/ 67 GB  232 MB/s     58s[K[?25h[?2026l[?2026h[?25l[A[1Gpulling manifest [K
pulling 9d507a36062c:  80% ▕██████████████    ▏  53 GB/ 67 GB  232 MB/s     58s[K[?25h[?2026l[?2026h[?25l[A[1Gpulling manifest [K
pulling 9d507a36062c:  80% ▕██████████████    ▏  53 GB/ 67 GB  232 MB/s     58s[K[?25h[?2026l[?2026h[?25l[A[1Gpulling manifest [K
pulling 9d507a36062c:  80% ▕██████████████    ▏  53 GB/ 67 GB  233 MB/s     57s[K[?25h[?2026l[?2026h[?25l[A[1Gpulling manifest [K
pulling 9d507a36062c:  80% ▕██████████████    ▏  53 GB/ 67 GB  233 MB/s     57s[K[?25h[?2026l[?2026h[?25l[A[1Gpulling manifest [K
pulling 9d507a36062c:  80% ▕██████████████    ▏  53 GB/ 67 GB  233 MB/s     57s[K[?25h[?2026l[?2026h[?25l[A[1Gpulling manifest [K
pulling 9d507a36062c:  80% ▕██████████████    ▏  53 GB/ 67 GB  233 MB/s     57s[K[?25h[?2026l[?2026h[?25l[A[1Gpulling manifest [K
pulling 9d507a36062c:  80% ▕██████████████    ▏  53 GB/ 67 GB  233 MB/s     57s[K[?25h[?2026l[?2026h[?25l[A[1Gpulling manifest [K
pulling 9d507a36062c:  80% ▕██████████████    ▏  54 GB/ 67 GB  233 MB/s     57s[K[?25h[?2026l[?2026h[?25l[A[1Gpulling manifest [K
pulling 9d507a36062c:  80% ▕██████████████    ▏  54 GB/ 67 GB  233 MB/s     57s[K[?25h[?2026l[?2026h[?25l[A[1Gpulling manifest [K
pulling 9d507a36062c:  80% ▕██████████████    ▏  54 GB/ 67 GB  233 MB/s     57s[K[?25h[?2026l[?2026h[?25l[A[1Gpulling manifest [K
pulling 9d507a36062c:  80% ▕██████████████    ▏  54 GB/ 67 GB  233 MB/s     57s[K[?25h[?2026l[?2026h[?25l[A[1Gpulling manifest [K
pulling 9d507a36062c:  80% ▕██████████████    ▏  54 GB/ 67 GB  233 MB/s     56s[K[?25h[?2026l[?2026h[?25l[A[1Gpulling manifest [K
pulling 9d507a36062c:  80% ▕██████████████    ▏  54 GB/ 67 GB  233 MB/s     56s[K[?25h[?2026l[?2026h[?25l[A[1Gpulling manifest [K
pulling 9d507a36062c:  80% ▕██████████████    ▏  54 GB/ 67 GB  233 MB/s     56s[K[?25h[?2026l[?2026h[?25l[A[1Gpulling manifest [K
pulling 9d507a36062c:  80% ▕██████████████    ▏  54 GB/ 67 GB  233 MB/s     56s[K[?25h[?2026l[?2026h[?25l[A[1Gpulling manifest [K
pulling 9d507a36062c:  80% ▕██████████████    ▏  54 GB/ 67 GB  233 MB/s     56s[K[?25h[?2026l[?2026h[?25l[A[1Gpulling manifest [K
pulling 9d507a36062c:  80% ▕██████████████    ▏  54 GB/ 67 GB  233 MB/s     56s[K[?25h[?2026l[?2026h[?25l[A[1Gpulling manifest [K
pulling 9d507a36062c:  80% ▕██████████████    ▏  54 GB/ 67 GB  233 MB/s     56s[K[?25h[?2026l[?2026h[?25l[A[1Gpulling manifest [K
pulling 9d507a36062c:  80% ▕██████████████    ▏  54 GB/ 67 GB  233 MB/s     56s[K[?25h[?2026l[?2026h[?25l[A[1Gpulling manifest [K
pulling 9d507a36062c:  80% ▕██████████████    ▏  54 GB/ 67 GB  233 MB/s     56s[K[?25h[?2026l[?2026h[?25l[A[1Gpulling manifest [K
pulling 9d507a36062c:  81% ▕██████████████    ▏  54 GB/ 67 GB  233 MB/s     56s[K[?25h[?2026l[?2026h[?25l[A[1Gpulling manifest [K
pulling 9d507a36062c:  81% ▕██████████████    ▏  54 GB/ 67 GB  233 MB/s     56s[K[?25h[?2026l[?2026h[?25l[A[1Gpulling manifest [K
pulling 9d507a36062c:  81% ▕██████████████    ▏  54 GB/ 67 GB  232 MB/s     56s[K[?25h[?2026l[?2026h[?25l[A[1Gpulling manifest [K
pulling 9d507a36062c:  81% ▕██████████████    ▏  54 GB/ 67 GB  232 MB/s     56s[K[?25h[?2026l[?2026h[?25l[A[1Gpulling manifest [K
pulling 9d507a36062c:  81% ▕██████████████    ▏  54 GB/ 67 GB  232 MB/s     56s[K[?25h[?2026l[?2026h[?25l[A[1Gpulling manifest [K
pulling 9d507a36062c:  81% ▕██████████████    ▏  54 GB/ 67 GB  232 MB/s     56s[K[?25h[?2026l[?2026h[?25l[A[1Gpulling manifest [K
pulling 9d507a36062c:  81% ▕██████████████    ▏  54 GB/ 67 GB  232 MB/s     56s[K[?25h[?2026l[?2026h[?25l[A[1Gpulling manifest [K
pulling 9d507a36062c:  81% ▕██████████████    ▏  54 GB/ 67 GB  232 MB/s     56s[K[?25h[?2026l[?2026h[?25l[A[1Gpulling manifest [K
pulling 9d507a36062c:  81% ▕██████████████    ▏  54 GB/ 67 GB  232 MB/s     55s[K[?25h[?2026l[?2026h[?25l[A[1Gpulling manifest [K
pulling 9d507a36062c:  81% ▕██████████████    ▏  54 GB/ 67 GB  232 MB/s     55s[K[?25h[?2026l[?2026h[?25l[A[1Gpulling manifest [K
pulling 9d507a36062c:  81% ▕██████████████    ▏  54 GB/ 67 GB  232 MB/s     55s[K[?25h[?2026l[?2026h[?25l[A[1Gpulling manifest [K
pulling 9d507a36062c:  81% ▕██████████████    ▏  54 GB/ 67 GB  232 MB/s     55s[K[?25h[?2026l[?2026h[?25l[A[1Gpulling manifest [K
pulling 9d507a36062c:  81% ▕██████████████    ▏  54 GB/ 67 GB  232 MB/s     55s[K[?25h[?2026l[?2026h[?25l[A[1Gpulling manifest [K
pulling 9d507a36062c:  81% ▕██████████████    ▏  54 GB/ 67 GB  232 MB/s     55s[K[?25h[?2026l[?2026h[?25l[A[1Gpulling manifest [K
pulling 9d507a36062c:  81% ▕██████████████    ▏  54 GB/ 67 GB  232 MB/s     55s[K[?25h[?2026l[?2026h[?25l[A[1Gpulling manifest [K
pulling 9d507a36062c:  81% ▕██████████████    ▏  54 GB/ 67 GB  232 MB/s     55s[K[?25h[?2026l[?2026h[?25l[A[1Gpulling manifest [K
pulling 9d507a36062c:  81% ▕██████████████    ▏  54 GB/ 67 GB  232 MB/s     55s[K[?25h[?2026l[?2026h[?25l[A[1Gpulling manifest [K
pulling 9d507a36062c:  81% ▕██████████████    ▏  54 GB/ 67 GB  232 MB/s     54s[K[?25h[?2026l[?2026h[?25l[A[1Gpulling manifest [K
pulling 9d507a36062c:  81% ▕██████████████    ▏  54 GB/ 67 GB  232 MB/s     54s[K[?25h[?2026l[?2026h[?25l[A[1Gpulling manifest [K
pulling 9d507a36062c:  81% ▕██████████████    ▏  54 GB/ 67 GB  232 MB/s     54s[K[?25h[?2026l[?2026h[?25l[A[1Gpulling manifest [K
pulling 9d507a36062c:  81% ▕██████████████    ▏  54 GB/ 67 GB  232 MB/s     54s[K[?25h[?2026l[?2026h[?25l[A[1Gpulling manifest [K
pulling 9d507a36062c:  81% ▕██████████████    ▏  54 GB/ 67 GB  232 MB/s     54s[K[?25h[?2026l[?2026h[?25l[A[1Gpulling manifest [K
pulling 9d507a36062c:  81% ▕██████████████    ▏  54 GB/ 67 GB  232 MB/s     54s[K[?25h[?2026l[?2026h[?25l[A[1Gpulling manifest [K
pulling 9d507a36062c:  81% ▕██████████████    ▏  54 GB/ 67 GB  231 MB/s     54s[K[?25h[?2026l[?2026h[?25l[A[1Gpulling manifest [K
pulling 9d507a36062c:  81% ▕██████████████    ▏  54 GB/ 67 GB  231 MB/s     54s[K[?25h[?2026l[?2026h[?25l[A[1Gpulling manifest [K
pulling 9d507a36062c:  81% ▕██████████████    ▏  54 GB/ 67 GB  231 MB/s     54s[K[?25h[?2026l[?2026h[?25l[A[1Gpulling manifest [K
pulling 9d507a36062c:  81% ▕██████████████    ▏  54 GB/ 67 GB  231 MB/s     54s[K[?25h[?2026l[?2026h[?25l[A[1Gpulling manifest [K
pulling 9d507a36062c:  81% ▕██████████████    ▏  54 GB/ 67 GB  231 MB/s     54s[K[?25h[?2026l[?2026h[?25l[A[1Gpulling manifest [K
pulling 9d507a36062c:  81% ▕██████████████    ▏  54 GB/ 67 GB  231 MB/s     54s[K[?25h[?2026l[?2026h[?25l[A[1Gpulling manifest [K
pulling 9d507a36062c:  81% ▕██████████████    ▏  54 GB/ 67 GB  231 MB/s     54s[K[?25h[?2026l[?2026h[?25l[A[1Gpulling manifest [K
pulling 9d507a36062c:  81% ▕██████████████    ▏  54 GB/ 67 GB  231 MB/s     53s[K[?25h[?2026l[?2026h[?25l[A[1Gpulling manifest [K
pulling 9d507a36062c:  82% ▕██████████████    ▏  54 GB/ 67 GB  231 MB/s     53s[K[?25h[?2026l[?2026h[?25l[A[1Gpulling manifest [K
pulling 9d507a36062c:  82% ▕██████████████    ▏  54 GB/ 67 GB  231 MB/s     53s[K[?25h[?2026l[?2026h[?25l[A[1Gpulling manifest [K
pulling 9d507a36062c:  82% ▕██████████████    ▏  55 GB/ 67 GB  232 MB/s     53s[K[?25h[?2026l[?2026h[?25l[A[1Gpulling manifest [K
pulling 9d507a36062c:  82% ▕██████████████    ▏  55 GB/ 67 GB  232 MB/s     53s[K[?25h[?2026l[?2026h[?25l[A[1Gpulling manifest [K
pulling 9d507a36062c:  82% ▕██████████████    ▏  55 GB/ 67 GB  232 MB/s     53s[K[?25h[?2026l[?2026h[?25l[A[1Gpulling manifest [K
pulling 9d507a36062c:  82% ▕██████████████    ▏  55 GB/ 67 GB  232 MB/s     53s[K[?25h[?2026l[?2026h[?25l[A[1Gpulling manifest [K
pulling 9d507a36062c:  82% ▕██████████████    ▏  55 GB/ 67 GB  232 MB/s     53s[K[?25h[?2026l[?2026h[?25l[A[1Gpulling manifest [K
pulling 9d507a36062c:  82% ▕██████████████    ▏  55 GB/ 67 GB  232 MB/s     53s[K[?25h[?2026l[?2026h[?25l[A[1Gpulling manifest [K
pulling 9d507a36062c:  82% ▕██████████████    ▏  55 GB/ 67 GB  232 MB/s     52s[K[?25h[?2026l[?2026h[?25l[A[1Gpulling manifest [K
pulling 9d507a36062c:  82% ▕██████████████    ▏  55 GB/ 67 GB  232 MB/s     52s[K[?25h[?2026l[?2026h[?25l[A[1Gpulling manifest [K
pulling 9d507a36062c:  82% ▕██████████████    ▏  55 GB/ 67 GB  232 MB/s     52s[K[?25h[?2026l[?2026h[?25l[A[1Gpulling manifest [K
pulling 9d507a36062c:  82% ▕██████████████    ▏  55 GB/ 67 GB  232 MB/s     52s[K[?25h[?2026l[?2026h[?25l[A[1Gpulling manifest [K
pulling 9d507a36062c:  82% ▕██████████████    ▏  55 GB/ 67 GB  232 MB/s     52s[K[?25h[?2026l[?2026h[?25l[A[1Gpulling manifest [K
pulling 9d507a36062c:  82% ▕██████████████    ▏  55 GB/ 67 GB  223 MB/s     54s[K[?25h[?2026l[?2026h[?25l[A[1Gpulling manifest [K
pulling 9d507a36062c:  82% ▕██████████████    ▏  55 GB/ 67 GB  223 MB/s     54s[K[?25h[?2026l[?2026h[?25l[A[1Gpulling manifest [K
pulling 9d507a36062c:  82% ▕██████████████    ▏  55 GB/ 67 GB  223 MB/s     54s[K[?25h[?2026l[?2026h[?25l[A[1Gpulling manifest [K
pulling 9d507a36062c:  82% ▕██████████████    ▏  55 GB/ 67 GB  223 MB/s     54s[K[?25h[?2026l[?2026h[?25l[A[1Gpulling manifest [K
pulling 9d507a36062c:  82% ▕██████████████    ▏  55 GB/ 67 GB  223 MB/s     54s[K[?25h[?2026l[?2026h[?25l[A[1Gpulling manifest [K
pulling 9d507a36062c:  82% ▕██████████████    ▏  55 GB/ 67 GB  223 MB/s     54s[K[?25h[?2026l[?2026h[?25l[A[1Gpulling manifest [K
pulling 9d507a36062c:  82% ▕██████████████    ▏  55 GB/ 67 GB  223 MB/s     54s[K[?25h[?2026l[?2026h[?25l[A[1Gpulling manifest [K
pulling 9d507a36062c:  82% ▕██████████████    ▏  55 GB/ 67 GB  223 MB/s     53s[K[?25h[?2026l[?2026h[?25l[A[1Gpulling manifest [K
pulling 9d507a36062c:  82% ▕██████████████    ▏  55 GB/ 67 GB  223 MB/s     53s[K[?25h[?2026l[?2026h[?25l[A[1Gpulling manifest [K
pulling 9d507a36062c:  82% ▕██████████████    ▏  55 GB/ 67 GB  223 MB/s     53s[K[?25h[?2026l[?2026h[?25l[A[1Gpulling manifest [K
pulling 9d507a36062c:  82% ▕██████████████    ▏  55 GB/ 67 GB  218 MB/s     54s[K[?25h[?2026l[?2026h[?25l[A[1Gpulling manifest [K
pulling 9d507a36062c:  82% ▕██████████████    ▏  55 GB/ 67 GB  218 MB/s     54s[K[?25h[?2026l[?2026h[?25l[A[1Gpulling manifest [K
pulling 9d507a36062c:  82% ▕██████████████    ▏  55 GB/ 67 GB  218 MB/s     54s[K[?25h[?2026l[?2026h[?25l[A[1Gpulling manifest [K
pulling 9d507a36062c:  82% ▕██████████████    ▏  55 GB/ 67 GB  218 MB/s     54s[K[?25h[?2026l[?2026h[?25l[A[1Gpulling manifest [K
pulling 9d507a36062c:  82% ▕██████████████    ▏  55 GB/ 67 GB  218 MB/s     54s[K[?25h[?2026l[?2026h[?25l[A[1Gpulling manifest [K
pulling 9d507a36062c:  82% ▕██████████████    ▏  55 GB/ 67 GB  218 MB/s     54s[K[?25h[?2026l[?2026h[?25l[A[1Gpulling manifest [K
pulling 9d507a36062c:  82% ▕██████████████    ▏  55 GB/ 67 GB  218 MB/s     54s[K[?25h[?2026l[?2026h[?25l[A[1Gpulling manifest [K
pulling 9d507a36062c:  82% ▕██████████████    ▏  55 GB/ 67 GB  218 MB/s     54s[K[?25h[?2026l[?2026h[?25l[A[1Gpulling manifest [K
pulling 9d507a36062c:  82% ▕██████████████    ▏  55 GB/ 67 GB  218 MB/s     54s[K[?25h[?2026l[?2026h[?25l[A[1Gpulling manifest [K
pulling 9d507a36062c:  83% ▕██████████████    ▏  55 GB/ 67 GB  218 MB/s     53s[K[?25h[?2026l[?2026h[?25l[A[1Gpulling manifest [K
pulling 9d507a36062c:  83% ▕██████████████    ▏  55 GB/ 67 GB  218 MB/s     53s[K[?25h[?2026l[?2026h[?25l[A[1Gpulling manifest [K
pulling 9d507a36062c:  83% ▕██████████████    ▏  55 GB/ 67 GB  221 MB/s     53s[K[?25h[?2026l[?2026h[?25l[A[1Gpulling manifest [K
pulling 9d507a36062c:  83% ▕██████████████    ▏  55 GB/ 67 GB  221 MB/s     52s[K[?25h[?2026l[?2026h[?25l[A[1Gpulling manifest [K
pulling 9d507a36062c:  83% ▕██████████████    ▏  55 GB/ 67 GB  221 MB/s     52s[K[?25h[?2026l[?2026h[?25l[A[1Gpulling manifest [K
pulling 9d507a36062c:  83% ▕██████████████    ▏  55 GB/ 67 GB  221 MB/s     52s[K[?25h[?2026l[?2026h[?25l[A[1Gpulling manifest [K
pulling 9d507a36062c:  83% ▕██████████████    ▏  55 GB/ 67 GB  221 MB/s     52s[K[?25h[?2026l[?2026h[?25l[A[1Gpulling manifest [K
pulling 9d507a36062c:  83% ▕██████████████    ▏  55 GB/ 67 GB  221 MB/s     52s[K[?25h[?2026l[?2026h[?25l[A[1Gpulling manifest [K
pulling 9d507a36062c:  83% ▕██████████████    ▏  55 GB/ 67 GB  221 MB/s     52s[K[?25h[?2026l[?2026h[?25l[A[1Gpulling manifest [K
pulling 9d507a36062c:  83% ▕██████████████    ▏  55 GB/ 67 GB  221 MB/s     52s[K[?25h[?2026l[?2026h[?25l[A[1Gpulling manifest [K
pulling 9d507a36062c:  83% ▕██████████████    ▏  55 GB/ 67 GB  221 MB/s     52s[K[?25h[?2026l[?2026h[?25l[A[1Gpulling manifest [K
pulling 9d507a36062c:  83% ▕██████████████    ▏  55 GB/ 67 GB  221 MB/s     52s[K[?25h[?2026l[?2026h[?25l[A[1Gpulling manifest [K
pulling 9d507a36062c:  83% ▕██████████████    ▏  55 GB/ 67 GB  222 MB/s     51s[K[?25h[?2026l[?2026h[?25l[A[1Gpulling manifest [K
pulling 9d507a36062c:  83% ▕██████████████    ▏  55 GB/ 67 GB  222 MB/s     51s[K[?25h[?2026l[?2026h[?25l[A[1Gpulling manifest [K
pulling 9d507a36062c:  83% ▕██████████████    ▏  55 GB/ 67 GB  222 MB/s     51s[K[?25h[?2026l[?2026h[?25l[A[1Gpulling manifest [K
pulling 9d507a36062c:  83% ▕██████████████    ▏  55 GB/ 67 GB  222 MB/s     51s[K[?25h[?2026l[?2026h[?25l[A[1Gpulling manifest [K
pulling 9d507a36062c:  83% ▕██████████████    ▏  55 GB/ 67 GB  222 MB/s     51s[K[?25h[?2026l[?2026h[?25l[A[1Gpulling manifest [K
pulling 9d507a36062c:  83% ▕██████████████    ▏  56 GB/ 67 GB  222 MB/s     51s[K[?25h[?2026l[?2026h[?25l[A[1Gpulling manifest [K
pulling 9d507a36062c:  83% ▕██████████████    ▏  56 GB/ 67 GB  222 MB/s     51s[K[?25h[?2026l[?2026h[?25l[A[1Gpulling manifest [K
pulling 9d507a36062c:  83% ▕██████████████    ▏  56 GB/ 67 GB  222 MB/s     51s[K[?25h[?2026l[?2026h[?25l[A[1Gpulling manifest [K
pulling 9d507a36062c:  83% ▕██████████████    ▏  56 GB/ 67 GB  222 MB/s     51s[K[?25h[?2026l[?2026h[?25l[A[1Gpulling manifest [K
pulling 9d507a36062c:  83% ▕██████████████    ▏  56 GB/ 67 GB  222 MB/s     50s[K[?25h[?2026l[?2026h[?25l[A[1Gpulling manifest [K
pulling 9d507a36062c:  83% ▕██████████████    ▏  56 GB/ 67 GB  222 MB/s     50s[K[?25h[?2026l[?2026h[?25l[A[1Gpulling manifest [K
pulling 9d507a36062c:  83% ▕██████████████    ▏  56 GB/ 67 GB  224 MB/s     50s[K[?25h[?2026l[?2026h[?25l[A[1Gpulling manifest [K
pulling 9d507a36062c:  83% ▕██████████████    ▏  56 GB/ 67 GB  224 MB/s     50s[K[?25h[?2026l[?2026h[?25l[A[1Gpulling manifest [K
pulling 9d507a36062c:  83% ▕██████████████    ▏  56 GB/ 67 GB  224 MB/s     50s[K[?25h[?2026l[?2026h[?25l[A[1Gpulling manifest [K
pulling 9d507a36062c:  83% ▕███████████████   ▏  56 GB/ 67 GB  224 MB/s     49s[K[?25h[?2026l[?2026h[?25l[A[1Gpulling manifest [K
pulling 9d507a36062c:  83% ▕███████████████   ▏  56 GB/ 67 GB  224 MB/s     49s[K[?25h[?2026l[?2026h[?25l[A[1Gpulling manifest [K
pulling 9d507a36062c:  83% ▕███████████████   ▏  56 GB/ 67 GB  224 MB/s     49s[K[?25h[?2026l[?2026h[?25l[A[1Gpulling manifest [K
pulling 9d507a36062c:  83% ▕███████████████   ▏  56 GB/ 67 GB  224 MB/s     49s[K[?25h[?2026l[?2026h[?25l[A[1Gpulling manifest [K
pulling 9d507a36062c:  83% ▕███████████████   ▏  56 GB/ 67 GB  224 MB/s     49s[K[?25h[?2026l[?2026h[?25l[A[1Gpulling manifest [K
pulling 9d507a36062c:  83% ▕███████████████   ▏  56 GB/ 67 GB  224 MB/s     49s[K[?25h[?2026l[?2026h[?25l[A[1Gpulling manifest [K
pulling 9d507a36062c:  84% ▕███████████████   ▏  56 GB/ 67 GB  224 MB/s     49s[K[?25h[?2026l[?2026h[?25l[A[1Gpulling manifest [K
pulling 9d507a36062c:  84% ▕███████████████   ▏  56 GB/ 67 GB  226 MB/s     48s[K[?25h[?2026l[?2026h[?25l[A[1Gpulling manifest [K
pulling 9d507a36062c:  84% ▕███████████████   ▏  56 GB/ 67 GB  226 MB/s     48s[K[?25h[?2026l[?2026h[?25l[A[1Gpulling manifest [K
pulling 9d507a36062c:  84% ▕███████████████   ▏  56 GB/ 67 GB  226 MB/s     48s[K[?25h[?2026l[?2026h[?25l[A[1Gpulling manifest [K
pulling 9d507a36062c:  84% ▕███████████████   ▏  56 GB/ 67 GB  226 MB/s     48s[K[?25h[?2026l[?2026h[?25l[A[1Gpulling manifest [K
pulling 9d507a36062c:  84% ▕███████████████   ▏  56 GB/ 67 GB  226 MB/s     48s[K[?25h[?2026l[?2026h[?25l[A[1Gpulling manifest [K
pulling 9d507a36062c:  84% ▕███████████████   ▏  56 GB/ 67 GB  226 MB/s     48s[K[?25h[?2026l[?2026h[?25l[A[1Gpulling manifest [K
pulling 9d507a36062c:  84% ▕███████████████   ▏  56 GB/ 67 GB  226 MB/s     48s[K[?25h[?2026l[?2026h[?25l[A[1Gpulling manifest [K
pulling 9d507a36062c:  84% ▕███████████████   ▏  56 GB/ 67 GB  226 MB/s     48s[K[?25h[?2026l[?2026h[?25l[A[1Gpulling manifest [K
pulling 9d507a36062c:  84% ▕███████████████   ▏  56 GB/ 67 GB  226 MB/s     48s[K[?25h[?2026l[?2026h[?25l[A[1Gpulling manifest [K
pulling 9d507a36062c:  84% ▕███████████████   ▏  56 GB/ 67 GB  226 MB/s     48s[K[?25h[?2026l[?2026h[?25l[A[1Gpulling manifest [K
pulling 9d507a36062c:  84% ▕███████████████   ▏  56 GB/ 67 GB  226 MB/s     47s[K[?25h[?2026l[?2026h[?25l[A[1Gpulling manifest [K
pulling 9d507a36062c:  84% ▕███████████████   ▏  56 GB/ 67 GB  227 MB/s     47s[K[?25h[?2026l[?2026h[?25l[A[1Gpulling manifest [K
pulling 9d507a36062c:  84% ▕███████████████   ▏  56 GB/ 67 GB  227 MB/s     47s[K[?25h[?2026l[?2026h[?25l[A[1Gpulling manifest [K
pulling 9d507a36062c:  84% ▕███████████████   ▏  56 GB/ 67 GB  227 MB/s     47s[K[?25h[?2026l[?2026h[?25l[A[1Gpulling manifest [K
pulling 9d507a36062c:  84% ▕███████████████   ▏  56 GB/ 67 GB  227 MB/s     47s[K[?25h[?2026l[?2026h[?25l[A[1Gpulling manifest [K
pulling 9d507a36062c:  84% ▕███████████████   ▏  56 GB/ 67 GB  227 MB/s     47s[K[?25h[?2026l[?2026h[?25l[A[1Gpulling manifest [K
pulling 9d507a36062c:  84% ▕███████████████   ▏  56 GB/ 67 GB  227 MB/s     47s[K[?25h[?2026l[?2026h[?25l[A[1Gpulling manifest [K
pulling 9d507a36062c:  84% ▕███████████████   ▏  56 GB/ 67 GB  227 MB/s     47s[K[?25h[?2026l[?2026h[?25l[A[1Gpulling manifest [K
pulling 9d507a36062c:  84% ▕███████████████   ▏  56 GB/ 67 GB  227 MB/s     47s[K[?25h[?2026l[?2026h[?25l[A[1Gpulling manifest [K
pulling 9d507a36062c:  84% ▕███████████████   ▏  56 GB/ 67 GB  227 MB/s     46s[K[?25h[?2026l[?2026h[?25l[A[1Gpulling manifest [K
pulling 9d507a36062c:  84% ▕███████████████   ▏  56 GB/ 67 GB  227 MB/s     46s[K[?25h[?2026l[?2026h[?25l[A[1Gpulling manifest [K
pulling 9d507a36062c:  84% ▕███████████████   ▏  56 GB/ 67 GB  225 MB/s     47s[K[?25h[?2026l[?2026h[?25l[A[1Gpulling manifest [K
pulling 9d507a36062c:  84% ▕███████████████   ▏  56 GB/ 67 GB  225 MB/s     47s[K[?25h[?2026l[?2026h[?25l[A[1Gpulling manifest [K
pulling 9d507a36062c:  84% ▕███████████████   ▏  56 GB/ 67 GB  225 MB/s     47s[K[?25h[?2026l[?2026h[?25l[A[1Gpulling manifest [K
pulling 9d507a36062c:  84% ▕███████████████   ▏  56 GB/ 67 GB  225 MB/s     46s[K[?25h[?2026l[?2026h[?25l[A[1Gpulling manifest [K
pulling 9d507a36062c:  84% ▕███████████████   ▏  56 GB/ 67 GB  225 MB/s     46s[K[?25h[?2026l[?2026h[?25l[A[1Gpulling manifest [K
pulling 9d507a36062c:  84% ▕███████████████   ▏  56 GB/ 67 GB  225 MB/s     46s[K[?25h[?2026l[?2026h[?25l[A[1Gpulling manifest [K
pulling 9d507a36062c:  84% ▕███████████████   ▏  56 GB/ 67 GB  225 MB/s     46s[K[?25h[?2026l[?2026h[?25l[A[1Gpulling manifest [K
pulling 9d507a36062c:  84% ▕███████████████   ▏  56 GB/ 67 GB  225 MB/s     46s[K[?25h[?2026l[?2026h[?25l[A[1Gpulling manifest [K
pulling 9d507a36062c:  85% ▕███████████████   ▏  56 GB/ 67 GB  225 MB/s     46s[K[?25h[?2026l[?2026h[?25l[A[1Gpulling manifest [K
pulling 9d507a36062c:  85% ▕███████████████   ▏  57 GB/ 67 GB  225 MB/s     46s[K[?25h[?2026l[?2026h[?25l[A[1Gpulling manifest [K
pulling 9d507a36062c:  85% ▕███████████████   ▏  57 GB/ 67 GB  225 MB/s     46s[K[?25h[?2026l[?2026h[?25l[A[1Gpulling manifest [K
pulling 9d507a36062c:  85% ▕███████████████   ▏  57 GB/ 67 GB  226 MB/s     45s[K[?25h[?2026l[?2026h[?25l[A[1Gpulling manifest [K
pulling 9d507a36062c:  85% ▕███████████████   ▏  57 GB/ 67 GB  226 MB/s     45s[K[?25h[?2026l[?2026h[?25l[A[1Gpulling manifest [K
pulling 9d507a36062c:  85% ▕███████████████   ▏  57 GB/ 67 GB  226 MB/s     45s[K[?25h[?2026l[?2026h[?25l[A[1Gpulling manifest [K
pulling 9d507a36062c:  85% ▕███████████████   ▏  57 GB/ 67 GB  226 MB/s     45s[K[?25h[?2026l[?2026h[?25l[A[1Gpulling manifest [K
pulling 9d507a36062c:  85% ▕███████████████   ▏  57 GB/ 67 GB  226 MB/s     45s[K[?25h[?2026l[?2026h[?25l[A[1Gpulling manifest [K
pulling 9d507a36062c:  85% ▕███████████████   ▏  57 GB/ 67 GB  226 MB/s     45s[K[?25h[?2026l[?2026h[?25l[A[1Gpulling manifest [K
pulling 9d507a36062c:  85% ▕███████████████   ▏  57 GB/ 67 GB  226 MB/s     45s[K[?25h[?2026l[?2026h[?25l[A[1Gpulling manifest [K
pulling 9d507a36062c:  85% ▕███████████████   ▏  57 GB/ 67 GB  226 MB/s     45s[K[?25h[?2026l[?2026h[?25l[A[1Gpulling manifest [K
pulling 9d507a36062c:  85% ▕███████████████   ▏  57 GB/ 67 GB  226 MB/s     45s[K[?25h[?2026l[?2026h[?25l[A[1Gpulling manifest [K
pulling 9d507a36062c:  85% ▕███████████████   ▏  57 GB/ 67 GB  226 MB/s     45s[K[?25h[?2026l[?2026h[?25l[A[1Gpulling manifest [K
pulling 9d507a36062c:  85% ▕███████████████   ▏  57 GB/ 67 GB  229 MB/s     44s[K[?25h[?2026l[?2026h[?25l[A[1Gpulling manifest [K
pulling 9d507a36062c:  85% ▕███████████████   ▏  57 GB/ 67 GB  229 MB/s     44s[K[?25h[?2026l[?2026h[?25l[A[1Gpulling manifest [K
pulling 9d507a36062c:  85% ▕███████████████   ▏  57 GB/ 67 GB  229 MB/s     44s[K[?25h[?2026l[?2026h[?25l[A[1Gpulling manifest [K
pulling 9d507a36062c:  85% ▕███████████████   ▏  57 GB/ 67 GB  229 MB/s     43s[K[?25h[?2026l[?2026h[?25l[A[1Gpulling manifest [K
pulling 9d507a36062c:  85% ▕███████████████   ▏  57 GB/ 67 GB  229 MB/s     43s[K[?25h[?2026l[?2026h[?25l[A[1Gpulling manifest [K
pulling 9d507a36062c:  85% ▕███████████████   ▏  57 GB/ 67 GB  229 MB/s     43s[K[?25h[?2026l[?2026h[?25l[A[1Gpulling manifest [K
pulling 9d507a36062c:  85% ▕███████████████   ▏  57 GB/ 67 GB  229 MB/s     43s[K[?25h[?2026l[?2026h[?25l[A[1Gpulling manifest [K
pulling 9d507a36062c:  85% ▕███████████████   ▏  57 GB/ 67 GB  229 MB/s     43s[K[?25h[?2026l[?2026h[?25l[A[1Gpulling manifest [K
pulling 9d507a36062c:  85% ▕███████████████   ▏  57 GB/ 67 GB  229 MB/s     43s[K[?25h[?2026l[?2026h[?25l[A[1Gpulling manifest [K
pulling 9d507a36062c:  85% ▕███████████████   ▏  57 GB/ 67 GB  229 MB/s     43s[K[?25h[?2026l[?2026h[?25l[A[1Gpulling manifest [K
pulling 9d507a36062c:  85% ▕███████████████   ▏  57 GB/ 67 GB  229 MB/s     43s[K[?25h[?2026l[?2026h[?25l[A[1Gpulling manifest [K
pulling 9d507a36062c:  85% ▕███████████████   ▏  57 GB/ 67 GB  230 MB/s     42s[K[?25h[?2026l[?2026h[?25l[A[1Gpulling manifest [K
pulling 9d507a36062c:  85% ▕███████████████   ▏  57 GB/ 67 GB  230 MB/s     42s[K[?25h[?2026l[?2026h[?25l[A[1Gpulling manifest [K
pulling 9d507a36062c:  85% ▕███████████████   ▏  57 GB/ 67 GB  230 MB/s     42s[K[?25h[?2026l[?2026h[?25l[A[1Gpulling manifest [K
pulling 9d507a36062c:  85% ▕███████████████   ▏  57 GB/ 67 GB  230 MB/s     42s[K[?25h[?2026l[?2026h[?25l[A[1Gpulling manifest [K
pulling 9d507a36062c:  85% ▕███████████████   ▏  57 GB/ 67 GB  230 MB/s     42s[K[?25h[?2026l[?2026h[?25l[A[1Gpulling manifest [K
pulling 9d507a36062c:  85% ▕███████████████   ▏  57 GB/ 67 GB  230 MB/s     42s[K[?25h[?2026l[?2026h[?25l[A[1Gpulling manifest [K
pulling 9d507a36062c:  85% ▕███████████████   ▏  57 GB/ 67 GB  230 MB/s     42s[K[?25h[?2026l[?2026h[?25l[A[1Gpulling manifest [K
pulling 9d507a36062c:  85% ▕███████████████   ▏  57 GB/ 67 GB  230 MB/s     42s[K[?25h[?2026l[?2026h[?25l[A[1Gpulling manifest [K
pulling 9d507a36062c:  85% ▕███████████████   ▏  57 GB/ 67 GB  230 MB/s     42s[K[?25h[?2026l[?2026h[?25l[A[1Gpulling manifest [K
pulling 9d507a36062c:  86% ▕███████████████   ▏  57 GB/ 67 GB  230 MB/s     42s[K[?25h[?2026l[?2026h[?25l[A[1Gpulling manifest [K
pulling 9d507a36062c:  86% ▕███████████████   ▏  57 GB/ 67 GB  226 MB/s     43s[K[?25h[?2026l[?2026h[?25l[A[1Gpulling manifest [K
pulling 9d507a36062c:  86% ▕███████████████   ▏  57 GB/ 67 GB  226 MB/s     42s[K[?25h[?2026l[?2026h[?25l[A[1Gpulling manifest [K
pulling 9d507a36062c:  86% ▕███████████████   ▏  57 GB/ 67 GB  226 MB/s     42s[K[?25h[?2026l[?2026h[?25l[A[1Gpulling manifest [K
pulling 9d507a36062c:  86% ▕███████████████   ▏  57 GB/ 67 GB  226 MB/s     42s[K[?25h[?2026l[?2026h[?25l[A[1Gpulling manifest [K
pulling 9d507a36062c:  86% ▕███████████████   ▏  57 GB/ 67 GB  226 MB/s     42s[K[?25h[?2026l[?2026h[?25l[A[1Gpulling manifest [K
pulling 9d507a36062c:  86% ▕███████████████   ▏  57 GB/ 67 GB  226 MB/s     42s[K[?25h[?2026l[?2026h[?25l[A[1Gpulling manifest [K
pulling 9d507a36062c:  86% ▕███████████████   ▏  57 GB/ 67 GB  226 MB/s     42s[K[?25h[?2026l[?2026h[?25l[A[1Gpulling manifest [K
pulling 9d507a36062c:  86% ▕███████████████   ▏  57 GB/ 67 GB  226 MB/s     42s[K[?25h[?2026l[?2026h[?25l[A[1Gpulling manifest [K
pulling 9d507a36062c:  86% ▕███████████████   ▏  57 GB/ 67 GB  226 MB/s     42s[K[?25h[?2026l[?2026h[?25l[A[1Gpulling manifest [K
pulling 9d507a36062c:  86% ▕███████████████   ▏  57 GB/ 67 GB  226 MB/s     42s[K[?25h[?2026l[?2026h[?25l[A[1Gpulling manifest [K
pulling 9d507a36062c:  86% ▕███████████████   ▏  57 GB/ 67 GB  226 MB/s     42s[K[?25h[?2026l[?2026h[?25l[A[1Gpulling manifest [K
pulling 9d507a36062c:  86% ▕███████████████   ▏  57 GB/ 67 GB  222 MB/s     42s[K[?25h[?2026l[?2026h[?25l[A[1Gpulling manifest [K
pulling 9d507a36062c:  86% ▕███████████████   ▏  57 GB/ 67 GB  222 MB/s     42s[K[?25h[?2026l[?2026h[?25l[A[1Gpulling manifest [K
pulling 9d507a36062c:  86% ▕███████████████   ▏  57 GB/ 67 GB  222 MB/s     42s[K[?25h[?2026l[?2026h[?25l[A[1Gpulling manifest [K
pulling 9d507a36062c:  86% ▕███████████████   ▏  57 GB/ 67 GB  222 MB/s     42s[K[?25h[?2026l[?2026h[?25l[A[1Gpulling manifest [K
pulling 9d507a36062c:  86% ▕███████████████   ▏  58 GB/ 67 GB  222 MB/s     42s[K[?25h[?2026l[?2026h[?25l[A[1Gpulling manifest [K
pulling 9d507a36062c:  86% ▕███████████████   ▏  58 GB/ 67 GB  222 MB/s     42s[K[?25h[?2026l[?2026h[?25l[A[1Gpulling manifest [K
pulling 9d507a36062c:  86% ▕███████████████   ▏  58 GB/ 67 GB  222 MB/s     42s[K[?25h[?2026l[?2026h[?25l[A[1Gpulling manifest [K
pulling 9d507a36062c:  86% ▕███████████████   ▏  58 GB/ 67 GB  222 MB/s     42s[K[?25h[?2026l[?2026h[?25l[A[1Gpulling manifest [K
pulling 9d507a36062c:  86% ▕███████████████   ▏  58 GB/ 67 GB  222 MB/s     42s[K[?25h[?2026l[?2026h[?25l[A[1Gpulling manifest [K
pulling 9d507a36062c:  86% ▕███████████████   ▏  58 GB/ 67 GB  222 MB/s     42s[K[?25h[?2026l[?2026h[?25l[A[1Gpulling manifest [K
pulling 9d507a36062c:  86% ▕███████████████   ▏  58 GB/ 67 GB  219 MB/s     42s[K[?25h[?2026l[?2026h[?25l[A[1Gpulling manifest [K
pulling 9d507a36062c:  86% ▕███████████████   ▏  58 GB/ 67 GB  219 MB/s     42s[K[?25h[?2026l[?2026h[?25l[A[1Gpulling manifest [K
pulling 9d507a36062c:  86% ▕███████████████   ▏  58 GB/ 67 GB  219 MB/s     42s[K[?25h[?2026l[?2026h[?25l[A[1Gpulling manifest [K
pulling 9d507a36062c:  86% ▕███████████████   ▏  58 GB/ 67 GB  219 MB/s     42s[K[?25h[?2026l[?2026h[?25l[A[1Gpulling manifest [K
pulling 9d507a36062c:  86% ▕███████████████   ▏  58 GB/ 67 GB  219 MB/s     42s[K[?25h[?2026l[?2026h[?25l[A[1Gpulling manifest [K
pulling 9d507a36062c:  86% ▕███████████████   ▏  58 GB/ 67 GB  219 MB/s     42s[K[?25h[?2026l[?2026h[?25l[A[1Gpulling manifest [K
pulling 9d507a36062c:  86% ▕███████████████   ▏  58 GB/ 67 GB  219 MB/s     41s[K[?25h[?2026l[?2026h[?25l[A[1Gpulling manifest [K
pulling 9d507a36062c:  86% ▕███████████████   ▏  58 GB/ 67 GB  219 MB/s     41s[K[?25h[?2026l[?2026h[?25l[A[1Gpulling manifest [K
pulling 9d507a36062c:  86% ▕███████████████   ▏  58 GB/ 67 GB  219 MB/s     41s[K[?25h[?2026l[?2026h[?25l[A[1Gpulling manifest [K
pulling 9d507a36062c:  86% ▕███████████████   ▏  58 GB/ 67 GB  219 MB/s     41s[K[?25h[?2026l[?2026h[?25l[A[1Gpulling manifest [K
pulling 9d507a36062c:  86% ▕███████████████   ▏  58 GB/ 67 GB  219 MB/s     41s[K[?25h[?2026l[?2026h[?25l[A[1Gpulling manifest [K
pulling 9d507a36062c:  86% ▕███████████████   ▏  58 GB/ 67 GB  217 MB/s     41s[K[?25h[?2026l[?2026h[?25l[A[1Gpulling manifest [K
pulling 9d507a36062c:  87% ▕███████████████   ▏  58 GB/ 67 GB  217 MB/s     41s[K[?25h[?2026l[?2026h[?25l[A[1Gpulling manifest [K
pulling 9d507a36062c:  87% ▕███████████████   ▏  58 GB/ 67 GB  217 MB/s     41s[K[?25h[?2026l[?2026h[?25l[A[1Gpulling manifest [K
pulling 9d507a36062c:  87% ▕███████████████   ▏  58 GB/ 67 GB  217 MB/s     41s[K[?25h[?2026l[?2026h[?25l[A[1Gpulling manifest [K
pulling 9d507a36062c:  87% ▕███████████████   ▏  58 GB/ 67 GB  217 MB/s     41s[K[?25h[?2026l[?2026h[?25l[A[1Gpulling manifest [K
pulling 9d507a36062c:  87% ▕███████████████   ▏  58 GB/ 67 GB  217 MB/s     41s[K[?25h[?2026l[?2026h[?25l[A[1Gpulling manifest [K
pulling 9d507a36062c:  87% ▕███████████████   ▏  58 GB/ 67 GB  217 MB/s     41s[K[?25h[?2026l[?2026h[?25l[A[1Gpulling manifest [K
pulling 9d507a36062c:  87% ▕███████████████   ▏  58 GB/ 67 GB  217 MB/s     41s[K[?25h[?2026l[?2026h[?25l[A[1Gpulling manifest [K
pulling 9d507a36062c:  87% ▕███████████████   ▏  58 GB/ 67 GB  217 MB/s     41s[K[?25h[?2026l[?2026h[?25l[A[1Gpulling manifest [K
pulling 9d507a36062c:  87% ▕███████████████   ▏  58 GB/ 67 GB  217 MB/s     40s[K[?25h[?2026l[?2026h[?25l[A[1Gpulling manifest [K
pulling 9d507a36062c:  87% ▕███████████████   ▏  58 GB/ 67 GB  213 MB/s     41s[K[?25h[?2026l[?2026h[?25l[A[1Gpulling manifest [K
pulling 9d507a36062c:  87% ▕███████████████   ▏  58 GB/ 67 GB  213 MB/s     41s[K[?25h[?2026l[?2026h[?25l[A[1Gpulling manifest [K
pulling 9d507a36062c:  87% ▕███████████████   ▏  58 GB/ 67 GB  213 MB/s     41s[K[?25h[?2026l[?2026h[?25l[A[1Gpulling manifest [K
pulling 9d507a36062c:  87% ▕███████████████   ▏  58 GB/ 67 GB  213 MB/s     41s[K[?25h[?2026l[?2026h[?25l[A[1Gpulling manifest [K
pulling 9d507a36062c:  87% ▕███████████████   ▏  58 GB/ 67 GB  213 MB/s     41s[K[?25h[?2026l[?2026h[?25l[A[1Gpulling manifest [K
pulling 9d507a36062c:  87% ▕███████████████   ▏  58 GB/ 67 GB  213 MB/s     41s[K[?25h[?2026l[?2026h[?25l[A[1Gpulling manifest [K
pulling 9d507a36062c:  87% ▕███████████████   ▏  58 GB/ 67 GB  213 MB/s     41s[K[?25h[?2026l[?2026h[?25l[A[1Gpulling manifest [K
pulling 9d507a36062c:  87% ▕███████████████   ▏  58 GB/ 67 GB  213 MB/s     41s[K[?25h[?2026l[?2026h[?25l[A[1Gpulling manifest [K
pulling 9d507a36062c:  87% ▕███████████████   ▏  58 GB/ 67 GB  213 MB/s     40s[K[?25h[?2026l[?2026h[?25l[A[1Gpulling manifest [K
pulling 9d507a36062c:  87% ▕███████████████   ▏  58 GB/ 67 GB  213 MB/s     40s[K[?25h[?2026l[?2026h[?25l[A[1Gpulling manifest [K
pulling 9d507a36062c:  87% ▕███████████████   ▏  58 GB/ 67 GB  213 MB/s     40s[K[?25h[?2026l[?2026h[?25l[A[1Gpulling manifest [K
pulling 9d507a36062c:  87% ▕███████████████   ▏  58 GB/ 67 GB  214 MB/s     40s[K[?25h[?2026l[?2026h[?25l[A[1Gpulling manifest [K
pulling 9d507a36062c:  87% ▕███████████████   ▏  58 GB/ 67 GB  214 MB/s     40s[K[?25h[?2026l[?2026h[?25l[A[1Gpulling manifest [K
pulling 9d507a36062c:  87% ▕███████████████   ▏  58 GB/ 67 GB  214 MB/s     40s[K[?25h[?2026l[?2026h[?25l[A[1Gpulling manifest [K
pulling 9d507a36062c:  87% ▕███████████████   ▏  58 GB/ 67 GB  214 MB/s     40s[K[?25h[?2026l[?2026h[?25l[A[1Gpulling manifest [K
pulling 9d507a36062c:  87% ▕███████████████   ▏  58 GB/ 67 GB  214 MB/s     40s[K[?25h[?2026l[?2026h[?25l[A[1Gpulling manifest [K
pulling 9d507a36062c:  87% ▕███████████████   ▏  58 GB/ 67 GB  214 MB/s     40s[K[?25h[?2026l[?2026h[?25l[A[1Gpulling manifest [K
pulling 9d507a36062c:  87% ▕███████████████   ▏  58 GB/ 67 GB  214 MB/s     39s[K[?25h[?2026l[?2026h[?25l[A[1Gpulling manifest [K
pulling 9d507a36062c:  87% ▕███████████████   ▏  58 GB/ 67 GB  214 MB/s     39s[K[?25h[?2026l[?2026h[?25l[A[1Gpulling manifest [K
pulling 9d507a36062c:  87% ▕███████████████   ▏  58 GB/ 67 GB  214 MB/s     39s[K[?25h[?2026l[?2026h[?25l[A[1Gpulling manifest [K
pulling 9d507a36062c:  87% ▕███████████████   ▏  58 GB/ 67 GB  214 MB/s     39s[K[?25h[?2026l[?2026h[?25l[A[1Gpulling manifest [K
pulling 9d507a36062c:  87% ▕███████████████   ▏  58 GB/ 67 GB  214 MB/s     39s[K[?25h[?2026l[?2026h[?25l[A[1Gpulling manifest [K
pulling 9d507a36062c:  87% ▕███████████████   ▏  59 GB/ 67 GB  214 MB/s     39s[K[?25h[?2026l[?2026h[?25l[A[1Gpulling manifest [K
pulling 9d507a36062c:  88% ▕███████████████   ▏  59 GB/ 67 GB  214 MB/s     39s[K[?25h[?2026l[?2026h[?25l[A[1Gpulling manifest [K
pulling 9d507a36062c:  88% ▕███████████████   ▏  59 GB/ 67 GB  214 MB/s     39s[K[?25h[?2026l[?2026h[?25l[A[1Gpulling manifest [K
pulling 9d507a36062c:  88% ▕███████████████   ▏  59 GB/ 67 GB  214 MB/s     38s[K[?25h[?2026l[?2026h[?25l[A[1Gpulling manifest [K
pulling 9d507a36062c:  88% ▕███████████████   ▏  59 GB/ 67 GB  214 MB/s     38s[K[?25h[?2026l[?2026h[?25l[A[1Gpulling manifest [K
pulling 9d507a36062c:  88% ▕███████████████   ▏  59 GB/ 67 GB  214 MB/s     38s[K[?25h[?2026l[?2026h[?25l[A[1Gpulling manifest [K
pulling 9d507a36062c:  88% ▕███████████████   ▏  59 GB/ 67 GB  214 MB/s     38s[K[?25h[?2026l[?2026h[?25l[A[1Gpulling manifest [K
pulling 9d507a36062c:  88% ▕███████████████   ▏  59 GB/ 67 GB  214 MB/s     38s[K[?25h[?2026l[?2026h[?25l[A[1Gpulling manifest [K
pulling 9d507a36062c:  88% ▕███████████████   ▏  59 GB/ 67 GB  214 MB/s     38s[K[?25h[?2026l[?2026h[?25l[A[1Gpulling manifest [K
pulling 9d507a36062c:  88% ▕███████████████   ▏  59 GB/ 67 GB  214 MB/s     38s[K[?25h[?2026l[?2026h[?25l[A[1Gpulling manifest [K
pulling 9d507a36062c:  88% ▕███████████████   ▏  59 GB/ 67 GB  213 MB/s     38s[K[?25h[?2026l[?2026h[?25l[A[1Gpulling manifest [K
pulling 9d507a36062c:  88% ▕███████████████   ▏  59 GB/ 67 GB  213 MB/s     38s[K[?25h[?2026l[?2026h[?25l[A[1Gpulling manifest [K
pulling 9d507a36062c:  88% ▕███████████████   ▏  59 GB/ 67 GB  213 MB/s     38s[K[?25h[?2026l[?2026h[?25l[A[1Gpulling manifest [K
pulling 9d507a36062c:  88% ▕███████████████   ▏  59 GB/ 67 GB  213 MB/s     38s[K[?25h[?2026l[?2026h[?25l[A[1Gpulling manifest [K
pulling 9d507a36062c:  88% ▕███████████████   ▏  59 GB/ 67 GB  213 MB/s     38s[K[?25h[?2026l[?2026h[?25l[A[1Gpulling manifest [K
pulling 9d507a36062c:  88% ▕███████████████   ▏  59 GB/ 67 GB  213 MB/s     38s[K[?25h[?2026l[?2026h[?25l[A[1Gpulling manifest [K
pulling 9d507a36062c:  88% ▕███████████████   ▏  59 GB/ 67 GB  213 MB/s     38s[K[?25h[?2026l[?2026h[?25l[A[1Gpulling manifest [K
pulling 9d507a36062c:  88% ▕███████████████   ▏  59 GB/ 67 GB  213 MB/s     37s[K[?25h[?2026l[?2026h[?25l[A[1Gpulling manifest [K
pulling 9d507a36062c:  88% ▕███████████████   ▏  59 GB/ 67 GB  213 MB/s     37s[K[?25h[?2026l[?2026h[?25l[A[1Gpulling manifest [K
pulling 9d507a36062c:  88% ▕███████████████   ▏  59 GB/ 67 GB  213 MB/s     37s[K[?25h[?2026l[?2026h[?25l[A[1Gpulling manifest [K
pulling 9d507a36062c:  88% ▕███████████████   ▏  59 GB/ 67 GB  209 MB/s     38s[K[?25h[?2026l[?2026h[?25l[A[1Gpulling manifest [K
pulling 9d507a36062c:  88% ▕███████████████   ▏  59 GB/ 67 GB  209 MB/s     38s[K[?25h[?2026l[?2026h[?25l[A[1Gpulling manifest [K
pulling 9d507a36062c:  88% ▕███████████████   ▏  59 GB/ 67 GB  209 MB/s     38s[K[?25h[?2026l[?2026h[?25l[A[1Gpulling manifest [K
pulling 9d507a36062c:  88% ▕███████████████   ▏  59 GB/ 67 GB  209 MB/s     38s[K[?25h[?2026l[?2026h[?25l[A[1Gpulling manifest [K
pulling 9d507a36062c:  88% ▕███████████████   ▏  59 GB/ 67 GB  209 MB/s     38s[K[?25h[?2026l[?2026h[?25l[A[1Gpulling manifest [K
pulling 9d507a36062c:  88% ▕███████████████   ▏  59 GB/ 67 GB  209 MB/s     37s[K[?25h[?2026l[?2026h[?25l[A[1Gpulling manifest [K
pulling 9d507a36062c:  88% ▕███████████████   ▏  59 GB/ 67 GB  209 MB/s     37s[K[?25h[?2026l[?2026h[?25l[A[1Gpulling manifest [K
pulling 9d507a36062c:  88% ▕███████████████   ▏  59 GB/ 67 GB  209 MB/s     37s[K[?25h[?2026l[?2026h[?25l[A[1Gpulling manifest [K
pulling 9d507a36062c:  88% ▕███████████████   ▏  59 GB/ 67 GB  209 MB/s     37s[K[?25h[?2026l[?2026h[?25l[A[1Gpulling manifest [K
pulling 9d507a36062c:  88% ▕███████████████   ▏  59 GB/ 67 GB  209 MB/s     37s[K[?25h[?2026l[?2026h[?25l[A[1Gpulling manifest [K
pulling 9d507a36062c:  88% ▕███████████████   ▏  59 GB/ 67 GB  209 MB/s     37s[K[?25h[?2026l[?2026h[?25l[A[1Gpulling manifest [K
pulling 9d507a36062c:  88% ▕███████████████   ▏  59 GB/ 67 GB  214 MB/s     36s[K[?25h[?2026l[?2026h[?25l[A[1Gpulling manifest [K
pulling 9d507a36062c:  88% ▕███████████████   ▏  59 GB/ 67 GB  214 MB/s     36s[K[?25h[?2026l[?2026h[?25l[A[1Gpulling manifest [K
pulling 9d507a36062c:  89% ▕███████████████   ▏  59 GB/ 67 GB  214 MB/s     36s[K[?25h[?2026l[?2026h[?25l[A[1Gpulling manifest [K
pulling 9d507a36062c:  89% ▕███████████████   ▏  59 GB/ 67 GB  214 MB/s     36s[K[?25h[?2026l[?2026h[?25l[A[1Gpulling manifest [K
pulling 9d507a36062c:  89% ▕███████████████   ▏  59 GB/ 67 GB  214 MB/s     35s[K[?25h[?2026l[?2026h[?25l[A[1Gpulling manifest [K
pulling 9d507a36062c:  89% ▕███████████████   ▏  59 GB/ 67 GB  214 MB/s     35s[K[?25h[?2026l[?2026h[?25l[A[1Gpulling manifest [K
pulling 9d507a36062c:  89% ▕███████████████   ▏  59 GB/ 67 GB  214 MB/s     35s[K[?25h[?2026l[?2026h[?25l[A[1Gpulling manifest [K
pulling 9d507a36062c:  89% ▕███████████████   ▏  59 GB/ 67 GB  214 MB/s     35s[K[?25h[?2026l[?2026h[?25l[A[1Gpulling manifest [K
pulling 9d507a36062c:  89% ▕███████████████   ▏  59 GB/ 67 GB  214 MB/s     35s[K[?25h[?2026l[?2026h[?25l[A[1Gpulling manifest [K
pulling 9d507a36062c:  89% ▕███████████████   ▏  59 GB/ 67 GB  214 MB/s     35s[K[?25h[?2026l[?2026h[?25l[A[1Gpulling manifest [K
pulling 9d507a36062c:  89% ▕███████████████   ▏  59 GB/ 67 GB  220 MB/s     34s[K[?25h[?2026l[?2026h[?25l[A[1Gpulling manifest [K
pulling 9d507a36062c:  89% ▕███████████████   ▏  59 GB/ 67 GB  220 MB/s     34s[K[?25h[?2026l[?2026h[?25l[A[1Gpulling manifest [K
pulling 9d507a36062c:  89% ▕███████████████   ▏  59 GB/ 67 GB  220 MB/s     34s[K[?25h[?2026l[?2026h[?25l[A[1Gpulling manifest [K
pulling 9d507a36062c:  89% ▕████████████████  ▏  59 GB/ 67 GB  220 MB/s     33s[K[?25h[?2026l[?2026h[?25l[A[1Gpulling manifest [K
pulling 9d507a36062c:  89% ▕████████████████  ▏  59 GB/ 67 GB  220 MB/s     33s[K[?25h[?2026l[?2026h[?25l[A[1Gpulling manifest [K
pulling 9d507a36062c:  89% ▕████████████████  ▏  60 GB/ 67 GB  220 MB/s     33s[K[?25h[?2026l[?2026h[?25l[A[1Gpulling manifest [K
pulling 9d507a36062c:  89% ▕████████████████  ▏  60 GB/ 67 GB  220 MB/s     33s[K[?25h[?2026l[?2026h[?25l[A[1Gpulling manifest [K
pulling 9d507a36062c:  89% ▕████████████████  ▏  60 GB/ 67 GB  220 MB/s     33s[K[?25h[?2026l[?2026h[?25l[A[1Gpulling manifest [K
pulling 9d507a36062c:  89% ▕████████████████  ▏  60 GB/ 67 GB  220 MB/s     33s[K[?25h[?2026l[?2026h[?25l[A[1Gpulling manifest [K
pulling 9d507a36062c:  89% ▕████████████████  ▏  60 GB/ 67 GB  220 MB/s     33s[K[?25h[?2026l[?2026h[?25l[A[1Gpulling manifest [K
pulling 9d507a36062c:  89% ▕████████████████  ▏  60 GB/ 67 GB  220 MB/s     33s[K[?25h[?2026l[?2026h[?25l[A[1Gpulling manifest [K
pulling 9d507a36062c:  89% ▕████████████████  ▏  60 GB/ 67 GB  224 MB/s     32s[K[?25h[?2026l[?2026h[?25l[A[1Gpulling manifest [K
pulling 9d507a36062c:  89% ▕████████████████  ▏  60 GB/ 67 GB  224 MB/s     32s[K[?25h[?2026l[?2026h[?25l[A[1Gpulling manifest [K
pulling 9d507a36062c:  89% ▕████████████████  ▏  60 GB/ 67 GB  224 MB/s     32s[K[?25h[?2026l[?2026h[?25l[A[1Gpulling manifest [K
pulling 9d507a36062c:  89% ▕████████████████  ▏  60 GB/ 67 GB  224 MB/s     32s[K[?25h[?2026l[?2026h[?25l[A[1Gpulling manifest [K
pulling 9d507a36062c:  89% ▕████████████████  ▏  60 GB/ 67 GB  224 MB/s     32s[K[?25h[?2026l[?2026h[?25l[A[1Gpulling manifest [K
pulling 9d507a36062c:  89% ▕████████████████  ▏  60 GB/ 67 GB  224 MB/s     32s[K[?25h[?2026l[?2026h[?25l[A[1Gpulling manifest [K
pulling 9d507a36062c:  89% ▕████████████████  ▏  60 GB/ 67 GB  224 MB/s     31s[K[?25h[?2026l[?2026h[?25l[A[1Gpulling manifest [K
pulling 9d507a36062c:  89% ▕████████████████  ▏  60 GB/ 67 GB  224 MB/s     31s[K[?25h[?2026l[?2026h[?25l[A[1Gpulling manifest [K
pulling 9d507a36062c:  89% ▕████████████████  ▏  60 GB/ 67 GB  224 MB/s     31s[K[?25h[?2026l[?2026h[?25l[A[1Gpulling manifest [K
pulling 9d507a36062c:  89% ▕████████████████  ▏  60 GB/ 67 GB  224 MB/s     31s[K[?25h[?2026l[?2026h[?25l[A[1Gpulling manifest [K
pulling 9d507a36062c:  90% ▕████████████████  ▏  60 GB/ 67 GB  228 MB/s     30s[K[?25h[?2026l[?2026h[?25l[A[1Gpulling manifest [K
pulling 9d507a36062c:  90% ▕████████████████  ▏  60 GB/ 67 GB  228 MB/s     30s[K[?25h[?2026l[?2026h[?25l[A[1Gpulling manifest [K
pulling 9d507a36062c:  90% ▕████████████████  ▏  60 GB/ 67 GB  228 MB/s     30s[K[?25h[?2026l[?2026h[?25l[A[1Gpulling manifest [K
pulling 9d507a36062c:  90% ▕████████████████  ▏  60 GB/ 67 GB  228 MB/s     30s[K[?25h[?2026l[?2026h[?25l[A[1Gpulling manifest [K
pulling 9d507a36062c:  90% ▕████████████████  ▏  60 GB/ 67 GB  228 MB/s     30s[K[?25h[?2026l[?2026h[?25l[A[1Gpulling manifest [K
pulling 9d507a36062c:  90% ▕████████████████  ▏  60 GB/ 67 GB  228 MB/s     30s[K[?25h[?2026l[?2026h[?25l[A[1Gpulling manifest [K
pulling 9d507a36062c:  90% ▕████████████████  ▏  60 GB/ 67 GB  228 MB/s     30s[K[?25h[?2026l[?2026h[?25l[A[1Gpulling manifest [K
pulling 9d507a36062c:  90% ▕████████████████  ▏  60 GB/ 67 GB  228 MB/s     30s[K[?25h[?2026l[?2026h[?25l[A[1Gpulling manifest [K
pulling 9d507a36062c:  90% ▕████████████████  ▏  60 GB/ 67 GB  228 MB/s     30s[K[?25h[?2026l[?2026h[?25l[A[1Gpulling manifest [K
pulling 9d507a36062c:  90% ▕████████████████  ▏  60 GB/ 67 GB  228 MB/s     30s[K[?25h[?2026l[?2026h[?25l[A[1Gpulling manifest [K
pulling 9d507a36062c:  90% ▕████████████████  ▏  60 GB/ 67 GB  228 MB/s     30s[K[?25h[?2026l[?2026h[?25l[A[1Gpulling manifest [K
pulling 9d507a36062c:  90% ▕████████████████  ▏  60 GB/ 67 GB  231 MB/s     29s[K[?25h[?2026l[?2026h[?25l[A[1Gpulling manifest [K
pulling 9d507a36062c:  90% ▕████████████████  ▏  60 GB/ 67 GB  231 MB/s     29s[K[?25h[?2026l[?2026h[?25l[A[1Gpulling manifest [K
pulling 9d507a36062c:  90% ▕████████████████  ▏  60 GB/ 67 GB  231 MB/s     29s[K[?25h[?2026l[?2026h[?25l[A[1Gpulling manifest [K
pulling 9d507a36062c:  90% ▕████████████████  ▏  60 GB/ 67 GB  231 MB/s     29s[K[?25h[?2026l[?2026h[?25l[A[1Gpulling manifest [K
pulling 9d507a36062c:  90% ▕████████████████  ▏  60 GB/ 67 GB  231 MB/s     29s[K[?25h[?2026l[?2026h[?25l[A[1Gpulling manifest [K
pulling 9d507a36062c:  90% ▕████████████████  ▏  60 GB/ 67 GB  231 MB/s     28s[K[?25h[?2026l[?2026h[?25l[A[1Gpulling manifest [K
pulling 9d507a36062c:  90% ▕████████████████  ▏  60 GB/ 67 GB  231 MB/s     28s[K[?25h[?2026l[?2026h[?25l[A[1Gpulling manifest [K
pulling 9d507a36062c:  90% ▕████████████████  ▏  60 GB/ 67 GB  231 MB/s     28s[K[?25h[?2026l[?2026h[?25l[A[1Gpulling manifest [K
pulling 9d507a36062c:  90% ▕████████████████  ▏  60 GB/ 67 GB  231 MB/s     28s[K[?25h[?2026l[?2026h[?25l[A[1Gpulling manifest [K
pulling 9d507a36062c:  90% ▕████████████████  ▏  60 GB/ 67 GB  231 MB/s     28s[K[?25h[?2026l[?2026h[?25l[A[1Gpulling manifest [K
pulling 9d507a36062c:  90% ▕████████████████  ▏  60 GB/ 67 GB  235 MB/s     27s[K[?25h[?2026l[?2026h[?25l[A[1Gpulling manifest [K
pulling 9d507a36062c:  90% ▕████████████████  ▏  60 GB/ 67 GB  235 MB/s     27s[K[?25h[?2026l[?2026h[?25l[A[1Gpulling manifest [K
pulling 9d507a36062c:  90% ▕████████████████  ▏  60 GB/ 67 GB  235 MB/s     27s[K[?25h[?2026l[?2026h[?25l[A[1Gpulling manifest [K
pulling 9d507a36062c:  90% ▕████████████████  ▏  60 GB/ 67 GB  235 MB/s     27s[K[?25h[?2026l[?2026h[?25l[A[1Gpulling manifest [K
pulling 9d507a36062c:  90% ▕████████████████  ▏  60 GB/ 67 GB  235 MB/s     27s[K[?25h[?2026l[?2026h[?25l[A[1Gpulling manifest [K
pulling 9d507a36062c:  90% ▕████████████████  ▏  60 GB/ 67 GB  235 MB/s     27s[K[?25h[?2026l[?2026h[?25l[A[1Gpulling manifest [K
pulling 9d507a36062c:  90% ▕████████████████  ▏  61 GB/ 67 GB  235 MB/s     27s[K[?25h[?2026l[?2026h[?25l[A[1Gpulling manifest [K
pulling 9d507a36062c:  90% ▕████████████████  ▏  61 GB/ 67 GB  235 MB/s     27s[K[?25h[?2026l[?2026h[?25l[A[1Gpulling manifest [K
pulling 9d507a36062c:  91% ▕████████████████  ▏  61 GB/ 67 GB  235 MB/s     27s[K[?25h[?2026l[?2026h[?25l[A[1Gpulling manifest [K
pulling 9d507a36062c:  91% ▕████████████████  ▏  61 GB/ 67 GB  235 MB/s     27s[K[?25h[?2026l[?2026h[?25l[A[1Gpulling manifest [K
pulling 9d507a36062c:  91% ▕████████████████  ▏  61 GB/ 67 GB  235 MB/s     26s[K[?25h[?2026l[?2026h[?25l[A[1Gpulling manifest [K
pulling 9d507a36062c:  91% ▕████████████████  ▏  61 GB/ 67 GB  234 MB/s     26s[K[?25h[?2026l[?2026h[?25l[A[1Gpulling manifest [K
pulling 9d507a36062c:  91% ▕████████████████  ▏  61 GB/ 67 GB  234 MB/s     26s[K[?25h[?2026l[?2026h[?25l[A[1Gpulling manifest [K
pulling 9d507a36062c:  91% ▕████████████████  ▏  61 GB/ 67 GB  234 MB/s     26s[K[?25h[?2026l[?2026h[?25l[A[1Gpulling manifest [K
pulling 9d507a36062c:  91% ▕████████████████  ▏  61 GB/ 67 GB  234 MB/s     26s[K[?25h[?2026l[?2026h[?25l[A[1Gpulling manifest [K
pulling 9d507a36062c:  91% ▕████████████████  ▏  61 GB/ 67 GB  234 MB/s     26s[K[?25h[?2026l[?2026h[?25l[A[1Gpulling manifest [K
pulling 9d507a36062c:  91% ▕████████████████  ▏  61 GB/ 67 GB  234 MB/s     26s[K[?25h[?2026l[?2026h[?25l[A[1Gpulling manifest [K
pulling 9d507a36062c:  91% ▕████████████████  ▏  61 GB/ 67 GB  234 MB/s     26s[K[?25h[?2026l[?2026h[?25l[A[1Gpulling manifest [K
pulling 9d507a36062c:  91% ▕████████████████  ▏  61 GB/ 67 GB  234 MB/s     26s[K[?25h[?2026l[?2026h[?25l[A[1Gpulling manifest [K
pulling 9d507a36062c:  91% ▕████████████████  ▏  61 GB/ 67 GB  234 MB/s     26s[K[?25h[?2026l[?2026h[?25l[A[1Gpulling manifest [K
pulling 9d507a36062c:  91% ▕████████████████  ▏  61 GB/ 67 GB  234 MB/s     26s[K[?25h[?2026l[?2026h[?25l[A[1Gpulling manifest [K
pulling 9d507a36062c:  91% ▕████████████████  ▏  61 GB/ 67 GB  237 MB/s     25s[K[?25h[?2026l[?2026h[?25l[A[1Gpulling manifest [K
pulling 9d507a36062c:  91% ▕████████████████  ▏  61 GB/ 67 GB  237 MB/s     25s[K[?25h[?2026l[?2026h[?25l[A[1Gpulling manifest [K
pulling 9d507a36062c:  91% ▕████████████████  ▏  61 GB/ 67 GB  237 MB/s     25s[K[?25h[?2026l[?2026h[?25l[A[1Gpulling manifest [K
pulling 9d507a36062c:  91% ▕████████████████  ▏  61 GB/ 67 GB  237 MB/s     25s[K[?25h[?2026l[?2026h[?25l[A[1Gpulling manifest [K
pulling 9d507a36062c:  91% ▕████████████████  ▏  61 GB/ 67 GB  237 MB/s     25s[K[?25h[?2026l[?2026h[?25l[A[1Gpulling manifest [K
pulling 9d507a36062c:  91% ▕████████████████  ▏  61 GB/ 67 GB  237 MB/s     25s[K[?25h[?2026l[?2026h[?25l[A[1Gpulling manifest [K
pulling 9d507a36062c:  91% ▕████████████████  ▏  61 GB/ 67 GB  237 MB/s     25s[K[?25h[?2026l[?2026h[?25l[A[1Gpulling manifest [K
pulling 9d507a36062c:  91% ▕████████████████  ▏  61 GB/ 67 GB  237 MB/s     25s[K[?25h[?2026l[?2026h[?25l[A[1Gpulling manifest [K
pulling 9d507a36062c:  91% ▕████████████████  ▏  61 GB/ 67 GB  237 MB/s     24s[K[?25h[?2026l[?2026h[?25l[A[1Gpulling manifest [K
pulling 9d507a36062c:  91% ▕████████████████  ▏  61 GB/ 67 GB  237 MB/s     24s[K[?25h[?2026l[?2026h[?25l[A[1Gpulling manifest [K
pulling 9d507a36062c:  91% ▕████████████████  ▏  61 GB/ 67 GB  237 MB/s     24s[K[?25h[?2026l[?2026h[?25l[A[1Gpulling manifest [K
pulling 9d507a36062c:  91% ▕████████████████  ▏  61 GB/ 67 GB  241 MB/s     24s[K[?25h[?2026l[?2026h[?25l[A[1Gpulling manifest [K
pulling 9d507a36062c:  91% ▕████████████████  ▏  61 GB/ 67 GB  241 MB/s     24s[K[?25h[?2026l[?2026h[?25l[A[1Gpulling manifest [K
pulling 9d507a36062c:  91% ▕████████████████  ▏  61 GB/ 67 GB  241 MB/s     24s[K[?25h[?2026l[?2026h[?25l[A[1Gpulling manifest [K
pulling 9d507a36062c:  91% ▕████████████████  ▏  61 GB/ 67 GB  241 MB/s     24s[K[?25h[?2026l[?2026h[?25l[A[1Gpulling manifest [K
pulling 9d507a36062c:  91% ▕████████████████  ▏  61 GB/ 67 GB  241 MB/s     23s[K[?25h[?2026l[?2026h[?25l[A[1Gpulling manifest [K
pulling 9d507a36062c:  91% ▕████████████████  ▏  61 GB/ 67 GB  241 MB/s     23s[K[?25h[?2026l[?2026h[?25l[A[1Gpulling manifest [K
pulling 9d507a36062c:  91% ▕████████████████  ▏  61 GB/ 67 GB  241 MB/s     23s[K[?25h[?2026l[?2026h[?25l[A[1Gpulling manifest [K
pulling 9d507a36062c:  92% ▕████████████████  ▏  61 GB/ 67 GB  241 MB/s     23s[K[?25h[?2026l[?2026h[?25l[A[1Gpulling manifest [K
pulling 9d507a36062c:  92% ▕████████████████  ▏  61 GB/ 67 GB  241 MB/s     23s[K[?25h[?2026l[?2026h[?25l[A[1Gpulling manifest [K
pulling 9d507a36062c:  92% ▕████████████████  ▏  61 GB/ 67 GB  241 MB/s     23s[K[?25h[?2026l[?2026h[?25l[A[1Gpulling manifest [K
pulling 9d507a36062c:  92% ▕████████████████  ▏  61 GB/ 67 GB  240 MB/s     23s[K[?25h[?2026l[?2026h[?25l[A[1Gpulling manifest [K
pulling 9d507a36062c:  92% ▕████████████████  ▏  61 GB/ 67 GB  240 MB/s     23s[K[?25h[?2026l[?2026h[?25l[A[1Gpulling manifest [K
pulling 9d507a36062c:  92% ▕████████████████  ▏  61 GB/ 67 GB  240 MB/s     23s[K[?25h[?2026l[?2026h[?25l[A[1Gpulling manifest [K
pulling 9d507a36062c:  92% ▕████████████████  ▏  61 GB/ 67 GB  240 MB/s     23s[K[?25h[?2026l[?2026h[?25l[A[1Gpulling manifest [K
pulling 9d507a36062c:  92% ▕████████████████  ▏  61 GB/ 67 GB  240 MB/s     23s[K[?25h[?2026l[?2026h[?25l[A[1Gpulling manifest [K
pulling 9d507a36062c:  92% ▕████████████████  ▏  61 GB/ 67 GB  240 MB/s     23s[K[?25h[?2026l[?2026h[?25l[A[1Gpulling manifest [K
pulling 9d507a36062c:  92% ▕████████████████  ▏  61 GB/ 67 GB  240 MB/s     22s[K[?25h[?2026l[?2026h[?25l[A[1Gpulling manifest [K
pulling 9d507a36062c:  92% ▕████████████████  ▏  61 GB/ 67 GB  240 MB/s     22s[K[?25h[?2026l[?2026h[?25l[A[1Gpulling manifest [K
pulling 9d507a36062c:  92% ▕████████████████  ▏  61 GB/ 67 GB  240 MB/s     22s[K[?25h[?2026l[?2026h[?25l[A[1Gpulling manifest [K
pulling 9d507a36062c:  92% ▕████████████████  ▏  61 GB/ 67 GB  240 MB/s     22s[K[?25h[?2026l[?2026h[?25l[A[1Gpulling manifest [K
pulling 9d507a36062c:  92% ▕████████████████  ▏  62 GB/ 67 GB  240 MB/s     22s[K[?25h[?2026l[?2026h[?25l[A[1Gpulling manifest [K
pulling 9d507a36062c:  92% ▕████████████████  ▏  62 GB/ 67 GB  237 MB/s     22s[K[?25h[?2026l[?2026h[?25l[A[1Gpulling manifest [K
pulling 9d507a36062c:  92% ▕████████████████  ▏  62 GB/ 67 GB  237 MB/s     22s[K[?25h[?2026l[?2026h[?25l[A[1Gpulling manifest [K
pulling 9d507a36062c:  92% ▕████████████████  ▏  62 GB/ 67 GB  237 MB/s     22s[K[?25h[?2026l[?2026h[?25l[A[1Gpulling manifest [K
pulling 9d507a36062c:  92% ▕████████████████  ▏  62 GB/ 67 GB  237 MB/s     22s[K[?25h[?2026l[?2026h[?25l[A[1Gpulling manifest [K
pulling 9d507a36062c:  92% ▕████████████████  ▏  62 GB/ 67 GB  237 MB/s     22s[K[?25h[?2026l[?2026h[?25l[A[1Gpulling manifest [K
pulling 9d507a36062c:  92% ▕████████████████  ▏  62 GB/ 67 GB  237 MB/s     22s[K[?25h[?2026l[?2026h[?25l[A[1Gpulling manifest [K
pulling 9d507a36062c:  92% ▕████████████████  ▏  62 GB/ 67 GB  237 MB/s     22s[K[?25h[?2026l[?2026h[?25l[A[1Gpulling manifest [K
pulling 9d507a36062c:  92% ▕████████████████  ▏  62 GB/ 67 GB  237 MB/s     22s[K[?25h[?2026l[?2026h[?25l[A[1Gpulling manifest [K
pulling 9d507a36062c:  92% ▕████████████████  ▏  62 GB/ 67 GB  237 MB/s     22s[K[?25h[?2026l[?2026h[?25l[A[1Gpulling manifest [K
pulling 9d507a36062c:  92% ▕████████████████  ▏  62 GB/ 67 GB  237 MB/s     21s[K[?25h[?2026l[?2026h[?25l[A[1Gpulling manifest [K
pulling 9d507a36062c:  92% ▕████████████████  ▏  62 GB/ 67 GB  234 MB/s     22s[K[?25h[?2026l[?2026h[?25l[A[1Gpulling manifest [K
pulling 9d507a36062c:  92% ▕████████████████  ▏  62 GB/ 67 GB  234 MB/s     22s[K[?25h[?2026l[?2026h[?25l[A[1Gpulling manifest [K
pulling 9d507a36062c:  92% ▕████████████████  ▏  62 GB/ 67 GB  234 MB/s     21s[K[?25h[?2026l[?2026h[?25l[A[1Gpulling manifest [K
pulling 9d507a36062c:  92% ▕████████████████  ▏  62 GB/ 67 GB  234 MB/s     21s[K[?25h[?2026l[?2026h[?25l[A[1Gpulling manifest [K
pulling 9d507a36062c:  92% ▕████████████████  ▏  62 GB/ 67 GB  234 MB/s     21s[K[?25h[?2026l[?2026h[?25l[A[1Gpulling manifest [K
pulling 9d507a36062c:  92% ▕████████████████  ▏  62 GB/ 67 GB  234 MB/s     21s[K[?25h[?2026l[?2026h[?25l[A[1Gpulling manifest [K
pulling 9d507a36062c:  92% ▕████████████████  ▏  62 GB/ 67 GB  234 MB/s     21s[K[?25h[?2026l[?2026h[?25l[A[1Gpulling manifest [K
pulling 9d507a36062c:  92% ▕████████████████  ▏  62 GB/ 67 GB  234 MB/s     21s[K[?25h[?2026l[?2026h[?25l[A[1Gpulling manifest [K
pulling 9d507a36062c:  93% ▕████████████████  ▏  62 GB/ 67 GB  234 MB/s     21s[K[?25h[?2026l[?2026h[?25l[A[1Gpulling manifest [K
pulling 9d507a36062c:  93% ▕████████████████  ▏  62 GB/ 67 GB  234 MB/s     21s[K[?25h[?2026l[?2026h[?25l[A[1Gpulling manifest [K
pulling 9d507a36062c:  93% ▕████████████████  ▏  62 GB/ 67 GB  234 MB/s     21s[K[?25h[?2026l[?2026h[?25l[A[1Gpulling manifest [K
pulling 9d507a36062c:  93% ▕████████████████  ▏  62 GB/ 67 GB  231 MB/s     21s[K[?25h[?2026l[?2026h[?25l[A[1Gpulling manifest [K
pulling 9d507a36062c:  93% ▕████████████████  ▏  62 GB/ 67 GB  231 MB/s     21s[K[?25h[?2026l[?2026h[?25l[A[1Gpulling manifest [K
pulling 9d507a36062c:  93% ▕████████████████  ▏  62 GB/ 67 GB  231 MB/s     21s[K[?25h[?2026l[?2026h[?25l[A[1Gpulling manifest [K
pulling 9d507a36062c:  93% ▕████████████████  ▏  62 GB/ 67 GB  231 MB/s     21s[K[?25h[?2026l[?2026h[?25l[A[1Gpulling manifest [K
pulling 9d507a36062c:  93% ▕████████████████  ▏  62 GB/ 67 GB  231 MB/s     21s[K[?25h[?2026l[?2026h[?25l[A[1Gpulling manifest [K
pulling 9d507a36062c:  93% ▕████████████████  ▏  62 GB/ 67 GB  231 MB/s     21s[K[?25h[?2026l[?2026h[?25l[A[1Gpulling manifest [K
pulling 9d507a36062c:  93% ▕████████████████  ▏  62 GB/ 67 GB  231 MB/s     20s[K[?25h[?2026l[?2026h[?25l[A[1Gpulling manifest [K
pulling 9d507a36062c:  93% ▕████████████████  ▏  62 GB/ 67 GB  231 MB/s     20s[K[?25h[?2026l[?2026h[?25l[A[1Gpulling manifest [K
pulling 9d507a36062c:  93% ▕████████████████  ▏  62 GB/ 67 GB  231 MB/s     20s[K[?25h[?2026l[?2026h[?25l[A[1Gpulling manifest [K
pulling 9d507a36062c:  93% ▕████████████████  ▏  62 GB/ 67 GB  231 MB/s     20s[K[?25h[?2026l[?2026h[?25l[A[1Gpulling manifest [K
pulling 9d507a36062c:  93% ▕████████████████  ▏  62 GB/ 67 GB  228 MB/s     20s[K[?25h[?2026l[?2026h[?25l[A[1Gpulling manifest [K
pulling 9d507a36062c:  93% ▕████████████████  ▏  62 GB/ 67 GB  228 MB/s     20s[K[?25h[?2026l[?2026h[?25l[A[1Gpulling manifest [K
pulling 9d507a36062c:  93% ▕████████████████  ▏  62 GB/ 67 GB  228 MB/s     20s[K[?25h[?2026l[?2026h[?25l[A[1Gpulling manifest [K
pulling 9d507a36062c:  93% ▕████████████████  ▏  62 GB/ 67 GB  228 MB/s     20s[K[?25h[?2026l[?2026h[?25l[A[1Gpulling manifest [K
pulling 9d507a36062c:  93% ▕████████████████  ▏  62 GB/ 67 GB  228 MB/s     20s[K[?25h[?2026l[?2026h[?25l[A[1Gpulling manifest [K
pulling 9d507a36062c:  93% ▕████████████████  ▏  62 GB/ 67 GB  228 MB/s     20s[K[?25h[?2026l[?2026h[?25l[A[1Gpulling manifest [K
pulling 9d507a36062c:  93% ▕████████████████  ▏  62 GB/ 67 GB  228 MB/s     20s[K[?25h[?2026l[?2026h[?25l[A[1Gpulling manifest [K
pulling 9d507a36062c:  93% ▕████████████████  ▏  62 GB/ 67 GB  228 MB/s     20s[K[?25h[?2026l[?2026h[?25l[A[1Gpulling manifest [K
pulling 9d507a36062c:  93% ▕████████████████  ▏  62 GB/ 67 GB  228 MB/s     20s[K[?25h[?2026l[?2026h[?25l[A[1Gpulling manifest [K
pulling 9d507a36062c:  93% ▕████████████████  ▏  62 GB/ 67 GB  228 MB/s     19s[K[?25h[?2026l[?2026h[?25l[A[1Gpulling manifest [K
pulling 9d507a36062c:  93% ▕████████████████  ▏  62 GB/ 67 GB  228 MB/s     19s[K[?25h[?2026l[?2026h[?25l[A[1Gpulling manifest [K
pulling 9d507a36062c:  93% ▕████████████████  ▏  62 GB/ 67 GB  205 MB/s     21s[K[?25h[?2026l[?2026h[?25l[A[1Gpulling manifest [K
pulling 9d507a36062c:  93% ▕████████████████  ▏  62 GB/ 67 GB  205 MB/s     21s[K[?25h[?2026l[?2026h[?25l[A[1Gpulling manifest [K
pulling 9d507a36062c:  93% ▕████████████████  ▏  62 GB/ 67 GB  205 MB/s     21s[K[?25h[?2026l[?2026h[?25l[A[1Gpulling manifest [K
pulling 9d507a36062c:  93% ▕████████████████  ▏  62 GB/ 67 GB  205 MB/s     21s[K[?25h[?2026l[?2026h[?25l[A[1Gpulling manifest [K
pulling 9d507a36062c:  93% ▕████████████████  ▏  63 GB/ 67 GB  205 MB/s     21s[K[?25h[?2026l[?2026h[?25l[A[1Gpulling manifest [K
pulling 9d507a36062c:  93% ▕████████████████  ▏  63 GB/ 67 GB  205 MB/s     21s[K[?25h[?2026l[?2026h[?25l[A[1Gpulling manifest [K
pulling 9d507a36062c:  93% ▕████████████████  ▏  63 GB/ 67 GB  205 MB/s     21s[K[?25h[?2026l[?2026h[?25l[A[1Gpulling manifest [K
pulling 9d507a36062c:  94% ▕████████████████  ▏  63 GB/ 67 GB  205 MB/s     21s[K[?25h[?2026l[?2026h[?25l[A[1Gpulling manifest [K
pulling 9d507a36062c:  94% ▕████████████████  ▏  63 GB/ 67 GB  205 MB/s     21s[K[?25h[?2026l[?2026h[?25l[A[1Gpulling manifest [K
pulling 9d507a36062c:  94% ▕████████████████  ▏  63 GB/ 67 GB  205 MB/s     20s[K[?25h[?2026l[?2026h[?25l[A[1Gpulling manifest [K
pulling 9d507a36062c:  94% ▕████████████████  ▏  63 GB/ 67 GB  228 MB/s     18s[K[?25h[?2026l[?2026h[?25l[A[1Gpulling manifest [K
pulling 9d507a36062c:  94% ▕████████████████  ▏  63 GB/ 67 GB  228 MB/s     18s[K[?25h[?2026l[?2026h[?25l[A[1Gpulling manifest [K
pulling 9d507a36062c:  94% ▕████████████████  ▏  63 GB/ 67 GB  228 MB/s     18s[K[?25h[?2026l[?2026h[?25l[A[1Gpulling manifest [K
pulling 9d507a36062c:  94% ▕████████████████  ▏  63 GB/ 67 GB  228 MB/s     18s[K[?25h[?2026l[?2026h[?25l[A[1Gpulling manifest [K
pulling 9d507a36062c:  94% ▕████████████████  ▏  63 GB/ 67 GB  228 MB/s     18s[K[?25h[?2026l[?2026h[?25l[A[1Gpulling manifest [K
pulling 9d507a36062c:  94% ▕████████████████  ▏  63 GB/ 67 GB  228 MB/s     18s[K[?25h[?2026l[?2026h[?25l[A[1Gpulling manifest [K
pulling 9d507a36062c:  94% ▕████████████████  ▏  63 GB/ 67 GB  228 MB/s     18s[K[?25h[?2026l[?2026h[?25l[A[1Gpulling manifest [K
pulling 9d507a36062c:  94% ▕████████████████  ▏  63 GB/ 67 GB  228 MB/s     18s[K[?25h[?2026l[?2026h[?25l[A[1Gpulling manifest [K
pulling 9d507a36062c:  94% ▕████████████████  ▏  63 GB/ 67 GB  228 MB/s     17s[K[?25h[?2026l[?2026h[?25l[A[1Gpulling manifest [K
pulling 9d507a36062c:  94% ▕████████████████  ▏  63 GB/ 67 GB  228 MB/s     17s[K[?25h[?2026l[?2026h[?25l[A[1Gpulling manifest [K
pulling 9d507a36062c:  94% ▕████████████████  ▏  63 GB/ 67 GB  228 MB/s     17s[K[?25h[?2026l[?2026h[?25l[A[1Gpulling manifest [K
pulling 9d507a36062c:  94% ▕████████████████  ▏  63 GB/ 67 GB  234 MB/s     16s[K[?25h[?2026l[?2026h[?25l[A[1Gpulling manifest [K
pulling 9d507a36062c:  94% ▕████████████████  ▏  63 GB/ 67 GB  234 MB/s     16s[K[?25h[?2026l[?2026h[?25l[A[1Gpulling manifest [K
pulling 9d507a36062c:  94% ▕████████████████  ▏  63 GB/ 67 GB  234 MB/s     16s[K[?25h[?2026l[?2026h[?25l[A[1Gpulling manifest [K
pulling 9d507a36062c:  94% ▕████████████████  ▏  63 GB/ 67 GB  234 MB/s     16s[K[?25h[?2026l[?2026h[?25l[A[1Gpulling manifest [K
pulling 9d507a36062c:  94% ▕████████████████  ▏  63 GB/ 67 GB  234 MB/s     16s[K[?25h[?2026l[?2026h[?25l[A[1Gpulling manifest [K
pulling 9d507a36062c:  94% ▕████████████████  ▏  63 GB/ 67 GB  234 MB/s     16s[K[?25h[?2026l[?2026h[?25l[A[1Gpulling manifest [K
pulling 9d507a36062c:  94% ▕█████████████████ ▏  63 GB/ 67 GB  234 MB/s     15s[K[?25h[?2026l[?2026h[?25l[A[1Gpulling manifest [K
pulling 9d507a36062c:  95% ▕█████████████████ ▏  63 GB/ 67 GB  234 MB/s     15s[K[?25h[?2026l[?2026h[?25l[A[1Gpulling manifest [K
pulling 9d507a36062c:  95% ▕█████████████████ ▏  63 GB/ 67 GB  234 MB/s     15s[K[?25h[?2026l[?2026h[?25l[A[1Gpulling manifest [K
pulling 9d507a36062c:  95% ▕█████████████████ ▏  63 GB/ 67 GB  234 MB/s     15s[K[?25h[?2026l[?2026h[?25l[A[1Gpulling manifest [K
pulling 9d507a36062c:  95% ▕█████████████████ ▏  63 GB/ 67 GB  253 MB/s     14s[K[?25h[?2026l[?2026h[?25l[A[1Gpulling manifest [K
pulling 9d507a36062c:  95% ▕█████████████████ ▏  63 GB/ 67 GB  253 MB/s     14s[K[?25h[?2026l[?2026h[?25l[A[1Gpulling manifest [K
pulling 9d507a36062c:  95% ▕█████████████████ ▏  63 GB/ 67 GB  253 MB/s     13s[K[?25h[?2026l[?2026h[?25l[A[1Gpulling manifest [K
pulling 9d507a36062c:  95% ▕█████████████████ ▏  63 GB/ 67 GB  253 MB/s     13s[K[?25h[?2026l[?2026h[?25l[A[1Gpulling manifest [K
pulling 9d507a36062c:  95% ▕█████████████████ ▏  64 GB/ 67 GB  253 MB/s     13s[K[?25h[?2026l[?2026h[?25l[A[1Gpulling manifest [K
pulling 9d507a36062c:  95% ▕█████████████████ ▏  64 GB/ 67 GB  253 MB/s     13s[K[?25h[?2026l[?2026h[?25l[A[1Gpulling manifest [K
pulling 9d507a36062c:  95% ▕█████████████████ ▏  64 GB/ 67 GB  253 MB/s     13s[K[?25h[?2026l[?2026h[?25l[A[1Gpulling manifest [K
pulling 9d507a36062c:  95% ▕█████████████████ ▏  64 GB/ 67 GB  253 MB/s     12s[K[?25h[?2026l[?2026h[?25l[A[1Gpulling manifest [K
pulling 9d507a36062c:  95% ▕█████████████████ ▏  64 GB/ 67 GB  253 MB/s     12s[K[?25h[?2026l[?2026h[?25l[A[1Gpulling manifest [K
pulling 9d507a36062c:  95% ▕█████████████████ ▏  64 GB/ 67 GB  253 MB/s     12s[K[?25h[?2026l[?2026h[?25l[A[1Gpulling manifest [K
pulling 9d507a36062c:  95% ▕█████████████████ ▏  64 GB/ 67 GB  282 MB/s     10s[K[?25h[?2026l[?2026h[?25l[A[1Gpulling manifest [K
pulling 9d507a36062c:  96% ▕█████████████████ ▏  64 GB/ 67 GB  282 MB/s     10s[K[?25h[?2026l[?2026h[?25l[A[1Gpulling manifest [K
pulling 9d507a36062c:  96% ▕█████████████████ ▏  64 GB/ 67 GB  282 MB/s     10s[K[?25h[?2026l[?2026h[?25l[A[1Gpulling manifest [K
pulling 9d507a36062c:  96% ▕█████████████████ ▏  64 GB/ 67 GB  282 MB/s     10s[K[?25h[?2026l[?2026h[?25l[A[1Gpulling manifest [K
pulling 9d507a36062c:  96% ▕█████████████████ ▏  64 GB/ 67 GB  282 MB/s     10s[K[?25h[?2026l[?2026h[?25l[A[1Gpulling manifest [K
pulling 9d507a36062c:  96% ▕█████████████████ ▏  64 GB/ 67 GB  282 MB/s      9s[K[?25h[?2026l[?2026h[?25l[A[1Gpulling manifest [K
pulling 9d507a36062c:  96% ▕█████████████████ ▏  64 GB/ 67 GB  282 MB/s      9s[K[?25h[?2026l[?2026h[?25l[A[1Gpulling manifest [K
pulling 9d507a36062c:  96% ▕█████████████████ ▏  64 GB/ 67 GB  282 MB/s      9s[K[?25h[?2026l[?2026h[?25l[A[1Gpulling manifest [K
pulling 9d507a36062c:  96% ▕█████████████████ ▏  64 GB/ 67 GB  282 MB/s      9s[K[?25h[?2026l[?2026h[?25l[A[1Gpulling manifest [K
pulling 9d507a36062c:  96% ▕█████████████████ ▏  64 GB/ 67 GB  282 MB/s      9s[K[?25h[?2026l[?2026h[?25l[A[1Gpulling manifest [K
pulling 9d507a36062c:  96% ▕█████████████████ ▏  64 GB/ 67 GB  310 MB/s      8s[K[?25h[?2026l[?2026h[?25l[A[1Gpulling manifest [K
pulling 9d507a36062c:  96% ▕█████████████████ ▏  64 GB/ 67 GB  310 MB/s      8s[K[?25h[?2026l[?2026h[?25l[A[1Gpulling manifest [K
pulling 9d507a36062c:  96% ▕█████████████████ ▏  64 GB/ 67 GB  310 MB/s      8s[K[?25h[?2026l[?2026h[?25l[A[1Gpulling manifest [K
pulling 9d507a36062c:  96% ▕█████████████████ ▏  64 GB/ 67 GB  310 MB/s      8s[K[?25h[?2026l[?2026h[?25l[A[1Gpulling manifest [K
pulling 9d507a36062c:  96% ▕█████████████████ ▏  64 GB/ 67 GB  310 MB/s      8s[K[?25h[?2026l[?2026h[?25l[A[1Gpulling manifest [K
pulling 9d507a36062c:  96% ▕█████████████████ ▏  64 GB/ 67 GB  310 MB/s      7s[K[?25h[?2026l[?2026h[?25l[A[1Gpulling manifest [K
pulling 9d507a36062c:  96% ▕█████████████████ ▏  65 GB/ 67 GB  310 MB/s      7s[K[?25h[?2026l[?2026h[?25l[A[1Gpulling manifest [K
pulling 9d507a36062c:  96% ▕█████████████████ ▏  65 GB/ 67 GB  310 MB/s      7s[K[?25h[?2026l[?2026h[?25l[A[1Gpulling manifest [K
pulling 9d507a36062c:  96% ▕█████████████████ ▏  65 GB/ 67 GB  310 MB/s      7s[K[?25h[?2026l[?2026h[?25l[A[1Gpulling manifest [K
pulling 9d507a36062c:  97% ▕█████████████████ ▏  65 GB/ 67 GB  310 MB/s      7s[K[?25h[?2026l[?2026h[?25l[A[1Gpulling manifest [K
pulling 9d507a36062c:  97% ▕█████████████████ ▏  65 GB/ 67 GB  320 MB/s      7s[K[?25h[?2026l[?2026h[?25l[A[1Gpulling manifest [K
pulling 9d507a36062c:  97% ▕█████████████████ ▏  65 GB/ 67 GB  320 MB/s      7s[K[?25h[?2026l[?2026h[?25l[A[1Gpulling manifest [K
pulling 9d507a36062c:  97% ▕█████████████████ ▏  65 GB/ 67 GB  320 MB/s      7s[K[?25h[?2026l[?2026h[?25l[A[1Gpulling manifest [K
pulling 9d507a36062c:  97% ▕█████████████████ ▏  65 GB/ 67 GB  320 MB/s      6s[K[?25h[?2026l[?2026h[?25l[A[1Gpulling manifest [K
pulling 9d507a36062c:  97% ▕█████████████████ ▏  65 GB/ 67 GB  320 MB/s      6s[K[?25h[?2026l[?2026h[?25l[A[1Gpulling manifest [K
pulling 9d507a36062c:  97% ▕█████████████████ ▏  65 GB/ 67 GB  320 MB/s      6s[K[?25h[?2026l[?2026h[?25l[A[1Gpulling manifest [K
pulling 9d507a36062c:  97% ▕█████████████████ ▏  65 GB/ 67 GB  320 MB/s      6s[K[?25h[?2026l[?2026h[?25l[A[1Gpulling manifest [K
pulling 9d507a36062c:  97% ▕█████████████████ ▏  65 GB/ 67 GB  320 MB/s      6s[K[?25h[?2026l[?2026h[?25l[A[1Gpulling manifest [K
pulling 9d507a36062c:  97% ▕█████████████████ ▏  65 GB/ 67 GB  320 MB/s      6s[K[?25h[?2026l[?2026h[?25l[A[1Gpulling manifest [K
pulling 9d507a36062c:  97% ▕█████████████████ ▏  65 GB/ 67 GB  320 MB/s      6s[K[?25h[?2026l[?2026h[?25l[A[1Gpulling manifest [K
pulling 9d507a36062c:  97% ▕█████████████████ ▏  65 GB/ 67 GB  320 MB/s      6s[K[?25h[?2026l[?2026h[?25l[A[1Gpulling manifest [K
pulling 9d507a36062c:  97% ▕█████████████████ ▏  65 GB/ 67 GB  331 MB/s      5s[K[?25h[?2026l[?2026h[?25l[A[1Gpulling manifest [K
pulling 9d507a36062c:  97% ▕█████████████████ ▏  65 GB/ 67 GB  331 MB/s      5s[K[?25h[?2026l[?2026h[?25l[A[1Gpulling manifest [K
pulling 9d507a36062c:  97% ▕█████████████████ ▏  65 GB/ 67 GB  331 MB/s      5s[K[?25h[?2026l[?2026h[?25l[A[1Gpulling manifest [K
pulling 9d507a36062c:  97% ▕█████████████████ ▏  65 GB/ 67 GB  331 MB/s      5s[K[?25h[?2026l[?2026h[?25l[A[1Gpulling manifest [K
pulling 9d507a36062c:  97% ▕█████████████████ ▏  65 GB/ 67 GB  331 MB/s      5s[K[?25h[?2026l[?2026h[?25l[A[1Gpulling manifest [K
pulling 9d507a36062c:  97% ▕█████████████████ ▏  65 GB/ 67 GB  331 MB/s      5s[K[?25h[?2026l[?2026h[?25l[A[1Gpulling manifest [K
pulling 9d507a36062c:  97% ▕█████████████████ ▏  65 GB/ 67 GB  331 MB/s      5s[K[?25h[?2026l[?2026h[?25l[A[1Gpulling manifest [K
pulling 9d507a36062c:  97% ▕█████████████████ ▏  65 GB/ 67 GB  331 MB/s      5s[K[?25h[?2026l[?2026h[?25l[A[1Gpulling manifest [K
pulling 9d507a36062c:  97% ▕█████████████████ ▏  65 GB/ 67 GB  331 MB/s      5s[K[?25h[?2026l[?2026h[?25l[A[1Gpulling manifest [K
pulling 9d507a36062c:  97% ▕█████████████████ ▏  65 GB/ 67 GB  331 MB/s      5s[K[?25h[?2026l[?2026h[?25l[A[1Gpulling manifest [K
pulling 9d507a36062c:  97% ▕█████████████████ ▏  65 GB/ 67 GB  336 MB/s      5s[K[?25h[?2026l[?2026h[?25l[A[1Gpulling manifest [K
pulling 9d507a36062c:  97% ▕█████████████████ ▏  65 GB/ 67 GB  336 MB/s      5s[K[?25h[?2026l[?2026h[?25l[A[1Gpulling manifest [K
pulling 9d507a36062c:  97% ▕█████████████████ ▏  65 GB/ 67 GB  336 MB/s      5s[K[?25h[?2026l[?2026h[?25l[A[1Gpulling manifest [K
pulling 9d507a36062c:  97% ▕█████████████████ ▏  65 GB/ 67 GB  336 MB/s      5s[K[?25h[?2026l[?2026h[?25l[A[1Gpulling manifest [K
pulling 9d507a36062c:  98% ▕█████████████████ ▏  65 GB/ 67 GB  336 MB/s      5s[K[?25h[?2026l[?2026h[?25l[A[1Gpulling manifest [K
pulling 9d507a36062c:  98% ▕█████████████████ ▏  65 GB/ 67 GB  336 MB/s      4s[K[?25h[?2026l[?2026h[?25l[A[1Gpulling manifest [K
pulling 9d507a36062c:  98% ▕█████████████████ ▏  65 GB/ 67 GB  336 MB/s      4s[K[?25h[?2026l[?2026h[?25l[A[1Gpulling manifest [K
pulling 9d507a36062c:  98% ▕█████████████████ ▏  65 GB/ 67 GB  336 MB/s      4s[K[?25h[?2026l[?2026h[?25l[A[1Gpulling manifest [K
pulling 9d507a36062c:  98% ▕█████████████████ ▏  65 GB/ 67 GB  336 MB/s      4s[K[?25h[?2026l[?2026h[?25l[A[1Gpulling manifest [K
pulling 9d507a36062c:  98% ▕█████████████████ ▏  65 GB/ 67 GB  336 MB/s      4s[K[?25h[?2026l[?2026h[?25l[A[1Gpulling manifest [K
pulling 9d507a36062c:  98% ▕█████████████████ ▏  65 GB/ 67 GB  329 MB/s      4s[K[?25h[?2026l[?2026h[?25l[A[1Gpulling manifest [K
pulling 9d507a36062c:  98% ▕█████████████████ ▏  65 GB/ 67 GB  329 MB/s      4s[K[?25h[?2026l[?2026h[?25l[A[1Gpulling manifest [K
pulling 9d507a36062c:  98% ▕█████████████████ ▏  65 GB/ 67 GB  329 MB/s      4s[K[?25h[?2026l[?2026h[?25l[A[1Gpulling manifest [K
pulling 9d507a36062c:  98% ▕█████████████████ ▏  65 GB/ 67 GB  329 MB/s      4s[K[?25h[?2026l[?2026h[?25l[A[1Gpulling manifest [K
pulling 9d507a36062c:  98% ▕█████████████████ ▏  65 GB/ 67 GB  329 MB/s      4s[K[?25h[?2026l[?2026h[?25l[A[1Gpulling manifest [K
pulling 9d507a36062c:  98% ▕█████████████████ ▏  65 GB/ 67 GB  329 MB/s      4s[K[?25h[?2026l[?2026h[?25l[A[1Gpulling manifest [K
pulling 9d507a36062c:  98% ▕█████████████████ ▏  65 GB/ 67 GB  329 MB/s      4s[K[?25h[?2026l[?2026h[?25l[A[1Gpulling manifest [K
pulling 9d507a36062c:  98% ▕█████████████████ ▏  66 GB/ 67 GB  329 MB/s      4s[K[?25h[?2026l[?2026h[?25l[A[1Gpulling manifest [K
pulling 9d507a36062c:  98% ▕█████████████████ ▏  66 GB/ 67 GB  329 MB/s      4s[K[?25h[?2026l[?2026h[?25l[A[1Gpulling manifest [K
pulling 9d507a36062c:  98% ▕█████████████████ ▏  66 GB/ 67 GB  329 MB/s      4s[K[?25h[?2026l[?2026h[?25l[A[1Gpulling manifest [K
pulling 9d507a36062c:  98% ▕█████████████████ ▏  66 GB/ 67 GB  323 MB/s      4s[K[?25h[?2026l[?2026h[?25l[A[1Gpulling manifest [K
pulling 9d507a36062c:  98% ▕█████████████████ ▏  66 GB/ 67 GB  323 MB/s      4s[K[?25h[?2026l[?2026h[?25l[A[1Gpulling manifest [K
pulling 9d507a36062c:  98% ▕█████████████████ ▏  66 GB/ 67 GB  323 MB/s      4s[K[?25h[?2026l[?2026h[?25l[A[1Gpulling manifest [K
pulling 9d507a36062c:  98% ▕█████████████████ ▏  66 GB/ 67 GB  323 MB/s      3s[K[?25h[?2026l[?2026h[?25l[A[1Gpulling manifest [K
pulling 9d507a36062c:  98% ▕█████████████████ ▏  66 GB/ 67 GB  323 MB/s      3s[K[?25h[?2026l[?2026h[?25l[A[1Gpulling manifest [K
pulling 9d507a36062c:  98% ▕█████████████████ ▏  66 GB/ 67 GB  323 MB/s      3s[K[?25h[?2026l[?2026h[?25l[A[1Gpulling manifest [K
pulling 9d507a36062c:  98% ▕█████████████████ ▏  66 GB/ 67 GB  323 MB/s      3s[K[?25h[?2026l[?2026h[?25l[A[1Gpulling manifest [K
pulling 9d507a36062c:  98% ▕█████████████████ ▏  66 GB/ 67 GB  323 MB/s      3s[K[?25h[?2026l[?2026h[?25l[A[1Gpulling manifest [K
pulling 9d507a36062c:  98% ▕█████████████████ ▏  66 GB/ 67 GB  323 MB/s      3s[K[?25h[?2026l[?2026h[?25l[A[1Gpulling manifest [K
pulling 9d507a36062c:  98% ▕█████████████████ ▏  66 GB/ 67 GB  323 MB/s      3s[K[?25h[?2026l[?2026h[?25l[A[1Gpulling manifest [K
pulling 9d507a36062c:  98% ▕█████████████████ ▏  66 GB/ 67 GB  313 MB/s      3s[K[?25h[?2026l[?2026h[?25l[A[1Gpulling manifest [K
pulling 9d507a36062c:  98% ▕█████████████████ ▏  66 GB/ 67 GB  313 MB/s      3s[K[?25h[?2026l[?2026h[?25l[A[1Gpulling manifest [K
pulling 9d507a36062c:  98% ▕█████████████████ ▏  66 GB/ 67 GB  313 MB/s      3s[K[?25h[?2026l[?2026h[?25l[A[1Gpulling manifest [K
pulling 9d507a36062c:  98% ▕█████████████████ ▏  66 GB/ 67 GB  313 MB/s      3s[K[?25h[?2026l[?2026h[?25l[A[1Gpulling manifest [K
pulling 9d507a36062c:  98% ▕█████████████████ ▏  66 GB/ 67 GB  313 MB/s      3s[K[?25h[?2026l[?2026h[?25l[A[1Gpulling manifest [K
pulling 9d507a36062c:  98% ▕█████████████████ ▏  66 GB/ 67 GB  313 MB/s      3s[K[?25h[?2026l[?2026h[?25l[A[1Gpulling manifest [K
pulling 9d507a36062c:  98% ▕█████████████████ ▏  66 GB/ 67 GB  313 MB/s      3s[K[?25h[?2026l[?2026h[?25l[A[1Gpulling manifest [K
pulling 9d507a36062c:  98% ▕█████████████████ ▏  66 GB/ 67 GB  313 MB/s      3s[K[?25h[?2026l[?2026h[?25l[A[1Gpulling manifest [K
pulling 9d507a36062c:  98% ▕█████████████████ ▏  66 GB/ 67 GB  313 MB/s      3s[K[?25h[?2026l[?2026h[?25l[A[1Gpulling manifest [K
pulling 9d507a36062c:  98% ▕█████████████████ ▏  66 GB/ 67 GB  313 MB/s      3s[K[?25h[?2026l[?2026h[?25l[A[1Gpulling manifest [K
pulling 9d507a36062c:  98% ▕█████████████████ ▏  66 GB/ 67 GB  313 MB/s      3s[K[?25h[?2026l[?2026h[?25l[A[1Gpulling manifest [K
pulling 9d507a36062c:  99% ▕█████████████████ ▏  66 GB/ 67 GB  286 MB/s      3s[K[?25h[?2026l[?2026h[?25l[A[1Gpulling manifest [K
pulling 9d507a36062c:  99% ▕█████████████████ ▏  66 GB/ 67 GB  286 MB/s      3s[K[?25h[?2026l[?2026h[?25l[A[1Gpulling manifest [K
pulling 9d507a36062c:  99% ▕█████████████████ ▏  66 GB/ 67 GB  286 MB/s      3s[K[?25h[?2026l[?2026h[?25l[A[1Gpulling manifest [K
pulling 9d507a36062c:  99% ▕█████████████████ ▏  66 GB/ 67 GB  286 MB/s      3s[K[?25h[?2026l[?2026h[?25l[A[1Gpulling manifest [K
pulling 9d507a36062c:  99% ▕█████████████████ ▏  66 GB/ 67 GB  286 MB/s      3s[K[?25h[?2026l[?2026h[?25l[A[1Gpulling manifest [K
pulling 9d507a36062c:  99% ▕█████████████████ ▏  66 GB/ 67 GB  286 MB/s      3s[K[?25h[?2026l[?2026h[?25l[A[1Gpulling manifest [K
pulling 9d507a36062c:  99% ▕█████████████████ ▏  66 GB/ 67 GB  286 MB/s      3s[K[?25h[?2026l[?2026h[?25l[A[1Gpulling manifest [K
pulling 9d507a36062c:  99% ▕█████████████████ ▏  66 GB/ 67 GB  286 MB/s      2s[K[?25h[?2026l[?2026h[?25l[A[1Gpulling manifest [K
pulling 9d507a36062c:  99% ▕█████████████████ ▏  66 GB/ 67 GB  286 MB/s      2s[K[?25h[?2026l[?2026h[?25l[A[1Gpulling manifest [K
pulling 9d507a36062c:  99% ▕█████████████████ ▏  66 GB/ 67 GB  286 MB/s      2s[K[?25h[?2026l[?2026h[?25l[A[1Gpulling manifest [K
pulling 9d507a36062c:  99% ▕█████████████████ ▏  66 GB/ 67 GB  255 MB/s      3s[K[?25h[?2026l[?2026h[?25l[A[1Gpulling manifest [K
pulling 9d507a36062c:  99% ▕█████████████████ ▏  66 GB/ 67 GB  255 MB/s      3s[K[?25h[?2026l[?2026h[?25l[A[1Gpulling manifest [K
pulling 9d507a36062c:  99% ▕█████████████████ ▏  66 GB/ 67 GB  255 MB/s      2s[K[?25h[?2026l[?2026h[?25l[A[1Gpulling manifest [K
pulling 9d507a36062c:  99% ▕█████████████████ ▏  66 GB/ 67 GB  255 MB/s      2s[K[?25h[?2026l[?2026h[?25l[A[1Gpulling manifest [K
pulling 9d507a36062c:  99% ▕█████████████████ ▏  66 GB/ 67 GB  255 MB/s      2s[K[?25h[?2026l[?2026h[?25l[A[1Gpulling manifest [K
pulling 9d507a36062c:  99% ▕█████████████████ ▏  66 GB/ 67 GB  255 MB/s      2s[K[?25h[?2026l[?2026h[?25l[A[1Gpulling manifest [K
pulling 9d507a36062c:  99% ▕█████████████████ ▏  66 GB/ 67 GB  255 MB/s      2s[K[?25h[?2026l[?2026h[?25l[A[1Gpulling manifest [K
pulling 9d507a36062c:  99% ▕█████████████████ ▏  66 GB/ 67 GB  255 MB/s      2s[K[?25h[?2026l[?2026h[?25l[A[1Gpulling manifest [K
pulling 9d507a36062c:  99% ▕█████████████████ ▏  66 GB/ 67 GB  255 MB/s      2s[K[?25h[?2026l[?2026h[?25l[A[1Gpulling manifest [K
pulling 9d507a36062c:  99% ▕█████████████████ ▏  66 GB/ 67 GB  255 MB/s      2s[K[?25h[?2026l[?2026h[?25l[A[1Gpulling manifest [K
pulling 9d507a36062c:  99% ▕█████████████████ ▏  66 GB/ 67 GB  216 MB/s      3s[K[?25h[?2026l[?2026h[?25l[A[1Gpulling manifest [K
pulling 9d507a36062c:  99% ▕█████████████████ ▏  66 GB/ 67 GB  216 MB/s      2s[K[?25h[?2026l[?2026h[?25l[A[1Gpulling manifest [K
pulling 9d507a36062c:  99% ▕█████████████████ ▏  66 GB/ 67 GB  216 MB/s      2s[K[?25h[?2026l[?2026h[?25l[A[1Gpulling manifest [K
pulling 9d507a36062c:  99% ▕█████████████████ ▏  66 GB/ 67 GB  216 MB/s      2s[K[?25h[?2026l[?2026h[?25l[A[1Gpulling manifest [K
pulling 9d507a36062c:  99% ▕█████████████████ ▏  66 GB/ 67 GB  216 MB/s      2s[K[?25h[?2026l[?2026h[?25l[A[1Gpulling manifest [K
pulling 9d507a36062c:  99% ▕█████████████████ ▏  66 GB/ 67 GB  216 MB/s      2s[K[?25h[?2026l[?2026h[?25l[A[1Gpulling manifest [K
pulling 9d507a36062c:  99% ▕█████████████████ ▏  66 GB/ 67 GB  216 MB/s      2s[K[?25h[?2026l[?2026h[?25l[A[1Gpulling manifest [K
pulling 9d507a36062c:  99% ▕█████████████████ ▏  66 GB/ 67 GB  216 MB/s      2s[K[?25h[?2026l[?2026h[?25l[A[1Gpulling manifest [K
pulling 9d507a36062c:  99% ▕█████████████████ ▏  66 GB/ 67 GB  216 MB/s      2s[K[?25h[?2026l[?2026h[?25l[A[1Gpulling manifest [K
pulling 9d507a36062c:  99% ▕█████████████████ ▏  66 GB/ 67 GB  216 MB/s      2s[K[?25h[?2026l[?2026h[?25l[A[1Gpulling manifest [K
pulling 9d507a36062c:  99% ▕█████████████████ ▏  66 GB/ 67 GB  198 MB/s      2s[K[?25h[?2026l[?2026h[?25l[A[1Gpulling manifest [K
pulling 9d507a36062c:  99% ▕█████████████████ ▏  66 GB/ 67 GB  198 MB/s      2s[K[?25h[?2026l[?2026h[?25l[A[1Gpulling manifest [K
pulling 9d507a36062c:  99% ▕█████████████████ ▏  66 GB/ 67 GB  198 MB/s      2s[K[?25h[?2026l[?2026h[?25l[A[1Gpulling manifest [K
pulling 9d507a36062c:  99% ▕█████████████████ ▏  66 GB/ 67 GB  198 MB/s      2s[K[?25h[?2026l[?2026h[?25l[A[1Gpulling manifest [K
pulling 9d507a36062c:  99% ▕█████████████████ ▏  66 GB/ 67 GB  198 MB/s      2s[K[?25h[?2026l[?2026h[?25l[A[1Gpulling manifest [K
pulling 9d507a36062c:  99% ▕█████████████████ ▏  66 GB/ 67 GB  198 MB/s      2s[K[?25h[?2026l[?2026h[?25l[A[1Gpulling manifest [K
pulling 9d507a36062c:  99% ▕█████████████████ ▏  66 GB/ 67 GB  198 MB/s      2s[K[?25h[?2026l[?2026h[?25l[A[1Gpulling manifest [K
pulling 9d507a36062c:  99% ▕█████████████████ ▏  66 GB/ 67 GB  198 MB/s      2s[K[?25h[?2026l[?2026h[?25l[A[1Gpulling manifest [K
pulling 9d507a36062c:  99% ▕█████████████████ ▏  67 GB/ 67 GB  198 MB/s      2s[K[?25h[?2026l[?2026h[?25l[A[1Gpulling manifest [K
pulling 9d507a36062c:  99% ▕█████████████████ ▏  67 GB/ 67 GB  198 MB/s      2s[K[?25h[?2026l[?2026h[?25l[A[1Gpulling manifest [K
pulling 9d507a36062c:  99% ▕█████████████████ ▏  67 GB/ 67 GB  176 MB/s      2s[K[?25h[?2026l[?2026h[?25l[A[1Gpulling manifest [K
pulling 9d507a36062c:  99% ▕█████████████████ ▏  67 GB/ 67 GB  176 MB/s      2s[K[?25h[?2026l[?2026h[?25l[A[1Gpulling manifest [K
pulling 9d507a36062c:  99% ▕█████████████████ ▏  67 GB/ 67 GB  176 MB/s      2s[K[?25h[?2026l[?2026h[?25l[A[1Gpulling manifest [K
pulling 9d507a36062c:  99% ▕█████████████████ ▏  67 GB/ 67 GB  176 MB/s      2s[K[?25h[?2026l[?2026h[?25l[A[1Gpulling manifest [K
pulling 9d507a36062c:  99% ▕█████████████████ ▏  67 GB/ 67 GB  176 MB/s      1s[K[?25h[?2026l[?2026h[?25l[A[1Gpulling manifest [K
pulling 9d507a36062c: 100% ▕█████████████████ ▏  67 GB/ 67 GB  176 MB/s      1s[K[?25h[?2026l[?2026h[?25l[A[1Gpulling manifest [K
pulling 9d507a36062c: 100% ▕█████████████████ ▏  67 GB/ 67 GB  176 MB/s      1s[K[?25h[?2026l[?2026h[?25l[A[1Gpulling manifest [K
pulling 9d507a36062c: 100% ▕█████████████████ ▏  67 GB/ 67 GB  176 MB/s      1s[K[?25h[?2026l[?2026h[?25l[A[1Gpulling manifest [K
pulling 9d507a36062c: 100% ▕█████████████████ ▏  67 GB/ 67 GB  176 MB/s      1s[K[?25h[?2026l[?2026h[?25l[A[1Gpulling manifest [K
pulling 9d507a36062c: 100% ▕█████████████████ ▏  67 GB/ 67 GB  176 MB/s      1s[K[?25h[?2026l[?2026h[?25l[A[1Gpulling manifest [K
pulling 9d507a36062c: 100% ▕█████████████████ ▏  67 GB/ 67 GB  176 MB/s      1s[K[?25h[?2026l[?2026h[?25l[A[1Gpulling manifest [K
pulling 9d507a36062c: 100% ▕█████████████████ ▏  67 GB/ 67 GB  167 MB/s      1s[K[?25h[?2026l[?2026h[?25l[A[1Gpulling manifest [K
pulling 9d507a36062c: 100% ▕█████████████████ ▏  67 GB/ 67 GB  167 MB/s      1s[K[?25h[?2026l[?2026h[?25l[A[1Gpulling manifest [K
pulling 9d507a36062c: 100% ▕█████████████████ ▏  67 GB/ 67 GB  167 MB/s      1s[K[?25h[?2026l[?2026h[?25l[A[1Gpulling manifest [K
pulling 9d507a36062c: 100% ▕█████████████████ ▏  67 GB/ 67 GB  167 MB/s      1s[K[?25h[?2026l[?2026h[?25l[A[1Gpulling manifest [K
pulling 9d507a36062c: 100% ▕█████████████████ ▏  67 GB/ 67 GB  167 MB/s      0s[K[?25h[?2026l[?2026h[?25l[A[1Gpulling manifest [K
pulling 9d507a36062c: 100% ▕█████████████████ ▏  67 GB/ 67 GB  167 MB/s      0s[K[?25h[?2026l[?2026h[?25l[A[1Gpulling manifest [K
pulling 9d507a36062c: 100% ▕█████████████████ ▏  67 GB/ 67 GB  167 MB/s      0s[K[?25h[?2026l[?2026h[?25l[A[1Gpulling manifest [K
pulling 9d507a36062c: 100% ▕█████████████████ ▏  67 GB/ 67 GB  167 MB/s      0s[K[?25h[?2026l[?2026h[?25l[A[1Gpulling manifest [K
pulling 9d507a36062c: 100% ▕█████████████████ ▏  67 GB/ 67 GB  167 MB/s      0s[K[?25h[?2026l[?2026h[?25l[A[1Gpulling manifest [K
pulling 9d507a36062c: 100% ▕█████████████████ ▏  67 GB/ 67 GB  167 MB/s      0s[K[?25h[?2026l[?2026h[?25l[A[1Gpulling manifest [K
pulling 9d507a36062c: 100% ▕█████████████████ ▏  67 GB/ 67 GB  161 MB/s      0s[K[?25h[?2026l[?2026h[?25l[A[1Gpulling manifest [K
pulling 9d507a36062c: 100% ▕█████████████████ ▏  67 GB/ 67 GB  161 MB/s      0s[K[?25h[?2026l[?2026h[?25l[A[1Gpulling manifest [K
pulling 9d507a36062c: 100% ▕█████████████████ ▏  67 GB/ 67 GB  161 MB/s      0s[K[?25h[?2026l[?2026h[?25l[A[1Gpulling manifest [K
pulling 9d507a36062c: 100% ▕█████████████████ ▏  67 GB/ 67 GB  161 MB/s      0s[K[?25h[?2026l[?2026h[?25l[A[1Gpulling manifest [K
pulling 9d507a36062c: 100% ▕█████████████████ ▏  67 GB/ 67 GB  161 MB/s      0s[K[?25h[?2026l[?2026h[?25l[A[1Gpulling manifest [K
pulling 9d507a36062c: 100% ▕█████████████████ ▏  67 GB/ 67 GB  161 MB/s      0s[K[?25h[?2026l[?2026h[?25l[A[1Gpulling manifest [K
pulling 9d507a36062c: 100% ▕█████████████████ ▏  67 GB/ 67 GB  161 MB/s      0s[K[?25h[?2026l[?2026h[?25l[A[1Gpulling manifest [K
pulling 9d507a36062c: 100% ▕█████████████████ ▏  67 GB/ 67 GB  161 MB/s      0s[K[?25h[?2026l[?2026h[?25l[A[1Gpulling manifest [K
pulling 9d507a36062c: 100% ▕█████████████████ ▏  67 GB/ 67 GB  161 MB/s      0s[K[?25h[?2026l[?2026h[?25l[A[1Gpulling manifest [K
pulling 9d507a36062c: 100% ▕█████████████████ ▏  67 GB/ 67 GB  161 MB/s      0s[K[?25h[?2026l[?2026h[?25l[A[1Gpulling manifest [K
pulling 9d507a36062c: 100% ▕█████████████████ ▏  67 GB/ 67 GB  143 MB/s      0s[K[?25h[?2026l[?2026h[?25l[A[1Gpulling manifest [K
pulling 9d507a36062c: 100% ▕█████████████████ ▏  67 GB/ 67 GB  143 MB/s      0s[K[?25h[?2026l[?2026h[?25l[A[1Gpulling manifest [K
pulling 9d507a36062c: 100% ▕█████████████████ ▏  67 GB/ 67 GB  143 MB/s      0s[K[?25h[?2026l[?2026h[?25l[A[1Gpulling manifest [K
pulling 9d507a36062c: 100% ▕█████████████████ ▏  67 GB/ 67 GB  143 MB/s      0s[K[?25h[?2026l[?2026h[?25l[A[1Gpulling manifest [K
pulling 9d507a36062c: 100% ▕█████████████████ ▏  67 GB/ 67 GB  143 MB/s      0s[K[?25h[?2026l[?2026h[?25l[A[1Gpulling manifest [K
pulling 9d507a36062c: 100% ▕█████████████████ ▏  67 GB/ 67 GB  143 MB/s      0s[K[?25h[?2026l[?2026h[?25l[A[1Gpulling manifest [K
pulling 9d507a36062c: 100% ▕█████████████████ ▏  67 GB/ 67 GB  143 MB/s      0s[K[?25h[?2026l[?2026h[?25l[A[1Gpulling manifest [K
pulling 9d507a36062c: 100% ▕█████████████████ ▏  67 GB/ 67 GB  143 MB/s      0s[K[?25h[?2026l[?2026h[?25l[A[1Gpulling manifest [K
pulling 9d507a36062c: 100% ▕█████████████████ ▏  67 GB/ 67 GB  143 MB/s      0s[K[?25h[?2026l[?2026h[?25l[A[1Gpulling manifest [K
pulling 9d507a36062c: 100% ▕█████████████████ ▏  67 GB/ 67 GB  143 MB/s      0s[K[?25h[?2026l[?2026h[?25l[A[1Gpulling manifest [K
pulling 9d507a36062c: 100% ▕█████████████████ ▏  67 GB/ 67 GB  122 MB/s      0s[K[?25h[?2026l[?2026h[?25l[A[1Gpulling manifest [K
pulling 9d507a36062c: 100% ▕█████████████████ ▏  67 GB/ 67 GB  122 MB/s      0s[K[?25h[?2026l[?2026h[?25l[A[1Gpulling manifest [K
pulling 9d507a36062c: 100% ▕█████████████████ ▏  67 GB/ 67 GB  122 MB/s      0s[K[?25h[?2026l[?2026h[?25l[A[1Gpulling manifest [K
pulling 9d507a36062c: 100% ▕█████████████████ ▏  67 GB/ 67 GB  122 MB/s      0s[K[?25h[?2026l[?2026h[?25l[A[1Gpulling manifest [K
pulling 9d507a36062c: 100% ▕█████████████████ ▏  67 GB/ 67 GB  122 MB/s      0s[K[?25h[?2026l[?2026h[?25l[A[1Gpulling manifest [K
pulling 9d507a36062c: 100% ▕█████████████████ ▏  67 GB/ 67 GB  122 MB/s      0s[K[?25h[?2026l[?2026h[?25l[A[1Gpulling manifest [K
pulling 9d507a36062c: 100% ▕█████████████████ ▏  67 GB/ 67 GB  122 MB/s      0s[K[?25h[?2026l[?2026h[?25l[A[1Gpulling manifest [K
pulling 9d507a36062c: 100% ▕█████████████████ ▏  67 GB/ 67 GB  122 MB/s      0s[K[?25h[?2026l[?2026h[?25l[A[1Gpulling manifest [K
pulling 9d507a36062c: 100% ▕█████████████████ ▏  67 GB/ 67 GB  122 MB/s      0s[K[?25h[?2026l[?2026h[?25l[A[1Gpulling manifest [K
pulling 9d507a36062c: 100% ▕█████████████████ ▏  67 GB/ 67 GB  122 MB/s      0s[K[?25h[?2026l[?2026h[?25l[A[1Gpulling manifest [K
pulling 9d507a36062c: 100% ▕█████████████████ ▏  67 GB/ 67 GB  108 MB/s      0s[K[?25h[?2026l[?2026h[?25l[A[1Gpulling manifest [K
pulling 9d507a36062c: 100% ▕█████████████████ ▏  67 GB/ 67 GB  108 MB/s      0s[K[?25h[?2026l[?2026h[?25l[A[1Gpulling manifest [K
pulling 9d507a36062c: 100% ▕█████████████████ ▏  67 GB/ 67 GB  108 MB/s      0s[K[?25h[?2026l[?2026h[?25l[A[1Gpulling manifest [K
pulling 9d507a36062c: 100% ▕█████████████████ ▏  67 GB/ 67 GB  108 MB/s      0s[K[?25h[?2026l[?2026h[?25l[A[1Gpulling manifest [K
pulling 9d507a36062c: 100% ▕█████████████████ ▏  67 GB/ 67 GB  108 MB/s      0s[K[?25h[?2026l[?2026h[?25l[A[1Gpulling manifest [K
pulling 9d507a36062c: 100% ▕█████████████████ ▏  67 GB/ 67 GB  108 MB/s      0s[K[?25h[?2026l[?2026h[?25l[A[1Gpulling manifest [K
pulling 9d507a36062c: 100% ▕█████████████████ ▏  67 GB/ 67 GB  108 MB/s      0s[K[?25h[?2026l[?2026h[?25l[A[1Gpulling manifest [K
pulling 9d507a36062c: 100% ▕█████████████████ ▏  67 GB/ 67 GB  108 MB/s      0s[K[?25h[?2026l[?2026h[?25l[A[1Gpulling manifest [K
pulling 9d507a36062c: 100% ▕█████████████████ ▏  67 GB/ 67 GB  108 MB/s      0s[K[?25h[?2026l[?2026h[?25l[A[1Gpulling manifest [K
pulling 9d507a36062c: 100% ▕█████████████████ ▏  67 GB/ 67 GB  108 MB/s      0s[K[?25h[?2026l[?2026h[?25l[A[1Gpulling manifest [K
pulling 9d507a36062c: 100% ▕█████████████████ ▏  67 GB/ 67 GB  108 MB/s      0s[K[?25h[?2026l[?2026h[?25l[A[1Gpulling manifest [K
pulling 9d507a36062c: 100% ▕█████████████████ ▏  67 GB/ 67 GB   86 MB/s      0s[K[?25h[?2026l[?2026h[?25l[A[1Gpulling manifest [K
pulling 9d507a36062c: 100% ▕█████████████████ ▏  67 GB/ 67 GB   86 MB/s      0s[K[?25h[?2026l[?2026h[?25l[A[1Gpulling manifest [K
pulling 9d507a36062c: 100% ▕█████████████████ ▏  67 GB/ 67 GB   86 MB/s      0s[K[?25h[?2026l[?2026h[?25l[A[1Gpulling manifest [K
pulling 9d507a36062c: 100% ▕█████████████████ ▏  67 GB/ 67 GB   86 MB/s      0s[K[?25h[?2026l[?2026h[?25l[A[1Gpulling manifest [K
pulling 9d507a36062c: 100% ▕█████████████████ ▏  67 GB/ 67 GB   86 MB/s      0s[K[?25h[?2026l[?2026h[?25l[A[1Gpulling manifest [K
pulling 9d507a36062c: 100% ▕██████████████████▏  67 GB                         [K[?25h[?2026l[?2026h[?25l[A[1Gpulling manifest [K
pulling 9d507a36062c: 100% ▕██████████████████▏  67 GB                         [K[?25h[?2026l[?2026h[?25l[A[1Gpulling manifest [K
pulling 9d507a36062c: 100% ▕██████████████████▏  67 GB                         [K[?25h[?2026l[?2026h[?25l[A[1Gpulling manifest [K
pulling 9d507a36062c: 100% ▕██████████████████▏  67 GB                         [K[?25h[?2026l[?2026h[?25l[A[1Gpulling manifest [K
pulling 9d507a36062c: 100% ▕██████████████████▏  67 GB                         [K[?25h[?2026l[?2026h[?25l[A[1Gpulling manifest [K
pulling 9d507a36062c: 100% ▕██████████████████▏  67 GB                         [K[?25h[?2026l[?2026h[?25l[A[1Gpulling manifest [K
pulling 9d507a36062c: 100% ▕██████████████████▏  67 GB                         [K[?25h[?2026l[?2026h[?25l[A[1Gpulling manifest [K
pulling 9d507a36062c: 100% ▕██████████████████▏  67 GB                         [K[?25h[?2026l[?2026h[?25l[A[1Gpulling manifest [K
pulling 9d507a36062c: 100% ▕██████████████████▏  67 GB                         [K[?25h[?2026l[?2026h[?25l[A[1Gpulling manifest [K
pulling 9d507a36062c: 100% ▕██████████████████▏  67 GB                         [K[?25h[?2026l[?2026h[?25l[A[1Gpulling manifest [K
pulling 9d507a36062c: 100% ▕██████████████████▏  67 GB                         [K[?25h[?2026l[?2026h[?25l[A[1Gpulling manifest [K
pulling 9d507a36062c: 100% ▕██████████████████▏  67 GB                         [K[?25h[?2026l[?2026h[?25l[A[1Gpulling manifest [K
pulling 9d507a36062c: 100% ▕██████████████████▏  67 GB                         [K
pulling 399a8a5a36db: 100% ▕██████████████████▏ 7.8 KB                         [K[?25h[?2026l[?2026h[?25l[A[A[1Gpulling manifest [K
pulling 9d507a36062c: 100% ▕██████████████████▏  67 GB                         [K
pulling 399a8a5a36db: 100% ▕██████████████████▏ 7.8 KB                         [K[?25h[?2026l[?2026h[?25l[A[A[1Gpulling manifest [K
pulling 9d507a36062c: 100% ▕██████████████████▏  67 GB                         [K
pulling 399a8a5a36db: 100% ▕██████████████████▏ 7.8 KB                         [K[?25h[?2026l[?2026h[?25l[A[A[1Gpulling manifest [K
pulling 9d507a36062c: 100% ▕██████████████████▏  67 GB                         [K
pulling 399a8a5a36db: 100% ▕██████████████████▏ 7.8 KB                         [K[?25h[?2026l[?2026h[?25l[A[A[1Gpulling manifest [K
pulling 9d507a36062c: 100% ▕██████████████████▏  67 GB                         [K
pulling 399a8a5a36db: 100% ▕██████████████████▏ 7.8 KB                         [K[?25h[?2026l[?2026h[?25l[A[A[1Gpulling manifest [K
pulling 9d507a36062c: 100% ▕██████████████████▏  67 GB                         [K
pulling 399a8a5a36db: 100% ▕██████████████████▏ 7.8 KB                         [K[?25h[?2026l[?2026h[?25l[A[A[1Gpulling manifest [K
pulling 9d507a36062c: 100% ▕██████████████████▏  67 GB                         [K
pulling 399a8a5a36db: 100% ▕██████████████████▏ 7.8 KB                         [K[?25h[?2026l[?2026h[?25l[A[A[1Gpulling manifest [K
pulling 9d507a36062c: 100% ▕██████████████████▏  67 GB                         [K
pulling 399a8a5a36db: 100% ▕██████████████████▏ 7.8 KB                         [K[?25h[?2026l[?2026h[?25l[A[A[1Gpulling manifest [K
pulling 9d507a36062c: 100% ▕██████████████████▏  67 GB                         [K
pulling 399a8a5a36db: 100% ▕██████████████████▏ 7.8 KB                         [K[?25h[?2026l[?2026h[?25l[A[A[1Gpulling manifest [K
pulling 9d507a36062c: 100% ▕██████████████████▏  67 GB                         [K
pulling 399a8a5a36db: 100% ▕██████████████████▏ 7.8 KB                         [K[?25h[?2026l[?2026h[?25l[A[A[1Gpulling manifest [K
pulling 9d507a36062c: 100% ▕██████████████████▏  67 GB                         [K
pulling 399a8a5a36db: 100% ▕██████████████████▏ 7.8 KB                         [K[?25h[?2026l[?2026h[?25l[A[A[1Gpulling manifest [K
pulling 9d507a36062c: 100% ▕██████████████████▏  67 GB                         [K
pulling 399a8a5a36db: 100% ▕██████████████████▏ 7.8 KB                         [K[?25h[?2026l[?2026h[?25l[A[A[1Gpulling manifest [K
pulling 9d507a36062c: 100% ▕██████████████████▏  67 GB                         [K
pulling 399a8a5a36db: 100% ▕██████████████████▏ 7.8 KB                         [K
pulling 24ca191a372b: 100% ▕██████████████████▏ 6.0 KB                         [K[?25h[?2026l[?2026h[?25l[A[A[A[1Gpulling manifest [K
pulling 9d507a36062c: 100% ▕██████████████████▏  67 GB                         [K
pulling 399a8a5a36db: 100% ▕██████████████████▏ 7.8 KB                         [K
pulling 24ca191a372b: 100% ▕██████████████████▏ 6.0 KB                         [K[?25h[?2026l[?2026h[?25l[A[A[A[1Gpulling manifest [K
pulling 9d507a36062c: 100% ▕██████████████████▏  67 GB                         [K
pulling 399a8a5a36db: 100% ▕██████████████████▏ 7.8 KB                         [K
pulling 24ca191a372b: 100% ▕██████████████████▏ 6.0 KB                         [K[?25h[?2026l[?2026h[?25l[A[A[A[1Gpulling manifest [K
pulling 9d507a36062c: 100% ▕██████████████████▏  67 GB                         [K
pulling 399a8a5a36db: 100% ▕██████████████████▏ 7.8 KB                         [K
pulling 24ca191a372b: 100% ▕██████████████████▏ 6.0 KB                         [K[?25h[?2026l[?2026h[?25l[A[A[A[1Gpulling manifest [K
pulling 9d507a36062c: 100% ▕██████████████████▏  67 GB                         [K
pulling 399a8a5a36db: 100% ▕██████████████████▏ 7.8 KB                         [K
pulling 24ca191a372b: 100% ▕██████████████████▏ 6.0 KB                         [K[?25h[?2026l[?2026h[?25l[A[A[A[1Gpulling manifest [K
pulling 9d507a36062c: 100% ▕██████████████████▏  67 GB                         [K
pulling 399a8a5a36db: 100% ▕██████████████████▏ 7.8 KB                         [K
pulling 24ca191a372b: 100% ▕██████████████████▏ 6.0 KB                         [K[?25h[?2026l[?2026h[?25l[A[A[A[1Gpulling manifest [K
pulling 9d507a36062c: 100% ▕██████████████████▏  67 GB                         [K
pulling 399a8a5a36db: 100% ▕██████████████████▏ 7.8 KB                         [K
pulling 24ca191a372b: 100% ▕██████████████████▏ 6.0 KB                         [K[?25h[?2026l[?2026h[?25l[A[A[A[1Gpulling manifest [K
pulling 9d507a36062c: 100% ▕██████████████████▏  67 GB                         [K
pulling 399a8a5a36db: 100% ▕██████████████████▏ 7.8 KB                         [K
pulling 24ca191a372b: 100% ▕██████████████████▏ 6.0 KB                         [K[?25h[?2026l[?2026h[?25l[A[A[A[1Gpulling manifest [K
pulling 9d507a36062c: 100% ▕██████████████████▏  67 GB                         [K
pulling 399a8a5a36db: 100% ▕██████████████████▏ 7.8 KB                         [K
pulling 24ca191a372b: 100% ▕██████████████████▏ 6.0 KB                         [K[?25h[?2026l[?2026h[?25l[A[A[A[1Gpulling manifest [K
pulling 9d507a36062c: 100% ▕██████████████████▏  67 GB                         [K
pulling 399a8a5a36db: 100% ▕██████████████████▏ 7.8 KB                         [K
pulling 24ca191a372b: 100% ▕██████████████████▏ 6.0 KB                         [K[?25h[?2026l[?2026h[?25l[A[A[A[1Gpulling manifest [K
pulling 9d507a36062c: 100% ▕██████████████████▏  67 GB                         [K
pulling 399a8a5a36db: 100% ▕██████████████████▏ 7.8 KB                         [K
pulling 24ca191a372b: 100% ▕██████████████████▏ 6.0 KB                         [K[?25h[?2026l[?2026h[?25l[A[A[A[1Gpulling manifest [K
pulling 9d507a36062c: 100% ▕██████████████████▏  67 GB                         [K
pulling 399a8a5a36db: 100% ▕██████████████████▏ 7.8 KB                         [K
pulling 24ca191a372b: 100% ▕██████████████████▏ 6.0 KB                         [K
pulling 161e5d878840: 100% ▕██████████████████▏ 3.7 KB                         [K[?25h[?2026l[?2026h[?25l[A[A[A[A[1Gpulling manifest [K
pulling 9d507a36062c: 100% ▕██████████████████▏  67 GB                         [K
pulling 399a8a5a36db: 100% ▕██████████████████▏ 7.8 KB                         [K
pulling 24ca191a372b: 100% ▕██████████████████▏ 6.0 KB                         [K
pulling 161e5d878840: 100% ▕██████████████████▏ 3.7 KB                         [K[?25h[?2026l[?2026h[?25l[A[A[A[A[1Gpulling manifest [K
pulling 9d507a36062c: 100% ▕██████████████████▏  67 GB                         [K
pulling 399a8a5a36db: 100% ▕██████████████████▏ 7.8 KB                         [K
pulling 24ca191a372b: 100% ▕██████████████████▏ 6.0 KB                         [K
pulling 161e5d878840: 100% ▕██████████████████▏ 3.7 KB                         [K[?25h[?2026l[?2026h[?25l[A[A[A[A[1Gpulling manifest [K
pulling 9d507a36062c: 100% ▕██████████████████▏  67 GB                         [K
pulling 399a8a5a36db: 100% ▕██████████████████▏ 7.8 KB                         [K
pulling 24ca191a372b: 100% ▕██████████████████▏ 6.0 KB                         [K
pulling 161e5d878840: 100% ▕██████████████████▏ 3.7 KB                         [K[?25h[?2026l[?2026h[?25l[A[A[A[A[1Gpulling manifest [K
pulling 9d507a36062c: 100% ▕██████████████████▏  67 GB                         [K
pulling 399a8a5a36db: 100% ▕██████████████████▏ 7.8 KB                         [K
pulling 24ca191a372b: 100% ▕██████████████████▏ 6.0 KB                         [K
pulling 161e5d878840: 100% ▕██████████████████▏ 3.7 KB                         [K[?25h[?2026l[?2026h[?25l[A[A[A[A[1Gpulling manifest [K
pulling 9d507a36062c: 100% ▕██████████████████▏  67 GB                         [K
pulling 399a8a5a36db: 100% ▕██████████████████▏ 7.8 KB                         [K
pulling 24ca191a372b: 100% ▕██████████████████▏ 6.0 KB                         [K
pulling 161e5d878840: 100% ▕██████████████████▏ 3.7 KB                         [K[?25h[?2026l[?2026h[?25l[A[A[A[A[1Gpulling manifest [K
pulling 9d507a36062c: 100% ▕██████████████████▏  67 GB                         [K
pulling 399a8a5a36db: 100% ▕██████████████████▏ 7.8 KB                         [K
pulling 24ca191a372b: 100% ▕██████████████████▏ 6.0 KB                         [K
pulling 161e5d878840: 100% ▕██████████████████▏ 3.7 KB                         [K[?25h[?2026l[?2026h[?25l[A[A[A[A[1Gpulling manifest [K
pulling 9d507a36062c: 100% ▕██████████████████▏  67 GB                         [K
pulling 399a8a5a36db: 100% ▕██████████████████▏ 7.8 KB                         [K
pulling 24ca191a372b: 100% ▕██████████████████▏ 6.0 KB                         [K
pulling 161e5d878840: 100% ▕██████████████████▏ 3.7 KB                         [K[?25h[?2026l[?2026h[?25l[A[A[A[A[1Gpulling manifest [K
pulling 9d507a36062c: 100% ▕██████████████████▏  67 GB                         [K
pulling 399a8a5a36db: 100% ▕██████████████████▏ 7.8 KB                         [K
pulling 24ca191a372b: 100% ▕██████████████████▏ 6.0 KB                         [K
pulling 161e5d878840: 100% ▕██████████████████▏ 3.7 KB                         [K[?25h[?2026l[?2026h[?25l[A[A[A[A[1Gpulling manifest [K
pulling 9d507a36062c: 100% ▕██████████████████▏  67 GB                         [K
pulling 399a8a5a36db: 100% ▕██████████████████▏ 7.8 KB                         [K
pulling 24ca191a372b: 100% ▕██████████████████▏ 6.0 KB                         [K
pulling 161e5d878840: 100% ▕██████████████████▏ 3.7 KB                         [K[?25h[?2026l[?2026h[?25l[A[A[A[A[1Gpulling manifest [K
pulling 9d507a36062c: 100% ▕██████████████████▏  67 GB                         [K
pulling 399a8a5a36db: 100% ▕██████████████████▏ 7.8 KB                         [K
pulling 24ca191a372b: 100% ▕██████████████████▏ 6.0 KB                         [K
pulling 161e5d878840: 100% ▕██████████████████▏ 3.7 KB                         [K[?25h[?2026l[?2026h[?25l[A[A[A[A[1Gpulling manifest [K
pulling 9d507a36062c: 100% ▕██████████████████▏  67 GB                         [K
pulling 399a8a5a36db: 100% ▕██████████████████▏ 7.8 KB                         [K
pulling 24ca191a372b: 100% ▕██████████████████▏ 6.0 KB                         [K
pulling 161e5d878840: 100% ▕██████████████████▏ 3.7 KB                         [K[?25h[?2026l[?2026h[?25l[A[A[A[A[1Gpulling manifest [K
pulling 9d507a36062c: 100% ▕██████████████████▏  67 GB                         [K
pulling 399a8a5a36db: 100% ▕██████████████████▏ 7.8 KB                         [K
pulling 24ca191a372b: 100% ▕██████████████████▏ 6.0 KB                         [K
pulling 161e5d878840: 100% ▕██████████████████▏ 3.7 KB                         [K
pulling fc1ffc71ab8e: 100% ▕██████████████████▏ 1.6 KB                         [K[?25h[?2026l[?2026h[?25l[A[A[A[A[A[1Gpulling manifest [K
pulling 9d507a36062c: 100% ▕██████████████████▏  67 GB                         [K
pulling 399a8a5a36db: 100% ▕██████████████████▏ 7.8 KB                         [K
pulling 24ca191a372b: 100% ▕██████████████████▏ 6.0 KB                         [K
pulling 161e5d878840: 100% ▕██████████████████▏ 3.7 KB                         [K
pulling fc1ffc71ab8e: 100% ▕██████████████████▏ 1.6 KB                         [K[?25h[?2026l[?2026h[?25l[A[A[A[A[A[1Gpulling manifest [K
pulling 9d507a36062c: 100% ▕██████████████████▏  67 GB                         [K
pulling 399a8a5a36db: 100% ▕██████████████████▏ 7.8 KB                         [K
pulling 24ca191a372b: 100% ▕██████████████████▏ 6.0 KB                         [K
pulling 161e5d878840: 100% ▕██████████████████▏ 3.7 KB                         [K
pulling fc1ffc71ab8e: 100% ▕██████████████████▏ 1.6 KB                         [K[?25h[?2026l[?2026h[?25l[A[A[A[A[A[1Gpulling manifest [K
pulling 9d507a36062c: 100% ▕██████████████████▏  67 GB                         [K
pulling 399a8a5a36db: 100% ▕██████████████████▏ 7.8 KB                         [K
pulling 24ca191a372b: 100% ▕██████████████████▏ 6.0 KB                         [K
pulling 161e5d878840: 100% ▕██████████████████▏ 3.7 KB                         [K
pulling fc1ffc71ab8e: 100% ▕██████████████████▏ 1.6 KB                         [K[?25h[?2026l[?2026h[?25l[A[A[A[A[A[1Gpulling manifest [K
pulling 9d507a36062c: 100% ▕██████████████████▏  67 GB                         [K
pulling 399a8a5a36db: 100% ▕██████████████████▏ 7.8 KB                         [K
pulling 24ca191a372b: 100% ▕██████████████████▏ 6.0 KB                         [K
pulling 161e5d878840: 100% ▕██████████████████▏ 3.7 KB                         [K
pulling fc1ffc71ab8e: 100% ▕██████████████████▏ 1.6 KB                         [K[?25h[?2026l[?2026h[?25l[A[A[A[A[A[1Gpulling manifest [K
pulling 9d507a36062c: 100% ▕██████████████████▏  67 GB                         [K
pulling 399a8a5a36db: 100% ▕██████████████████▏ 7.8 KB                         [K
pulling 24ca191a372b: 100% ▕██████████████████▏ 6.0 KB                         [K
pulling 161e5d878840: 100% ▕██████████████████▏ 3.7 KB                         [K
pulling fc1ffc71ab8e: 100% ▕██████████████████▏ 1.6 KB                         [K[?25h[?2026l[?2026h[?25l[A[A[A[A[A[1Gpulling manifest [K
pulling 9d507a36062c: 100% ▕██████████████████▏  67 GB                         [K
pulling 399a8a5a36db: 100% ▕██████████████████▏ 7.8 KB                         [K
pulling 24ca191a372b: 100% ▕██████████████████▏ 6.0 KB                         [K
pulling 161e5d878840: 100% ▕██████████████████▏ 3.7 KB                         [K
pulling fc1ffc71ab8e: 100% ▕██████████████████▏ 1.6 KB                         [K[?25h[?2026l[?2026h[?25l[A[A[A[A[A[1Gpulling manifest [K
pulling 9d507a36062c: 100% ▕██████████████████▏  67 GB                         [K
pulling 399a8a5a36db: 100% ▕██████████████████▏ 7.8 KB                         [K
pulling 24ca191a372b: 100% ▕██████████████████▏ 6.0 KB                         [K
pulling 161e5d878840: 100% ▕██████████████████▏ 3.7 KB                         [K
pulling fc1ffc71ab8e: 100% ▕██████████████████▏ 1.6 KB                         [K[?25h[?2026l[?2026h[?25l[A[A[A[A[A[1Gpulling manifest [K
pulling 9d507a36062c: 100% ▕██████████████████▏  67 GB                         [K
pulling 399a8a5a36db: 100% ▕██████████████████▏ 7.8 KB                         [K
pulling 24ca191a372b: 100% ▕██████████████████▏ 6.0 KB                         [K
pulling 161e5d878840: 100% ▕██████████████████▏ 3.7 KB                         [K
pulling fc1ffc71ab8e: 100% ▕██████████████████▏ 1.6 KB                         [K[?25h[?2026l[?2026h[?25l[A[A[A[A[A[1Gpulling manifest [K
pulling 9d507a36062c: 100% ▕██████████████████▏  67 GB                         [K
pulling 399a8a5a36db: 100% ▕██████████████████▏ 7.8 KB                         [K
pulling 24ca191a372b: 100% ▕██████████████████▏ 6.0 KB                         [K
pulling 161e5d878840: 100% ▕██████████████████▏ 3.7 KB                         [K
pulling fc1ffc71ab8e: 100% ▕██████████████████▏ 1.6 KB                         [K[?25h[?2026l[?2026h[?25l[A[A[A[A[A[1Gpulling manifest [K
pulling 9d507a36062c: 100% ▕██████████████████▏  67 GB                         [K
pulling 399a8a5a36db: 100% ▕██████████████████▏ 7.8 KB                         [K
pulling 24ca191a372b: 100% ▕██████████████████▏ 6.0 KB                         [K
pulling 161e5d878840: 100% ▕██████████████████▏ 3.7 KB                         [K
pulling fc1ffc71ab8e: 100% ▕██████████████████▏ 1.6 KB                         [K[?25h[?2026l[?2026h[?25l[A[A[A[A[A[1Gpulling manifest [K
pulling 9d507a36062c: 100% ▕██████████████████▏  67 GB                         [K
pulling 399a8a5a36db: 100% ▕██████████████████▏ 7.8 KB                         [K
pulling 24ca191a372b: 100% ▕██████████████████▏ 6.0 KB                         [K
pulling 161e5d878840: 100% ▕██████████████████▏ 3.7 KB                         [K
pulling fc1ffc71ab8e: 100% ▕██████████████████▏ 1.6 KB                         [K[?25h[?2026l[?2026h[?25l[A[A[A[A[A[1Gpulling manifest [K
pulling 9d507a36062c: 100% ▕██████████████████▏  67 GB                         [K
pulling 399a8a5a36db: 100% ▕██████████████████▏ 7.8 KB                         [K
pulling 24ca191a372b: 100% ▕██████████████████▏ 6.0 KB                         [K
pulling 161e5d878840: 100% ▕██████████████████▏ 3.7 KB                         [K
pulling fc1ffc71ab8e: 100% ▕██████████████████▏ 1.6 KB                         [K[?25h[?2026l[?2026h[?25l[A[A[A[A[A[1Gpulling manifest [K
pulling 9d507a36062c: 100% ▕██████████████████▏  67 GB                         [K
pulling 399a8a5a36db: 100% ▕██████████████████▏ 7.8 KB                         [K
pulling 24ca191a372b: 100% ▕██████████████████▏ 6.0 KB                         [K
pulling 161e5d878840: 100% ▕██████████████████▏ 3.7 KB                         [K
pulling fc1ffc71ab8e: 100% ▕██████████████████▏ 1.6 KB                         [K
pulling bee89e20d457: 100% ▕██████████████████▏   31 B                         [K[?25h[?2026l[?2026h[?25l[A[A[A[A[A[A[1Gpulling manifest [K
pulling 9d507a36062c: 100% ▕██████████████████▏  67 GB                         [K
pulling 399a8a5a36db: 100% ▕██████████████████▏ 7.8 KB                         [K
pulling 24ca191a372b: 100% ▕██████████████████▏ 6.0 KB                         [K
pulling 161e5d878840: 100% ▕██████████████████▏ 3.7 KB                         [K
pulling fc1ffc71ab8e: 100% ▕██████████████████▏ 1.6 KB                         [K
pulling bee89e20d457: 100% ▕██████████████████▏   31 B                         [K[?25h[?2026l[?2026h[?25l[A[A[A[A[A[A[1Gpulling manifest [K
pulling 9d507a36062c: 100% ▕██████████████████▏  67 GB                         [K
pulling 399a8a5a36db: 100% ▕██████████████████▏ 7.8 KB                         [K
pulling 24ca191a372b: 100% ▕██████████████████▏ 6.0 KB                         [K
pulling 161e5d878840: 100% ▕██████████████████▏ 3.7 KB                         [K
pulling fc1ffc71ab8e: 100% ▕██████████████████▏ 1.6 KB                         [K
pulling bee89e20d457: 100% ▕██████████████████▏   31 B                         [K[?25h[?2026l[?2026h[?25l[A[A[A[A[A[A[1Gpulling manifest [K
pulling 9d507a36062c: 100% ▕██████████████████▏  67 GB                         [K
pulling 399a8a5a36db: 100% ▕██████████████████▏ 7.8 KB                         [K
pulling 24ca191a372b: 100% ▕██████████████████▏ 6.0 KB                         [K
pulling 161e5d878840: 100% ▕██████████████████▏ 3.7 KB                         [K
pulling fc1ffc71ab8e: 100% ▕██████████████████▏ 1.6 KB                         [K
pulling bee89e20d457: 100% ▕██████████████████▏   31 B                         [K[?25h[?2026l[?2026h[?25l[A[A[A[A[A[A[1Gpulling manifest [K
pulling 9d507a36062c: 100% ▕██████████████████▏  67 GB                         [K
pulling 399a8a5a36db: 100% ▕██████████████████▏ 7.8 KB                         [K
pulling 24ca191a372b: 100% ▕██████████████████▏ 6.0 KB                         [K
pulling 161e5d878840: 100% ▕██████████████████▏ 3.7 KB                         [K
pulling fc1ffc71ab8e: 100% ▕██████████████████▏ 1.6 KB                         [K
pulling bee89e20d457: 100% ▕██████████████████▏   31 B                         [K[?25h[?2026l[?2026h[?25l[A[A[A[A[A[A[1Gpulling manifest [K
pulling 9d507a36062c: 100% ▕██████████████████▏  67 GB                         [K
pulling 399a8a5a36db: 100% ▕██████████████████▏ 7.8 KB                         [K
pulling 24ca191a372b: 100% ▕██████████████████▏ 6.0 KB                         [K
pulling 161e5d878840: 100% ▕██████████████████▏ 3.7 KB                         [K
pulling fc1ffc71ab8e: 100% ▕██████████████████▏ 1.6 KB                         [K
pulling bee89e20d457: 100% ▕██████████████████▏   31 B                         [K[?25h[?2026l[?2026h[?25l[A[A[A[A[A[A[1Gpulling manifest [K
pulling 9d507a36062c: 100% ▕██████████████████▏  67 GB                         [K
pulling 399a8a5a36db: 100% ▕██████████████████▏ 7.8 KB                         [K
pulling 24ca191a372b: 100% ▕██████████████████▏ 6.0 KB                         [K
pulling 161e5d878840: 100% ▕██████████████████▏ 3.7 KB                         [K
pulling fc1ffc71ab8e: 100% ▕██████████████████▏ 1.6 KB                         [K
pulling bee89e20d457: 100% ▕██████████████████▏   31 B                         [K[?25h[?2026l[?2026h[?25l[A[A[A[A[A[A[1Gpulling manifest [K
pulling 9d507a36062c: 100% ▕██████████████████▏  67 GB                         [K
pulling 399a8a5a36db: 100% ▕██████████████████▏ 7.8 KB                         [K
pulling 24ca191a372b: 100% ▕██████████████████▏ 6.0 KB                         [K
pulling 161e5d878840: 100% ▕██████████████████▏ 3.7 KB                         [K
pulling fc1ffc71ab8e: 100% ▕██████████████████▏ 1.6 KB                         [K
pulling bee89e20d457: 100% ▕██████████████████▏   31 B                         [K[?25h[?2026l[?2026h[?25l[A[A[A[A[A[A[1Gpulling manifest [K
pulling 9d507a36062c: 100% ▕██████████████████▏  67 GB                         [K
pulling 399a8a5a36db: 100% ▕██████████████████▏ 7.8 KB                         [K
pulling 24ca191a372b: 100% ▕██████████████████▏ 6.0 KB                         [K
pulling 161e5d878840: 100% ▕██████████████████▏ 3.7 KB                         [K
pulling fc1ffc71ab8e: 100% ▕██████████████████▏ 1.6 KB                         [K
pulling bee89e20d457: 100% ▕██████████████████▏   31 B                         [K[?25h[?2026l[?2026h[?25l[A[A[A[A[A[A[1Gpulling manifest [K
pulling 9d507a36062c: 100% ▕██████████████████▏  67 GB                         [K
pulling 399a8a5a36db: 100% ▕██████████████████▏ 7.8 KB                         [K
pulling 24ca191a372b: 100% ▕██████████████████▏ 6.0 KB                         [K
pulling 161e5d878840: 100% ▕██████████████████▏ 3.7 KB                         [K
pulling fc1ffc71ab8e: 100% ▕██████████████████▏ 1.6 KB                         [K
pulling bee89e20d457: 100% ▕██████████████████▏   31 B                         [K[?25h[?2026l[?2026h[?25l[A[A[A[A[A[A[1Gpulling manifest [K
pulling 9d507a36062c: 100% ▕██████████████████▏  67 GB                         [K
pulling 399a8a5a36db: 100% ▕██████████████████▏ 7.8 KB                         [K
pulling 24ca191a372b: 100% ▕██████████████████▏ 6.0 KB                         [K
pulling 161e5d878840: 100% ▕██████████████████▏ 3.7 KB                         [K
pulling fc1ffc71ab8e: 100% ▕██████████████████▏ 1.6 KB                         [K
pulling bee89e20d457: 100% ▕██████████████████▏   31 B                         [K[?25h[?2026l[?2026h[?25l[A[A[A[A[A[A[1Gpulling manifest [K
pulling 9d507a36062c: 100% ▕██████████████████▏  67 GB                         [K
pulling 399a8a5a36db: 100% ▕██████████████████▏ 7.8 KB                         [K
pulling 24ca191a372b: 100% ▕██████████████████▏ 6.0 KB                         [K
pulling 161e5d878840: 100% ▕██████████████████▏ 3.7 KB                         [K
pulling fc1ffc71ab8e: 100% ▕██████████████████▏ 1.6 KB                         [K
pulling bee89e20d457: 100% ▕██████████████████▏   31 B                         [K
pulling f7ce8f326f5d: 100% ▕██████████████████▏ 1.1 KB                         [K[?25h[?2026l[?2026h[?25l[A[A[A[A[A[A[A[1Gpulling manifest [K
pulling 9d507a36062c: 100% ▕██████████████████▏  67 GB                         [K
pulling 399a8a5a36db: 100% ▕██████████████████▏ 7.8 KB                         [K
pulling 24ca191a372b: 100% ▕██████████████████▏ 6.0 KB                         [K
pulling 161e5d878840: 100% ▕██████████████████▏ 3.7 KB                         [K
pulling fc1ffc71ab8e: 100% ▕██████████████████▏ 1.6 KB                         [K
pulling bee89e20d457: 100% ▕██████████████████▏   31 B                         [K
pulling f7ce8f326f5d: 100% ▕██████████████████▏ 1.1 KB                         [K[?25h[?2026l[?2026h[?25l[A[A[A[A[A[A[A[1Gpulling manifest [K
pulling 9d507a36062c: 100% ▕██████████████████▏  67 GB                         [K
pulling 399a8a5a36db: 100% ▕██████████████████▏ 7.8 KB                         [K
pulling 24ca191a372b: 100% ▕██████████████████▏ 6.0 KB                         [K
pulling 161e5d878840: 100% ▕██████████████████▏ 3.7 KB                         [K
pulling fc1ffc71ab8e: 100% ▕██████████████████▏ 1.6 KB                         [K
pulling bee89e20d457: 100% ▕██████████████████▏   31 B                         [K
pulling f7ce8f326f5d: 100% ▕██████████████████▏ 1.1 KB                         [K[?25h[?2026l[?2026h[?25l[A[A[A[A[A[A[A[1Gpulling manifest [K
pulling 9d507a36062c: 100% ▕██████████████████▏  67 GB                         [K
pulling 399a8a5a36db: 100% ▕██████████████████▏ 7.8 KB                         [K
pulling 24ca191a372b: 100% ▕██████████████████▏ 6.0 KB                         [K
pulling 161e5d878840: 100% ▕██████████████████▏ 3.7 KB                         [K
pulling fc1ffc71ab8e: 100% ▕██████████████████▏ 1.6 KB                         [K
pulling bee89e20d457: 100% ▕██████████████████▏   31 B                         [K
pulling f7ce8f326f5d: 100% ▕██████████████████▏ 1.1 KB                         [K[?25h[?2026l[?2026h[?25l[A[A[A[A[A[A[A[1Gpulling manifest [K
pulling 9d507a36062c: 100% ▕██████████████████▏  67 GB                         [K
pulling 399a8a5a36db: 100% ▕██████████████████▏ 7.8 KB                         [K
pulling 24ca191a372b: 100% ▕██████████████████▏ 6.0 KB                         [K
pulling 161e5d878840: 100% ▕██████████████████▏ 3.7 KB                         [K
pulling fc1ffc71ab8e: 100% ▕██████████████████▏ 1.6 KB                         [K
pulling bee89e20d457: 100% ▕██████████████████▏   31 B                         [K
pulling f7ce8f326f5d: 100% ▕██████████████████▏ 1.1 KB                         [K[?25h[?2026l[?2026h[?25l[A[A[A[A[A[A[A[1Gpulling manifest [K
pulling 9d507a36062c: 100% ▕██████████████████▏  67 GB                         [K
pulling 399a8a5a36db: 100% ▕██████████████████▏ 7.8 KB                         [K
pulling 24ca191a372b: 100% ▕██████████████████▏ 6.0 KB                         [K
pulling 161e5d878840: 100% ▕██████████████████▏ 3.7 KB                         [K
pulling fc1ffc71ab8e: 100% ▕██████████████████▏ 1.6 KB                         [K
pulling bee89e20d457: 100% ▕██████████████████▏   31 B                         [K
pulling f7ce8f326f5d: 100% ▕██████████████████▏ 1.1 KB                         [K[?25h[?2026l[?2026h[?25l[A[A[A[A[A[A[A[1Gpulling manifest [K
pulling 9d507a36062c: 100% ▕██████████████████▏  67 GB                         [K
pulling 399a8a5a36db: 100% ▕██████████████████▏ 7.8 KB                         [K
pulling 24ca191a372b: 100% ▕██████████████████▏ 6.0 KB                         [K
pulling 161e5d878840: 100% ▕██████████████████▏ 3.7 KB                         [K
pulling fc1ffc71ab8e: 100% ▕██████████████████▏ 1.6 KB                         [K
pulling bee89e20d457: 100% ▕██████████████████▏   31 B                         [K
pulling f7ce8f326f5d: 100% ▕██████████████████▏ 1.1 KB                         [K[?25h[?2026l[?2026h[?25l[A[A[A[A[A[A[A[1Gpulling manifest [K
pulling 9d507a36062c: 100% ▕██████████████████▏  67 GB                         [K
pulling 399a8a5a36db: 100% ▕██████████████████▏ 7.8 KB                         [K
pulling 24ca191a372b: 100% ▕██████████████████▏ 6.0 KB                         [K
pulling 161e5d878840: 100% ▕██████████████████▏ 3.7 KB                         [K
pulling fc1ffc71ab8e: 100% ▕██████████████████▏ 1.6 KB                         [K
pulling bee89e20d457: 100% ▕██████████████████▏   31 B                         [K
pulling f7ce8f326f5d: 100% ▕██████████████████▏ 1.1 KB                         [K[?25h[?2026l[?2026h[?25l[A[A[A[A[A[A[A[1Gpulling manifest [K
pulling 9d507a36062c: 100% ▕██████████████████▏  67 GB                         [K
pulling 399a8a5a36db: 100% ▕██████████████████▏ 7.8 KB                         [K
pulling 24ca191a372b: 100% ▕██████████████████▏ 6.0 KB                         [K
pulling 161e5d878840: 100% ▕██████████████████▏ 3.7 KB                         [K
pulling fc1ffc71ab8e: 100% ▕██████████████████▏ 1.6 KB                         [K
pulling bee89e20d457: 100% ▕██████████████████▏   31 B                         [K
pulling f7ce8f326f5d: 100% ▕██████████████████▏ 1.1 KB                         [K[?25h[?2026l[?2026h[?25l[A[A[A[A[A[A[A[1Gpulling manifest [K
pulling 9d507a36062c: 100% ▕██████████████████▏  67 GB                         [K
pulling 399a8a5a36db: 100% ▕██████████████████▏ 7.8 KB                         [K
pulling 24ca191a372b: 100% ▕██████████████████▏ 6.0 KB                         [K
pulling 161e5d878840: 100% ▕██████████████████▏ 3.7 KB                         [K
pulling fc1ffc71ab8e: 100% ▕██████████████████▏ 1.6 KB                         [K
pulling bee89e20d457: 100% ▕██████████████████▏   31 B                         [K
pulling f7ce8f326f5d: 100% ▕██████████████████▏ 1.1 KB                         [K
verifying sha256 digest ⠋ [K[?25h[?2026l[?2026h[?25l[A[A[A[A[A[A[A[A[1Gpulling manifest [K
pulling 9d507a36062c: 100% ▕██████████████████▏  67 GB                         [K
pulling 399a8a5a36db: 100% ▕██████████████████▏ 7.8 KB                         [K
pulling 24ca191a372b: 100% ▕██████████████████▏ 6.0 KB                         [K
pulling 161e5d878840: 100% ▕██████████████████▏ 3.7 KB                         [K
pulling fc1ffc71ab8e: 100% ▕██████████████████▏ 1.6 KB                         [K
pulling bee89e20d457: 100% ▕██████████████████▏   31 B                         [K
pulling f7ce8f326f5d: 100% ▕██████████████████▏ 1.1 KB                         [K
verifying sha256 digest ⠙ [K[?25h[?2026l[?2026h[?25l[A[A[A[A[A[A[A[A[1Gpulling manifest [K
pulling 9d507a36062c: 100% ▕██████████████████▏  67 GB                         [K
pulling 399a8a5a36db: 100% ▕██████████████████▏ 7.8 KB                         [K
pulling 24ca191a372b: 100% ▕██████████████████▏ 6.0 KB                         [K
pulling 161e5d878840: 100% ▕██████████████████▏ 3.7 KB                         [K
pulling fc1ffc71ab8e: 100% ▕██████████████████▏ 1.6 KB                         [K
pulling bee89e20d457: 100% ▕██████████████████▏   31 B                         [K
pulling f7ce8f326f5d: 100% ▕██████████████████▏ 1.1 KB                         [K
verifying sha256 digest ⠹ [K[?25h[?2026l[?2026h[?25l[A[A[A[A[A[A[A[A[1Gpulling manifest [K
pulling 9d507a36062c: 100% ▕██████████████████▏  67 GB                         [K
pulling 399a8a5a36db: 100% ▕██████████████████▏ 7.8 KB                         [K
pulling 24ca191a372b: 100% ▕██████████████████▏ 6.0 KB                         [K
pulling 161e5d878840: 100% ▕██████████████████▏ 3.7 KB                         [K
pulling fc1ffc71ab8e: 100% ▕██████████████████▏ 1.6 KB                         [K
pulling bee89e20d457: 100% ▕██████████████████▏   31 B                         [K
pulling f7ce8f326f5d: 100% ▕██████████████████▏ 1.1 KB                         [K
verifying sha256 digest ⠸ [K[?25h[?2026l[?2026h[?25l[A[A[A[A[A[A[A[A[1Gpulling manifest [K
pulling 9d507a36062c: 100% ▕██████████████████▏  67 GB                         [K
pulling 399a8a5a36db: 100% ▕██████████████████▏ 7.8 KB                         [K
pulling 24ca191a372b: 100% ▕██████████████████▏ 6.0 KB                         [K
pulling 161e5d878840: 100% ▕██████████████████▏ 3.7 KB                         [K
pulling fc1ffc71ab8e: 100% ▕██████████████████▏ 1.6 KB                         [K
pulling bee89e20d457: 100% ▕██████████████████▏   31 B                         [K
pulling f7ce8f326f5d: 100% ▕██████████████████▏ 1.1 KB                         [K
verifying sha256 digest ⠼ [K[?25h[?2026l[?2026h[?25l[A[A[A[A[A[A[A[A[1Gpulling manifest [K
pulling 9d507a36062c: 100% ▕██████████████████▏  67 GB                         [K
pulling 399a8a5a36db: 100% ▕██████████████████▏ 7.8 KB                         [K
pulling 24ca191a372b: 100% ▕██████████████████▏ 6.0 KB                         [K
pulling 161e5d878840: 100% ▕██████████████████▏ 3.7 KB                         [K
pulling fc1ffc71ab8e: 100% ▕██████████████████▏ 1.6 KB                         [K
pulling bee89e20d457: 100% ▕██████████████████▏   31 B                         [K
pulling f7ce8f326f5d: 100% ▕██████████████████▏ 1.1 KB                         [K
verifying sha256 digest ⠴ [K[?25h[?2026l[?2026h[?25l[A[A[A[A[A[A[A[A[1Gpulling manifest [K
pulling 9d507a36062c: 100% ▕██████████████████▏  67 GB                         [K
pulling 399a8a5a36db: 100% ▕██████████████████▏ 7.8 KB                         [K
pulling 24ca191a372b: 100% ▕██████████████████▏ 6.0 KB                         [K
pulling 161e5d878840: 100% ▕██████████████████▏ 3.7 KB                         [K
pulling fc1ffc71ab8e: 100% ▕██████████████████▏ 1.6 KB                         [K
pulling bee89e20d457: 100% ▕██████████████████▏   31 B                         [K
pulling f7ce8f326f5d: 100% ▕██████████████████▏ 1.1 KB                         [K
verifying sha256 digest ⠦ [K[?25h[?2026l[?2026h[?25l[A[A[A[A[A[A[A[A[1Gpulling manifest [K
pulling 9d507a36062c: 100% ▕██████████████████▏  67 GB                         [K
pulling 399a8a5a36db: 100% ▕██████████████████▏ 7.8 KB                         [K
pulling 24ca191a372b: 100% ▕██████████████████▏ 6.0 KB                         [K
pulling 161e5d878840: 100% ▕██████████████████▏ 3.7 KB                         [K
pulling fc1ffc71ab8e: 100% ▕██████████████████▏ 1.6 KB                         [K
pulling bee89e20d457: 100% ▕██████████████████▏   31 B                         [K
pulling f7ce8f326f5d: 100% ▕██████████████████▏ 1.1 KB                         [K
verifying sha256 digest ⠧ [K[?25h[?2026l[?2026h[?25l[A[A[A[A[A[A[A[A[1Gpulling manifest [K
pulling 9d507a36062c: 100% ▕██████████████████▏  67 GB                         [K
pulling 399a8a5a36db: 100% ▕██████████████████▏ 7.8 KB                         [K
pulling 24ca191a372b: 100% ▕██████████████████▏ 6.0 KB                         [K
pulling 161e5d878840: 100% ▕██████████████████▏ 3.7 KB                         [K
pulling fc1ffc71ab8e: 100% ▕██████████████████▏ 1.6 KB                         [K
pulling bee89e20d457: 100% ▕██████████████████▏   31 B                         [K
pulling f7ce8f326f5d: 100% ▕██████████████████▏ 1.1 KB                         [K
verifying sha256 digest ⠇ [K[?25h[?2026l[?2026h[?25l[A[A[A[A[A[A[A[A[1Gpulling manifest [K
pulling 9d507a36062c: 100% ▕██████████████████▏  67 GB                         [K
pulling 399a8a5a36db: 100% ▕██████████████████▏ 7.8 KB                         [K
pulling 24ca191a372b: 100% ▕██████████████████▏ 6.0 KB                         [K
pulling 161e5d878840: 100% ▕██████████████████▏ 3.7 KB                         [K
pulling fc1ffc71ab8e: 100% ▕██████████████████▏ 1.6 KB                         [K
pulling bee89e20d457: 100% ▕██████████████████▏   31 B                         [K
pulling f7ce8f326f5d: 100% ▕██████████████████▏ 1.1 KB                         [K
verifying sha256 digest ⠏ [K[?25h[?2026l[?2026h[?25l[A[A[A[A[A[A[A[A[1Gpulling manifest [K
pulling 9d507a36062c: 100% ▕██████████████████▏  67 GB                         [K
pulling 399a8a5a36db: 100% ▕██████████████████▏ 7.8 KB                         [K
pulling 24ca191a372b: 100% ▕██████████████████▏ 6.0 KB                         [K
pulling 161e5d878840: 100% ▕██████████████████▏ 3.7 KB                         [K
pulling fc1ffc71ab8e: 100% ▕██████████████████▏ 1.6 KB                         [K
pulling bee89e20d457: 100% ▕██████████████████▏   31 B                         [K
pulling f7ce8f326f5d: 100% ▕██████████████████▏ 1.1 KB                         [K
verifying sha256 digest ⠋ [K[?25h[?2026l[?2026h[?25l[A[A[A[A[A[A[A[A[1Gpulling manifest [K
pulling 9d507a36062c: 100% ▕██████████████████▏  67 GB                         [K
pulling 399a8a5a36db: 100% ▕██████████████████▏ 7.8 KB                         [K
pulling 24ca191a372b: 100% ▕██████████████████▏ 6.0 KB                         [K
pulling 161e5d878840: 100% ▕██████████████████▏ 3.7 KB                         [K
pulling fc1ffc71ab8e: 100% ▕██████████████████▏ 1.6 KB                         [K
pulling bee89e20d457: 100% ▕██████████████████▏   31 B                         [K
pulling f7ce8f326f5d: 100% ▕██████████████████▏ 1.1 KB                         [K
verifying sha256 digest ⠙ [K[?25h[?2026l[?2026h[?25l[A[A[A[A[A[A[A[A[1Gpulling manifest [K
pulling 9d507a36062c: 100% ▕██████████████████▏  67 GB                         [K
pulling 399a8a5a36db: 100% ▕██████████████████▏ 7.8 KB                         [K
pulling 24ca191a372b: 100% ▕██████████████████▏ 6.0 KB                         [K
pulling 161e5d878840: 100% ▕██████████████████▏ 3.7 KB                         [K
pulling fc1ffc71ab8e: 100% ▕██████████████████▏ 1.6 KB                         [K
pulling bee89e20d457: 100% ▕██████████████████▏   31 B                         [K
pulling f7ce8f326f5d: 100% ▕██████████████████▏ 1.1 KB                         [K
verifying sha256 digest ⠹ [K[?25h[?2026l[?2026h[?25l[A[A[A[A[A[A[A[A[1Gpulling manifest [K
pulling 9d507a36062c: 100% ▕██████████████████▏  67 GB                         [K
pulling 399a8a5a36db: 100% ▕██████████████████▏ 7.8 KB                         [K
pulling 24ca191a372b: 100% ▕██████████████████▏ 6.0 KB                         [K
pulling 161e5d878840: 100% ▕██████████████████▏ 3.7 KB                         [K
pulling fc1ffc71ab8e: 100% ▕██████████████████▏ 1.6 KB                         [K
pulling bee89e20d457: 100% ▕██████████████████▏   31 B                         [K
pulling f7ce8f326f5d: 100% ▕██████████████████▏ 1.1 KB                         [K
verifying sha256 digest ⠸ [K[?25h[?2026l[?2026h[?25l[A[A[A[A[A[A[A[A[1Gpulling manifest [K
pulling 9d507a36062c: 100% ▕██████████████████▏  67 GB                         [K
pulling 399a8a5a36db: 100% ▕██████████████████▏ 7.8 KB                         [K
pulling 24ca191a372b: 100% ▕██████████████████▏ 6.0 KB                         [K
pulling 161e5d878840: 100% ▕██████████████████▏ 3.7 KB                         [K
pulling fc1ffc71ab8e: 100% ▕██████████████████▏ 1.6 KB                         [K
pulling bee89e20d457: 100% ▕██████████████████▏   31 B                         [K
pulling f7ce8f326f5d: 100% ▕██████████████████▏ 1.1 KB                         [K
verifying sha256 digest ⠼ [K[?25h[?2026l[?2026h[?25l[A[A[A[A[A[A[A[A[1Gpulling manifest [K
pulling 9d507a36062c: 100% ▕██████████████████▏  67 GB                         [K
pulling 399a8a5a36db: 100% ▕██████████████████▏ 7.8 KB                         [K
pulling 24ca191a372b: 100% ▕██████████████████▏ 6.0 KB                         [K
pulling 161e5d878840: 100% ▕██████████████████▏ 3.7 KB                         [K
pulling fc1ffc71ab8e: 100% ▕██████████████████▏ 1.6 KB                         [K
pulling bee89e20d457: 100% ▕██████████████████▏   31 B                         [K
pulling f7ce8f326f5d: 100% ▕██████████████████▏ 1.1 KB                         [K
verifying sha256 digest ⠴ [K[?25h[?2026l[?2026h[?25l[A[A[A[A[A[A[A[A[1Gpulling manifest [K
pulling 9d507a36062c: 100% ▕██████████████████▏  67 GB                         [K
pulling 399a8a5a36db: 100% ▕██████████████████▏ 7.8 KB                         [K
pulling 24ca191a372b: 100% ▕██████████████████▏ 6.0 KB                         [K
pulling 161e5d878840: 100% ▕██████████████████▏ 3.7 KB                         [K
pulling fc1ffc71ab8e: 100% ▕██████████████████▏ 1.6 KB                         [K
pulling bee89e20d457: 100% ▕██████████████████▏   31 B                         [K
pulling f7ce8f326f5d: 100% ▕██████████████████▏ 1.1 KB                         [K
verifying sha256 digest ⠦ [K[?25h[?2026l[?2026h[?25l[A[A[A[A[A[A[A[A[1Gpulling manifest [K
pulling 9d507a36062c: 100% ▕██████████████████▏  67 GB                         [K
pulling 399a8a5a36db: 100% ▕██████████████████▏ 7.8 KB                         [K
pulling 24ca191a372b: 100% ▕██████████████████▏ 6.0 KB                         [K
pulling 161e5d878840: 100% ▕██████████████████▏ 3.7 KB                         [K
pulling fc1ffc71ab8e: 100% ▕██████████████████▏ 1.6 KB                         [K
pulling bee89e20d457: 100% ▕██████████████████▏   31 B                         [K
pulling f7ce8f326f5d: 100% ▕██████████████████▏ 1.1 KB                         [K
verifying sha256 digest ⠧ [K[?25h[?2026l[?2026h[?25l[A[A[A[A[A[A[A[A[1Gpulling manifest [K
pulling 9d507a36062c: 100% ▕██████████████████▏  67 GB                         [K
pulling 399a8a5a36db: 100% ▕██████████████████▏ 7.8 KB                         [K
pulling 24ca191a372b: 100% ▕██████████████████▏ 6.0 KB                         [K
pulling 161e5d878840: 100% ▕██████████████████▏ 3.7 KB                         [K
pulling fc1ffc71ab8e: 100% ▕██████████████████▏ 1.6 KB                         [K
pulling bee89e20d457: 100% ▕██████████████████▏   31 B                         [K
pulling f7ce8f326f5d: 100% ▕██████████████████▏ 1.1 KB                         [K
verifying sha256 digest ⠇ [K[?25h[?2026l[?2026h[?25l[A[A[A[A[A[A[A[A[1Gpulling manifest [K
pulling 9d507a36062c: 100% ▕██████████████████▏  67 GB                         [K
pulling 399a8a5a36db: 100% ▕██████████████████▏ 7.8 KB                         [K
pulling 24ca191a372b: 100% ▕██████████████████▏ 6.0 KB                         [K
pulling 161e5d878840: 100% ▕██████████████████▏ 3.7 KB                         [K
pulling fc1ffc71ab8e: 100% ▕██████████████████▏ 1.6 KB                         [K
pulling bee89e20d457: 100% ▕██████████████████▏   31 B                         [K
pulling f7ce8f326f5d: 100% ▕██████████████████▏ 1.1 KB                         [K
verifying sha256 digest ⠏ [K[?25h[?2026l[?2026h[?25l[A[A[A[A[A[A[A[A[1Gpulling manifest [K
pulling 9d507a36062c: 100% ▕██████████████████▏  67 GB                         [K
pulling 399a8a5a36db: 100% ▕██████████████████▏ 7.8 KB                         [K
pulling 24ca191a372b: 100% ▕██████████████████▏ 6.0 KB                         [K
pulling 161e5d878840: 100% ▕██████████████████▏ 3.7 KB                         [K
pulling fc1ffc71ab8e: 100% ▕██████████████████▏ 1.6 KB                         [K
pulling bee89e20d457: 100% ▕██████████████████▏   31 B                         [K
pulling f7ce8f326f5d: 100% ▕██████████████████▏ 1.1 KB                         [K
verifying sha256 digest ⠋ [K[?25h[?2026l[?2026h[?25l[A[A[A[A[A[A[A[A[1Gpulling manifest [K
pulling 9d507a36062c: 100% ▕██████████████████▏  67 GB                         [K
pulling 399a8a5a36db: 100% ▕██████████████████▏ 7.8 KB                         [K
pulling 24ca191a372b: 100% ▕██████████████████▏ 6.0 KB                         [K
pulling 161e5d878840: 100% ▕██████████████████▏ 3.7 KB                         [K
pulling fc1ffc71ab8e: 100% ▕██████████████████▏ 1.6 KB                         [K
pulling bee89e20d457: 100% ▕██████████████████▏   31 B                         [K
pulling f7ce8f326f5d: 100% ▕██████████████████▏ 1.1 KB                         [K
verifying sha256 digest ⠙ [K[?25h[?2026l[?2026h[?25l[A[A[A[A[A[A[A[A[1Gpulling manifest [K
pulling 9d507a36062c: 100% ▕██████████████████▏  67 GB                         [K
pulling 399a8a5a36db: 100% ▕██████████████████▏ 7.8 KB                         [K
pulling 24ca191a372b: 100% ▕██████████████████▏ 6.0 KB                         [K
pulling 161e5d878840: 100% ▕██████████████████▏ 3.7 KB                         [K
pulling fc1ffc71ab8e: 100% ▕██████████████████▏ 1.6 KB                         [K
pulling bee89e20d457: 100% ▕██████████████████▏   31 B                         [K
pulling f7ce8f326f5d: 100% ▕██████████████████▏ 1.1 KB                         [K
verifying sha256 digest ⠹ [K[?25h[?2026l[?2026h[?25l[A[A[A[A[A[A[A[A[1Gpulling manifest [K
pulling 9d507a36062c: 100% ▕██████████████████▏  67 GB                         [K
pulling 399a8a5a36db: 100% ▕██████████████████▏ 7.8 KB                         [K
pulling 24ca191a372b: 100% ▕██████████████████▏ 6.0 KB                         [K
pulling 161e5d878840: 100% ▕██████████████████▏ 3.7 KB                         [K
pulling fc1ffc71ab8e: 100% ▕██████████████████▏ 1.6 KB                         [K
pulling bee89e20d457: 100% ▕██████████████████▏   31 B                         [K
pulling f7ce8f326f5d: 100% ▕██████████████████▏ 1.1 KB                         [K
verifying sha256 digest ⠸ [K[?25h[?2026l[?2026h[?25l[A[A[A[A[A[A[A[A[1Gpulling manifest [K
pulling 9d507a36062c: 100% ▕██████████████████▏  67 GB                         [K
pulling 399a8a5a36db: 100% ▕██████████████████▏ 7.8 KB                         [K
pulling 24ca191a372b: 100% ▕██████████████████▏ 6.0 KB                         [K
pulling 161e5d878840: 100% ▕██████████████████▏ 3.7 KB                         [K
pulling fc1ffc71ab8e: 100% ▕██████████████████▏ 1.6 KB                         [K
pulling bee89e20d457: 100% ▕██████████████████▏   31 B                         [K
pulling f7ce8f326f5d: 100% ▕██████████████████▏ 1.1 KB                         [K
verifying sha256 digest ⠼ [K[?25h[?2026l[?2026h[?25l[A[A[A[A[A[A[A[A[1Gpulling manifest [K
pulling 9d507a36062c: 100% ▕██████████████████▏  67 GB                         [K
pulling 399a8a5a36db: 100% ▕██████████████████▏ 7.8 KB                         [K
pulling 24ca191a372b: 100% ▕██████████████████▏ 6.0 KB                         [K
pulling 161e5d878840: 100% ▕██████████████████▏ 3.7 KB                         [K
pulling fc1ffc71ab8e: 100% ▕██████████████████▏ 1.6 KB                         [K
pulling bee89e20d457: 100% ▕██████████████████▏   31 B                         [K
pulling f7ce8f326f5d: 100% ▕██████████████████▏ 1.1 KB                         [K
verifying sha256 digest ⠴ [K[?25h[?2026l[?2026h[?25l[A[A[A[A[A[A[A[A[1Gpulling manifest [K
pulling 9d507a36062c: 100% ▕██████████████████▏  67 GB                         [K
pulling 399a8a5a36db: 100% ▕██████████████████▏ 7.8 KB                         [K
pulling 24ca191a372b: 100% ▕██████████████████▏ 6.0 KB                         [K
pulling 161e5d878840: 100% ▕██████████████████▏ 3.7 KB                         [K
pulling fc1ffc71ab8e: 100% ▕██████████████████▏ 1.6 KB                         [K
pulling bee89e20d457: 100% ▕██████████████████▏   31 B                         [K
pulling f7ce8f326f5d: 100% ▕██████████████████▏ 1.1 KB                         [K
verifying sha256 digest ⠦ [K[?25h[?2026l[?2026h[?25l[A[A[A[A[A[A[A[A[1Gpulling manifest [K
pulling 9d507a36062c: 100% ▕██████████████████▏  67 GB                         [K
pulling 399a8a5a36db: 100% ▕██████████████████▏ 7.8 KB                         [K
pulling 24ca191a372b: 100% ▕██████████████████▏ 6.0 KB                         [K
pulling 161e5d878840: 100% ▕██████████████████▏ 3.7 KB                         [K
pulling fc1ffc71ab8e: 100% ▕██████████████████▏ 1.6 KB                         [K
pulling bee89e20d457: 100% ▕██████████████████▏   31 B                         [K
pulling f7ce8f326f5d: 100% ▕██████████████████▏ 1.1 KB                         [K
verifying sha256 digest ⠧ [K[?25h[?2026l[?2026h[?25l[A[A[A[A[A[A[A[A[1Gpulling manifest [K
pulling 9d507a36062c: 100% ▕██████████████████▏  67 GB                         [K
pulling 399a8a5a36db: 100% ▕██████████████████▏ 7.8 KB                         [K
pulling 24ca191a372b: 100% ▕██████████████████▏ 6.0 KB                         [K
pulling 161e5d878840: 100% ▕██████████████████▏ 3.7 KB                         [K
pulling fc1ffc71ab8e: 100% ▕██████████████████▏ 1.6 KB                         [K
pulling bee89e20d457: 100% ▕██████████████████▏   31 B                         [K
pulling f7ce8f326f5d: 100% ▕██████████████████▏ 1.1 KB                         [K
verifying sha256 digest ⠇ [K[?25h[?2026l[?2026h[?25l[A[A[A[A[A[A[A[A[1Gpulling manifest [K
pulling 9d507a36062c: 100% ▕██████████████████▏  67 GB                         [K
pulling 399a8a5a36db: 100% ▕██████████████████▏ 7.8 KB                         [K
pulling 24ca191a372b: 100% ▕██████████████████▏ 6.0 KB                         [K
pulling 161e5d878840: 100% ▕██████████████████▏ 3.7 KB                         [K
pulling fc1ffc71ab8e: 100% ▕██████████████████▏ 1.6 KB                         [K
pulling bee89e20d457: 100% ▕██████████████████▏   31 B                         [K
pulling f7ce8f326f5d: 100% ▕██████████████████▏ 1.1 KB                         [K
verifying sha256 digest ⠏ [K[?25h[?2026l[?2026h[?25l[A[A[A[A[A[A[A[A[1Gpulling manifest [K
pulling 9d507a36062c: 100% ▕██████████████████▏  67 GB                         [K
pulling 399a8a5a36db: 100% ▕██████████████████▏ 7.8 KB                         [K
pulling 24ca191a372b: 100% ▕██████████████████▏ 6.0 KB                         [K
pulling 161e5d878840: 100% ▕██████████████████▏ 3.7 KB                         [K
pulling fc1ffc71ab8e: 100% ▕██████████████████▏ 1.6 KB                         [K
pulling bee89e20d457: 100% ▕██████████████████▏   31 B                         [K
pulling f7ce8f326f5d: 100% ▕██████████████████▏ 1.1 KB                         [K
verifying sha256 digest ⠋ [K[?25h[?2026l[?2026h[?25l[A[A[A[A[A[A[A[A[1Gpulling manifest [K
pulling 9d507a36062c: 100% ▕██████████████████▏  67 GB                         [K
pulling 399a8a5a36db: 100% ▕██████████████████▏ 7.8 KB                         [K
pulling 24ca191a372b: 100% ▕██████████████████▏ 6.0 KB                         [K
pulling 161e5d878840: 100% ▕██████████████████▏ 3.7 KB                         [K
pulling fc1ffc71ab8e: 100% ▕██████████████████▏ 1.6 KB                         [K
pulling bee89e20d457: 100% ▕██████████████████▏   31 B                         [K
pulling f7ce8f326f5d: 100% ▕██████████████████▏ 1.1 KB                         [K
verifying sha256 digest ⠙ [K[?25h[?2026l[?2026h[?25l[A[A[A[A[A[A[A[A[1Gpulling manifest [K
pulling 9d507a36062c: 100% ▕██████████████████▏  67 GB                         [K
pulling 399a8a5a36db: 100% ▕██████████████████▏ 7.8 KB                         [K
pulling 24ca191a372b: 100% ▕██████████████████▏ 6.0 KB                         [K
pulling 161e5d878840: 100% ▕██████████████████▏ 3.7 KB                         [K
pulling fc1ffc71ab8e: 100% ▕██████████████████▏ 1.6 KB                         [K
pulling bee89e20d457: 100% ▕██████████████████▏   31 B                         [K
pulling f7ce8f326f5d: 100% ▕██████████████████▏ 1.1 KB                         [K
verifying sha256 digest ⠹ [K[?25h[?2026l[?2026h[?25l[A[A[A[A[A[A[A[A[1Gpulling manifest [K
pulling 9d507a36062c: 100% ▕██████████████████▏  67 GB                         [K
pulling 399a8a5a36db: 100% ▕██████████████████▏ 7.8 KB                         [K
pulling 24ca191a372b: 100% ▕██████████████████▏ 6.0 KB                         [K
pulling 161e5d878840: 100% ▕██████████████████▏ 3.7 KB                         [K
pulling fc1ffc71ab8e: 100% ▕██████████████████▏ 1.6 KB                         [K
pulling bee89e20d457: 100% ▕██████████████████▏   31 B                         [K
pulling f7ce8f326f5d: 100% ▕██████████████████▏ 1.1 KB                         [K
verifying sha256 digest ⠸ [K[?25h[?2026l[?2026h[?25l[A[A[A[A[A[A[A[A[1Gpulling manifest [K
pulling 9d507a36062c: 100% ▕██████████████████▏  67 GB                         [K
pulling 399a8a5a36db: 100% ▕██████████████████▏ 7.8 KB                         [K
pulling 24ca191a372b: 100% ▕██████████████████▏ 6.0 KB                         [K
pulling 161e5d878840: 100% ▕██████████████████▏ 3.7 KB                         [K
pulling fc1ffc71ab8e: 100% ▕██████████████████▏ 1.6 KB                         [K
pulling bee89e20d457: 100% ▕██████████████████▏   31 B                         [K
pulling f7ce8f326f5d: 100% ▕██████████████████▏ 1.1 KB                         [K
verifying sha256 digest ⠼ [K[?25h[?2026l[?2026h[?25l[A[A[A[A[A[A[A[A[1Gpulling manifest [K
pulling 9d507a36062c: 100% ▕██████████████████▏  67 GB                         [K
pulling 399a8a5a36db: 100% ▕██████████████████▏ 7.8 KB                         [K
pulling 24ca191a372b: 100% ▕██████████████████▏ 6.0 KB                         [K
pulling 161e5d878840: 100% ▕██████████████████▏ 3.7 KB                         [K
pulling fc1ffc71ab8e: 100% ▕██████████████████▏ 1.6 KB                         [K
pulling bee89e20d457: 100% ▕██████████████████▏   31 B                         [K
pulling f7ce8f326f5d: 100% ▕██████████████████▏ 1.1 KB                         [K
verifying sha256 digest ⠴ [K[?25h[?2026l[?2026h[?25l[A[A[A[A[A[A[A[A[1Gpulling manifest [K
pulling 9d507a36062c: 100% ▕██████████████████▏  67 GB                         [K
pulling 399a8a5a36db: 100% ▕██████████████████▏ 7.8 KB                         [K
pulling 24ca191a372b: 100% ▕██████████████████▏ 6.0 KB                         [K
pulling 161e5d878840: 100% ▕██████████████████▏ 3.7 KB                         [K
pulling fc1ffc71ab8e: 100% ▕██████████████████▏ 1.6 KB                         [K
pulling bee89e20d457: 100% ▕██████████████████▏   31 B                         [K
pulling f7ce8f326f5d: 100% ▕██████████████████▏ 1.1 KB                         [K
verifying sha256 digest ⠦ [K[?25h[?2026l[?2026h[?25l[A[A[A[A[A[A[A[A[1Gpulling manifest [K
pulling 9d507a36062c: 100% ▕██████████████████▏  67 GB                         [K
pulling 399a8a5a36db: 100% ▕██████████████████▏ 7.8 KB                         [K
pulling 24ca191a372b: 100% ▕██████████████████▏ 6.0 KB                         [K
pulling 161e5d878840: 100% ▕██████████████████▏ 3.7 KB                         [K
pulling fc1ffc71ab8e: 100% ▕██████████████████▏ 1.6 KB                         [K
pulling bee89e20d457: 100% ▕██████████████████▏   31 B                         [K
pulling f7ce8f326f5d: 100% ▕██████████████████▏ 1.1 KB                         [K
verifying sha256 digest ⠧ [K[?25h[?2026l[?2026h[?25l[A[A[A[A[A[A[A[A[1Gpulling manifest [K
pulling 9d507a36062c: 100% ▕██████████████████▏  67 GB                         [K
pulling 399a8a5a36db: 100% ▕██████████████████▏ 7.8 KB                         [K
pulling 24ca191a372b: 100% ▕██████████████████▏ 6.0 KB                         [K
pulling 161e5d878840: 100% ▕██████████████████▏ 3.7 KB                         [K
pulling fc1ffc71ab8e: 100% ▕██████████████████▏ 1.6 KB                         [K
pulling bee89e20d457: 100% ▕██████████████████▏   31 B                         [K
pulling f7ce8f326f5d: 100% ▕██████████████████▏ 1.1 KB                         [K
verifying sha256 digest ⠇ [K[?25h[?2026l[?2026h[?25l[A[A[A[A[A[A[A[A[1Gpulling manifest [K
pulling 9d507a36062c: 100% ▕██████████████████▏  67 GB                         [K
pulling 399a8a5a36db: 100% ▕██████████████████▏ 7.8 KB                         [K
pulling 24ca191a372b: 100% ▕██████████████████▏ 6.0 KB                         [K
pulling 161e5d878840: 100% ▕██████████████████▏ 3.7 KB                         [K
pulling fc1ffc71ab8e: 100% ▕██████████████████▏ 1.6 KB                         [K
pulling bee89e20d457: 100% ▕██████████████████▏   31 B                         [K
pulling f7ce8f326f5d: 100% ▕██████████████████▏ 1.1 KB                         [K
verifying sha256 digest ⠏ [K[?25h[?2026l[?2026h[?25l[A[A[A[A[A[A[A[A[1Gpulling manifest [K
pulling 9d507a36062c: 100% ▕██████████████████▏  67 GB                         [K
pulling 399a8a5a36db: 100% ▕██████████████████▏ 7.8 KB                         [K
pulling 24ca191a372b: 100% ▕██████████████████▏ 6.0 KB                         [K
pulling 161e5d878840: 100% ▕██████████████████▏ 3.7 KB                         [K
pulling fc1ffc71ab8e: 100% ▕██████████████████▏ 1.6 KB                         [K
pulling bee89e20d457: 100% ▕██████████████████▏   31 B                         [K
pulling f7ce8f326f5d: 100% ▕██████████████████▏ 1.1 KB                         [K
verifying sha256 digest ⠋ [K[?25h[?2026l[?2026h[?25l[A[A[A[A[A[A[A[A[1Gpulling manifest [K
pulling 9d507a36062c: 100% ▕██████████████████▏  67 GB                         [K
pulling 399a8a5a36db: 100% ▕██████████████████▏ 7.8 KB                         [K
pulling 24ca191a372b: 100% ▕██████████████████▏ 6.0 KB                         [K
pulling 161e5d878840: 100% ▕██████████████████▏ 3.7 KB                         [K
pulling fc1ffc71ab8e: 100% ▕██████████████████▏ 1.6 KB                         [K
pulling bee89e20d457: 100% ▕██████████████████▏   31 B                         [K
pulling f7ce8f326f5d: 100% ▕██████████████████▏ 1.1 KB                         [K
verifying sha256 digest ⠙ [K[?25h[?2026l[?2026h[?25l[A[A[A[A[A[A[A[A[1Gpulling manifest [K
pulling 9d507a36062c: 100% ▕██████████████████▏  67 GB                         [K
pulling 399a8a5a36db: 100% ▕██████████████████▏ 7.8 KB                         [K
pulling 24ca191a372b: 100% ▕██████████████████▏ 6.0 KB                         [K
pulling 161e5d878840: 100% ▕██████████████████▏ 3.7 KB                         [K
pulling fc1ffc71ab8e: 100% ▕██████████████████▏ 1.6 KB                         [K
pulling bee89e20d457: 100% ▕██████████████████▏   31 B                         [K
pulling f7ce8f326f5d: 100% ▕██████████████████▏ 1.1 KB                         [K
verifying sha256 digest ⠹ [K[?25h[?2026l[?2026h[?25l[A[A[A[A[A[A[A[A[1Gpulling manifest [K
pulling 9d507a36062c: 100% ▕██████████████████▏  67 GB                         [K
pulling 399a8a5a36db: 100% ▕██████████████████▏ 7.8 KB                         [K
pulling 24ca191a372b: 100% ▕██████████████████▏ 6.0 KB                         [K
pulling 161e5d878840: 100% ▕██████████████████▏ 3.7 KB                         [K
pulling fc1ffc71ab8e: 100% ▕██████████████████▏ 1.6 KB                         [K
pulling bee89e20d457: 100% ▕██████████████████▏   31 B                         [K
pulling f7ce8f326f5d: 100% ▕██████████████████▏ 1.1 KB                         [K
verifying sha256 digest ⠸ [K[?25h[?2026l[?2026h[?25l[A[A[A[A[A[A[A[A[1Gpulling manifest [K
pulling 9d507a36062c: 100% ▕██████████████████▏  67 GB                         [K
pulling 399a8a5a36db: 100% ▕██████████████████▏ 7.8 KB                         [K
pulling 24ca191a372b: 100% ▕██████████████████▏ 6.0 KB                         [K
pulling 161e5d878840: 100% ▕██████████████████▏ 3.7 KB                         [K
pulling fc1ffc71ab8e: 100% ▕██████████████████▏ 1.6 KB                         [K
pulling bee89e20d457: 100% ▕██████████████████▏   31 B                         [K
pulling f7ce8f326f5d: 100% ▕██████████████████▏ 1.1 KB                         [K
verifying sha256 digest ⠼ [K[?25h[?2026l[?2026h[?25l[A[A[A[A[A[A[A[A[1Gpulling manifest [K
pulling 9d507a36062c: 100% ▕██████████████████▏  67 GB                         [K
pulling 399a8a5a36db: 100% ▕██████████████████▏ 7.8 KB                         [K
pulling 24ca191a372b: 100% ▕██████████████████▏ 6.0 KB                         [K
pulling 161e5d878840: 100% ▕██████████████████▏ 3.7 KB                         [K
pulling fc1ffc71ab8e: 100% ▕██████████████████▏ 1.6 KB                         [K
pulling bee89e20d457: 100% ▕██████████████████▏   31 B                         [K
pulling f7ce8f326f5d: 100% ▕██████████████████▏ 1.1 KB                         [K
verifying sha256 digest ⠴ [K[?25h[?2026l[?2026h[?25l[A[A[A[A[A[A[A[A[1Gpulling manifest [K
pulling 9d507a36062c: 100% ▕██████████████████▏  67 GB                         [K
pulling 399a8a5a36db: 100% ▕██████████████████▏ 7.8 KB                         [K
pulling 24ca191a372b: 100% ▕██████████████████▏ 6.0 KB                         [K
pulling 161e5d878840: 100% ▕██████████████████▏ 3.7 KB                         [K
pulling fc1ffc71ab8e: 100% ▕██████████████████▏ 1.6 KB                         [K
pulling bee89e20d457: 100% ▕██████████████████▏   31 B                         [K
pulling f7ce8f326f5d: 100% ▕██████████████████▏ 1.1 KB                         [K
verifying sha256 digest ⠦ [K[?25h[?2026l[?2026h[?25l[A[A[A[A[A[A[A[A[1Gpulling manifest [K
pulling 9d507a36062c: 100% ▕██████████████████▏  67 GB                         [K
pulling 399a8a5a36db: 100% ▕██████████████████▏ 7.8 KB                         [K
pulling 24ca191a372b: 100% ▕██████████████████▏ 6.0 KB                         [K
pulling 161e5d878840: 100% ▕██████████████████▏ 3.7 KB                         [K
pulling fc1ffc71ab8e: 100% ▕██████████████████▏ 1.6 KB                         [K
pulling bee89e20d457: 100% ▕██████████████████▏   31 B                         [K
pulling f7ce8f326f5d: 100% ▕██████████████████▏ 1.1 KB                         [K
verifying sha256 digest ⠧ [K[?25h[?2026l[?2026h[?25l[A[A[A[A[A[A[A[A[1Gpulling manifest [K
pulling 9d507a36062c: 100% ▕██████████████████▏  67 GB                         [K
pulling 399a8a5a36db: 100% ▕██████████████████▏ 7.8 KB                         [K
pulling 24ca191a372b: 100% ▕██████████████████▏ 6.0 KB                         [K
pulling 161e5d878840: 100% ▕██████████████████▏ 3.7 KB                         [K
pulling fc1ffc71ab8e: 100% ▕██████████████████▏ 1.6 KB                         [K
pulling bee89e20d457: 100% ▕██████████████████▏   31 B                         [K
pulling f7ce8f326f5d: 100% ▕██████████████████▏ 1.1 KB                         [K
verifying sha256 digest ⠇ [K[?25h[?2026l[?2026h[?25l[A[A[A[A[A[A[A[A[1Gpulling manifest [K
pulling 9d507a36062c: 100% ▕██████████████████▏  67 GB                         [K
pulling 399a8a5a36db: 100% ▕██████████████████▏ 7.8 KB                         [K
pulling 24ca191a372b: 100% ▕██████████████████▏ 6.0 KB                         [K
pulling 161e5d878840: 100% ▕██████████████████▏ 3.7 KB                         [K
pulling fc1ffc71ab8e: 100% ▕██████████████████▏ 1.6 KB                         [K
pulling bee89e20d457: 100% ▕██████████████████▏   31 B                         [K
pulling f7ce8f326f5d: 100% ▕██████████████████▏ 1.1 KB                         [K
verifying sha256 digest ⠏ [K[?25h[?2026l[?2026h[?25l[A[A[A[A[A[A[A[A[1Gpulling manifest [K
pulling 9d507a36062c: 100% ▕██████████████████▏  67 GB                         [K
pulling 399a8a5a36db: 100% ▕██████████████████▏ 7.8 KB                         [K
pulling 24ca191a372b: 100% ▕██████████████████▏ 6.0 KB                         [K
pulling 161e5d878840: 100% ▕██████████████████▏ 3.7 KB                         [K
pulling fc1ffc71ab8e: 100% ▕██████████████████▏ 1.6 KB                         [K
pulling bee89e20d457: 100% ▕██████████████████▏   31 B                         [K
pulling f7ce8f326f5d: 100% ▕██████████████████▏ 1.1 KB                         [K
verifying sha256 digest ⠋ [K[?25h[?2026l[?2026h[?25l[A[A[A[A[A[A[A[A[1Gpulling manifest [K
pulling 9d507a36062c: 100% ▕██████████████████▏  67 GB                         [K
pulling 399a8a5a36db: 100% ▕██████████████████▏ 7.8 KB                         [K
pulling 24ca191a372b: 100% ▕██████████████████▏ 6.0 KB                         [K
pulling 161e5d878840: 100% ▕██████████████████▏ 3.7 KB                         [K
pulling fc1ffc71ab8e: 100% ▕██████████████████▏ 1.6 KB                         [K
pulling bee89e20d457: 100% ▕██████████████████▏   31 B                         [K
pulling f7ce8f326f5d: 100% ▕██████████████████▏ 1.1 KB                         [K
verifying sha256 digest ⠙ [K[?25h[?2026l[?2026h[?25l[A[A[A[A[A[A[A[A[1Gpulling manifest [K
pulling 9d507a36062c: 100% ▕██████████████████▏  67 GB                         [K
pulling 399a8a5a36db: 100% ▕██████████████████▏ 7.8 KB                         [K
pulling 24ca191a372b: 100% ▕██████████████████▏ 6.0 KB                         [K
pulling 161e5d878840: 100% ▕██████████████████▏ 3.7 KB                         [K
pulling fc1ffc71ab8e: 100% ▕██████████████████▏ 1.6 KB                         [K
pulling bee89e20d457: 100% ▕██████████████████▏   31 B                         [K
pulling f7ce8f326f5d: 100% ▕██████████████████▏ 1.1 KB                         [K
verifying sha256 digest ⠹ [K[?25h[?2026l[?2026h[?25l[A[A[A[A[A[A[A[A[1Gpulling manifest [K
pulling 9d507a36062c: 100% ▕██████████████████▏  67 GB                         [K
pulling 399a8a5a36db: 100% ▕██████████████████▏ 7.8 KB                         [K
pulling 24ca191a372b: 100% ▕██████████████████▏ 6.0 KB                         [K
pulling 161e5d878840: 100% ▕██████████████████▏ 3.7 KB                         [K
pulling fc1ffc71ab8e: 100% ▕██████████████████▏ 1.6 KB                         [K
pulling bee89e20d457: 100% ▕██████████████████▏   31 B                         [K
pulling f7ce8f326f5d: 100% ▕██████████████████▏ 1.1 KB                         [K
verifying sha256 digest ⠸ [K[?25h[?2026l[?2026h[?25l[A[A[A[A[A[A[A[A[1Gpulling manifest [K
pulling 9d507a36062c: 100% ▕██████████████████▏  67 GB                         [K
pulling 399a8a5a36db: 100% ▕██████████████████▏ 7.8 KB                         [K
pulling 24ca191a372b: 100% ▕██████████████████▏ 6.0 KB                         [K
pulling 161e5d878840: 100% ▕██████████████████▏ 3.7 KB                         [K
pulling fc1ffc71ab8e: 100% ▕██████████████████▏ 1.6 KB                         [K
pulling bee89e20d457: 100% ▕██████████████████▏   31 B                         [K
pulling f7ce8f326f5d: 100% ▕██████████████████▏ 1.1 KB                         [K
verifying sha256 digest ⠼ [K[?25h[?2026l[?2026h[?25l[A[A[A[A[A[A[A[A[1Gpulling manifest [K
pulling 9d507a36062c: 100% ▕██████████████████▏  67 GB                         [K
pulling 399a8a5a36db: 100% ▕██████████████████▏ 7.8 KB                         [K
pulling 24ca191a372b: 100% ▕██████████████████▏ 6.0 KB                         [K
pulling 161e5d878840: 100% ▕██████████████████▏ 3.7 KB                         [K
pulling fc1ffc71ab8e: 100% ▕██████████████████▏ 1.6 KB                         [K
pulling bee89e20d457: 100% ▕██████████████████▏   31 B                         [K
pulling f7ce8f326f5d: 100% ▕██████████████████▏ 1.1 KB                         [K
verifying sha256 digest ⠴ [K[?25h[?2026l[?2026h[?25l[A[A[A[A[A[A[A[A[1Gpulling manifest [K
pulling 9d507a36062c: 100% ▕██████████████████▏  67 GB                         [K
pulling 399a8a5a36db: 100% ▕██████████████████▏ 7.8 KB                         [K
pulling 24ca191a372b: 100% ▕██████████████████▏ 6.0 KB                         [K
pulling 161e5d878840: 100% ▕██████████████████▏ 3.7 KB                         [K
pulling fc1ffc71ab8e: 100% ▕██████████████████▏ 1.6 KB                         [K
pulling bee89e20d457: 100% ▕██████████████████▏   31 B                         [K
pulling f7ce8f326f5d: 100% ▕██████████████████▏ 1.1 KB                         [K
verifying sha256 digest ⠦ [K[?25h[?2026l[?2026h[?25l[A[A[A[A[A[A[A[A[1Gpulling manifest [K
pulling 9d507a36062c: 100% ▕██████████████████▏  67 GB                         [K
pulling 399a8a5a36db: 100% ▕██████████████████▏ 7.8 KB                         [K
pulling 24ca191a372b: 100% ▕██████████████████▏ 6.0 KB                         [K
pulling 161e5d878840: 100% ▕██████████████████▏ 3.7 KB                         [K
pulling fc1ffc71ab8e: 100% ▕██████████████████▏ 1.6 KB                         [K
pulling bee89e20d457: 100% ▕██████████████████▏   31 B                         [K
pulling f7ce8f326f5d: 100% ▕██████████████████▏ 1.1 KB                         [K
verifying sha256 digest ⠧ [K[?25h[?2026l[?2026h[?25l[A[A[A[A[A[A[A[A[1Gpulling manifest [K
pulling 9d507a36062c: 100% ▕██████████████████▏  67 GB                         [K
pulling 399a8a5a36db: 100% ▕██████████████████▏ 7.8 KB                         [K
pulling 24ca191a372b: 100% ▕██████████████████▏ 6.0 KB                         [K
pulling 161e5d878840: 100% ▕██████████████████▏ 3.7 KB                         [K
pulling fc1ffc71ab8e: 100% ▕██████████████████▏ 1.6 KB                         [K
pulling bee89e20d457: 100% ▕██████████████████▏   31 B                         [K
pulling f7ce8f326f5d: 100% ▕██████████████████▏ 1.1 KB                         [K
verifying sha256 digest ⠇ [K[?25h[?2026l[?2026h[?25l[A[A[A[A[A[A[A[A[1Gpulling manifest [K
pulling 9d507a36062c: 100% ▕██████████████████▏  67 GB                         [K
pulling 399a8a5a36db: 100% ▕██████████████████▏ 7.8 KB                         [K
pulling 24ca191a372b: 100% ▕██████████████████▏ 6.0 KB                         [K
pulling 161e5d878840: 100% ▕██████████████████▏ 3.7 KB                         [K
pulling fc1ffc71ab8e: 100% ▕██████████████████▏ 1.6 KB                         [K
pulling bee89e20d457: 100% ▕██████████████████▏   31 B                         [K
pulling f7ce8f326f5d: 100% ▕██████████████████▏ 1.1 KB                         [K
verifying sha256 digest ⠏ [K[?25h[?2026l[?2026h[?25l[A[A[A[A[A[A[A[A[1Gpulling manifest [K
pulling 9d507a36062c: 100% ▕██████████████████▏  67 GB                         [K
pulling 399a8a5a36db: 100% ▕██████████████████▏ 7.8 KB                         [K
pulling 24ca191a372b: 100% ▕██████████████████▏ 6.0 KB                         [K
pulling 161e5d878840: 100% ▕██████████████████▏ 3.7 KB                         [K
pulling fc1ffc71ab8e: 100% ▕██████████████████▏ 1.6 KB                         [K
pulling bee89e20d457: 100% ▕██████████████████▏   31 B                         [K
pulling f7ce8f326f5d: 100% ▕██████████████████▏ 1.1 KB                         [K
verifying sha256 digest ⠋ [K[?25h[?2026l[?2026h[?25l[A[A[A[A[A[A[A[A[1Gpulling manifest [K
pulling 9d507a36062c: 100% ▕██████████████████▏  67 GB                         [K
pulling 399a8a5a36db: 100% ▕██████████████████▏ 7.8 KB                         [K
pulling 24ca191a372b: 100% ▕██████████████████▏ 6.0 KB                         [K
pulling 161e5d878840: 100% ▕██████████████████▏ 3.7 KB                         [K
pulling fc1ffc71ab8e: 100% ▕██████████████████▏ 1.6 KB                         [K
pulling bee89e20d457: 100% ▕██████████████████▏   31 B                         [K
pulling f7ce8f326f5d: 100% ▕██████████████████▏ 1.1 KB                         [K
verifying sha256 digest ⠙ [K[?25h[?2026l[?2026h[?25l[A[A[A[A[A[A[A[A[1Gpulling manifest [K
pulling 9d507a36062c: 100% ▕██████████████████▏  67 GB                         [K
pulling 399a8a5a36db: 100% ▕██████████████████▏ 7.8 KB                         [K
pulling 24ca191a372b: 100% ▕██████████████████▏ 6.0 KB                         [K
pulling 161e5d878840: 100% ▕██████████████████▏ 3.7 KB                         [K
pulling fc1ffc71ab8e: 100% ▕██████████████████▏ 1.6 KB                         [K
pulling bee89e20d457: 100% ▕██████████████████▏   31 B                         [K
pulling f7ce8f326f5d: 100% ▕██████████████████▏ 1.1 KB                         [K
verifying sha256 digest ⠹ [K[?25h[?2026l[?2026h[?25l[A[A[A[A[A[A[A[A[1Gpulling manifest [K
pulling 9d507a36062c: 100% ▕██████████████████▏  67 GB                         [K
pulling 399a8a5a36db: 100% ▕██████████████████▏ 7.8 KB                         [K
pulling 24ca191a372b: 100% ▕██████████████████▏ 6.0 KB                         [K
pulling 161e5d878840: 100% ▕██████████████████▏ 3.7 KB                         [K
pulling fc1ffc71ab8e: 100% ▕██████████████████▏ 1.6 KB                         [K
pulling bee89e20d457: 100% ▕██████████████████▏   31 B                         [K
pulling f7ce8f326f5d: 100% ▕██████████████████▏ 1.1 KB                         [K
verifying sha256 digest ⠸ [K[?25h[?2026l[?2026h[?25l[A[A[A[A[A[A[A[A[1Gpulling manifest [K
pulling 9d507a36062c: 100% ▕██████████████████▏  67 GB                         [K
pulling 399a8a5a36db: 100% ▕██████████████████▏ 7.8 KB                         [K
pulling 24ca191a372b: 100% ▕██████████████████▏ 6.0 KB                         [K
pulling 161e5d878840: 100% ▕██████████████████▏ 3.7 KB                         [K
pulling fc1ffc71ab8e: 100% ▕██████████████████▏ 1.6 KB                         [K
pulling bee89e20d457: 100% ▕██████████████████▏   31 B                         [K
pulling f7ce8f326f5d: 100% ▕██████████████████▏ 1.1 KB                         [K
verifying sha256 digest ⠼ [K[?25h[?2026l[?2026h[?25l[A[A[A[A[A[A[A[A[1Gpulling manifest [K
pulling 9d507a36062c: 100% ▕██████████████████▏  67 GB                         [K
pulling 399a8a5a36db: 100% ▕██████████████████▏ 7.8 KB                         [K
pulling 24ca191a372b: 100% ▕██████████████████▏ 6.0 KB                         [K
pulling 161e5d878840: 100% ▕██████████████████▏ 3.7 KB                         [K
pulling fc1ffc71ab8e: 100% ▕██████████████████▏ 1.6 KB                         [K
pulling bee89e20d457: 100% ▕██████████████████▏   31 B                         [K
pulling f7ce8f326f5d: 100% ▕██████████████████▏ 1.1 KB                         [K
verifying sha256 digest ⠴ [K[?25h[?2026l[?2026h[?25l[A[A[A[A[A[A[A[A[1Gpulling manifest [K
pulling 9d507a36062c: 100% ▕██████████████████▏  67 GB                         [K
pulling 399a8a5a36db: 100% ▕██████████████████▏ 7.8 KB                         [K
pulling 24ca191a372b: 100% ▕██████████████████▏ 6.0 KB                         [K
pulling 161e5d878840: 100% ▕██████████████████▏ 3.7 KB                         [K
pulling fc1ffc71ab8e: 100% ▕██████████████████▏ 1.6 KB                         [K
pulling bee89e20d457: 100% ▕██████████████████▏   31 B                         [K
pulling f7ce8f326f5d: 100% ▕██████████████████▏ 1.1 KB                         [K
verifying sha256 digest ⠦ [K[?25h[?2026l[?2026h[?25l[A[A[A[A[A[A[A[A[1Gpulling manifest [K
pulling 9d507a36062c: 100% ▕██████████████████▏  67 GB                         [K
pulling 399a8a5a36db: 100% ▕██████████████████▏ 7.8 KB                         [K
pulling 24ca191a372b: 100% ▕██████████████████▏ 6.0 KB                         [K
pulling 161e5d878840: 100% ▕██████████████████▏ 3.7 KB                         [K
pulling fc1ffc71ab8e: 100% ▕██████████████████▏ 1.6 KB                         [K
pulling bee89e20d457: 100% ▕██████████████████▏   31 B                         [K
pulling f7ce8f326f5d: 100% ▕██████████████████▏ 1.1 KB                         [K
verifying sha256 digest ⠧ [K[?25h[?2026l[?2026h[?25l[A[A[A[A[A[A[A[A[1Gpulling manifest [K
pulling 9d507a36062c: 100% ▕██████████████████▏  67 GB                         [K
pulling 399a8a5a36db: 100% ▕██████████████████▏ 7.8 KB                         [K
pulling 24ca191a372b: 100% ▕██████████████████▏ 6.0 KB                         [K
pulling 161e5d878840: 100% ▕██████████████████▏ 3.7 KB                         [K
pulling fc1ffc71ab8e: 100% ▕██████████████████▏ 1.6 KB                         [K
pulling bee89e20d457: 100% ▕██████████████████▏   31 B                         [K
pulling f7ce8f326f5d: 100% ▕██████████████████▏ 1.1 KB                         [K
verifying sha256 digest ⠇ [K[?25h[?2026l[?2026h[?25l[A[A[A[A[A[A[A[A[1Gpulling manifest [K
pulling 9d507a36062c: 100% ▕██████████████████▏  67 GB                         [K
pulling 399a8a5a36db: 100% ▕██████████████████▏ 7.8 KB                         [K
pulling 24ca191a372b: 100% ▕██████████████████▏ 6.0 KB                         [K
pulling 161e5d878840: 100% ▕██████████████████▏ 3.7 KB                         [K
pulling fc1ffc71ab8e: 100% ▕██████████████████▏ 1.6 KB                         [K
pulling bee89e20d457: 100% ▕██████████████████▏   31 B                         [K
pulling f7ce8f326f5d: 100% ▕██████████████████▏ 1.1 KB                         [K
verifying sha256 digest ⠏ [K[?25h[?2026l[?2026h[?25l[A[A[A[A[A[A[A[A[1Gpulling manifest [K
pulling 9d507a36062c: 100% ▕██████████████████▏  67 GB                         [K
pulling 399a8a5a36db: 100% ▕██████████████████▏ 7.8 KB                         [K
pulling 24ca191a372b: 100% ▕██████████████████▏ 6.0 KB                         [K
pulling 161e5d878840: 100% ▕██████████████████▏ 3.7 KB                         [K
pulling fc1ffc71ab8e: 100% ▕██████████████████▏ 1.6 KB                         [K
pulling bee89e20d457: 100% ▕██████████████████▏   31 B                         [K
pulling f7ce8f326f5d: 100% ▕██████████████████▏ 1.1 KB                         [K
verifying sha256 digest ⠋ [K[?25h[?2026l[?2026h[?25l[A[A[A[A[A[A[A[A[1Gpulling manifest [K
pulling 9d507a36062c: 100% ▕██████████████████▏  67 GB                         [K
pulling 399a8a5a36db: 100% ▕██████████████████▏ 7.8 KB                         [K
pulling 24ca191a372b: 100% ▕██████████████████▏ 6.0 KB                         [K
pulling 161e5d878840: 100% ▕██████████████████▏ 3.7 KB                         [K
pulling fc1ffc71ab8e: 100% ▕██████████████████▏ 1.6 KB                         [K
pulling bee89e20d457: 100% ▕██████████████████▏   31 B                         [K
pulling f7ce8f326f5d: 100% ▕██████████████████▏ 1.1 KB                         [K
verifying sha256 digest ⠙ [K[?25h[?2026l[?2026h[?25l[A[A[A[A[A[A[A[A[1Gpulling manifest [K
pulling 9d507a36062c: 100% ▕██████████████████▏  67 GB                         [K
pulling 399a8a5a36db: 100% ▕██████████████████▏ 7.8 KB                         [K
pulling 24ca191a372b: 100% ▕██████████████████▏ 6.0 KB                         [K
pulling 161e5d878840: 100% ▕██████████████████▏ 3.7 KB                         [K
pulling fc1ffc71ab8e: 100% ▕██████████████████▏ 1.6 KB                         [K
pulling bee89e20d457: 100% ▕██████████████████▏   31 B                         [K
pulling f7ce8f326f5d: 100% ▕██████████████████▏ 1.1 KB                         [K
verifying sha256 digest ⠹ [K[?25h[?2026l[?2026h[?25l[A[A[A[A[A[A[A[A[1Gpulling manifest [K
pulling 9d507a36062c: 100% ▕██████████████████▏  67 GB                         [K
pulling 399a8a5a36db: 100% ▕██████████████████▏ 7.8 KB                         [K
pulling 24ca191a372b: 100% ▕██████████████████▏ 6.0 KB                         [K
pulling 161e5d878840: 100% ▕██████████████████▏ 3.7 KB                         [K
pulling fc1ffc71ab8e: 100% ▕██████████████████▏ 1.6 KB                         [K
pulling bee89e20d457: 100% ▕██████████████████▏   31 B                         [K
pulling f7ce8f326f5d: 100% ▕██████████████████▏ 1.1 KB                         [K
verifying sha256 digest ⠸ [K[?25h[?2026l[?2026h[?25l[A[A[A[A[A[A[A[A[1Gpulling manifest [K
pulling 9d507a36062c: 100% ▕██████████████████▏  67 GB                         [K
pulling 399a8a5a36db: 100% ▕██████████████████▏ 7.8 KB                         [K
pulling 24ca191a372b: 100% ▕██████████████████▏ 6.0 KB                         [K
pulling 161e5d878840: 100% ▕██████████████████▏ 3.7 KB                         [K
pulling fc1ffc71ab8e: 100% ▕██████████████████▏ 1.6 KB                         [K
pulling bee89e20d457: 100% ▕██████████████████▏   31 B                         [K
pulling f7ce8f326f5d: 100% ▕██████████████████▏ 1.1 KB                         [K
verifying sha256 digest ⠼ [K[?25h[?2026l[?2026h[?25l[A[A[A[A[A[A[A[A[1Gpulling manifest [K
pulling 9d507a36062c: 100% ▕██████████████████▏  67 GB                         [K
pulling 399a8a5a36db: 100% ▕██████████████████▏ 7.8 KB                         [K
pulling 24ca191a372b: 100% ▕██████████████████▏ 6.0 KB                         [K
pulling 161e5d878840: 100% ▕██████████████████▏ 3.7 KB                         [K
pulling fc1ffc71ab8e: 100% ▕██████████████████▏ 1.6 KB                         [K
pulling bee89e20d457: 100% ▕██████████████████▏   31 B                         [K
pulling f7ce8f326f5d: 100% ▕██████████████████▏ 1.1 KB                         [K
verifying sha256 digest ⠴ [K[?25h[?2026l[?2026h[?25l[A[A[A[A[A[A[A[A[1Gpulling manifest [K
pulling 9d507a36062c: 100% ▕██████████████████▏  67 GB                         [K
pulling 399a8a5a36db: 100% ▕██████████████████▏ 7.8 KB                         [K
pulling 24ca191a372b: 100% ▕██████████████████▏ 6.0 KB                         [K
pulling 161e5d878840: 100% ▕██████████████████▏ 3.7 KB                         [K
pulling fc1ffc71ab8e: 100% ▕██████████████████▏ 1.6 KB                         [K
pulling bee89e20d457: 100% ▕██████████████████▏   31 B                         [K
pulling f7ce8f326f5d: 100% ▕██████████████████▏ 1.1 KB                         [K
verifying sha256 digest ⠦ [K[?25h[?2026l[?2026h[?25l[A[A[A[A[A[A[A[A[1Gpulling manifest [K
pulling 9d507a36062c: 100% ▕██████████████████▏  67 GB                         [K
pulling 399a8a5a36db: 100% ▕██████████████████▏ 7.8 KB                         [K
pulling 24ca191a372b: 100% ▕██████████████████▏ 6.0 KB                         [K
pulling 161e5d878840: 100% ▕██████████████████▏ 3.7 KB                         [K
pulling fc1ffc71ab8e: 100% ▕██████████████████▏ 1.6 KB                         [K
pulling bee89e20d457: 100% ▕██████████████████▏   31 B                         [K
pulling f7ce8f326f5d: 100% ▕██████████████████▏ 1.1 KB                         [K
verifying sha256 digest ⠧ [K[?25h[?2026l[?2026h[?25l[A[A[A[A[A[A[A[A[1Gpulling manifest [K
pulling 9d507a36062c: 100% ▕██████████████████▏  67 GB                         [K
pulling 399a8a5a36db: 100% ▕██████████████████▏ 7.8 KB                         [K
pulling 24ca191a372b: 100% ▕██████████████████▏ 6.0 KB                         [K
pulling 161e5d878840: 100% ▕██████████████████▏ 3.7 KB                         [K
pulling fc1ffc71ab8e: 100% ▕██████████████████▏ 1.6 KB                         [K
pulling bee89e20d457: 100% ▕██████████████████▏   31 B                         [K
pulling f7ce8f326f5d: 100% ▕██████████████████▏ 1.1 KB                         [K
verifying sha256 digest ⠇ [K[?25h[?2026l[?2026h[?25l[A[A[A[A[A[A[A[A[1Gpulling manifest [K
pulling 9d507a36062c: 100% ▕██████████████████▏  67 GB                         [K
pulling 399a8a5a36db: 100% ▕██████████████████▏ 7.8 KB                         [K
pulling 24ca191a372b: 100% ▕██████████████████▏ 6.0 KB                         [K
pulling 161e5d878840: 100% ▕██████████████████▏ 3.7 KB                         [K
pulling fc1ffc71ab8e: 100% ▕██████████████████▏ 1.6 KB                         [K
pulling bee89e20d457: 100% ▕██████████████████▏   31 B                         [K
pulling f7ce8f326f5d: 100% ▕██████████████████▏ 1.1 KB                         [K
verifying sha256 digest ⠏ [K[?25h[?2026l[?2026h[?25l[A[A[A[A[A[A[A[A[1Gpulling manifest [K
pulling 9d507a36062c: 100% ▕██████████████████▏  67 GB                         [K
pulling 399a8a5a36db: 100% ▕██████████████████▏ 7.8 KB                         [K
pulling 24ca191a372b: 100% ▕██████████████████▏ 6.0 KB                         [K
pulling 161e5d878840: 100% ▕██████████████████▏ 3.7 KB                         [K
pulling fc1ffc71ab8e: 100% ▕██████████████████▏ 1.6 KB                         [K
pulling bee89e20d457: 100% ▕██████████████████▏   31 B                         [K
pulling f7ce8f326f5d: 100% ▕██████████████████▏ 1.1 KB                         [K
verifying sha256 digest ⠋ [K[?25h[?2026l[?2026h[?25l[A[A[A[A[A[A[A[A[1Gpulling manifest [K
pulling 9d507a36062c: 100% ▕██████████████████▏  67 GB                         [K
pulling 399a8a5a36db: 100% ▕██████████████████▏ 7.8 KB                         [K
pulling 24ca191a372b: 100% ▕██████████████████▏ 6.0 KB                         [K
pulling 161e5d878840: 100% ▕██████████████████▏ 3.7 KB                         [K
pulling fc1ffc71ab8e: 100% ▕██████████████████▏ 1.6 KB                         [K
pulling bee89e20d457: 100% ▕██████████████████▏   31 B                         [K
pulling f7ce8f326f5d: 100% ▕██████████████████▏ 1.1 KB                         [K
verifying sha256 digest ⠙ [K[?25h[?2026l[?2026h[?25l[A[A[A[A[A[A[A[A[1Gpulling manifest [K
pulling 9d507a36062c: 100% ▕██████████████████▏  67 GB                         [K
pulling 399a8a5a36db: 100% ▕██████████████████▏ 7.8 KB                         [K
pulling 24ca191a372b: 100% ▕██████████████████▏ 6.0 KB                         [K
pulling 161e5d878840: 100% ▕██████████████████▏ 3.7 KB                         [K
pulling fc1ffc71ab8e: 100% ▕██████████████████▏ 1.6 KB                         [K
pulling bee89e20d457: 100% ▕██████████████████▏   31 B                         [K
pulling f7ce8f326f5d: 100% ▕██████████████████▏ 1.1 KB                         [K
verifying sha256 digest ⠹ [K[?25h[?2026l[?2026h[?25l[A[A[A[A[A[A[A[A[1Gpulling manifest [K
pulling 9d507a36062c: 100% ▕██████████████████▏  67 GB                         [K
pulling 399a8a5a36db: 100% ▕██████████████████▏ 7.8 KB                         [K
pulling 24ca191a372b: 100% ▕██████████████████▏ 6.0 KB                         [K
pulling 161e5d878840: 100% ▕██████████████████▏ 3.7 KB                         [K
pulling fc1ffc71ab8e: 100% ▕██████████████████▏ 1.6 KB                         [K
pulling bee89e20d457: 100% ▕██████████████████▏   31 B                         [K
pulling f7ce8f326f5d: 100% ▕██████████████████▏ 1.1 KB                         [K
verifying sha256 digest ⠸ [K[?25h[?2026l[?2026h[?25l[A[A[A[A[A[A[A[A[1Gpulling manifest [K
pulling 9d507a36062c: 100% ▕██████████████████▏  67 GB                         [K
pulling 399a8a5a36db: 100% ▕██████████████████▏ 7.8 KB                         [K
pulling 24ca191a372b: 100% ▕██████████████████▏ 6.0 KB                         [K
pulling 161e5d878840: 100% ▕██████████████████▏ 3.7 KB                         [K
pulling fc1ffc71ab8e: 100% ▕██████████████████▏ 1.6 KB                         [K
pulling bee89e20d457: 100% ▕██████████████████▏   31 B                         [K
pulling f7ce8f326f5d: 100% ▕██████████████████▏ 1.1 KB                         [K
verifying sha256 digest ⠼ [K[?25h[?2026l[?2026h[?25l[A[A[A[A[A[A[A[A[1Gpulling manifest [K
pulling 9d507a36062c: 100% ▕██████████████████▏  67 GB                         [K
pulling 399a8a5a36db: 100% ▕██████████████████▏ 7.8 KB                         [K
pulling 24ca191a372b: 100% ▕██████████████████▏ 6.0 KB                         [K
pulling 161e5d878840: 100% ▕██████████████████▏ 3.7 KB                         [K
pulling fc1ffc71ab8e: 100% ▕██████████████████▏ 1.6 KB                         [K
pulling bee89e20d457: 100% ▕██████████████████▏   31 B                         [K
pulling f7ce8f326f5d: 100% ▕██████████████████▏ 1.1 KB                         [K
verifying sha256 digest ⠴ [K[?25h[?2026l[?2026h[?25l[A[A[A[A[A[A[A[A[1Gpulling manifest [K
pulling 9d507a36062c: 100% ▕██████████████████▏  67 GB                         [K
pulling 399a8a5a36db: 100% ▕██████████████████▏ 7.8 KB                         [K
pulling 24ca191a372b: 100% ▕██████████████████▏ 6.0 KB                         [K
pulling 161e5d878840: 100% ▕██████████████████▏ 3.7 KB                         [K
pulling fc1ffc71ab8e: 100% ▕██████████████████▏ 1.6 KB                         [K
pulling bee89e20d457: 100% ▕██████████████████▏   31 B                         [K
pulling f7ce8f326f5d: 100% ▕██████████████████▏ 1.1 KB                         [K
verifying sha256 digest ⠦ [K[?25h[?2026l[?2026h[?25l[A[A[A[A[A[A[A[A[1Gpulling manifest [K
pulling 9d507a36062c: 100% ▕██████████████████▏  67 GB                         [K
pulling 399a8a5a36db: 100% ▕██████████████████▏ 7.8 KB                         [K
pulling 24ca191a372b: 100% ▕██████████████████▏ 6.0 KB                         [K
pulling 161e5d878840: 100% ▕██████████████████▏ 3.7 KB                         [K
pulling fc1ffc71ab8e: 100% ▕██████████████████▏ 1.6 KB                         [K
pulling bee89e20d457: 100% ▕██████████████████▏   31 B                         [K
pulling f7ce8f326f5d: 100% ▕██████████████████▏ 1.1 KB                         [K
verifying sha256 digest ⠧ [K[?25h[?2026l[?2026h[?25l[A[A[A[A[A[A[A[A[1Gpulling manifest [K
pulling 9d507a36062c: 100% ▕██████████████████▏  67 GB                         [K
pulling 399a8a5a36db: 100% ▕██████████████████▏ 7.8 KB                         [K
pulling 24ca191a372b: 100% ▕██████████████████▏ 6.0 KB                         [K
pulling 161e5d878840: 100% ▕██████████████████▏ 3.7 KB                         [K
pulling fc1ffc71ab8e: 100% ▕██████████████████▏ 1.6 KB                         [K
pulling bee89e20d457: 100% ▕██████████████████▏   31 B                         [K
pulling f7ce8f326f5d: 100% ▕██████████████████▏ 1.1 KB                         [K
verifying sha256 digest ⠇ [K[?25h[?2026l[?2026h[?25l[A[A[A[A[A[A[A[A[1Gpulling manifest [K
pulling 9d507a36062c: 100% ▕██████████████████▏  67 GB                         [K
pulling 399a8a5a36db: 100% ▕██████████████████▏ 7.8 KB                         [K
pulling 24ca191a372b: 100% ▕██████████████████▏ 6.0 KB                         [K
pulling 161e5d878840: 100% ▕██████████████████▏ 3.7 KB                         [K
pulling fc1ffc71ab8e: 100% ▕██████████████████▏ 1.6 KB                         [K
pulling bee89e20d457: 100% ▕██████████████████▏   31 B                         [K
pulling f7ce8f326f5d: 100% ▕██████████████████▏ 1.1 KB                         [K
verifying sha256 digest ⠏ [K[?25h[?2026l[?2026h[?25l[A[A[A[A[A[A[A[A[1Gpulling manifest [K
pulling 9d507a36062c: 100% ▕██████████████████▏  67 GB                         [K
pulling 399a8a5a36db: 100% ▕██████████████████▏ 7.8 KB                         [K
pulling 24ca191a372b: 100% ▕██████████████████▏ 6.0 KB                         [K
pulling 161e5d878840: 100% ▕██████████████████▏ 3.7 KB                         [K
pulling fc1ffc71ab8e: 100% ▕██████████████████▏ 1.6 KB                         [K
pulling bee89e20d457: 100% ▕██████████████████▏   31 B                         [K
pulling f7ce8f326f5d: 100% ▕██████████████████▏ 1.1 KB                         [K
verifying sha256 digest ⠋ [K[?25h[?2026l[?2026h[?25l[A[A[A[A[A[A[A[A[1Gpulling manifest [K
pulling 9d507a36062c: 100% ▕██████████████████▏  67 GB                         [K
pulling 399a8a5a36db: 100% ▕██████████████████▏ 7.8 KB                         [K
pulling 24ca191a372b: 100% ▕██████████████████▏ 6.0 KB                         [K
pulling 161e5d878840: 100% ▕██████████████████▏ 3.7 KB                         [K
pulling fc1ffc71ab8e: 100% ▕██████████████████▏ 1.6 KB                         [K
pulling bee89e20d457: 100% ▕██████████████████▏   31 B                         [K
pulling f7ce8f326f5d: 100% ▕██████████████████▏ 1.1 KB                         [K
verifying sha256 digest ⠙ [K[?25h[?2026l[?2026h[?25l[A[A[A[A[A[A[A[A[1Gpulling manifest [K
pulling 9d507a36062c: 100% ▕██████████████████▏  67 GB                         [K
pulling 399a8a5a36db: 100% ▕██████████████████▏ 7.8 KB                         [K
pulling 24ca191a372b: 100% ▕██████████████████▏ 6.0 KB                         [K
pulling 161e5d878840: 100% ▕██████████████████▏ 3.7 KB                         [K
pulling fc1ffc71ab8e: 100% ▕██████████████████▏ 1.6 KB                         [K
pulling bee89e20d457: 100% ▕██████████████████▏   31 B                         [K
pulling f7ce8f326f5d: 100% ▕██████████████████▏ 1.1 KB                         [K
verifying sha256 digest ⠹ [K[?25h[?2026l[?2026h[?25l[A[A[A[A[A[A[A[A[1Gpulling manifest [K
pulling 9d507a36062c: 100% ▕██████████████████▏  67 GB                         [K
pulling 399a8a5a36db: 100% ▕██████████████████▏ 7.8 KB                         [K
pulling 24ca191a372b: 100% ▕██████████████████▏ 6.0 KB                         [K
pulling 161e5d878840: 100% ▕██████████████████▏ 3.7 KB                         [K
pulling fc1ffc71ab8e: 100% ▕██████████████████▏ 1.6 KB                         [K
pulling bee89e20d457: 100% ▕██████████████████▏   31 B                         [K
pulling f7ce8f326f5d: 100% ▕██████████████████▏ 1.1 KB                         [K
verifying sha256 digest ⠸ [K[?25h[?2026l[?2026h[?25l[A[A[A[A[A[A[A[A[1Gpulling manifest [K
pulling 9d507a36062c: 100% ▕██████████████████▏  67 GB                         [K
pulling 399a8a5a36db: 100% ▕██████████████████▏ 7.8 KB                         [K
pulling 24ca191a372b: 100% ▕██████████████████▏ 6.0 KB                         [K
pulling 161e5d878840: 100% ▕██████████████████▏ 3.7 KB                         [K
pulling fc1ffc71ab8e: 100% ▕██████████████████▏ 1.6 KB                         [K
pulling bee89e20d457: 100% ▕██████████████████▏   31 B                         [K
pulling f7ce8f326f5d: 100% ▕██████████████████▏ 1.1 KB                         [K
verifying sha256 digest ⠼ [K[?25h[?2026l[?2026h[?25l[A[A[A[A[A[A[A[A[1Gpulling manifest [K
pulling 9d507a36062c: 100% ▕██████████████████▏  67 GB                         [K
pulling 399a8a5a36db: 100% ▕██████████████████▏ 7.8 KB                         [K
pulling 24ca191a372b: 100% ▕██████████████████▏ 6.0 KB                         [K
pulling 161e5d878840: 100% ▕██████████████████▏ 3.7 KB                         [K
pulling fc1ffc71ab8e: 100% ▕██████████████████▏ 1.6 KB                         [K
pulling bee89e20d457: 100% ▕██████████████████▏   31 B                         [K
pulling f7ce8f326f5d: 100% ▕██████████████████▏ 1.1 KB                         [K
verifying sha256 digest ⠴ [K[?25h[?2026l[?2026h[?25l[A[A[A[A[A[A[A[A[1Gpulling manifest [K
pulling 9d507a36062c: 100% ▕██████████████████▏  67 GB                         [K
pulling 399a8a5a36db: 100% ▕██████████████████▏ 7.8 KB                         [K
pulling 24ca191a372b: 100% ▕██████████████████▏ 6.0 KB                         [K
pulling 161e5d878840: 100% ▕██████████████████▏ 3.7 KB                         [K
pulling fc1ffc71ab8e: 100% ▕██████████████████▏ 1.6 KB                         [K
pulling bee89e20d457: 100% ▕██████████████████▏   31 B                         [K
pulling f7ce8f326f5d: 100% ▕██████████████████▏ 1.1 KB                         [K
verifying sha256 digest ⠦ [K[?25h[?2026l[?2026h[?25l[A[A[A[A[A[A[A[A[1Gpulling manifest [K
pulling 9d507a36062c: 100% ▕██████████████████▏  67 GB                         [K
pulling 399a8a5a36db: 100% ▕██████████████████▏ 7.8 KB                         [K
pulling 24ca191a372b: 100% ▕██████████████████▏ 6.0 KB                         [K
pulling 161e5d878840: 100% ▕██████████████████▏ 3.7 KB                         [K
pulling fc1ffc71ab8e: 100% ▕██████████████████▏ 1.6 KB                         [K
pulling bee89e20d457: 100% ▕██████████████████▏   31 B                         [K
pulling f7ce8f326f5d: 100% ▕██████████████████▏ 1.1 KB                         [K
verifying sha256 digest ⠧ [K[?25h[?2026l[?2026h[?25l[A[A[A[A[A[A[A[A[1Gpulling manifest [K
pulling 9d507a36062c: 100% ▕██████████████████▏  67 GB                         [K
pulling 399a8a5a36db: 100% ▕██████████████████▏ 7.8 KB                         [K
pulling 24ca191a372b: 100% ▕██████████████████▏ 6.0 KB                         [K
pulling 161e5d878840: 100% ▕██████████████████▏ 3.7 KB                         [K
pulling fc1ffc71ab8e: 100% ▕██████████████████▏ 1.6 KB                         [K
pulling bee89e20d457: 100% ▕██████████████████▏   31 B                         [K
pulling f7ce8f326f5d: 100% ▕██████████████████▏ 1.1 KB                         [K
verifying sha256 digest ⠇ [K[?25h[?2026l[?2026h[?25l[A[A[A[A[A[A[A[A[1Gpulling manifest [K
pulling 9d507a36062c: 100% ▕██████████████████▏  67 GB                         [K
pulling 399a8a5a36db: 100% ▕██████████████████▏ 7.8 KB                         [K
pulling 24ca191a372b: 100% ▕██████████████████▏ 6.0 KB                         [K
pulling 161e5d878840: 100% ▕██████████████████▏ 3.7 KB                         [K
pulling fc1ffc71ab8e: 100% ▕██████████████████▏ 1.6 KB                         [K
pulling bee89e20d457: 100% ▕██████████████████▏   31 B                         [K
pulling f7ce8f326f5d: 100% ▕██████████████████▏ 1.1 KB                         [K
verifying sha256 digest ⠏ [K[?25h[?2026l[?2026h[?25l[A[A[A[A[A[A[A[A[1Gpulling manifest [K
pulling 9d507a36062c: 100% ▕██████████████████▏  67 GB                         [K
pulling 399a8a5a36db: 100% ▕██████████████████▏ 7.8 KB                         [K
pulling 24ca191a372b: 100% ▕██████████████████▏ 6.0 KB                         [K
pulling 161e5d878840: 100% ▕██████████████████▏ 3.7 KB                         [K
pulling fc1ffc71ab8e: 100% ▕██████████████████▏ 1.6 KB                         [K
pulling bee89e20d457: 100% ▕██████████████████▏   31 B                         [K
pulling f7ce8f326f5d: 100% ▕██████████████████▏ 1.1 KB                         [K
verifying sha256 digest ⠋ [K[?25h[?2026l[?2026h[?25l[A[A[A[A[A[A[A[A[1Gpulling manifest [K
pulling 9d507a36062c: 100% ▕██████████████████▏  67 GB                         [K
pulling 399a8a5a36db: 100% ▕██████████████████▏ 7.8 KB                         [K
pulling 24ca191a372b: 100% ▕██████████████████▏ 6.0 KB                         [K
pulling 161e5d878840: 100% ▕██████████████████▏ 3.7 KB                         [K
pulling fc1ffc71ab8e: 100% ▕██████████████████▏ 1.6 KB                         [K
pulling bee89e20d457: 100% ▕██████████████████▏   31 B                         [K
pulling f7ce8f326f5d: 100% ▕██████████████████▏ 1.1 KB                         [K
verifying sha256 digest ⠙ [K[?25h[?2026l[?2026h[?25l[A[A[A[A[A[A[A[A[1Gpulling manifest [K
pulling 9d507a36062c: 100% ▕██████████████████▏  67 GB                         [K
pulling 399a8a5a36db: 100% ▕██████████████████▏ 7.8 KB                         [K
pulling 24ca191a372b: 100% ▕██████████████████▏ 6.0 KB                         [K
pulling 161e5d878840: 100% ▕██████████████████▏ 3.7 KB                         [K
pulling fc1ffc71ab8e: 100% ▕██████████████████▏ 1.6 KB                         [K
pulling bee89e20d457: 100% ▕██████████████████▏   31 B                         [K
pulling f7ce8f326f5d: 100% ▕██████████████████▏ 1.1 KB                         [K
verifying sha256 digest ⠹ [K[?25h[?2026l[?2026h[?25l[A[A[A[A[A[A[A[A[1Gpulling manifest [K
pulling 9d507a36062c: 100% ▕██████████████████▏  67 GB                         [K
pulling 399a8a5a36db: 100% ▕██████████████████▏ 7.8 KB                         [K
pulling 24ca191a372b: 100% ▕██████████████████▏ 6.0 KB                         [K
pulling 161e5d878840: 100% ▕██████████████████▏ 3.7 KB                         [K
pulling fc1ffc71ab8e: 100% ▕██████████████████▏ 1.6 KB                         [K
pulling bee89e20d457: 100% ▕██████████████████▏   31 B                         [K
pulling f7ce8f326f5d: 100% ▕██████████████████▏ 1.1 KB                         [K
verifying sha256 digest ⠸ [K[?25h[?2026l[?2026h[?25l[A[A[A[A[A[A[A[A[1Gpulling manifest [K
pulling 9d507a36062c: 100% ▕██████████████████▏  67 GB                         [K
pulling 399a8a5a36db: 100% ▕██████████████████▏ 7.8 KB                         [K
pulling 24ca191a372b: 100% ▕██████████████████▏ 6.0 KB                         [K
pulling 161e5d878840: 100% ▕██████████████████▏ 3.7 KB                         [K
pulling fc1ffc71ab8e: 100% ▕██████████████████▏ 1.6 KB                         [K
pulling bee89e20d457: 100% ▕██████████████████▏   31 B                         [K
pulling f7ce8f326f5d: 100% ▕██████████████████▏ 1.1 KB                         [K
verifying sha256 digest ⠼ [K[?25h[?2026l[?2026h[?25l[A[A[A[A[A[A[A[A[1Gpulling manifest [K
pulling 9d507a36062c: 100% ▕██████████████████▏  67 GB                         [K
pulling 399a8a5a36db: 100% ▕██████████████████▏ 7.8 KB                         [K
pulling 24ca191a372b: 100% ▕██████████████████▏ 6.0 KB                         [K
pulling 161e5d878840: 100% ▕██████████████████▏ 3.7 KB                         [K
pulling fc1ffc71ab8e: 100% ▕██████████████████▏ 1.6 KB                         [K
pulling bee89e20d457: 100% ▕██████████████████▏   31 B                         [K
pulling f7ce8f326f5d: 100% ▕██████████████████▏ 1.1 KB                         [K
verifying sha256 digest ⠴ [K[?25h[?2026l[?2026h[?25l[A[A[A[A[A[A[A[A[1Gpulling manifest [K
pulling 9d507a36062c: 100% ▕██████████████████▏  67 GB                         [K
pulling 399a8a5a36db: 100% ▕██████████████████▏ 7.8 KB                         [K
pulling 24ca191a372b: 100% ▕██████████████████▏ 6.0 KB                         [K
pulling 161e5d878840: 100% ▕██████████████████▏ 3.7 KB                         [K
pulling fc1ffc71ab8e: 100% ▕██████████████████▏ 1.6 KB                         [K
pulling bee89e20d457: 100% ▕██████████████████▏   31 B                         [K
pulling f7ce8f326f5d: 100% ▕██████████████████▏ 1.1 KB                         [K
verifying sha256 digest ⠦ [K[?25h[?2026l[?2026h[?25l[A[A[A[A[A[A[A[A[1Gpulling manifest [K
pulling 9d507a36062c: 100% ▕██████████████████▏  67 GB                         [K
pulling 399a8a5a36db: 100% ▕██████████████████▏ 7.8 KB                         [K
pulling 24ca191a372b: 100% ▕██████████████████▏ 6.0 KB                         [K
pulling 161e5d878840: 100% ▕██████████████████▏ 3.7 KB                         [K
pulling fc1ffc71ab8e: 100% ▕██████████████████▏ 1.6 KB                         [K
pulling bee89e20d457: 100% ▕██████████████████▏   31 B                         [K
pulling f7ce8f326f5d: 100% ▕██████████████████▏ 1.1 KB                         [K
verifying sha256 digest ⠧ [K[?25h[?2026l[?2026h[?25l[A[A[A[A[A[A[A[A[1Gpulling manifest [K
pulling 9d507a36062c: 100% ▕██████████████████▏  67 GB                         [K
pulling 399a8a5a36db: 100% ▕██████████████████▏ 7.8 KB                         [K
pulling 24ca191a372b: 100% ▕██████████████████▏ 6.0 KB                         [K
pulling 161e5d878840: 100% ▕██████████████████▏ 3.7 KB                         [K
pulling fc1ffc71ab8e: 100% ▕██████████████████▏ 1.6 KB                         [K
pulling bee89e20d457: 100% ▕██████████████████▏   31 B                         [K
pulling f7ce8f326f5d: 100% ▕██████████████████▏ 1.1 KB                         [K
verifying sha256 digest ⠇ [K[?25h[?2026l[?2026h[?25l[A[A[A[A[A[A[A[A[1Gpulling manifest [K
pulling 9d507a36062c: 100% ▕██████████████████▏  67 GB                         [K
pulling 399a8a5a36db: 100% ▕██████████████████▏ 7.8 KB                         [K
pulling 24ca191a372b: 100% ▕██████████████████▏ 6.0 KB                         [K
pulling 161e5d878840: 100% ▕██████████████████▏ 3.7 KB                         [K
pulling fc1ffc71ab8e: 100% ▕██████████████████▏ 1.6 KB                         [K
pulling bee89e20d457: 100% ▕██████████████████▏   31 B                         [K
pulling f7ce8f326f5d: 100% ▕██████████████████▏ 1.1 KB                         [K
verifying sha256 digest ⠏ [K[?25h[?2026l[?2026h[?25l[A[A[A[A[A[A[A[A[1Gpulling manifest [K
pulling 9d507a36062c: 100% ▕██████████████████▏  67 GB                         [K
pulling 399a8a5a36db: 100% ▕██████████████████▏ 7.8 KB                         [K
pulling 24ca191a372b: 100% ▕██████████████████▏ 6.0 KB                         [K
pulling 161e5d878840: 100% ▕██████████████████▏ 3.7 KB                         [K
pulling fc1ffc71ab8e: 100% ▕██████████████████▏ 1.6 KB                         [K
pulling bee89e20d457: 100% ▕██████████████████▏   31 B                         [K
pulling f7ce8f326f5d: 100% ▕██████████████████▏ 1.1 KB                         [K
verifying sha256 digest ⠋ [K[?25h[?2026l[?2026h[?25l[A[A[A[A[A[A[A[A[1Gpulling manifest [K
pulling 9d507a36062c: 100% ▕██████████████████▏  67 GB                         [K
pulling 399a8a5a36db: 100% ▕██████████████████▏ 7.8 KB                         [K
pulling 24ca191a372b: 100% ▕██████████████████▏ 6.0 KB                         [K
pulling 161e5d878840: 100% ▕██████████████████▏ 3.7 KB                         [K
pulling fc1ffc71ab8e: 100% ▕██████████████████▏ 1.6 KB                         [K
pulling bee89e20d457: 100% ▕██████████████████▏   31 B                         [K
pulling f7ce8f326f5d: 100% ▕██████████████████▏ 1.1 KB                         [K
verifying sha256 digest ⠙ [K[?25h[?2026l[?2026h[?25l[A[A[A[A[A[A[A[A[1Gpulling manifest [K
pulling 9d507a36062c: 100% ▕██████████████████▏  67 GB                         [K
pulling 399a8a5a36db: 100% ▕██████████████████▏ 7.8 KB                         [K
pulling 24ca191a372b: 100% ▕██████████████████▏ 6.0 KB                         [K
pulling 161e5d878840: 100% ▕██████████████████▏ 3.7 KB                         [K
pulling fc1ffc71ab8e: 100% ▕██████████████████▏ 1.6 KB                         [K
pulling bee89e20d457: 100% ▕██████████████████▏   31 B                         [K
pulling f7ce8f326f5d: 100% ▕██████████████████▏ 1.1 KB                         [K
verifying sha256 digest ⠹ [K[?25h[?2026l[?2026h[?25l[A[A[A[A[A[A[A[A[1Gpulling manifest [K
pulling 9d507a36062c: 100% ▕██████████████████▏  67 GB                         [K
pulling 399a8a5a36db: 100% ▕██████████████████▏ 7.8 KB                         [K
pulling 24ca191a372b: 100% ▕██████████████████▏ 6.0 KB                         [K
pulling 161e5d878840: 100% ▕██████████████████▏ 3.7 KB                         [K
pulling fc1ffc71ab8e: 100% ▕██████████████████▏ 1.6 KB                         [K
pulling bee89e20d457: 100% ▕██████████████████▏   31 B                         [K
pulling f7ce8f326f5d: 100% ▕██████████████████▏ 1.1 KB                         [K
verifying sha256 digest ⠸ [K[?25h[?2026l[?2026h[?25l[A[A[A[A[A[A[A[A[1Gpulling manifest [K
pulling 9d507a36062c: 100% ▕██████████████████▏  67 GB                         [K
pulling 399a8a5a36db: 100% ▕██████████████████▏ 7.8 KB                         [K
pulling 24ca191a372b: 100% ▕██████████████████▏ 6.0 KB                         [K
pulling 161e5d878840: 100% ▕██████████████████▏ 3.7 KB                         [K
pulling fc1ffc71ab8e: 100% ▕██████████████████▏ 1.6 KB                         [K
pulling bee89e20d457: 100% ▕██████████████████▏   31 B                         [K
pulling f7ce8f326f5d: 100% ▕██████████████████▏ 1.1 KB                         [K
verifying sha256 digest ⠼ [K[?25h[?2026l[?2026h[?25l[A[A[A[A[A[A[A[A[1Gpulling manifest [K
pulling 9d507a36062c: 100% ▕██████████████████▏  67 GB                         [K
pulling 399a8a5a36db: 100% ▕██████████████████▏ 7.8 KB                         [K
pulling 24ca191a372b: 100% ▕██████████████████▏ 6.0 KB                         [K
pulling 161e5d878840: 100% ▕██████████████████▏ 3.7 KB                         [K
pulling fc1ffc71ab8e: 100% ▕██████████████████▏ 1.6 KB                         [K
pulling bee89e20d457: 100% ▕██████████████████▏   31 B                         [K
pulling f7ce8f326f5d: 100% ▕██████████████████▏ 1.1 KB                         [K
verifying sha256 digest ⠴ [K[?25h[?2026l[?2026h[?25l[A[A[A[A[A[A[A[A[1Gpulling manifest [K
pulling 9d507a36062c: 100% ▕██████████████████▏  67 GB                         [K
pulling 399a8a5a36db: 100% ▕██████████████████▏ 7.8 KB                         [K
pulling 24ca191a372b: 100% ▕██████████████████▏ 6.0 KB                         [K
pulling 161e5d878840: 100% ▕██████████████████▏ 3.7 KB                         [K
pulling fc1ffc71ab8e: 100% ▕██████████████████▏ 1.6 KB                         [K
pulling bee89e20d457: 100% ▕██████████████████▏   31 B                         [K
pulling f7ce8f326f5d: 100% ▕██████████████████▏ 1.1 KB                         [K
verifying sha256 digest ⠦ [K[?25h[?2026l[?2026h[?25l[A[A[A[A[A[A[A[A[1Gpulling manifest [K
pulling 9d507a36062c: 100% ▕██████████████████▏  67 GB                         [K
pulling 399a8a5a36db: 100% ▕██████████████████▏ 7.8 KB                         [K
pulling 24ca191a372b: 100% ▕██████████████████▏ 6.0 KB                         [K
pulling 161e5d878840: 100% ▕██████████████████▏ 3.7 KB                         [K
pulling fc1ffc71ab8e: 100% ▕██████████████████▏ 1.6 KB                         [K
pulling bee89e20d457: 100% ▕██████████████████▏   31 B                         [K
pulling f7ce8f326f5d: 100% ▕██████████████████▏ 1.1 KB                         [K
verifying sha256 digest ⠧ [K[?25h[?2026l[?2026h[?25l[A[A[A[A[A[A[A[A[1Gpulling manifest [K
pulling 9d507a36062c: 100% ▕██████████████████▏  67 GB                         [K
pulling 399a8a5a36db: 100% ▕██████████████████▏ 7.8 KB                         [K
pulling 24ca191a372b: 100% ▕██████████████████▏ 6.0 KB                         [K
pulling 161e5d878840: 100% ▕██████████████████▏ 3.7 KB                         [K
pulling fc1ffc71ab8e: 100% ▕██████████████████▏ 1.6 KB                         [K
pulling bee89e20d457: 100% ▕██████████████████▏   31 B                         [K
pulling f7ce8f326f5d: 100% ▕██████████████████▏ 1.1 KB                         [K
verifying sha256 digest ⠇ [K[?25h[?2026l[?2026h[?25l[A[A[A[A[A[A[A[A[1Gpulling manifest [K
pulling 9d507a36062c: 100% ▕██████████████████▏  67 GB                         [K
pulling 399a8a5a36db: 100% ▕██████████████████▏ 7.8 KB                         [K
pulling 24ca191a372b: 100% ▕██████████████████▏ 6.0 KB                         [K
pulling 161e5d878840: 100% ▕██████████████████▏ 3.7 KB                         [K
pulling fc1ffc71ab8e: 100% ▕██████████████████▏ 1.6 KB                         [K
pulling bee89e20d457: 100% ▕██████████████████▏   31 B                         [K
pulling f7ce8f326f5d: 100% ▕██████████████████▏ 1.1 KB                         [K
verifying sha256 digest ⠏ [K[?25h[?2026l[?2026h[?25l[A[A[A[A[A[A[A[A[1Gpulling manifest [K
pulling 9d507a36062c: 100% ▕██████████████████▏  67 GB                         [K
pulling 399a8a5a36db: 100% ▕██████████████████▏ 7.8 KB                         [K
pulling 24ca191a372b: 100% ▕██████████████████▏ 6.0 KB                         [K
pulling 161e5d878840: 100% ▕██████████████████▏ 3.7 KB                         [K
pulling fc1ffc71ab8e: 100% ▕██████████████████▏ 1.6 KB                         [K
pulling bee89e20d457: 100% ▕██████████████████▏   31 B                         [K
pulling f7ce8f326f5d: 100% ▕██████████████████▏ 1.1 KB                         [K
verifying sha256 digest ⠋ [K[?25h[?2026l[?2026h[?25l[A[A[A[A[A[A[A[A[1Gpulling manifest [K
pulling 9d507a36062c: 100% ▕██████████████████▏  67 GB                         [K
pulling 399a8a5a36db: 100% ▕██████████████████▏ 7.8 KB                         [K
pulling 24ca191a372b: 100% ▕██████████████████▏ 6.0 KB                         [K
pulling 161e5d878840: 100% ▕██████████████████▏ 3.7 KB                         [K
pulling fc1ffc71ab8e: 100% ▕██████████████████▏ 1.6 KB                         [K
pulling bee89e20d457: 100% ▕██████████████████▏   31 B                         [K
pulling f7ce8f326f5d: 100% ▕██████████████████▏ 1.1 KB                         [K
verifying sha256 digest ⠙ [K[?25h[?2026l[?2026h[?25l[A[A[A[A[A[A[A[A[1Gpulling manifest [K
pulling 9d507a36062c: 100% ▕██████████████████▏  67 GB                         [K
pulling 399a8a5a36db: 100% ▕██████████████████▏ 7.8 KB                         [K
pulling 24ca191a372b: 100% ▕██████████████████▏ 6.0 KB                         [K
pulling 161e5d878840: 100% ▕██████████████████▏ 3.7 KB                         [K
pulling fc1ffc71ab8e: 100% ▕██████████████████▏ 1.6 KB                         [K
pulling bee89e20d457: 100% ▕██████████████████▏   31 B                         [K
pulling f7ce8f326f5d: 100% ▕██████████████████▏ 1.1 KB                         [K
verifying sha256 digest ⠹ [K[?25h[?2026l[?2026h[?25l[A[A[A[A[A[A[A[A[1Gpulling manifest [K
pulling 9d507a36062c: 100% ▕██████████████████▏  67 GB                         [K
pulling 399a8a5a36db: 100% ▕██████████████████▏ 7.8 KB                         [K
pulling 24ca191a372b: 100% ▕██████████████████▏ 6.0 KB                         [K
pulling 161e5d878840: 100% ▕██████████████████▏ 3.7 KB                         [K
pulling fc1ffc71ab8e: 100% ▕██████████████████▏ 1.6 KB                         [K
pulling bee89e20d457: 100% ▕██████████████████▏   31 B                         [K
pulling f7ce8f326f5d: 100% ▕██████████████████▏ 1.1 KB                         [K
verifying sha256 digest ⠸ [K[?25h[?2026l[?2026h[?25l[A[A[A[A[A[A[A[A[1Gpulling manifest [K
pulling 9d507a36062c: 100% ▕██████████████████▏  67 GB                         [K
pulling 399a8a5a36db: 100% ▕██████████████████▏ 7.8 KB                         [K
pulling 24ca191a372b: 100% ▕██████████████████▏ 6.0 KB                         [K
pulling 161e5d878840: 100% ▕██████████████████▏ 3.7 KB                         [K
pulling fc1ffc71ab8e: 100% ▕██████████████████▏ 1.6 KB                         [K
pulling bee89e20d457: 100% ▕██████████████████▏   31 B                         [K
pulling f7ce8f326f5d: 100% ▕██████████████████▏ 1.1 KB                         [K
verifying sha256 digest ⠼ [K[?25h[?2026l[?2026h[?25l[A[A[A[A[A[A[A[A[1Gpulling manifest [K
pulling 9d507a36062c: 100% ▕██████████████████▏  67 GB                         [K
pulling 399a8a5a36db: 100% ▕██████████████████▏ 7.8 KB                         [K
pulling 24ca191a372b: 100% ▕██████████████████▏ 6.0 KB                         [K
pulling 161e5d878840: 100% ▕██████████████████▏ 3.7 KB                         [K
pulling fc1ffc71ab8e: 100% ▕██████████████████▏ 1.6 KB                         [K
pulling bee89e20d457: 100% ▕██████████████████▏   31 B                         [K
pulling f7ce8f326f5d: 100% ▕██████████████████▏ 1.1 KB                         [K
verifying sha256 digest ⠴ [K[?25h[?2026l[?2026h[?25l[A[A[A[A[A[A[A[A[1Gpulling manifest [K
pulling 9d507a36062c: 100% ▕██████████████████▏  67 GB                         [K
pulling 399a8a5a36db: 100% ▕██████████████████▏ 7.8 KB                         [K
pulling 24ca191a372b: 100% ▕██████████████████▏ 6.0 KB                         [K
pulling 161e5d878840: 100% ▕██████████████████▏ 3.7 KB                         [K
pulling fc1ffc71ab8e: 100% ▕██████████████████▏ 1.6 KB                         [K
pulling bee89e20d457: 100% ▕██████████████████▏   31 B                         [K
pulling f7ce8f326f5d: 100% ▕██████████████████▏ 1.1 KB                         [K
verifying sha256 digest ⠦ [K[?25h[?2026l[?2026h[?25l[A[A[A[A[A[A[A[A[1Gpulling manifest [K
pulling 9d507a36062c: 100% ▕██████████████████▏  67 GB                         [K
pulling 399a8a5a36db: 100% ▕██████████████████▏ 7.8 KB                         [K
pulling 24ca191a372b: 100% ▕██████████████████▏ 6.0 KB                         [K
pulling 161e5d878840: 100% ▕██████████████████▏ 3.7 KB                         [K
pulling fc1ffc71ab8e: 100% ▕██████████████████▏ 1.6 KB                         [K
pulling bee89e20d457: 100% ▕██████████████████▏   31 B                         [K
pulling f7ce8f326f5d: 100% ▕██████████████████▏ 1.1 KB                         [K
verifying sha256 digest ⠧ [K[?25h[?2026l[?2026h[?25l[A[A[A[A[A[A[A[A[1Gpulling manifest [K
pulling 9d507a36062c: 100% ▕██████████████████▏  67 GB                         [K
pulling 399a8a5a36db: 100% ▕██████████████████▏ 7.8 KB                         [K
pulling 24ca191a372b: 100% ▕██████████████████▏ 6.0 KB                         [K
pulling 161e5d878840: 100% ▕██████████████████▏ 3.7 KB                         [K
pulling fc1ffc71ab8e: 100% ▕██████████████████▏ 1.6 KB                         [K
pulling bee89e20d457: 100% ▕██████████████████▏   31 B                         [K
pulling f7ce8f326f5d: 100% ▕██████████████████▏ 1.1 KB                         [K
verifying sha256 digest ⠇ [K[?25h[?2026l[?2026h[?25l[A[A[A[A[A[A[A[A[1Gpulling manifest [K
pulling 9d507a36062c: 100% ▕██████████████████▏  67 GB                         [K
pulling 399a8a5a36db: 100% ▕██████████████████▏ 7.8 KB                         [K
pulling 24ca191a372b: 100% ▕██████████████████▏ 6.0 KB                         [K
pulling 161e5d878840: 100% ▕██████████████████▏ 3.7 KB                         [K
pulling fc1ffc71ab8e: 100% ▕██████████████████▏ 1.6 KB                         [K
pulling bee89e20d457: 100% ▕██████████████████▏   31 B                         [K
pulling f7ce8f326f5d: 100% ▕██████████████████▏ 1.1 KB                         [K
verifying sha256 digest ⠏ [K[?25h[?2026l[?2026h[?25l[A[A[A[A[A[A[A[A[1Gpulling manifest [K
pulling 9d507a36062c: 100% ▕██████████████████▏  67 GB                         [K
pulling 399a8a5a36db: 100% ▕██████████████████▏ 7.8 KB                         [K
pulling 24ca191a372b: 100% ▕██████████████████▏ 6.0 KB                         [K
pulling 161e5d878840: 100% ▕██████████████████▏ 3.7 KB                         [K
pulling fc1ffc71ab8e: 100% ▕██████████████████▏ 1.6 KB                         [K
pulling bee89e20d457: 100% ▕██████████████████▏   31 B                         [K
pulling f7ce8f326f5d: 100% ▕██████████████████▏ 1.1 KB                         [K
verifying sha256 digest ⠋ [K[?25h[?2026l[?2026h[?25l[A[A[A[A[A[A[A[A[1Gpulling manifest [K
pulling 9d507a36062c: 100% ▕██████████████████▏  67 GB                         [K
pulling 399a8a5a36db: 100% ▕██████████████████▏ 7.8 KB                         [K
pulling 24ca191a372b: 100% ▕██████████████████▏ 6.0 KB                         [K
pulling 161e5d878840: 100% ▕██████████████████▏ 3.7 KB                         [K
pulling fc1ffc71ab8e: 100% ▕██████████████████▏ 1.6 KB                         [K
pulling bee89e20d457: 100% ▕██████████████████▏   31 B                         [K
pulling f7ce8f326f5d: 100% ▕██████████████████▏ 1.1 KB                         [K
verifying sha256 digest ⠙ [K[?25h[?2026l[?2026h[?25l[A[A[A[A[A[A[A[A[1Gpulling manifest [K
pulling 9d507a36062c: 100% ▕██████████████████▏  67 GB                         [K
pulling 399a8a5a36db: 100% ▕██████████████████▏ 7.8 KB                         [K
pulling 24ca191a372b: 100% ▕██████████████████▏ 6.0 KB                         [K
pulling 161e5d878840: 100% ▕██████████████████▏ 3.7 KB                         [K
pulling fc1ffc71ab8e: 100% ▕██████████████████▏ 1.6 KB                         [K
pulling bee89e20d457: 100% ▕██████████████████▏   31 B                         [K
pulling f7ce8f326f5d: 100% ▕██████████████████▏ 1.1 KB                         [K
verifying sha256 digest ⠹ [K[?25h[?2026l[?2026h[?25l[A[A[A[A[A[A[A[A[1Gpulling manifest [K
pulling 9d507a36062c: 100% ▕██████████████████▏  67 GB                         [K
pulling 399a8a5a36db: 100% ▕██████████████████▏ 7.8 KB                         [K
pulling 24ca191a372b: 100% ▕██████████████████▏ 6.0 KB                         [K
pulling 161e5d878840: 100% ▕██████████████████▏ 3.7 KB                         [K
pulling fc1ffc71ab8e: 100% ▕██████████████████▏ 1.6 KB                         [K
pulling bee89e20d457: 100% ▕██████████████████▏   31 B                         [K
pulling f7ce8f326f5d: 100% ▕██████████████████▏ 1.1 KB                         [K
verifying sha256 digest ⠸ [K[?25h[?2026l[?2026h[?25l[A[A[A[A[A[A[A[A[1Gpulling manifest [K
pulling 9d507a36062c: 100% ▕██████████████████▏  67 GB                         [K
pulling 399a8a5a36db: 100% ▕██████████████████▏ 7.8 KB                         [K
pulling 24ca191a372b: 100% ▕██████████████████▏ 6.0 KB                         [K
pulling 161e5d878840: 100% ▕██████████████████▏ 3.7 KB                         [K
pulling fc1ffc71ab8e: 100% ▕██████████████████▏ 1.6 KB                         [K
pulling bee89e20d457: 100% ▕██████████████████▏   31 B                         [K
pulling f7ce8f326f5d: 100% ▕██████████████████▏ 1.1 KB                         [K
verifying sha256 digest ⠼ [K[?25h[?2026l[?2026h[?25l[A[A[A[A[A[A[A[A[1Gpulling manifest [K
pulling 9d507a36062c: 100% ▕██████████████████▏  67 GB                         [K
pulling 399a8a5a36db: 100% ▕██████████████████▏ 7.8 KB                         [K
pulling 24ca191a372b: 100% ▕██████████████████▏ 6.0 KB                         [K
pulling 161e5d878840: 100% ▕██████████████████▏ 3.7 KB                         [K
pulling fc1ffc71ab8e: 100% ▕██████████████████▏ 1.6 KB                         [K
pulling bee89e20d457: 100% ▕██████████████████▏   31 B                         [K
pulling f7ce8f326f5d: 100% ▕██████████████████▏ 1.1 KB                         [K
verifying sha256 digest ⠴ [K[?25h[?2026l[?2026h[?25l[A[A[A[A[A[A[A[A[1Gpulling manifest [K
pulling 9d507a36062c: 100% ▕██████████████████▏  67 GB                         [K
pulling 399a8a5a36db: 100% ▕██████████████████▏ 7.8 KB                         [K
pulling 24ca191a372b: 100% ▕██████████████████▏ 6.0 KB                         [K
pulling 161e5d878840: 100% ▕██████████████████▏ 3.7 KB                         [K
pulling fc1ffc71ab8e: 100% ▕██████████████████▏ 1.6 KB                         [K
pulling bee89e20d457: 100% ▕██████████████████▏   31 B                         [K
pulling f7ce8f326f5d: 100% ▕██████████████████▏ 1.1 KB                         [K
verifying sha256 digest ⠦ [K[?25h[?2026l[?2026h[?25l[A[A[A[A[A[A[A[A[1Gpulling manifest [K
pulling 9d507a36062c: 100% ▕██████████████████▏  67 GB                         [K
pulling 399a8a5a36db: 100% ▕██████████████████▏ 7.8 KB                         [K
pulling 24ca191a372b: 100% ▕██████████████████▏ 6.0 KB                         [K
pulling 161e5d878840: 100% ▕██████████████████▏ 3.7 KB                         [K
pulling fc1ffc71ab8e: 100% ▕██████████████████▏ 1.6 KB                         [K
pulling bee89e20d457: 100% ▕██████████████████▏   31 B                         [K
pulling f7ce8f326f5d: 100% ▕██████████████████▏ 1.1 KB                         [K
verifying sha256 digest ⠧ [K[?25h[?2026l[?2026h[?25l[A[A[A[A[A[A[A[A[1Gpulling manifest [K
pulling 9d507a36062c: 100% ▕██████████████████▏  67 GB                         [K
pulling 399a8a5a36db: 100% ▕██████████████████▏ 7.8 KB                         [K
pulling 24ca191a372b: 100% ▕██████████████████▏ 6.0 KB                         [K
pulling 161e5d878840: 100% ▕██████████████████▏ 3.7 KB                         [K
pulling fc1ffc71ab8e: 100% ▕██████████████████▏ 1.6 KB                         [K
pulling bee89e20d457: 100% ▕██████████████████▏   31 B                         [K
pulling f7ce8f326f5d: 100% ▕██████████████████▏ 1.1 KB                         [K
verifying sha256 digest ⠇ [K[?25h[?2026l[?2026h[?25l[A[A[A[A[A[A[A[A[1Gpulling manifest [K
pulling 9d507a36062c: 100% ▕██████████████████▏  67 GB                         [K
pulling 399a8a5a36db: 100% ▕██████████████████▏ 7.8 KB                         [K
pulling 24ca191a372b: 100% ▕██████████████████▏ 6.0 KB                         [K
pulling 161e5d878840: 100% ▕██████████████████▏ 3.7 KB                         [K
pulling fc1ffc71ab8e: 100% ▕██████████████████▏ 1.6 KB                         [K
pulling bee89e20d457: 100% ▕██████████████████▏   31 B                         [K
pulling f7ce8f326f5d: 100% ▕██████████████████▏ 1.1 KB                         [K
verifying sha256 digest ⠏ [K[?25h[?2026l[?2026h[?25l[A[A[A[A[A[A[A[A[1Gpulling manifest [K
pulling 9d507a36062c: 100% ▕██████████████████▏  67 GB                         [K
pulling 399a8a5a36db: 100% ▕██████████████████▏ 7.8 KB                         [K
pulling 24ca191a372b: 100% ▕██████████████████▏ 6.0 KB                         [K
pulling 161e5d878840: 100% ▕██████████████████▏ 3.7 KB                         [K
pulling fc1ffc71ab8e: 100% ▕██████████████████▏ 1.6 KB                         [K
pulling bee89e20d457: 100% ▕██████████████████▏   31 B                         [K
pulling f7ce8f326f5d: 100% ▕██████████████████▏ 1.1 KB                         [K
verifying sha256 digest ⠋ [K[?25h[?2026l[?2026h[?25l[A[A[A[A[A[A[A[A[1Gpulling manifest [K
pulling 9d507a36062c: 100% ▕██████████████████▏  67 GB                         [K
pulling 399a8a5a36db: 100% ▕██████████████████▏ 7.8 KB                         [K
pulling 24ca191a372b: 100% ▕██████████████████▏ 6.0 KB                         [K
pulling 161e5d878840: 100% ▕██████████████████▏ 3.7 KB                         [K
pulling fc1ffc71ab8e: 100% ▕██████████████████▏ 1.6 KB                         [K
pulling bee89e20d457: 100% ▕██████████████████▏   31 B                         [K
pulling f7ce8f326f5d: 100% ▕██████████████████▏ 1.1 KB                         [K
verifying sha256 digest ⠙ [K[?25h[?2026l[?2026h[?25l[A[A[A[A[A[A[A[A[1Gpulling manifest [K
pulling 9d507a36062c: 100% ▕██████████████████▏  67 GB                         [K
pulling 399a8a5a36db: 100% ▕██████████████████▏ 7.8 KB                         [K
pulling 24ca191a372b: 100% ▕██████████████████▏ 6.0 KB                         [K
pulling 161e5d878840: 100% ▕██████████████████▏ 3.7 KB                         [K
pulling fc1ffc71ab8e: 100% ▕██████████████████▏ 1.6 KB                         [K
pulling bee89e20d457: 100% ▕██████████████████▏   31 B                         [K
pulling f7ce8f326f5d: 100% ▕██████████████████▏ 1.1 KB                         [K
verifying sha256 digest ⠹ [K[?25h[?2026l[?2026h[?25l[A[A[A[A[A[A[A[A[1Gpulling manifest [K
pulling 9d507a36062c: 100% ▕██████████████████▏  67 GB                         [K
pulling 399a8a5a36db: 100% ▕██████████████████▏ 7.8 KB                         [K
pulling 24ca191a372b: 100% ▕██████████████████▏ 6.0 KB                         [K
pulling 161e5d878840: 100% ▕██████████████████▏ 3.7 KB                         [K
pulling fc1ffc71ab8e: 100% ▕██████████████████▏ 1.6 KB                         [K
pulling bee89e20d457: 100% ▕██████████████████▏   31 B                         [K
pulling f7ce8f326f5d: 100% ▕██████████████████▏ 1.1 KB                         [K
verifying sha256 digest ⠸ [K[?25h[?2026l[?2026h[?25l[A[A[A[A[A[A[A[A[1Gpulling manifest [K
pulling 9d507a36062c: 100% ▕██████████████████▏  67 GB                         [K
pulling 399a8a5a36db: 100% ▕██████████████████▏ 7.8 KB                         [K
pulling 24ca191a372b: 100% ▕██████████████████▏ 6.0 KB                         [K
pulling 161e5d878840: 100% ▕██████████████████▏ 3.7 KB                         [K
pulling fc1ffc71ab8e: 100% ▕██████████████████▏ 1.6 KB                         [K
pulling bee89e20d457: 100% ▕██████████████████▏   31 B                         [K
pulling f7ce8f326f5d: 100% ▕██████████████████▏ 1.1 KB                         [K
verifying sha256 digest ⠼ [K[?25h[?2026l[?2026h[?25l[A[A[A[A[A[A[A[A[1Gpulling manifest [K
pulling 9d507a36062c: 100% ▕██████████████████▏  67 GB                         [K
pulling 399a8a5a36db: 100% ▕██████████████████▏ 7.8 KB                         [K
pulling 24ca191a372b: 100% ▕██████████████████▏ 6.0 KB                         [K
pulling 161e5d878840: 100% ▕██████████████████▏ 3.7 KB                         [K
pulling fc1ffc71ab8e: 100% ▕██████████████████▏ 1.6 KB                         [K
pulling bee89e20d457: 100% ▕██████████████████▏   31 B                         [K
pulling f7ce8f326f5d: 100% ▕██████████████████▏ 1.1 KB                         [K
verifying sha256 digest ⠴ [K[?25h[?2026l[?2026h[?25l[A[A[A[A[A[A[A[A[1Gpulling manifest [K
pulling 9d507a36062c: 100% ▕██████████████████▏  67 GB                         [K
pulling 399a8a5a36db: 100% ▕██████████████████▏ 7.8 KB                         [K
pulling 24ca191a372b: 100% ▕██████████████████▏ 6.0 KB                         [K
pulling 161e5d878840: 100% ▕██████████████████▏ 3.7 KB                         [K
pulling fc1ffc71ab8e: 100% ▕██████████████████▏ 1.6 KB                         [K
pulling bee89e20d457: 100% ▕██████████████████▏   31 B                         [K
pulling f7ce8f326f5d: 100% ▕██████████████████▏ 1.1 KB                         [K
verifying sha256 digest ⠦ [K[?25h[?2026l[?2026h[?25l[A[A[A[A[A[A[A[A[1Gpulling manifest [K
pulling 9d507a36062c: 100% ▕██████████████████▏  67 GB                         [K
pulling 399a8a5a36db: 100% ▕██████████████████▏ 7.8 KB                         [K
pulling 24ca191a372b: 100% ▕██████████████████▏ 6.0 KB                         [K
pulling 161e5d878840: 100% ▕██████████████████▏ 3.7 KB                         [K
pulling fc1ffc71ab8e: 100% ▕██████████████████▏ 1.6 KB                         [K
pulling bee89e20d457: 100% ▕██████████████████▏   31 B                         [K
pulling f7ce8f326f5d: 100% ▕██████████████████▏ 1.1 KB                         [K
verifying sha256 digest ⠧ [K[?25h[?2026l[?2026h[?25l[A[A[A[A[A[A[A[A[1Gpulling manifest [K
pulling 9d507a36062c: 100% ▕██████████████████▏  67 GB                         [K
pulling 399a8a5a36db: 100% ▕██████████████████▏ 7.8 KB                         [K
pulling 24ca191a372b: 100% ▕██████████████████▏ 6.0 KB                         [K
pulling 161e5d878840: 100% ▕██████████████████▏ 3.7 KB                         [K
pulling fc1ffc71ab8e: 100% ▕██████████████████▏ 1.6 KB                         [K
pulling bee89e20d457: 100% ▕██████████████████▏   31 B                         [K
pulling f7ce8f326f5d: 100% ▕██████████████████▏ 1.1 KB                         [K
verifying sha256 digest ⠇ [K[?25h[?2026l[?2026h[?25l[A[A[A[A[A[A[A[A[1Gpulling manifest [K
pulling 9d507a36062c: 100% ▕██████████████████▏  67 GB                         [K
pulling 399a8a5a36db: 100% ▕██████████████████▏ 7.8 KB                         [K
pulling 24ca191a372b: 100% ▕██████████████████▏ 6.0 KB                         [K
pulling 161e5d878840: 100% ▕██████████████████▏ 3.7 KB                         [K
pulling fc1ffc71ab8e: 100% ▕██████████████████▏ 1.6 KB                         [K
pulling bee89e20d457: 100% ▕██████████████████▏   31 B                         [K
pulling f7ce8f326f5d: 100% ▕██████████████████▏ 1.1 KB                         [K
verifying sha256 digest ⠏ [K[?25h[?2026l[?2026h[?25l[A[A[A[A[A[A[A[A[1Gpulling manifest [K
pulling 9d507a36062c: 100% ▕██████████████████▏  67 GB                         [K
pulling 399a8a5a36db: 100% ▕██████████████████▏ 7.8 KB                         [K
pulling 24ca191a372b: 100% ▕██████████████████▏ 6.0 KB                         [K
pulling 161e5d878840: 100% ▕██████████████████▏ 3.7 KB                         [K
pulling fc1ffc71ab8e: 100% ▕██████████████████▏ 1.6 KB                         [K
pulling bee89e20d457: 100% ▕██████████████████▏   31 B                         [K
pulling f7ce8f326f5d: 100% ▕██████████████████▏ 1.1 KB                         [K
verifying sha256 digest ⠋ [K[?25h[?2026l[?2026h[?25l[A[A[A[A[A[A[A[A[1Gpulling manifest [K
pulling 9d507a36062c: 100% ▕██████████████████▏  67 GB                         [K
pulling 399a8a5a36db: 100% ▕██████████████████▏ 7.8 KB                         [K
pulling 24ca191a372b: 100% ▕██████████████████▏ 6.0 KB                         [K
pulling 161e5d878840: 100% ▕██████████████████▏ 3.7 KB                         [K
pulling fc1ffc71ab8e: 100% ▕██████████████████▏ 1.6 KB                         [K
pulling bee89e20d457: 100% ▕██████████████████▏   31 B                         [K
pulling f7ce8f326f5d: 100% ▕██████████████████▏ 1.1 KB                         [K
verifying sha256 digest ⠙ [K[?25h[?2026l[?2026h[?25l[A[A[A[A[A[A[A[A[1Gpulling manifest [K
pulling 9d507a36062c: 100% ▕██████████████████▏  67 GB                         [K
pulling 399a8a5a36db: 100% ▕██████████████████▏ 7.8 KB                         [K
pulling 24ca191a372b: 100% ▕██████████████████▏ 6.0 KB                         [K
pulling 161e5d878840: 100% ▕██████████████████▏ 3.7 KB                         [K
pulling fc1ffc71ab8e: 100% ▕██████████████████▏ 1.6 KB                         [K
pulling bee89e20d457: 100% ▕██████████████████▏   31 B                         [K
pulling f7ce8f326f5d: 100% ▕██████████████████▏ 1.1 KB                         [K
verifying sha256 digest ⠹ [K[?25h[?2026l[?2026h[?25l[A[A[A[A[A[A[A[A[1Gpulling manifest [K
pulling 9d507a36062c: 100% ▕██████████████████▏  67 GB                         [K
pulling 399a8a5a36db: 100% ▕██████████████████▏ 7.8 KB                         [K
pulling 24ca191a372b: 100% ▕██████████████████▏ 6.0 KB                         [K
pulling 161e5d878840: 100% ▕██████████████████▏ 3.7 KB                         [K
pulling fc1ffc71ab8e: 100% ▕██████████████████▏ 1.6 KB                         [K
pulling bee89e20d457: 100% ▕██████████████████▏   31 B                         [K
pulling f7ce8f326f5d: 100% ▕██████████████████▏ 1.1 KB                         [K
verifying sha256 digest ⠸ [K[?25h[?2026l[?2026h[?25l[A[A[A[A[A[A[A[A[1Gpulling manifest [K
pulling 9d507a36062c: 100% ▕██████████████████▏  67 GB                         [K
pulling 399a8a5a36db: 100% ▕██████████████████▏ 7.8 KB                         [K
pulling 24ca191a372b: 100% ▕██████████████████▏ 6.0 KB                         [K
pulling 161e5d878840: 100% ▕██████████████████▏ 3.7 KB                         [K
pulling fc1ffc71ab8e: 100% ▕██████████████████▏ 1.6 KB                         [K
pulling bee89e20d457: 100% ▕██████████████████▏   31 B                         [K
pulling f7ce8f326f5d: 100% ▕██████████████████▏ 1.1 KB                         [K
verifying sha256 digest ⠼ [K[?25h[?2026l[?2026h[?25l[A[A[A[A[A[A[A[A[1Gpulling manifest [K
pulling 9d507a36062c: 100% ▕██████████████████▏  67 GB                         [K
pulling 399a8a5a36db: 100% ▕██████████████████▏ 7.8 KB                         [K
pulling 24ca191a372b: 100% ▕██████████████████▏ 6.0 KB                         [K
pulling 161e5d878840: 100% ▕██████████████████▏ 3.7 KB                         [K
pulling fc1ffc71ab8e: 100% ▕██████████████████▏ 1.6 KB                         [K
pulling bee89e20d457: 100% ▕██████████████████▏   31 B                         [K
pulling f7ce8f326f5d: 100% ▕██████████████████▏ 1.1 KB                         [K
verifying sha256 digest ⠴ [K[?25h[?2026l[?2026h[?25l[A[A[A[A[A[A[A[A[1Gpulling manifest [K
pulling 9d507a36062c: 100% ▕██████████████████▏  67 GB                         [K
pulling 399a8a5a36db: 100% ▕██████████████████▏ 7.8 KB                         [K
pulling 24ca191a372b: 100% ▕██████████████████▏ 6.0 KB                         [K
pulling 161e5d878840: 100% ▕██████████████████▏ 3.7 KB                         [K
pulling fc1ffc71ab8e: 100% ▕██████████████████▏ 1.6 KB                         [K
pulling bee89e20d457: 100% ▕██████████████████▏   31 B                         [K
pulling f7ce8f326f5d: 100% ▕██████████████████▏ 1.1 KB                         [K
verifying sha256 digest ⠦ [K[?25h[?2026l[?2026h[?25l[A[A[A[A[A[A[A[A[1Gpulling manifest [K
pulling 9d507a36062c: 100% ▕██████████████████▏  67 GB                         [K
pulling 399a8a5a36db: 100% ▕██████████████████▏ 7.8 KB                         [K
pulling 24ca191a372b: 100% ▕██████████████████▏ 6.0 KB                         [K
pulling 161e5d878840: 100% ▕██████████████████▏ 3.7 KB                         [K
pulling fc1ffc71ab8e: 100% ▕██████████████████▏ 1.6 KB                         [K
pulling bee89e20d457: 100% ▕██████████████████▏   31 B                         [K
pulling f7ce8f326f5d: 100% ▕██████████████████▏ 1.1 KB                         [K
verifying sha256 digest ⠧ [K[?25h[?2026l[?2026h[?25l[A[A[A[A[A[A[A[A[1Gpulling manifest [K
pulling 9d507a36062c: 100% ▕██████████████████▏  67 GB                         [K
pulling 399a8a5a36db: 100% ▕██████████████████▏ 7.8 KB                         [K
pulling 24ca191a372b: 100% ▕██████████████████▏ 6.0 KB                         [K
pulling 161e5d878840: 100% ▕██████████████████▏ 3.7 KB                         [K
pulling fc1ffc71ab8e: 100% ▕██████████████████▏ 1.6 KB                         [K
pulling bee89e20d457: 100% ▕██████████████████▏   31 B                         [K
pulling f7ce8f326f5d: 100% ▕██████████████████▏ 1.1 KB                         [K
verifying sha256 digest ⠇ [K[?25h[?2026l[?2026h[?25l[A[A[A[A[A[A[A[A[1Gpulling manifest [K
pulling 9d507a36062c: 100% ▕██████████████████▏  67 GB                         [K
pulling 399a8a5a36db: 100% ▕██████████████████▏ 7.8 KB                         [K
pulling 24ca191a372b: 100% ▕██████████████████▏ 6.0 KB                         [K
pulling 161e5d878840: 100% ▕██████████████████▏ 3.7 KB                         [K
pulling fc1ffc71ab8e: 100% ▕██████████████████▏ 1.6 KB                         [K
pulling bee89e20d457: 100% ▕██████████████████▏   31 B                         [K
pulling f7ce8f326f5d: 100% ▕██████████████████▏ 1.1 KB                         [K
verifying sha256 digest ⠏ [K[?25h[?2026l[?2026h[?25l[A[A[A[A[A[A[A[A[1Gpulling manifest [K
pulling 9d507a36062c: 100% ▕██████████████████▏  67 GB                         [K
pulling 399a8a5a36db: 100% ▕██████████████████▏ 7.8 KB                         [K
pulling 24ca191a372b: 100% ▕██████████████████▏ 6.0 KB                         [K
pulling 161e5d878840: 100% ▕██████████████████▏ 3.7 KB                         [K
pulling fc1ffc71ab8e: 100% ▕██████████████████▏ 1.6 KB                         [K
pulling bee89e20d457: 100% ▕██████████████████▏   31 B                         [K
pulling f7ce8f326f5d: 100% ▕██████████████████▏ 1.1 KB                         [K
verifying sha256 digest ⠋ [K[?25h[?2026l[?2026h[?25l[A[A[A[A[A[A[A[A[1Gpulling manifest [K
pulling 9d507a36062c: 100% ▕██████████████████▏  67 GB                         [K
pulling 399a8a5a36db: 100% ▕██████████████████▏ 7.8 KB                         [K
pulling 24ca191a372b: 100% ▕██████████████████▏ 6.0 KB                         [K
pulling 161e5d878840: 100% ▕██████████████████▏ 3.7 KB                         [K
pulling fc1ffc71ab8e: 100% ▕██████████████████▏ 1.6 KB                         [K
pulling bee89e20d457: 100% ▕██████████████████▏   31 B                         [K
pulling f7ce8f326f5d: 100% ▕██████████████████▏ 1.1 KB                         [K
verifying sha256 digest ⠙ [K[?25h[?2026l[?2026h[?25l[A[A[A[A[A[A[A[A[1Gpulling manifest [K
pulling 9d507a36062c: 100% ▕██████████████████▏  67 GB                         [K
pulling 399a8a5a36db: 100% ▕██████████████████▏ 7.8 KB                         [K
pulling 24ca191a372b: 100% ▕██████████████████▏ 6.0 KB                         [K
pulling 161e5d878840: 100% ▕██████████████████▏ 3.7 KB                         [K
pulling fc1ffc71ab8e: 100% ▕██████████████████▏ 1.6 KB                         [K
pulling bee89e20d457: 100% ▕██████████████████▏   31 B                         [K
pulling f7ce8f326f5d: 100% ▕██████████████████▏ 1.1 KB                         [K
verifying sha256 digest ⠹ [K[?25h[?2026l[?2026h[?25l[A[A[A[A[A[A[A[A[1Gpulling manifest [K
pulling 9d507a36062c: 100% ▕██████████████████▏  67 GB                         [K
pulling 399a8a5a36db: 100% ▕██████████████████▏ 7.8 KB                         [K
pulling 24ca191a372b: 100% ▕██████████████████▏ 6.0 KB                         [K
pulling 161e5d878840: 100% ▕██████████████████▏ 3.7 KB                         [K
pulling fc1ffc71ab8e: 100% ▕██████████████████▏ 1.6 KB                         [K
pulling bee89e20d457: 100% ▕██████████████████▏   31 B                         [K
pulling f7ce8f326f5d: 100% ▕██████████████████▏ 1.1 KB                         [K
verifying sha256 digest ⠸ [K[?25h[?2026l[?2026h[?25l[A[A[A[A[A[A[A[A[1Gpulling manifest [K
pulling 9d507a36062c: 100% ▕██████████████████▏  67 GB                         [K
pulling 399a8a5a36db: 100% ▕██████████████████▏ 7.8 KB                         [K
pulling 24ca191a372b: 100% ▕██████████████████▏ 6.0 KB                         [K
pulling 161e5d878840: 100% ▕██████████████████▏ 3.7 KB                         [K
pulling fc1ffc71ab8e: 100% ▕██████████████████▏ 1.6 KB                         [K
pulling bee89e20d457: 100% ▕██████████████████▏   31 B                         [K
pulling f7ce8f326f5d: 100% ▕██████████████████▏ 1.1 KB                         [K
verifying sha256 digest ⠼ [K[?25h[?2026l[?2026h[?25l[A[A[A[A[A[A[A[A[1Gpulling manifest [K
pulling 9d507a36062c: 100% ▕██████████████████▏  67 GB                         [K
pulling 399a8a5a36db: 100% ▕██████████████████▏ 7.8 KB                         [K
pulling 24ca191a372b: 100% ▕██████████████████▏ 6.0 KB                         [K
pulling 161e5d878840: 100% ▕██████████████████▏ 3.7 KB                         [K
pulling fc1ffc71ab8e: 100% ▕██████████████████▏ 1.6 KB                         [K
pulling bee89e20d457: 100% ▕██████████████████▏   31 B                         [K
pulling f7ce8f326f5d: 100% ▕██████████████████▏ 1.1 KB                         [K
verifying sha256 digest ⠴ [K[?25h[?2026l[?2026h[?25l[A[A[A[A[A[A[A[A[1Gpulling manifest [K
pulling 9d507a36062c: 100% ▕██████████████████▏  67 GB                         [K
pulling 399a8a5a36db: 100% ▕██████████████████▏ 7.8 KB                         [K
pulling 24ca191a372b: 100% ▕██████████████████▏ 6.0 KB                         [K
pulling 161e5d878840: 100% ▕██████████████████▏ 3.7 KB                         [K
pulling fc1ffc71ab8e: 100% ▕██████████████████▏ 1.6 KB                         [K
pulling bee89e20d457: 100% ▕██████████████████▏   31 B                         [K
pulling f7ce8f326f5d: 100% ▕██████████████████▏ 1.1 KB                         [K
verifying sha256 digest ⠦ [K[?25h[?2026l[?2026h[?25l[A[A[A[A[A[A[A[A[1Gpulling manifest [K
pulling 9d507a36062c: 100% ▕██████████████████▏  67 GB                         [K
pulling 399a8a5a36db: 100% ▕██████████████████▏ 7.8 KB                         [K
pulling 24ca191a372b: 100% ▕██████████████████▏ 6.0 KB                         [K
pulling 161e5d878840: 100% ▕██████████████████▏ 3.7 KB                         [K
pulling fc1ffc71ab8e: 100% ▕██████████████████▏ 1.6 KB                         [K
pulling bee89e20d457: 100% ▕██████████████████▏   31 B                         [K
pulling f7ce8f326f5d: 100% ▕██████████████████▏ 1.1 KB                         [K
verifying sha256 digest ⠧ [K[?25h[?2026l[?2026h[?25l[A[A[A[A[A[A[A[A[1Gpulling manifest [K
pulling 9d507a36062c: 100% ▕██████████████████▏  67 GB                         [K
pulling 399a8a5a36db: 100% ▕██████████████████▏ 7.8 KB                         [K
pulling 24ca191a372b: 100% ▕██████████████████▏ 6.0 KB                         [K
pulling 161e5d878840: 100% ▕██████████████████▏ 3.7 KB                         [K
pulling fc1ffc71ab8e: 100% ▕██████████████████▏ 1.6 KB                         [K
pulling bee89e20d457: 100% ▕██████████████████▏   31 B                         [K
pulling f7ce8f326f5d: 100% ▕██████████████████▏ 1.1 KB                         [K
verifying sha256 digest ⠇ [K[?25h[?2026l[?2026h[?25l[A[A[A[A[A[A[A[A[1Gpulling manifest [K
pulling 9d507a36062c: 100% ▕██████████████████▏  67 GB                         [K
pulling 399a8a5a36db: 100% ▕██████████████████▏ 7.8 KB                         [K
pulling 24ca191a372b: 100% ▕██████████████████▏ 6.0 KB                         [K
pulling 161e5d878840: 100% ▕██████████████████▏ 3.7 KB                         [K
pulling fc1ffc71ab8e: 100% ▕██████████████████▏ 1.6 KB                         [K
pulling bee89e20d457: 100% ▕██████████████████▏   31 B                         [K
pulling f7ce8f326f5d: 100% ▕██████████████████▏ 1.1 KB                         [K
verifying sha256 digest ⠏ [K[?25h[?2026l[?2026h[?25l[A[A[A[A[A[A[A[A[1Gpulling manifest [K
pulling 9d507a36062c: 100% ▕██████████████████▏  67 GB                         [K
pulling 399a8a5a36db: 100% ▕██████████████████▏ 7.8 KB                         [K
pulling 24ca191a372b: 100% ▕██████████████████▏ 6.0 KB                         [K
pulling 161e5d878840: 100% ▕██████████████████▏ 3.7 KB                         [K
pulling fc1ffc71ab8e: 100% ▕██████████████████▏ 1.6 KB                         [K
pulling bee89e20d457: 100% ▕██████████████████▏   31 B                         [K
pulling f7ce8f326f5d: 100% ▕██████████████████▏ 1.1 KB                         [K
verifying sha256 digest ⠋ [K[?25h[?2026l[?2026h[?25l[A[A[A[A[A[A[A[A[1Gpulling manifest [K
pulling 9d507a36062c: 100% ▕██████████████████▏  67 GB                         [K
pulling 399a8a5a36db: 100% ▕██████████████████▏ 7.8 KB                         [K
pulling 24ca191a372b: 100% ▕██████████████████▏ 6.0 KB                         [K
pulling 161e5d878840: 100% ▕██████████████████▏ 3.7 KB                         [K
pulling fc1ffc71ab8e: 100% ▕██████████████████▏ 1.6 KB                         [K
pulling bee89e20d457: 100% ▕██████████████████▏   31 B                         [K
pulling f7ce8f326f5d: 100% ▕██████████████████▏ 1.1 KB                         [K
verifying sha256 digest ⠙ [K[?25h[?2026l[?2026h[?25l[A[A[A[A[A[A[A[A[1Gpulling manifest [K
pulling 9d507a36062c: 100% ▕██████████████████▏  67 GB                         [K
pulling 399a8a5a36db: 100% ▕██████████████████▏ 7.8 KB                         [K
pulling 24ca191a372b: 100% ▕██████████████████▏ 6.0 KB                         [K
pulling 161e5d878840: 100% ▕██████████████████▏ 3.7 KB                         [K
pulling fc1ffc71ab8e: 100% ▕██████████████████▏ 1.6 KB                         [K
pulling bee89e20d457: 100% ▕██████████████████▏   31 B                         [K
pulling f7ce8f326f5d: 100% ▕██████████████████▏ 1.1 KB                         [K
verifying sha256 digest ⠹ [K[?25h[?2026l[?2026h[?25l[A[A[A[A[A[A[A[A[1Gpulling manifest [K
pulling 9d507a36062c: 100% ▕██████████████████▏  67 GB                         [K
pulling 399a8a5a36db: 100% ▕██████████████████▏ 7.8 KB                         [K
pulling 24ca191a372b: 100% ▕██████████████████▏ 6.0 KB                         [K
pulling 161e5d878840: 100% ▕██████████████████▏ 3.7 KB                         [K
pulling fc1ffc71ab8e: 100% ▕██████████████████▏ 1.6 KB                         [K
pulling bee89e20d457: 100% ▕██████████████████▏   31 B                         [K
pulling f7ce8f326f5d: 100% ▕██████████████████▏ 1.1 KB                         [K
verifying sha256 digest ⠸ [K[?25h[?2026l[?2026h[?25l[A[A[A[A[A[A[A[A[1Gpulling manifest [K
pulling 9d507a36062c: 100% ▕██████████████████▏  67 GB                         [K
pulling 399a8a5a36db: 100% ▕██████████████████▏ 7.8 KB                         [K
pulling 24ca191a372b: 100% ▕██████████████████▏ 6.0 KB                         [K
pulling 161e5d878840: 100% ▕██████████████████▏ 3.7 KB                         [K
pulling fc1ffc71ab8e: 100% ▕██████████████████▏ 1.6 KB                         [K
pulling bee89e20d457: 100% ▕██████████████████▏   31 B                         [K
pulling f7ce8f326f5d: 100% ▕██████████████████▏ 1.1 KB                         [K
verifying sha256 digest ⠼ [K[?25h[?2026l[?2026h[?25l[A[A[A[A[A[A[A[A[1Gpulling manifest [K
pulling 9d507a36062c: 100% ▕██████████████████▏  67 GB                         [K
pulling 399a8a5a36db: 100% ▕██████████████████▏ 7.8 KB                         [K
pulling 24ca191a372b: 100% ▕██████████████████▏ 6.0 KB                         [K
pulling 161e5d878840: 100% ▕██████████████████▏ 3.7 KB                         [K
pulling fc1ffc71ab8e: 100% ▕██████████████████▏ 1.6 KB                         [K
pulling bee89e20d457: 100% ▕██████████████████▏   31 B                         [K
pulling f7ce8f326f5d: 100% ▕██████████████████▏ 1.1 KB                         [K
verifying sha256 digest ⠴ [K[?25h[?2026l[?2026h[?25l[A[A[A[A[A[A[A[A[1Gpulling manifest [K
pulling 9d507a36062c: 100% ▕██████████████████▏  67 GB                         [K
pulling 399a8a5a36db: 100% ▕██████████████████▏ 7.8 KB                         [K
pulling 24ca191a372b: 100% ▕██████████████████▏ 6.0 KB                         [K
pulling 161e5d878840: 100% ▕██████████████████▏ 3.7 KB                         [K
pulling fc1ffc71ab8e: 100% ▕██████████████████▏ 1.6 KB                         [K
pulling bee89e20d457: 100% ▕██████████████████▏   31 B                         [K
pulling f7ce8f326f5d: 100% ▕██████████████████▏ 1.1 KB                         [K
verifying sha256 digest ⠦ [K[?25h[?2026l[?2026h[?25l[A[A[A[A[A[A[A[A[1Gpulling manifest [K
pulling 9d507a36062c: 100% ▕██████████████████▏  67 GB                         [K
pulling 399a8a5a36db: 100% ▕██████████████████▏ 7.8 KB                         [K
pulling 24ca191a372b: 100% ▕██████████████████▏ 6.0 KB                         [K
pulling 161e5d878840: 100% ▕██████████████████▏ 3.7 KB                         [K
pulling fc1ffc71ab8e: 100% ▕██████████████████▏ 1.6 KB                         [K
pulling bee89e20d457: 100% ▕██████████████████▏   31 B                         [K
pulling f7ce8f326f5d: 100% ▕██████████████████▏ 1.1 KB                         [K
verifying sha256 digest ⠧ [K[?25h[?2026l[?2026h[?25l[A[A[A[A[A[A[A[A[1Gpulling manifest [K
pulling 9d507a36062c: 100% ▕██████████████████▏  67 GB                         [K
pulling 399a8a5a36db: 100% ▕██████████████████▏ 7.8 KB                         [K
pulling 24ca191a372b: 100% ▕██████████████████▏ 6.0 KB                         [K
pulling 161e5d878840: 100% ▕██████████████████▏ 3.7 KB                         [K
pulling fc1ffc71ab8e: 100% ▕██████████████████▏ 1.6 KB                         [K
pulling bee89e20d457: 100% ▕██████████████████▏   31 B                         [K
pulling f7ce8f326f5d: 100% ▕██████████████████▏ 1.1 KB                         [K
verifying sha256 digest ⠇ [K[?25h[?2026l[?2026h[?25l[A[A[A[A[A[A[A[A[1Gpulling manifest [K
pulling 9d507a36062c: 100% ▕██████████████████▏  67 GB                         [K
pulling 399a8a5a36db: 100% ▕██████████████████▏ 7.8 KB                         [K
pulling 24ca191a372b: 100% ▕██████████████████▏ 6.0 KB                         [K
pulling 161e5d878840: 100% ▕██████████████████▏ 3.7 KB                         [K
pulling fc1ffc71ab8e: 100% ▕██████████████████▏ 1.6 KB                         [K
pulling bee89e20d457: 100% ▕██████████████████▏   31 B                         [K
pulling f7ce8f326f5d: 100% ▕██████████████████▏ 1.1 KB                         [K
verifying sha256 digest ⠏ [K[?25h[?2026l[?2026h[?25l[A[A[A[A[A[A[A[A[1Gpulling manifest [K
pulling 9d507a36062c: 100% ▕██████████████████▏  67 GB                         [K
pulling 399a8a5a36db: 100% ▕██████████████████▏ 7.8 KB                         [K
pulling 24ca191a372b: 100% ▕██████████████████▏ 6.0 KB                         [K
pulling 161e5d878840: 100% ▕██████████████████▏ 3.7 KB                         [K
pulling fc1ffc71ab8e: 100% ▕██████████████████▏ 1.6 KB                         [K
pulling bee89e20d457: 100% ▕██████████████████▏   31 B                         [K
pulling f7ce8f326f5d: 100% ▕██████████████████▏ 1.1 KB                         [K
verifying sha256 digest ⠋ [K[?25h[?2026l[?2026h[?25l[A[A[A[A[A[A[A[A[1Gpulling manifest [K
pulling 9d507a36062c: 100% ▕██████████████████▏  67 GB                         [K
pulling 399a8a5a36db: 100% ▕██████████████████▏ 7.8 KB                         [K
pulling 24ca191a372b: 100% ▕██████████████████▏ 6.0 KB                         [K
pulling 161e5d878840: 100% ▕██████████████████▏ 3.7 KB                         [K
pulling fc1ffc71ab8e: 100% ▕██████████████████▏ 1.6 KB                         [K
pulling bee89e20d457: 100% ▕██████████████████▏   31 B                         [K
pulling f7ce8f326f5d: 100% ▕██████████████████▏ 1.1 KB                         [K
verifying sha256 digest ⠙ [K[?25h[?2026l[?2026h[?25l[A[A[A[A[A[A[A[A[1Gpulling manifest [K
pulling 9d507a36062c: 100% ▕██████████████████▏  67 GB                         [K
pulling 399a8a5a36db: 100% ▕██████████████████▏ 7.8 KB                         [K
pulling 24ca191a372b: 100% ▕██████████████████▏ 6.0 KB                         [K
pulling 161e5d878840: 100% ▕██████████████████▏ 3.7 KB                         [K
pulling fc1ffc71ab8e: 100% ▕██████████████████▏ 1.6 KB                         [K
pulling bee89e20d457: 100% ▕██████████████████▏   31 B                         [K
pulling f7ce8f326f5d: 100% ▕██████████████████▏ 1.1 KB                         [K
verifying sha256 digest ⠹ [K[?25h[?2026l[?2026h[?25l[A[A[A[A[A[A[A[A[1Gpulling manifest [K
pulling 9d507a36062c: 100% ▕██████████████████▏  67 GB                         [K
pulling 399a8a5a36db: 100% ▕██████████████████▏ 7.8 KB                         [K
pulling 24ca191a372b: 100% ▕██████████████████▏ 6.0 KB                         [K
pulling 161e5d878840: 100% ▕██████████████████▏ 3.7 KB                         [K
pulling fc1ffc71ab8e: 100% ▕██████████████████▏ 1.6 KB                         [K
pulling bee89e20d457: 100% ▕██████████████████▏   31 B                         [K
pulling f7ce8f326f5d: 100% ▕██████████████████▏ 1.1 KB                         [K
verifying sha256 digest ⠸ [K[?25h[?2026l[?2026h[?25l[A[A[A[A[A[A[A[A[1Gpulling manifest [K
pulling 9d507a36062c: 100% ▕██████████████████▏  67 GB                         [K
pulling 399a8a5a36db: 100% ▕██████████████████▏ 7.8 KB                         [K
pulling 24ca191a372b: 100% ▕██████████████████▏ 6.0 KB                         [K
pulling 161e5d878840: 100% ▕██████████████████▏ 3.7 KB                         [K
pulling fc1ffc71ab8e: 100% ▕██████████████████▏ 1.6 KB                         [K
pulling bee89e20d457: 100% ▕██████████████████▏   31 B                         [K
pulling f7ce8f326f5d: 100% ▕██████████████████▏ 1.1 KB                         [K
verifying sha256 digest ⠼ [K[?25h[?2026l[?2026h[?25l[A[A[A[A[A[A[A[A[1Gpulling manifest [K
pulling 9d507a36062c: 100% ▕██████████████████▏  67 GB                         [K
pulling 399a8a5a36db: 100% ▕██████████████████▏ 7.8 KB                         [K
pulling 24ca191a372b: 100% ▕██████████████████▏ 6.0 KB                         [K
pulling 161e5d878840: 100% ▕██████████████████▏ 3.7 KB                         [K
pulling fc1ffc71ab8e: 100% ▕██████████████████▏ 1.6 KB                         [K
pulling bee89e20d457: 100% ▕██████████████████▏   31 B                         [K
pulling f7ce8f326f5d: 100% ▕██████████████████▏ 1.1 KB                         [K
verifying sha256 digest ⠴ [K[?25h[?2026l[?2026h[?25l[A[A[A[A[A[A[A[A[1Gpulling manifest [K
pulling 9d507a36062c: 100% ▕██████████████████▏  67 GB                         [K
pulling 399a8a5a36db: 100% ▕██████████████████▏ 7.8 KB                         [K
pulling 24ca191a372b: 100% ▕██████████████████▏ 6.0 KB                         [K
pulling 161e5d878840: 100% ▕██████████████████▏ 3.7 KB                         [K
pulling fc1ffc71ab8e: 100% ▕██████████████████▏ 1.6 KB                         [K
pulling bee89e20d457: 100% ▕██████████████████▏   31 B                         [K
pulling f7ce8f326f5d: 100% ▕██████████████████▏ 1.1 KB                         [K
verifying sha256 digest ⠦ [K[?25h[?2026l[?2026h[?25l[A[A[A[A[A[A[A[A[1Gpulling manifest [K
pulling 9d507a36062c: 100% ▕██████████████████▏  67 GB                         [K
pulling 399a8a5a36db: 100% ▕██████████████████▏ 7.8 KB                         [K
pulling 24ca191a372b: 100% ▕██████████████████▏ 6.0 KB                         [K
pulling 161e5d878840: 100% ▕██████████████████▏ 3.7 KB                         [K
pulling fc1ffc71ab8e: 100% ▕██████████████████▏ 1.6 KB                         [K
pulling bee89e20d457: 100% ▕██████████████████▏   31 B                         [K
pulling f7ce8f326f5d: 100% ▕██████████████████▏ 1.1 KB                         [K
verifying sha256 digest ⠧ [K[?25h[?2026l[?2026h[?25l[A[A[A[A[A[A[A[A[1Gpulling manifest [K
pulling 9d507a36062c: 100% ▕██████████████████▏  67 GB                         [K
pulling 399a8a5a36db: 100% ▕██████████████████▏ 7.8 KB                         [K
pulling 24ca191a372b: 100% ▕██████████████████▏ 6.0 KB                         [K
pulling 161e5d878840: 100% ▕██████████████████▏ 3.7 KB                         [K
pulling fc1ffc71ab8e: 100% ▕██████████████████▏ 1.6 KB                         [K
pulling bee89e20d457: 100% ▕██████████████████▏   31 B                         [K
pulling f7ce8f326f5d: 100% ▕██████████████████▏ 1.1 KB                         [K
verifying sha256 digest ⠇ [K[?25h[?2026l[?2026h[?25l[A[A[A[A[A[A[A[A[1Gpulling manifest [K
pulling 9d507a36062c: 100% ▕██████████████████▏  67 GB                         [K
pulling 399a8a5a36db: 100% ▕██████████████████▏ 7.8 KB                         [K
pulling 24ca191a372b: 100% ▕██████████████████▏ 6.0 KB                         [K
pulling 161e5d878840: 100% ▕██████████████████▏ 3.7 KB                         [K
pulling fc1ffc71ab8e: 100% ▕██████████████████▏ 1.6 KB                         [K
pulling bee89e20d457: 100% ▕██████████████████▏   31 B                         [K
pulling f7ce8f326f5d: 100% ▕██████████████████▏ 1.1 KB                         [K
verifying sha256 digest ⠏ [K[?25h[?2026l[?2026h[?25l[A[A[A[A[A[A[A[A[1Gpulling manifest [K
pulling 9d507a36062c: 100% ▕██████████████████▏  67 GB                         [K
pulling 399a8a5a36db: 100% ▕██████████████████▏ 7.8 KB                         [K
pulling 24ca191a372b: 100% ▕██████████████████▏ 6.0 KB                         [K
pulling 161e5d878840: 100% ▕██████████████████▏ 3.7 KB                         [K
pulling fc1ffc71ab8e: 100% ▕██████████████████▏ 1.6 KB                         [K
pulling bee89e20d457: 100% ▕██████████████████▏   31 B                         [K
pulling f7ce8f326f5d: 100% ▕██████████████████▏ 1.1 KB                         [K
verifying sha256 digest ⠋ [K[?25h[?2026l[?2026h[?25l[A[A[A[A[A[A[A[A[1Gpulling manifest [K
pulling 9d507a36062c: 100% ▕██████████████████▏  67 GB                         [K
pulling 399a8a5a36db: 100% ▕██████████████████▏ 7.8 KB                         [K
pulling 24ca191a372b: 100% ▕██████████████████▏ 6.0 KB                         [K
pulling 161e5d878840: 100% ▕██████████████████▏ 3.7 KB                         [K
pulling fc1ffc71ab8e: 100% ▕██████████████████▏ 1.6 KB                         [K
pulling bee89e20d457: 100% ▕██████████████████▏   31 B                         [K
pulling f7ce8f326f5d: 100% ▕██████████████████▏ 1.1 KB                         [K
verifying sha256 digest ⠙ [K[?25h[?2026l[?2026h[?25l[A[A[A[A[A[A[A[A[1Gpulling manifest [K
pulling 9d507a36062c: 100% ▕██████████████████▏  67 GB                         [K
pulling 399a8a5a36db: 100% ▕██████████████████▏ 7.8 KB                         [K
pulling 24ca191a372b: 100% ▕██████████████████▏ 6.0 KB                         [K
pulling 161e5d878840: 100% ▕██████████████████▏ 3.7 KB                         [K
pulling fc1ffc71ab8e: 100% ▕██████████████████▏ 1.6 KB                         [K
pulling bee89e20d457: 100% ▕██████████████████▏   31 B                         [K
pulling f7ce8f326f5d: 100% ▕██████████████████▏ 1.1 KB                         [K
verifying sha256 digest ⠹ [K[?25h[?2026l[?2026h[?25l[A[A[A[A[A[A[A[A[1Gpulling manifest [K
pulling 9d507a36062c: 100% ▕██████████████████▏  67 GB                         [K
pulling 399a8a5a36db: 100% ▕██████████████████▏ 7.8 KB                         [K
pulling 24ca191a372b: 100% ▕██████████████████▏ 6.0 KB                         [K
pulling 161e5d878840: 100% ▕██████████████████▏ 3.7 KB                         [K
pulling fc1ffc71ab8e: 100% ▕██████████████████▏ 1.6 KB                         [K
pulling bee89e20d457: 100% ▕██████████████████▏   31 B                         [K
pulling f7ce8f326f5d: 100% ▕██████████████████▏ 1.1 KB                         [K
verifying sha256 digest ⠸ [K[?25h[?2026l[?2026h[?25l[A[A[A[A[A[A[A[A[1Gpulling manifest [K
pulling 9d507a36062c: 100% ▕██████████████████▏  67 GB                         [K
pulling 399a8a5a36db: 100% ▕██████████████████▏ 7.8 KB                         [K
pulling 24ca191a372b: 100% ▕██████████████████▏ 6.0 KB                         [K
pulling 161e5d878840: 100% ▕██████████████████▏ 3.7 KB                         [K
pulling fc1ffc71ab8e: 100% ▕██████████████████▏ 1.6 KB                         [K
pulling bee89e20d457: 100% ▕██████████████████▏   31 B                         [K
pulling f7ce8f326f5d: 100% ▕██████████████████▏ 1.1 KB                         [K
verifying sha256 digest ⠼ [K[?25h[?2026l[?2026h[?25l[A[A[A[A[A[A[A[A[1Gpulling manifest [K
pulling 9d507a36062c: 100% ▕██████████████████▏  67 GB                         [K
pulling 399a8a5a36db: 100% ▕██████████████████▏ 7.8 KB                         [K
pulling 24ca191a372b: 100% ▕██████████████████▏ 6.0 KB                         [K
pulling 161e5d878840: 100% ▕██████████████████▏ 3.7 KB                         [K
pulling fc1ffc71ab8e: 100% ▕██████████████████▏ 1.6 KB                         [K
pulling bee89e20d457: 100% ▕██████████████████▏   31 B                         [K
pulling f7ce8f326f5d: 100% ▕██████████████████▏ 1.1 KB                         [K
verifying sha256 digest ⠴ [K[?25h[?2026l[?2026h[?25l[A[A[A[A[A[A[A[A[1Gpulling manifest [K
pulling 9d507a36062c: 100% ▕██████████████████▏  67 GB                         [K
pulling 399a8a5a36db: 100% ▕██████████████████▏ 7.8 KB                         [K
pulling 24ca191a372b: 100% ▕██████████████████▏ 6.0 KB                         [K
pulling 161e5d878840: 100% ▕██████████████████▏ 3.7 KB                         [K
pulling fc1ffc71ab8e: 100% ▕██████████████████▏ 1.6 KB                         [K
pulling bee89e20d457: 100% ▕██████████████████▏   31 B                         [K
pulling f7ce8f326f5d: 100% ▕██████████████████▏ 1.1 KB                         [K
verifying sha256 digest ⠦ [K[?25h[?2026l[?2026h[?25l[A[A[A[A[A[A[A[A[1Gpulling manifest [K
pulling 9d507a36062c: 100% ▕██████████████████▏  67 GB                         [K
pulling 399a8a5a36db: 100% ▕██████████████████▏ 7.8 KB                         [K
pulling 24ca191a372b: 100% ▕██████████████████▏ 6.0 KB                         [K
pulling 161e5d878840: 100% ▕██████████████████▏ 3.7 KB                         [K
pulling fc1ffc71ab8e: 100% ▕██████████████████▏ 1.6 KB                         [K
pulling bee89e20d457: 100% ▕██████████████████▏   31 B                         [K
pulling f7ce8f326f5d: 100% ▕██████████████████▏ 1.1 KB                         [K
verifying sha256 digest ⠧ [K[?25h[?2026l[?2026h[?25l[A[A[A[A[A[A[A[A[1Gpulling manifest [K
pulling 9d507a36062c: 100% ▕██████████████████▏  67 GB                         [K
pulling 399a8a5a36db: 100% ▕██████████████████▏ 7.8 KB                         [K
pulling 24ca191a372b: 100% ▕██████████████████▏ 6.0 KB                         [K
pulling 161e5d878840: 100% ▕██████████████████▏ 3.7 KB                         [K
pulling fc1ffc71ab8e: 100% ▕██████████████████▏ 1.6 KB                         [K
pulling bee89e20d457: 100% ▕██████████████████▏   31 B                         [K
pulling f7ce8f326f5d: 100% ▕██████████████████▏ 1.1 KB                         [K
verifying sha256 digest ⠇ [K[?25h[?2026l[?2026h[?25l[A[A[A[A[A[A[A[A[1Gpulling manifest [K
pulling 9d507a36062c: 100% ▕██████████████████▏  67 GB                         [K
pulling 399a8a5a36db: 100% ▕██████████████████▏ 7.8 KB                         [K
pulling 24ca191a372b: 100% ▕██████████████████▏ 6.0 KB                         [K
pulling 161e5d878840: 100% ▕██████████████████▏ 3.7 KB                         [K
pulling fc1ffc71ab8e: 100% ▕██████████████████▏ 1.6 KB                         [K
pulling bee89e20d457: 100% ▕██████████████████▏   31 B                         [K
pulling f7ce8f326f5d: 100% ▕██████████████████▏ 1.1 KB                         [K
verifying sha256 digest ⠏ [K[?25h[?2026l[?2026h[?25l[A[A[A[A[A[A[A[A[1Gpulling manifest [K
pulling 9d507a36062c: 100% ▕██████████████████▏  67 GB                         [K
pulling 399a8a5a36db: 100% ▕██████████████████▏ 7.8 KB                         [K
pulling 24ca191a372b: 100% ▕██████████████████▏ 6.0 KB                         [K
pulling 161e5d878840: 100% ▕██████████████████▏ 3.7 KB                         [K
pulling fc1ffc71ab8e: 100% ▕██████████████████▏ 1.6 KB                         [K
pulling bee89e20d457: 100% ▕██████████████████▏   31 B                         [K
pulling f7ce8f326f5d: 100% ▕██████████████████▏ 1.1 KB                         [K
verifying sha256 digest ⠋ [K[?25h[?2026l[?2026h[?25l[A[A[A[A[A[A[A[A[1Gpulling manifest [K
pulling 9d507a36062c: 100% ▕██████████████████▏  67 GB                         [K
pulling 399a8a5a36db: 100% ▕██████████████████▏ 7.8 KB                         [K
pulling 24ca191a372b: 100% ▕██████████████████▏ 6.0 KB                         [K
pulling 161e5d878840: 100% ▕██████████████████▏ 3.7 KB                         [K
pulling fc1ffc71ab8e: 100% ▕██████████████████▏ 1.6 KB                         [K
pulling bee89e20d457: 100% ▕██████████████████▏   31 B                         [K
pulling f7ce8f326f5d: 100% ▕██████████████████▏ 1.1 KB                         [K
verifying sha256 digest ⠙ [K[?25h[?2026l[?2026h[?25l[A[A[A[A[A[A[A[A[1Gpulling manifest [K
pulling 9d507a36062c: 100% ▕██████████████████▏  67 GB                         [K
pulling 399a8a5a36db: 100% ▕██████████████████▏ 7.8 KB                         [K
pulling 24ca191a372b: 100% ▕██████████████████▏ 6.0 KB                         [K
pulling 161e5d878840: 100% ▕██████████████████▏ 3.7 KB                         [K
pulling fc1ffc71ab8e: 100% ▕██████████████████▏ 1.6 KB                         [K
pulling bee89e20d457: 100% ▕██████████████████▏   31 B                         [K
pulling f7ce8f326f5d: 100% ▕██████████████████▏ 1.1 KB                         [K
verifying sha256 digest ⠹ [K[?25h[?2026l[?2026h[?25l[A[A[A[A[A[A[A[A[1Gpulling manifest [K
pulling 9d507a36062c: 100% ▕██████████████████▏  67 GB                         [K
pulling 399a8a5a36db: 100% ▕██████████████████▏ 7.8 KB                         [K
pulling 24ca191a372b: 100% ▕██████████████████▏ 6.0 KB                         [K
pulling 161e5d878840: 100% ▕██████████████████▏ 3.7 KB                         [K
pulling fc1ffc71ab8e: 100% ▕██████████████████▏ 1.6 KB                         [K
pulling bee89e20d457: 100% ▕██████████████████▏   31 B                         [K
pulling f7ce8f326f5d: 100% ▕██████████████████▏ 1.1 KB                         [K
verifying sha256 digest ⠸ [K[?25h[?2026l[?2026h[?25l[A[A[A[A[A[A[A[A[1Gpulling manifest [K
pulling 9d507a36062c: 100% ▕██████████████████▏  67 GB                         [K
pulling 399a8a5a36db: 100% ▕██████████████████▏ 7.8 KB                         [K
pulling 24ca191a372b: 100% ▕██████████████████▏ 6.0 KB                         [K
pulling 161e5d878840: 100% ▕██████████████████▏ 3.7 KB                         [K
pulling fc1ffc71ab8e: 100% ▕██████████████████▏ 1.6 KB                         [K
pulling bee89e20d457: 100% ▕██████████████████▏   31 B                         [K
pulling f7ce8f326f5d: 100% ▕██████████████████▏ 1.1 KB                         [K
verifying sha256 digest ⠼ [K[?25h[?2026l[?2026h[?25l[A[A[A[A[A[A[A[A[1Gpulling manifest [K
pulling 9d507a36062c: 100% ▕██████████████████▏  67 GB                         [K
pulling 399a8a5a36db: 100% ▕██████████████████▏ 7.8 KB                         [K
pulling 24ca191a372b: 100% ▕██████████████████▏ 6.0 KB                         [K
pulling 161e5d878840: 100% ▕██████████████████▏ 3.7 KB                         [K
pulling fc1ffc71ab8e: 100% ▕██████████████████▏ 1.6 KB                         [K
pulling bee89e20d457: 100% ▕██████████████████▏   31 B                         [K
pulling f7ce8f326f5d: 100% ▕██████████████████▏ 1.1 KB                         [K
verifying sha256 digest ⠴ [K[?25h[?2026l[?2026h[?25l[A[A[A[A[A[A[A[A[1Gpulling manifest [K
pulling 9d507a36062c: 100% ▕██████████████████▏  67 GB                         [K
pulling 399a8a5a36db: 100% ▕██████████████████▏ 7.8 KB                         [K
pulling 24ca191a372b: 100% ▕██████████████████▏ 6.0 KB                         [K
pulling 161e5d878840: 100% ▕██████████████████▏ 3.7 KB                         [K
pulling fc1ffc71ab8e: 100% ▕██████████████████▏ 1.6 KB                         [K
pulling bee89e20d457: 100% ▕██████████████████▏   31 B                         [K
pulling f7ce8f326f5d: 100% ▕██████████████████▏ 1.1 KB                         [K
verifying sha256 digest ⠦ [K[?25h[?2026l[?2026h[?25l[A[A[A[A[A[A[A[A[1Gpulling manifest [K
pulling 9d507a36062c: 100% ▕██████████████████▏  67 GB                         [K
pulling 399a8a5a36db: 100% ▕██████████████████▏ 7.8 KB                         [K
pulling 24ca191a372b: 100% ▕██████████████████▏ 6.0 KB                         [K
pulling 161e5d878840: 100% ▕██████████████████▏ 3.7 KB                         [K
pulling fc1ffc71ab8e: 100% ▕██████████████████▏ 1.6 KB                         [K
pulling bee89e20d457: 100% ▕██████████████████▏   31 B                         [K
pulling f7ce8f326f5d: 100% ▕██████████████████▏ 1.1 KB                         [K
verifying sha256 digest ⠧ [K[?25h[?2026l[?2026h[?25l[A[A[A[A[A[A[A[A[1Gpulling manifest [K
pulling 9d507a36062c: 100% ▕██████████████████▏  67 GB                         [K
pulling 399a8a5a36db: 100% ▕██████████████████▏ 7.8 KB                         [K
pulling 24ca191a372b: 100% ▕██████████████████▏ 6.0 KB                         [K
pulling 161e5d878840: 100% ▕██████████████████▏ 3.7 KB                         [K
pulling fc1ffc71ab8e: 100% ▕██████████████████▏ 1.6 KB                         [K
pulling bee89e20d457: 100% ▕██████████████████▏   31 B                         [K
pulling f7ce8f326f5d: 100% ▕██████████████████▏ 1.1 KB                         [K
verifying sha256 digest ⠇ [K[?25h[?2026l[?2026h[?25l[A[A[A[A[A[A[A[A[1Gpulling manifest [K
pulling 9d507a36062c: 100% ▕██████████████████▏  67 GB                         [K
pulling 399a8a5a36db: 100% ▕██████████████████▏ 7.8 KB                         [K
pulling 24ca191a372b: 100% ▕██████████████████▏ 6.0 KB                         [K
pulling 161e5d878840: 100% ▕██████████████████▏ 3.7 KB                         [K
pulling fc1ffc71ab8e: 100% ▕██████████████████▏ 1.6 KB                         [K
pulling bee89e20d457: 100% ▕██████████████████▏   31 B                         [K
pulling f7ce8f326f5d: 100% ▕██████████████████▏ 1.1 KB                         [K
verifying sha256 digest ⠏ [K[?25h[?2026l[?2026h[?25l[A[A[A[A[A[A[A[A[1Gpulling manifest [K
pulling 9d507a36062c: 100% ▕██████████████████▏  67 GB                         [K
pulling 399a8a5a36db: 100% ▕██████████████████▏ 7.8 KB                         [K
pulling 24ca191a372b: 100% ▕██████████████████▏ 6.0 KB                         [K
pulling 161e5d878840: 100% ▕██████████████████▏ 3.7 KB                         [K
pulling fc1ffc71ab8e: 100% ▕██████████████████▏ 1.6 KB                         [K
pulling bee89e20d457: 100% ▕██████████████████▏   31 B                         [K
pulling f7ce8f326f5d: 100% ▕██████████████████▏ 1.1 KB                         [K
verifying sha256 digest ⠋ [K[?25h[?2026l[?2026h[?25l[A[A[A[A[A[A[A[A[1Gpulling manifest [K
pulling 9d507a36062c: 100% ▕██████████████████▏  67 GB                         [K
pulling 399a8a5a36db: 100% ▕██████████████████▏ 7.8 KB                         [K
pulling 24ca191a372b: 100% ▕██████████████████▏ 6.0 KB                         [K
pulling 161e5d878840: 100% ▕██████████████████▏ 3.7 KB                         [K
pulling fc1ffc71ab8e: 100% ▕██████████████████▏ 1.6 KB                         [K
pulling bee89e20d457: 100% ▕██████████████████▏   31 B                         [K
pulling f7ce8f326f5d: 100% ▕██████████████████▏ 1.1 KB                         [K
verifying sha256 digest ⠙ [K[?25h[?2026l[?2026h[?25l[A[A[A[A[A[A[A[A[1Gpulling manifest [K
pulling 9d507a36062c: 100% ▕██████████████████▏  67 GB                         [K
pulling 399a8a5a36db: 100% ▕██████████████████▏ 7.8 KB                         [K
pulling 24ca191a372b: 100% ▕██████████████████▏ 6.0 KB                         [K
pulling 161e5d878840: 100% ▕██████████████████▏ 3.7 KB                         [K
pulling fc1ffc71ab8e: 100% ▕██████████████████▏ 1.6 KB                         [K
pulling bee89e20d457: 100% ▕██████████████████▏   31 B                         [K
pulling f7ce8f326f5d: 100% ▕██████████████████▏ 1.1 KB                         [K
verifying sha256 digest ⠹ [K[?25h[?2026l[?2026h[?25l[A[A[A[A[A[A[A[A[1Gpulling manifest [K
pulling 9d507a36062c: 100% ▕██████████████████▏  67 GB                         [K
pulling 399a8a5a36db: 100% ▕██████████████████▏ 7.8 KB                         [K
pulling 24ca191a372b: 100% ▕██████████████████▏ 6.0 KB                         [K
pulling 161e5d878840: 100% ▕██████████████████▏ 3.7 KB                         [K
pulling fc1ffc71ab8e: 100% ▕██████████████████▏ 1.6 KB                         [K
pulling bee89e20d457: 100% ▕██████████████████▏   31 B                         [K
pulling f7ce8f326f5d: 100% ▕██████████████████▏ 1.1 KB                         [K
verifying sha256 digest ⠸ [K[?25h[?2026l[?2026h[?25l[A[A[A[A[A[A[A[A[1Gpulling manifest [K
pulling 9d507a36062c: 100% ▕██████████████████▏  67 GB                         [K
pulling 399a8a5a36db: 100% ▕██████████████████▏ 7.8 KB                         [K
pulling 24ca191a372b: 100% ▕██████████████████▏ 6.0 KB                         [K
pulling 161e5d878840: 100% ▕██████████████████▏ 3.7 KB                         [K
pulling fc1ffc71ab8e: 100% ▕██████████████████▏ 1.6 KB                         [K
pulling bee89e20d457: 100% ▕██████████████████▏   31 B                         [K
pulling f7ce8f326f5d: 100% ▕██████████████████▏ 1.1 KB                         [K
verifying sha256 digest ⠼ [K[?25h[?2026l[?2026h[?25l[A[A[A[A[A[A[A[A[1Gpulling manifest [K
pulling 9d507a36062c: 100% ▕██████████████████▏  67 GB                         [K
pulling 399a8a5a36db: 100% ▕██████████████████▏ 7.8 KB                         [K
pulling 24ca191a372b: 100% ▕██████████████████▏ 6.0 KB                         [K
pulling 161e5d878840: 100% ▕██████████████████▏ 3.7 KB                         [K
pulling fc1ffc71ab8e: 100% ▕██████████████████▏ 1.6 KB                         [K
pulling bee89e20d457: 100% ▕██████████████████▏   31 B                         [K
pulling f7ce8f326f5d: 100% ▕██████████████████▏ 1.1 KB                         [K
verifying sha256 digest ⠴ [K[?25h[?2026l[?2026h[?25l[A[A[A[A[A[A[A[A[1Gpulling manifest [K
pulling 9d507a36062c: 100% ▕██████████████████▏  67 GB                         [K
pulling 399a8a5a36db: 100% ▕██████████████████▏ 7.8 KB                         [K
pulling 24ca191a372b: 100% ▕██████████████████▏ 6.0 KB                         [K
pulling 161e5d878840: 100% ▕██████████████████▏ 3.7 KB                         [K
pulling fc1ffc71ab8e: 100% ▕██████████████████▏ 1.6 KB                         [K
pulling bee89e20d457: 100% ▕██████████████████▏   31 B                         [K
pulling f7ce8f326f5d: 100% ▕██████████████████▏ 1.1 KB                         [K
verifying sha256 digest ⠦ [K[?25h[?2026l[?2026h[?25l[A[A[A[A[A[A[A[A[1Gpulling manifest [K
pulling 9d507a36062c: 100% ▕██████████████████▏  67 GB                         [K
pulling 399a8a5a36db: 100% ▕██████████████████▏ 7.8 KB                         [K
pulling 24ca191a372b: 100% ▕██████████████████▏ 6.0 KB                         [K
pulling 161e5d878840: 100% ▕██████████████████▏ 3.7 KB                         [K
pulling fc1ffc71ab8e: 100% ▕██████████████████▏ 1.6 KB                         [K
pulling bee89e20d457: 100% ▕██████████████████▏   31 B                         [K
pulling f7ce8f326f5d: 100% ▕██████████████████▏ 1.1 KB                         [K
verifying sha256 digest ⠧ [K[?25h[?2026l[?2026h[?25l[A[A[A[A[A[A[A[A[1Gpulling manifest [K
pulling 9d507a36062c: 100% ▕██████████████████▏  67 GB                         [K
pulling 399a8a5a36db: 100% ▕██████████████████▏ 7.8 KB                         [K
pulling 24ca191a372b: 100% ▕██████████████████▏ 6.0 KB                         [K
pulling 161e5d878840: 100% ▕██████████████████▏ 3.7 KB                         [K
pulling fc1ffc71ab8e: 100% ▕██████████████████▏ 1.6 KB                         [K
pulling bee89e20d457: 100% ▕██████████████████▏   31 B                         [K
pulling f7ce8f326f5d: 100% ▕██████████████████▏ 1.1 KB                         [K
verifying sha256 digest ⠇ [K[?25h[?2026l[?2026h[?25l[A[A[A[A[A[A[A[A[1Gpulling manifest [K
pulling 9d507a36062c: 100% ▕██████████████████▏  67 GB                         [K
pulling 399a8a5a36db: 100% ▕██████████████████▏ 7.8 KB                         [K
pulling 24ca191a372b: 100% ▕██████████████████▏ 6.0 KB                         [K
pulling 161e5d878840: 100% ▕██████████████████▏ 3.7 KB                         [K
pulling fc1ffc71ab8e: 100% ▕██████████████████▏ 1.6 KB                         [K
pulling bee89e20d457: 100% ▕██████████████████▏   31 B                         [K
pulling f7ce8f326f5d: 100% ▕██████████████████▏ 1.1 KB                         [K
verifying sha256 digest ⠏ [K[?25h[?2026l[?2026h[?25l[A[A[A[A[A[A[A[A[1Gpulling manifest [K
pulling 9d507a36062c: 100% ▕██████████████████▏  67 GB                         [K
pulling 399a8a5a36db: 100% ▕██████████████████▏ 7.8 KB                         [K
pulling 24ca191a372b: 100% ▕██████████████████▏ 6.0 KB                         [K
pulling 161e5d878840: 100% ▕██████████████████▏ 3.7 KB                         [K
pulling fc1ffc71ab8e: 100% ▕██████████████████▏ 1.6 KB                         [K
pulling bee89e20d457: 100% ▕██████████████████▏   31 B                         [K
pulling f7ce8f326f5d: 100% ▕██████████████████▏ 1.1 KB                         [K
verifying sha256 digest ⠋ [K[?25h[?2026l[?2026h[?25l[A[A[A[A[A[A[A[A[1Gpulling manifest [K
pulling 9d507a36062c: 100% ▕██████████████████▏  67 GB                         [K
pulling 399a8a5a36db: 100% ▕██████████████████▏ 7.8 KB                         [K
pulling 24ca191a372b: 100% ▕██████████████████▏ 6.0 KB                         [K
pulling 161e5d878840: 100% ▕██████████████████▏ 3.7 KB                         [K
pulling fc1ffc71ab8e: 100% ▕██████████████████▏ 1.6 KB                         [K
pulling bee89e20d457: 100% ▕██████████████████▏   31 B                         [K
pulling f7ce8f326f5d: 100% ▕██████████████████▏ 1.1 KB                         [K
verifying sha256 digest ⠙ [K[?25h[?2026l[?2026h[?25l[A[A[A[A[A[A[A[A[1Gpulling manifest [K
pulling 9d507a36062c: 100% ▕██████████████████▏  67 GB                         [K
pulling 399a8a5a36db: 100% ▕██████████████████▏ 7.8 KB                         [K
pulling 24ca191a372b: 100% ▕██████████████████▏ 6.0 KB                         [K
pulling 161e5d878840: 100% ▕██████████████████▏ 3.7 KB                         [K
pulling fc1ffc71ab8e: 100% ▕██████████████████▏ 1.6 KB                         [K
pulling bee89e20d457: 100% ▕██████████████████▏   31 B                         [K
pulling f7ce8f326f5d: 100% ▕██████████████████▏ 1.1 KB                         [K
verifying sha256 digest ⠹ [K[?25h[?2026l[?2026h[?25l[A[A[A[A[A[A[A[A[1Gpulling manifest [K
pulling 9d507a36062c: 100% ▕██████████████████▏  67 GB                         [K
pulling 399a8a5a36db: 100% ▕██████████████████▏ 7.8 KB                         [K
pulling 24ca191a372b: 100% ▕██████████████████▏ 6.0 KB                         [K
pulling 161e5d878840: 100% ▕██████████████████▏ 3.7 KB                         [K
pulling fc1ffc71ab8e: 100% ▕██████████████████▏ 1.6 KB                         [K
pulling bee89e20d457: 100% ▕██████████████████▏   31 B                         [K
pulling f7ce8f326f5d: 100% ▕██████████████████▏ 1.1 KB                         [K
verifying sha256 digest ⠸ [K[?25h[?2026l[?2026h[?25l[A[A[A[A[A[A[A[A[1Gpulling manifest [K
pulling 9d507a36062c: 100% ▕██████████████████▏  67 GB                         [K
pulling 399a8a5a36db: 100% ▕██████████████████▏ 7.8 KB                         [K
pulling 24ca191a372b: 100% ▕██████████████████▏ 6.0 KB                         [K
pulling 161e5d878840: 100% ▕██████████████████▏ 3.7 KB                         [K
pulling fc1ffc71ab8e: 100% ▕██████████████████▏ 1.6 KB                         [K
pulling bee89e20d457: 100% ▕██████████████████▏   31 B                         [K
pulling f7ce8f326f5d: 100% ▕██████████████████▏ 1.1 KB                         [K
verifying sha256 digest ⠼ [K[?25h[?2026l[?2026h[?25l[A[A[A[A[A[A[A[A[1Gpulling manifest [K
pulling 9d507a36062c: 100% ▕██████████████████▏  67 GB                         [K
pulling 399a8a5a36db: 100% ▕██████████████████▏ 7.8 KB                         [K
pulling 24ca191a372b: 100% ▕██████████████████▏ 6.0 KB                         [K
pulling 161e5d878840: 100% ▕██████████████████▏ 3.7 KB                         [K
pulling fc1ffc71ab8e: 100% ▕██████████████████▏ 1.6 KB                         [K
pulling bee89e20d457: 100% ▕██████████████████▏   31 B                         [K
pulling f7ce8f326f5d: 100% ▕██████████████████▏ 1.1 KB                         [K
verifying sha256 digest ⠴ [K[?25h[?2026l[?2026h[?25l[A[A[A[A[A[A[A[A[1Gpulling manifest [K
pulling 9d507a36062c: 100% ▕██████████████████▏  67 GB                         [K
pulling 399a8a5a36db: 100% ▕██████████████████▏ 7.8 KB                         [K
pulling 24ca191a372b: 100% ▕██████████████████▏ 6.0 KB                         [K
pulling 161e5d878840: 100% ▕██████████████████▏ 3.7 KB                         [K
pulling fc1ffc71ab8e: 100% ▕██████████████████▏ 1.6 KB                         [K
pulling bee89e20d457: 100% ▕██████████████████▏   31 B                         [K
pulling f7ce8f326f5d: 100% ▕██████████████████▏ 1.1 KB                         [K
verifying sha256 digest ⠦ [K[?25h[?2026l[?2026h[?25l[A[A[A[A[A[A[A[A[1Gpulling manifest [K
pulling 9d507a36062c: 100% ▕██████████████████▏  67 GB                         [K
pulling 399a8a5a36db: 100% ▕██████████████████▏ 7.8 KB                         [K
pulling 24ca191a372b: 100% ▕██████████████████▏ 6.0 KB                         [K
pulling 161e5d878840: 100% ▕██████████████████▏ 3.7 KB                         [K
pulling fc1ffc71ab8e: 100% ▕██████████████████▏ 1.6 KB                         [K
pulling bee89e20d457: 100% ▕██████████████████▏   31 B                         [K
pulling f7ce8f326f5d: 100% ▕██████████████████▏ 1.1 KB                         [K
verifying sha256 digest ⠧ [K[?25h[?2026l[?2026h[?25l[A[A[A[A[A[A[A[A[1Gpulling manifest [K
pulling 9d507a36062c: 100% ▕██████████████████▏  67 GB                         [K
pulling 399a8a5a36db: 100% ▕██████████████████▏ 7.8 KB                         [K
pulling 24ca191a372b: 100% ▕██████████████████▏ 6.0 KB                         [K
pulling 161e5d878840: 100% ▕██████████████████▏ 3.7 KB                         [K
pulling fc1ffc71ab8e: 100% ▕██████████████████▏ 1.6 KB                         [K
pulling bee89e20d457: 100% ▕██████████████████▏   31 B                         [K
pulling f7ce8f326f5d: 100% ▕██████████████████▏ 1.1 KB                         [K
verifying sha256 digest ⠇ [K[?25h[?2026l[?2026h[?25l[A[A[A[A[A[A[A[A[1Gpulling manifest [K
pulling 9d507a36062c: 100% ▕██████████████████▏  67 GB                         [K
pulling 399a8a5a36db: 100% ▕██████████████████▏ 7.8 KB                         [K
pulling 24ca191a372b: 100% ▕██████████████████▏ 6.0 KB                         [K
pulling 161e5d878840: 100% ▕██████████████████▏ 3.7 KB                         [K
pulling fc1ffc71ab8e: 100% ▕██████████████████▏ 1.6 KB                         [K
pulling bee89e20d457: 100% ▕██████████████████▏   31 B                         [K
pulling f7ce8f326f5d: 100% ▕██████████████████▏ 1.1 KB                         [K
verifying sha256 digest ⠏ [K[?25h[?2026l[?2026h[?25l[A[A[A[A[A[A[A[A[1Gpulling manifest [K
pulling 9d507a36062c: 100% ▕██████████████████▏  67 GB                         [K
pulling 399a8a5a36db: 100% ▕██████████████████▏ 7.8 KB                         [K
pulling 24ca191a372b: 100% ▕██████████████████▏ 6.0 KB                         [K
pulling 161e5d878840: 100% ▕██████████████████▏ 3.7 KB                         [K
pulling fc1ffc71ab8e: 100% ▕██████████████████▏ 1.6 KB                         [K
pulling bee89e20d457: 100% ▕██████████████████▏   31 B                         [K
pulling f7ce8f326f5d: 100% ▕██████████████████▏ 1.1 KB                         [K
verifying sha256 digest ⠋ [K[?25h[?2026l[?2026h[?25l[A[A[A[A[A[A[A[A[1Gpulling manifest [K
pulling 9d507a36062c: 100% ▕██████████████████▏  67 GB                         [K
pulling 399a8a5a36db: 100% ▕██████████████████▏ 7.8 KB                         [K
pulling 24ca191a372b: 100% ▕██████████████████▏ 6.0 KB                         [K
pulling 161e5d878840: 100% ▕██████████████████▏ 3.7 KB                         [K
pulling fc1ffc71ab8e: 100% ▕██████████████████▏ 1.6 KB                         [K
pulling bee89e20d457: 100% ▕██████████████████▏   31 B                         [K
pulling f7ce8f326f5d: 100% ▕██████████████████▏ 1.1 KB                         [K
verifying sha256 digest ⠙ [K[?25h[?2026l[?2026h[?25l[A[A[A[A[A[A[A[A[1Gpulling manifest [K
pulling 9d507a36062c: 100% ▕██████████████████▏  67 GB                         [K
pulling 399a8a5a36db: 100% ▕██████████████████▏ 7.8 KB                         [K
pulling 24ca191a372b: 100% ▕██████████████████▏ 6.0 KB                         [K
pulling 161e5d878840: 100% ▕██████████████████▏ 3.7 KB                         [K
pulling fc1ffc71ab8e: 100% ▕██████████████████▏ 1.6 KB                         [K
pulling bee89e20d457: 100% ▕██████████████████▏   31 B                         [K
pulling f7ce8f326f5d: 100% ▕██████████████████▏ 1.1 KB                         [K
verifying sha256 digest ⠹ [K[?25h[?2026l[?2026h[?25l[A[A[A[A[A[A[A[A[1Gpulling manifest [K
pulling 9d507a36062c: 100% ▕██████████████████▏  67 GB                         [K
pulling 399a8a5a36db: 100% ▕██████████████████▏ 7.8 KB                         [K
pulling 24ca191a372b: 100% ▕██████████████████▏ 6.0 KB                         [K
pulling 161e5d878840: 100% ▕██████████████████▏ 3.7 KB                         [K
pulling fc1ffc71ab8e: 100% ▕██████████████████▏ 1.6 KB                         [K
pulling bee89e20d457: 100% ▕██████████████████▏   31 B                         [K
pulling f7ce8f326f5d: 100% ▕██████████████████▏ 1.1 KB                         [K
verifying sha256 digest ⠸ [K[?25h[?2026l[?2026h[?25l[A[A[A[A[A[A[A[A[1Gpulling manifest [K
pulling 9d507a36062c: 100% ▕██████████████████▏  67 GB                         [K
pulling 399a8a5a36db: 100% ▕██████████████████▏ 7.8 KB                         [K
pulling 24ca191a372b: 100% ▕██████████████████▏ 6.0 KB                         [K
pulling 161e5d878840: 100% ▕██████████████████▏ 3.7 KB                         [K
pulling fc1ffc71ab8e: 100% ▕██████████████████▏ 1.6 KB                         [K
pulling bee89e20d457: 100% ▕██████████████████▏   31 B                         [K
pulling f7ce8f326f5d: 100% ▕██████████████████▏ 1.1 KB                         [K
verifying sha256 digest ⠼ [K[?25h[?2026l[?2026h[?25l[A[A[A[A[A[A[A[A[1Gpulling manifest [K
pulling 9d507a36062c: 100% ▕██████████████████▏  67 GB                         [K
pulling 399a8a5a36db: 100% ▕██████████████████▏ 7.8 KB                         [K
pulling 24ca191a372b: 100% ▕██████████████████▏ 6.0 KB                         [K
pulling 161e5d878840: 100% ▕██████████████████▏ 3.7 KB                         [K
pulling fc1ffc71ab8e: 100% ▕██████████████████▏ 1.6 KB                         [K
pulling bee89e20d457: 100% ▕██████████████████▏   31 B                         [K
pulling f7ce8f326f5d: 100% ▕██████████████████▏ 1.1 KB                         [K
verifying sha256 digest ⠴ [K[?25h[?2026l[?2026h[?25l[A[A[A[A[A[A[A[A[1Gpulling manifest [K
pulling 9d507a36062c: 100% ▕██████████████████▏  67 GB                         [K
pulling 399a8a5a36db: 100% ▕██████████████████▏ 7.8 KB                         [K
pulling 24ca191a372b: 100% ▕██████████████████▏ 6.0 KB                         [K
pulling 161e5d878840: 100% ▕██████████████████▏ 3.7 KB                         [K
pulling fc1ffc71ab8e: 100% ▕██████████████████▏ 1.6 KB                         [K
pulling bee89e20d457: 100% ▕██████████████████▏   31 B                         [K
pulling f7ce8f326f5d: 100% ▕██████████████████▏ 1.1 KB                         [K
verifying sha256 digest ⠦ [K[?25h[?2026l[?2026h[?25l[A[A[A[A[A[A[A[A[1Gpulling manifest [K
pulling 9d507a36062c: 100% ▕██████████████████▏  67 GB                         [K
pulling 399a8a5a36db: 100% ▕██████████████████▏ 7.8 KB                         [K
pulling 24ca191a372b: 100% ▕██████████████████▏ 6.0 KB                         [K
pulling 161e5d878840: 100% ▕██████████████████▏ 3.7 KB                         [K
pulling fc1ffc71ab8e: 100% ▕██████████████████▏ 1.6 KB                         [K
pulling bee89e20d457: 100% ▕██████████████████▏   31 B                         [K
pulling f7ce8f326f5d: 100% ▕██████████████████▏ 1.1 KB                         [K
verifying sha256 digest ⠧ [K[?25h[?2026l[?2026h[?25l[A[A[A[A[A[A[A[A[1Gpulling manifest [K
pulling 9d507a36062c: 100% ▕██████████████████▏  67 GB                         [K
pulling 399a8a5a36db: 100% ▕██████████████████▏ 7.8 KB                         [K
pulling 24ca191a372b: 100% ▕██████████████████▏ 6.0 KB                         [K
pulling 161e5d878840: 100% ▕██████████████████▏ 3.7 KB                         [K
pulling fc1ffc71ab8e: 100% ▕██████████████████▏ 1.6 KB                         [K
pulling bee89e20d457: 100% ▕██████████████████▏   31 B                         [K
pulling f7ce8f326f5d: 100% ▕██████████████████▏ 1.1 KB                         [K
verifying sha256 digest ⠇ [K[?25h[?2026l[?2026h[?25l[A[A[A[A[A[A[A[A[1Gpulling manifest [K
pulling 9d507a36062c: 100% ▕██████████████████▏  67 GB                         [K
pulling 399a8a5a36db: 100% ▕██████████████████▏ 7.8 KB                         [K
pulling 24ca191a372b: 100% ▕██████████████████▏ 6.0 KB                         [K
pulling 161e5d878840: 100% ▕██████████████████▏ 3.7 KB                         [K
pulling fc1ffc71ab8e: 100% ▕██████████████████▏ 1.6 KB                         [K
pulling bee89e20d457: 100% ▕██████████████████▏   31 B                         [K
pulling f7ce8f326f5d: 100% ▕██████████████████▏ 1.1 KB                         [K
verifying sha256 digest ⠏ [K[?25h[?2026l[?2026h[?25l[A[A[A[A[A[A[A[A[1Gpulling manifest [K
pulling 9d507a36062c: 100% ▕██████████████████▏  67 GB                         [K
pulling 399a8a5a36db: 100% ▕██████████████████▏ 7.8 KB                         [K
pulling 24ca191a372b: 100% ▕██████████████████▏ 6.0 KB                         [K
pulling 161e5d878840: 100% ▕██████████████████▏ 3.7 KB                         [K
pulling fc1ffc71ab8e: 100% ▕██████████████████▏ 1.6 KB                         [K
pulling bee89e20d457: 100% ▕██████████████████▏   31 B                         [K
pulling f7ce8f326f5d: 100% ▕██████████████████▏ 1.1 KB                         [K
verifying sha256 digest ⠋ [K[?25h[?2026l[?2026h[?25l[A[A[A[A[A[A[A[A[1Gpulling manifest [K
pulling 9d507a36062c: 100% ▕██████████████████▏  67 GB                         [K
pulling 399a8a5a36db: 100% ▕██████████████████▏ 7.8 KB                         [K
pulling 24ca191a372b: 100% ▕██████████████████▏ 6.0 KB                         [K
pulling 161e5d878840: 100% ▕██████████████████▏ 3.7 KB                         [K
pulling fc1ffc71ab8e: 100% ▕██████████████████▏ 1.6 KB                         [K
pulling bee89e20d457: 100% ▕██████████████████▏   31 B                         [K
pulling f7ce8f326f5d: 100% ▕██████████████████▏ 1.1 KB                         [K
verifying sha256 digest ⠙ [K[?25h[?2026l[?2026h[?25l[A[A[A[A[A[A[A[A[1Gpulling manifest [K
pulling 9d507a36062c: 100% ▕██████████████████▏  67 GB                         [K
pulling 399a8a5a36db: 100% ▕██████████████████▏ 7.8 KB                         [K
pulling 24ca191a372b: 100% ▕██████████████████▏ 6.0 KB                         [K
pulling 161e5d878840: 100% ▕██████████████████▏ 3.7 KB                         [K
pulling fc1ffc71ab8e: 100% ▕██████████████████▏ 1.6 KB                         [K
pulling bee89e20d457: 100% ▕██████████████████▏   31 B                         [K
pulling f7ce8f326f5d: 100% ▕██████████████████▏ 1.1 KB                         [K
verifying sha256 digest ⠹ [K[?25h[?2026l[?2026h[?25l[A[A[A[A[A[A[A[A[1Gpulling manifest [K
pulling 9d507a36062c: 100% ▕██████████████████▏  67 GB                         [K
pulling 399a8a5a36db: 100% ▕██████████████████▏ 7.8 KB                         [K
pulling 24ca191a372b: 100% ▕██████████████████▏ 6.0 KB                         [K
pulling 161e5d878840: 100% ▕██████████████████▏ 3.7 KB                         [K
pulling fc1ffc71ab8e: 100% ▕██████████████████▏ 1.6 KB                         [K
pulling bee89e20d457: 100% ▕██████████████████▏   31 B                         [K
pulling f7ce8f326f5d: 100% ▕██████████████████▏ 1.1 KB                         [K
verifying sha256 digest ⠸ [K[?25h[?2026l[?2026h[?25l[A[A[A[A[A[A[A[A[1Gpulling manifest [K
pulling 9d507a36062c: 100% ▕██████████████████▏  67 GB                         [K
pulling 399a8a5a36db: 100% ▕██████████████████▏ 7.8 KB                         [K
pulling 24ca191a372b: 100% ▕██████████████████▏ 6.0 KB                         [K
pulling 161e5d878840: 100% ▕██████████████████▏ 3.7 KB                         [K
pulling fc1ffc71ab8e: 100% ▕██████████████████▏ 1.6 KB                         [K
pulling bee89e20d457: 100% ▕██████████████████▏   31 B                         [K
pulling f7ce8f326f5d: 100% ▕██████████████████▏ 1.1 KB                         [K
verifying sha256 digest ⠼ [K[?25h[?2026l[?2026h[?25l[A[A[A[A[A[A[A[A[1Gpulling manifest [K
pulling 9d507a36062c: 100% ▕██████████████████▏  67 GB                         [K
pulling 399a8a5a36db: 100% ▕██████████████████▏ 7.8 KB                         [K
pulling 24ca191a372b: 100% ▕██████████████████▏ 6.0 KB                         [K
pulling 161e5d878840: 100% ▕██████████████████▏ 3.7 KB                         [K
pulling fc1ffc71ab8e: 100% ▕██████████████████▏ 1.6 KB                         [K
pulling bee89e20d457: 100% ▕██████████████████▏   31 B                         [K
pulling f7ce8f326f5d: 100% ▕██████████████████▏ 1.1 KB                         [K
verifying sha256 digest ⠴ [K[?25h[?2026l[?2026h[?25l[A[A[A[A[A[A[A[A[1Gpulling manifest [K
pulling 9d507a36062c: 100% ▕██████████████████▏  67 GB                         [K
pulling 399a8a5a36db: 100% ▕██████████████████▏ 7.8 KB                         [K
pulling 24ca191a372b: 100% ▕██████████████████▏ 6.0 KB                         [K
pulling 161e5d878840: 100% ▕██████████████████▏ 3.7 KB                         [K
pulling fc1ffc71ab8e: 100% ▕██████████████████▏ 1.6 KB                         [K
pulling bee89e20d457: 100% ▕██████████████████▏   31 B                         [K
pulling f7ce8f326f5d: 100% ▕██████████████████▏ 1.1 KB                         [K
verifying sha256 digest ⠦ [K[?25h[?2026l[?2026h[?25l[A[A[A[A[A[A[A[A[1Gpulling manifest [K
pulling 9d507a36062c: 100% ▕██████████████████▏  67 GB                         [K
pulling 399a8a5a36db: 100% ▕██████████████████▏ 7.8 KB                         [K
pulling 24ca191a372b: 100% ▕██████████████████▏ 6.0 KB                         [K
pulling 161e5d878840: 100% ▕██████████████████▏ 3.7 KB                         [K
pulling fc1ffc71ab8e: 100% ▕██████████████████▏ 1.6 KB                         [K
pulling bee89e20d457: 100% ▕██████████████████▏   31 B                         [K
pulling f7ce8f326f5d: 100% ▕██████████████████▏ 1.1 KB                         [K
verifying sha256 digest ⠧ [K[?25h[?2026l[?2026h[?25l[A[A[A[A[A[A[A[A[1Gpulling manifest [K
pulling 9d507a36062c: 100% ▕██████████████████▏  67 GB                         [K
pulling 399a8a5a36db: 100% ▕██████████████████▏ 7.8 KB                         [K
pulling 24ca191a372b: 100% ▕██████████████████▏ 6.0 KB                         [K
pulling 161e5d878840: 100% ▕██████████████████▏ 3.7 KB                         [K
pulling fc1ffc71ab8e: 100% ▕██████████████████▏ 1.6 KB                         [K
pulling bee89e20d457: 100% ▕██████████████████▏   31 B                         [K
pulling f7ce8f326f5d: 100% ▕██████████████████▏ 1.1 KB                         [K
verifying sha256 digest ⠇ [K[?25h[?2026l[?2026h[?25l[A[A[A[A[A[A[A[A[1Gpulling manifest [K
pulling 9d507a36062c: 100% ▕██████████████████▏  67 GB                         [K
pulling 399a8a5a36db: 100% ▕██████████████████▏ 7.8 KB                         [K
pulling 24ca191a372b: 100% ▕██████████████████▏ 6.0 KB                         [K
pulling 161e5d878840: 100% ▕██████████████████▏ 3.7 KB                         [K
pulling fc1ffc71ab8e: 100% ▕██████████████████▏ 1.6 KB                         [K
pulling bee89e20d457: 100% ▕██████████████████▏   31 B                         [K
pulling f7ce8f326f5d: 100% ▕██████████████████▏ 1.1 KB                         [K
verifying sha256 digest ⠏ [K[?25h[?2026l[?2026h[?25l[A[A[A[A[A[A[A[A[1Gpulling manifest [K
pulling 9d507a36062c: 100% ▕██████████████████▏  67 GB                         [K
pulling 399a8a5a36db: 100% ▕██████████████████▏ 7.8 KB                         [K
pulling 24ca191a372b: 100% ▕██████████████████▏ 6.0 KB                         [K
pulling 161e5d878840: 100% ▕██████████████████▏ 3.7 KB                         [K
pulling fc1ffc71ab8e: 100% ▕██████████████████▏ 1.6 KB                         [K
pulling bee89e20d457: 100% ▕██████████████████▏   31 B                         [K
pulling f7ce8f326f5d: 100% ▕██████████████████▏ 1.1 KB                         [K
verifying sha256 digest ⠋ [K[?25h[?2026l[?2026h[?25l[A[A[A[A[A[A[A[A[1Gpulling manifest [K
pulling 9d507a36062c: 100% ▕██████████████████▏  67 GB                         [K
pulling 399a8a5a36db: 100% ▕██████████████████▏ 7.8 KB                         [K
pulling 24ca191a372b: 100% ▕██████████████████▏ 6.0 KB                         [K
pulling 161e5d878840: 100% ▕██████████████████▏ 3.7 KB                         [K
pulling fc1ffc71ab8e: 100% ▕██████████████████▏ 1.6 KB                         [K
pulling bee89e20d457: 100% ▕██████████████████▏   31 B                         [K
pulling f7ce8f326f5d: 100% ▕██████████████████▏ 1.1 KB                         [K
verifying sha256 digest ⠙ [K[?25h[?2026l[?2026h[?25l[A[A[A[A[A[A[A[A[1Gpulling manifest [K
pulling 9d507a36062c: 100% ▕██████████████████▏  67 GB                         [K
pulling 399a8a5a36db: 100% ▕██████████████████▏ 7.8 KB                         [K
pulling 24ca191a372b: 100% ▕██████████████████▏ 6.0 KB                         [K
pulling 161e5d878840: 100% ▕██████████████████▏ 3.7 KB                         [K
pulling fc1ffc71ab8e: 100% ▕██████████████████▏ 1.6 KB                         [K
pulling bee89e20d457: 100% ▕██████████████████▏   31 B                         [K
pulling f7ce8f326f5d: 100% ▕██████████████████▏ 1.1 KB                         [K
verifying sha256 digest ⠹ [K[?25h[?2026l[?2026h[?25l[A[A[A[A[A[A[A[A[1Gpulling manifest [K
pulling 9d507a36062c: 100% ▕██████████████████▏  67 GB                         [K
pulling 399a8a5a36db: 100% ▕██████████████████▏ 7.8 KB                         [K
pulling 24ca191a372b: 100% ▕██████████████████▏ 6.0 KB                         [K
pulling 161e5d878840: 100% ▕██████████████████▏ 3.7 KB                         [K
pulling fc1ffc71ab8e: 100% ▕██████████████████▏ 1.6 KB                         [K
pulling bee89e20d457: 100% ▕██████████████████▏   31 B                         [K
pulling f7ce8f326f5d: 100% ▕██████████████████▏ 1.1 KB                         [K
verifying sha256 digest ⠸ [K[?25h[?2026l[?2026h[?25l[A[A[A[A[A[A[A[A[1Gpulling manifest [K
pulling 9d507a36062c: 100% ▕██████████████████▏  67 GB                         [K
pulling 399a8a5a36db: 100% ▕██████████████████▏ 7.8 KB                         [K
pulling 24ca191a372b: 100% ▕██████████████████▏ 6.0 KB                         [K
pulling 161e5d878840: 100% ▕██████████████████▏ 3.7 KB                         [K
pulling fc1ffc71ab8e: 100% ▕██████████████████▏ 1.6 KB                         [K
pulling bee89e20d457: 100% ▕██████████████████▏   31 B                         [K
pulling f7ce8f326f5d: 100% ▕██████████████████▏ 1.1 KB                         [K
verifying sha256 digest ⠼ [K[?25h[?2026l[?2026h[?25l[A[A[A[A[A[A[A[A[1Gpulling manifest [K
pulling 9d507a36062c: 100% ▕██████████████████▏  67 GB                         [K
pulling 399a8a5a36db: 100% ▕██████████████████▏ 7.8 KB                         [K
pulling 24ca191a372b: 100% ▕██████████████████▏ 6.0 KB                         [K
pulling 161e5d878840: 100% ▕██████████████████▏ 3.7 KB                         [K
pulling fc1ffc71ab8e: 100% ▕██████████████████▏ 1.6 KB                         [K
pulling bee89e20d457: 100% ▕██████████████████▏   31 B                         [K
pulling f7ce8f326f5d: 100% ▕██████████████████▏ 1.1 KB                         [K
verifying sha256 digest ⠴ [K[?25h[?2026l[?2026h[?25l[A[A[A[A[A[A[A[A[1Gpulling manifest [K
pulling 9d507a36062c: 100% ▕██████████████████▏  67 GB                         [K
pulling 399a8a5a36db: 100% ▕██████████████████▏ 7.8 KB                         [K
pulling 24ca191a372b: 100% ▕██████████████████▏ 6.0 KB                         [K
pulling 161e5d878840: 100% ▕██████████████████▏ 3.7 KB                         [K
pulling fc1ffc71ab8e: 100% ▕██████████████████▏ 1.6 KB                         [K
pulling bee89e20d457: 100% ▕██████████████████▏   31 B                         [K
pulling f7ce8f326f5d: 100% ▕██████████████████▏ 1.1 KB                         [K
verifying sha256 digest ⠦ [K[?25h[?2026l[?2026h[?25l[A[A[A[A[A[A[A[A[1Gpulling manifest [K
pulling 9d507a36062c: 100% ▕██████████████████▏  67 GB                         [K
pulling 399a8a5a36db: 100% ▕██████████████████▏ 7.8 KB                         [K
pulling 24ca191a372b: 100% ▕██████████████████▏ 6.0 KB                         [K
pulling 161e5d878840: 100% ▕██████████████████▏ 3.7 KB                         [K
pulling fc1ffc71ab8e: 100% ▕██████████████████▏ 1.6 KB                         [K
pulling bee89e20d457: 100% ▕██████████████████▏   31 B                         [K
pulling f7ce8f326f5d: 100% ▕██████████████████▏ 1.1 KB                         [K
verifying sha256 digest ⠧ [K[?25h[?2026l[?2026h[?25l[A[A[A[A[A[A[A[A[1Gpulling manifest [K
pulling 9d507a36062c: 100% ▕██████████████████▏  67 GB                         [K
pulling 399a8a5a36db: 100% ▕██████████████████▏ 7.8 KB                         [K
pulling 24ca191a372b: 100% ▕██████████████████▏ 6.0 KB                         [K
pulling 161e5d878840: 100% ▕██████████████████▏ 3.7 KB                         [K
pulling fc1ffc71ab8e: 100% ▕██████████████████▏ 1.6 KB                         [K
pulling bee89e20d457: 100% ▕██████████████████▏   31 B                         [K
pulling f7ce8f326f5d: 100% ▕██████████████████▏ 1.1 KB                         [K
verifying sha256 digest ⠇ [K[?25h[?2026l[?2026h[?25l[A[A[A[A[A[A[A[A[1Gpulling manifest [K
pulling 9d507a36062c: 100% ▕██████████████████▏  67 GB                         [K
pulling 399a8a5a36db: 100% ▕██████████████████▏ 7.8 KB                         [K
pulling 24ca191a372b: 100% ▕██████████████████▏ 6.0 KB                         [K
pulling 161e5d878840: 100% ▕██████████████████▏ 3.7 KB                         [K
pulling fc1ffc71ab8e: 100% ▕██████████████████▏ 1.6 KB                         [K
pulling bee89e20d457: 100% ▕██████████████████▏   31 B                         [K
pulling f7ce8f326f5d: 100% ▕██████████████████▏ 1.1 KB                         [K
verifying sha256 digest ⠏ [K[?25h[?2026l[?2026h[?25l[A[A[A[A[A[A[A[A[1Gpulling manifest [K
pulling 9d507a36062c: 100% ▕██████████████████▏  67 GB                         [K
pulling 399a8a5a36db: 100% ▕██████████████████▏ 7.8 KB                         [K
pulling 24ca191a372b: 100% ▕██████████████████▏ 6.0 KB                         [K
pulling 161e5d878840: 100% ▕██████████████████▏ 3.7 KB                         [K
pulling fc1ffc71ab8e: 100% ▕██████████████████▏ 1.6 KB                         [K
pulling bee89e20d457: 100% ▕██████████████████▏   31 B                         [K
pulling f7ce8f326f5d: 100% ▕██████████████████▏ 1.1 KB                         [K
verifying sha256 digest ⠋ [K[?25h[?2026l[?2026h[?25l[A[A[A[A[A[A[A[A[1Gpulling manifest [K
pulling 9d507a36062c: 100% ▕██████████████████▏  67 GB                         [K
pulling 399a8a5a36db: 100% ▕██████████████████▏ 7.8 KB                         [K
pulling 24ca191a372b: 100% ▕██████████████████▏ 6.0 KB                         [K
pulling 161e5d878840: 100% ▕██████████████████▏ 3.7 KB                         [K
pulling fc1ffc71ab8e: 100% ▕██████████████████▏ 1.6 KB                         [K
pulling bee89e20d457: 100% ▕██████████████████▏   31 B                         [K
pulling f7ce8f326f5d: 100% ▕██████████████████▏ 1.1 KB                         [K
verifying sha256 digest ⠙ [K[?25h[?2026l[?2026h[?25l[A[A[A[A[A[A[A[A[1Gpulling manifest [K
pulling 9d507a36062c: 100% ▕██████████████████▏  67 GB                         [K
pulling 399a8a5a36db: 100% ▕██████████████████▏ 7.8 KB                         [K
pulling 24ca191a372b: 100% ▕██████████████████▏ 6.0 KB                         [K
pulling 161e5d878840: 100% ▕██████████████████▏ 3.7 KB                         [K
pulling fc1ffc71ab8e: 100% ▕██████████████████▏ 1.6 KB                         [K
pulling bee89e20d457: 100% ▕██████████████████▏   31 B                         [K
pulling f7ce8f326f5d: 100% ▕██████████████████▏ 1.1 KB                         [K
verifying sha256 digest ⠹ [K[?25h[?2026l[?2026h[?25l[A[A[A[A[A[A[A[A[1Gpulling manifest [K
pulling 9d507a36062c: 100% ▕██████████████████▏  67 GB                         [K
pulling 399a8a5a36db: 100% ▕██████████████████▏ 7.8 KB                         [K
pulling 24ca191a372b: 100% ▕██████████████████▏ 6.0 KB                         [K
pulling 161e5d878840: 100% ▕██████████████████▏ 3.7 KB                         [K
pulling fc1ffc71ab8e: 100% ▕██████████████████▏ 1.6 KB                         [K
pulling bee89e20d457: 100% ▕██████████████████▏   31 B                         [K
pulling f7ce8f326f5d: 100% ▕██████████████████▏ 1.1 KB                         [K
verifying sha256 digest ⠸ [K[?25h[?2026l[?2026h[?25l[A[A[A[A[A[A[A[A[1Gpulling manifest [K
pulling 9d507a36062c: 100% ▕██████████████████▏  67 GB                         [K
pulling 399a8a5a36db: 100% ▕██████████████████▏ 7.8 KB                         [K
pulling 24ca191a372b: 100% ▕██████████████████▏ 6.0 KB                         [K
pulling 161e5d878840: 100% ▕██████████████████▏ 3.7 KB                         [K
pulling fc1ffc71ab8e: 100% ▕██████████████████▏ 1.6 KB                         [K
pulling bee89e20d457: 100% ▕██████████████████▏   31 B                         [K
pulling f7ce8f326f5d: 100% ▕██████████████████▏ 1.1 KB                         [K
verifying sha256 digest ⠼ [K[?25h[?2026l[?2026h[?25l[A[A[A[A[A[A[A[A[1Gpulling manifest [K
pulling 9d507a36062c: 100% ▕██████████████████▏  67 GB                         [K
pulling 399a8a5a36db: 100% ▕██████████████████▏ 7.8 KB                         [K
pulling 24ca191a372b: 100% ▕██████████████████▏ 6.0 KB                         [K
pulling 161e5d878840: 100% ▕██████████████████▏ 3.7 KB                         [K
pulling fc1ffc71ab8e: 100% ▕██████████████████▏ 1.6 KB                         [K
pulling bee89e20d457: 100% ▕██████████████████▏   31 B                         [K
pulling f7ce8f326f5d: 100% ▕██████████████████▏ 1.1 KB                         [K
verifying sha256 digest ⠴ [K[?25h[?2026l[?2026h[?25l[A[A[A[A[A[A[A[A[1Gpulling manifest [K
pulling 9d507a36062c: 100% ▕██████████████████▏  67 GB                         [K
pulling 399a8a5a36db: 100% ▕██████████████████▏ 7.8 KB                         [K
pulling 24ca191a372b: 100% ▕██████████████████▏ 6.0 KB                         [K
pulling 161e5d878840: 100% ▕██████████████████▏ 3.7 KB                         [K
pulling fc1ffc71ab8e: 100% ▕██████████████████▏ 1.6 KB                         [K
pulling bee89e20d457: 100% ▕██████████████████▏   31 B                         [K
pulling f7ce8f326f5d: 100% ▕██████████████████▏ 1.1 KB                         [K
verifying sha256 digest ⠦ [K[?25h[?2026l[?2026h[?25l[A[A[A[A[A[A[A[A[1Gpulling manifest [K
pulling 9d507a36062c: 100% ▕██████████████████▏  67 GB                         [K
pulling 399a8a5a36db: 100% ▕██████████████████▏ 7.8 KB                         [K
pulling 24ca191a372b: 100% ▕██████████████████▏ 6.0 KB                         [K
pulling 161e5d878840: 100% ▕██████████████████▏ 3.7 KB                         [K
pulling fc1ffc71ab8e: 100% ▕██████████████████▏ 1.6 KB                         [K
pulling bee89e20d457: 100% ▕██████████████████▏   31 B                         [K
pulling f7ce8f326f5d: 100% ▕██████████████████▏ 1.1 KB                         [K
verifying sha256 digest ⠧ [K[?25h[?2026l[?2026h[?25l[A[A[A[A[A[A[A[A[1Gpulling manifest [K
pulling 9d507a36062c: 100% ▕██████████████████▏  67 GB                         [K
pulling 399a8a5a36db: 100% ▕██████████████████▏ 7.8 KB                         [K
pulling 24ca191a372b: 100% ▕██████████████████▏ 6.0 KB                         [K
pulling 161e5d878840: 100% ▕██████████████████▏ 3.7 KB                         [K
pulling fc1ffc71ab8e: 100% ▕██████████████████▏ 1.6 KB                         [K
pulling bee89e20d457: 100% ▕██████████████████▏   31 B                         [K
pulling f7ce8f326f5d: 100% ▕██████████████████▏ 1.1 KB                         [K
verifying sha256 digest ⠇ [K[?25h[?2026l[?2026h[?25l[A[A[A[A[A[A[A[A[1Gpulling manifest [K
pulling 9d507a36062c: 100% ▕██████████████████▏  67 GB                         [K
pulling 399a8a5a36db: 100% ▕██████████████████▏ 7.8 KB                         [K
pulling 24ca191a372b: 100% ▕██████████████████▏ 6.0 KB                         [K
pulling 161e5d878840: 100% ▕██████████████████▏ 3.7 KB                         [K
pulling fc1ffc71ab8e: 100% ▕██████████████████▏ 1.6 KB                         [K
pulling bee89e20d457: 100% ▕██████████████████▏   31 B                         [K
pulling f7ce8f326f5d: 100% ▕██████████████████▏ 1.1 KB                         [K
verifying sha256 digest ⠏ [K[?25h[?2026l[?2026h[?25l[A[A[A[A[A[A[A[A[1Gpulling manifest [K
pulling 9d507a36062c: 100% ▕██████████████████▏  67 GB                         [K
pulling 399a8a5a36db: 100% ▕██████████████████▏ 7.8 KB                         [K
pulling 24ca191a372b: 100% ▕██████████████████▏ 6.0 KB                         [K
pulling 161e5d878840: 100% ▕██████████████████▏ 3.7 KB                         [K
pulling fc1ffc71ab8e: 100% ▕██████████████████▏ 1.6 KB                         [K
pulling bee89e20d457: 100% ▕██████████████████▏   31 B                         [K
pulling f7ce8f326f5d: 100% ▕██████████████████▏ 1.1 KB                         [K
verifying sha256 digest ⠋ [K[?25h[?2026l[?2026h[?25l[A[A[A[A[A[A[A[A[1Gpulling manifest [K
pulling 9d507a36062c: 100% ▕██████████████████▏  67 GB                         [K
pulling 399a8a5a36db: 100% ▕██████████████████▏ 7.8 KB                         [K
pulling 24ca191a372b: 100% ▕██████████████████▏ 6.0 KB                         [K
pulling 161e5d878840: 100% ▕██████████████████▏ 3.7 KB                         [K
pulling fc1ffc71ab8e: 100% ▕██████████████████▏ 1.6 KB                         [K
pulling bee89e20d457: 100% ▕██████████████████▏   31 B                         [K
pulling f7ce8f326f5d: 100% ▕██████████████████▏ 1.1 KB                         [K
verifying sha256 digest ⠙ [K[?25h[?2026l[?2026h[?25l[A[A[A[A[A[A[A[A[1Gpulling manifest [K
pulling 9d507a36062c: 100% ▕██████████████████▏  67 GB                         [K
pulling 399a8a5a36db: 100% ▕██████████████████▏ 7.8 KB                         [K
pulling 24ca191a372b: 100% ▕██████████████████▏ 6.0 KB                         [K
pulling 161e5d878840: 100% ▕██████████████████▏ 3.7 KB                         [K
pulling fc1ffc71ab8e: 100% ▕██████████████████▏ 1.6 KB                         [K
pulling bee89e20d457: 100% ▕██████████████████▏   31 B                         [K
pulling f7ce8f326f5d: 100% ▕██████████████████▏ 1.1 KB                         [K
verifying sha256 digest ⠹ [K[?25h[?2026l[?2026h[?25l[A[A[A[A[A[A[A[A[1Gpulling manifest [K
pulling 9d507a36062c: 100% ▕██████████████████▏  67 GB                         [K
pulling 399a8a5a36db: 100% ▕██████████████████▏ 7.8 KB                         [K
pulling 24ca191a372b: 100% ▕██████████████████▏ 6.0 KB                         [K
pulling 161e5d878840: 100% ▕██████████████████▏ 3.7 KB                         [K
pulling fc1ffc71ab8e: 100% ▕██████████████████▏ 1.6 KB                         [K
pulling bee89e20d457: 100% ▕██████████████████▏   31 B                         [K
pulling f7ce8f326f5d: 100% ▕██████████████████▏ 1.1 KB                         [K
verifying sha256 digest ⠸ [K[?25h[?2026l[?2026h[?25l[A[A[A[A[A[A[A[A[1Gpulling manifest [K
pulling 9d507a36062c: 100% ▕██████████████████▏  67 GB                         [K
pulling 399a8a5a36db: 100% ▕██████████████████▏ 7.8 KB                         [K
pulling 24ca191a372b: 100% ▕██████████████████▏ 6.0 KB                         [K
pulling 161e5d878840: 100% ▕██████████████████▏ 3.7 KB                         [K
pulling fc1ffc71ab8e: 100% ▕██████████████████▏ 1.6 KB                         [K
pulling bee89e20d457: 100% ▕██████████████████▏   31 B                         [K
pulling f7ce8f326f5d: 100% ▕██████████████████▏ 1.1 KB                         [K
verifying sha256 digest ⠼ [K[?25h[?2026l[?2026h[?25l[A[A[A[A[A[A[A[A[1Gpulling manifest [K
pulling 9d507a36062c: 100% ▕██████████████████▏  67 GB                         [K
pulling 399a8a5a36db: 100% ▕██████████████████▏ 7.8 KB                         [K
pulling 24ca191a372b: 100% ▕██████████████████▏ 6.0 KB                         [K
pulling 161e5d878840: 100% ▕██████████████████▏ 3.7 KB                         [K
pulling fc1ffc71ab8e: 100% ▕██████████████████▏ 1.6 KB                         [K
pulling bee89e20d457: 100% ▕██████████████████▏   31 B                         [K
pulling f7ce8f326f5d: 100% ▕██████████████████▏ 1.1 KB                         [K
verifying sha256 digest ⠴ [K[?25h[?2026l[?2026h[?25l[A[A[A[A[A[A[A[A[1Gpulling manifest [K
pulling 9d507a36062c: 100% ▕██████████████████▏  67 GB                         [K
pulling 399a8a5a36db: 100% ▕██████████████████▏ 7.8 KB                         [K
pulling 24ca191a372b: 100% ▕██████████████████▏ 6.0 KB                         [K
pulling 161e5d878840: 100% ▕██████████████████▏ 3.7 KB                         [K
pulling fc1ffc71ab8e: 100% ▕██████████████████▏ 1.6 KB                         [K
pulling bee89e20d457: 100% ▕██████████████████▏   31 B                         [K
pulling f7ce8f326f5d: 100% ▕██████████████████▏ 1.1 KB                         [K
verifying sha256 digest ⠦ [K[?25h[?2026l[?2026h[?25l[A[A[A[A[A[A[A[A[1Gpulling manifest [K
pulling 9d507a36062c: 100% ▕██████████████████▏  67 GB                         [K
pulling 399a8a5a36db: 100% ▕██████████████████▏ 7.8 KB                         [K
pulling 24ca191a372b: 100% ▕██████████████████▏ 6.0 KB                         [K
pulling 161e5d878840: 100% ▕██████████████████▏ 3.7 KB                         [K
pulling fc1ffc71ab8e: 100% ▕██████████████████▏ 1.6 KB                         [K
pulling bee89e20d457: 100% ▕██████████████████▏   31 B                         [K
pulling f7ce8f326f5d: 100% ▕██████████████████▏ 1.1 KB                         [K
verifying sha256 digest ⠧ [K[?25h[?2026l[?2026h[?25l[A[A[A[A[A[A[A[A[1Gpulling manifest [K
pulling 9d507a36062c: 100% ▕██████████████████▏  67 GB                         [K
pulling 399a8a5a36db: 100% ▕██████████████████▏ 7.8 KB                         [K
pulling 24ca191a372b: 100% ▕██████████████████▏ 6.0 KB                         [K
pulling 161e5d878840: 100% ▕██████████████████▏ 3.7 KB                         [K
pulling fc1ffc71ab8e: 100% ▕██████████████████▏ 1.6 KB                         [K
pulling bee89e20d457: 100% ▕██████████████████▏   31 B                         [K
pulling f7ce8f326f5d: 100% ▕██████████████████▏ 1.1 KB                         [K
verifying sha256 digest ⠇ [K[?25h[?2026l[?2026h[?25l[A[A[A[A[A[A[A[A[1Gpulling manifest [K
pulling 9d507a36062c: 100% ▕██████████████████▏  67 GB                         [K
pulling 399a8a5a36db: 100% ▕██████████████████▏ 7.8 KB                         [K
pulling 24ca191a372b: 100% ▕██████████████████▏ 6.0 KB                         [K
pulling 161e5d878840: 100% ▕██████████████████▏ 3.7 KB                         [K
pulling fc1ffc71ab8e: 100% ▕██████████████████▏ 1.6 KB                         [K
pulling bee89e20d457: 100% ▕██████████████████▏   31 B                         [K
pulling f7ce8f326f5d: 100% ▕██████████████████▏ 1.1 KB                         [K
verifying sha256 digest ⠏ [K[?25h[?2026l[?2026h[?25l[A[A[A[A[A[A[A[A[1Gpulling manifest [K
pulling 9d507a36062c: 100% ▕██████████████████▏  67 GB                         [K
pulling 399a8a5a36db: 100% ▕██████████████████▏ 7.8 KB                         [K
pulling 24ca191a372b: 100% ▕██████████████████▏ 6.0 KB                         [K
pulling 161e5d878840: 100% ▕██████████████████▏ 3.7 KB                         [K
pulling fc1ffc71ab8e: 100% ▕██████████████████▏ 1.6 KB                         [K
pulling bee89e20d457: 100% ▕██████████████████▏   31 B                         [K
pulling f7ce8f326f5d: 100% ▕██████████████████▏ 1.1 KB                         [K
verifying sha256 digest ⠋ [K[?25h[?2026l[?2026h[?25l[A[A[A[A[A[A[A[A[1Gpulling manifest [K
pulling 9d507a36062c: 100% ▕██████████████████▏  67 GB                         [K
pulling 399a8a5a36db: 100% ▕██████████████████▏ 7.8 KB                         [K
pulling 24ca191a372b: 100% ▕██████████████████▏ 6.0 KB                         [K
pulling 161e5d878840: 100% ▕██████████████████▏ 3.7 KB                         [K
pulling fc1ffc71ab8e: 100% ▕██████████████████▏ 1.6 KB                         [K
pulling bee89e20d457: 100% ▕██████████████████▏   31 B                         [K
pulling f7ce8f326f5d: 100% ▕██████████████████▏ 1.1 KB                         [K
verifying sha256 digest ⠙ [K[?25h[?2026l[?2026h[?25l[A[A[A[A[A[A[A[A[1Gpulling manifest [K
pulling 9d507a36062c: 100% ▕██████████████████▏  67 GB                         [K
pulling 399a8a5a36db: 100% ▕██████████████████▏ 7.8 KB                         [K
pulling 24ca191a372b: 100% ▕██████████████████▏ 6.0 KB                         [K
pulling 161e5d878840: 100% ▕██████████████████▏ 3.7 KB                         [K
pulling fc1ffc71ab8e: 100% ▕██████████████████▏ 1.6 KB                         [K
pulling bee89e20d457: 100% ▕██████████████████▏   31 B                         [K
pulling f7ce8f326f5d: 100% ▕██████████████████▏ 1.1 KB                         [K
verifying sha256 digest ⠹ [K[?25h[?2026l[?2026h[?25l[A[A[A[A[A[A[A[A[1Gpulling manifest [K
pulling 9d507a36062c: 100% ▕██████████████████▏  67 GB                         [K
pulling 399a8a5a36db: 100% ▕██████████████████▏ 7.8 KB                         [K
pulling 24ca191a372b: 100% ▕██████████████████▏ 6.0 KB                         [K
pulling 161e5d878840: 100% ▕██████████████████▏ 3.7 KB                         [K
pulling fc1ffc71ab8e: 100% ▕██████████████████▏ 1.6 KB                         [K
pulling bee89e20d457: 100% ▕██████████████████▏   31 B                         [K
pulling f7ce8f326f5d: 100% ▕██████████████████▏ 1.1 KB                         [K
verifying sha256 digest ⠸ [K[?25h[?2026l[?2026h[?25l[A[A[A[A[A[A[A[A[1Gpulling manifest [K
pulling 9d507a36062c: 100% ▕██████████████████▏  67 GB                         [K
pulling 399a8a5a36db: 100% ▕██████████████████▏ 7.8 KB                         [K
pulling 24ca191a372b: 100% ▕██████████████████▏ 6.0 KB                         [K
pulling 161e5d878840: 100% ▕██████████████████▏ 3.7 KB                         [K
pulling fc1ffc71ab8e: 100% ▕██████████████████▏ 1.6 KB                         [K
pulling bee89e20d457: 100% ▕██████████████████▏   31 B                         [K
pulling f7ce8f326f5d: 100% ▕██████████████████▏ 1.1 KB                         [K
verifying sha256 digest ⠼ [K[?25h[?2026l[?2026h[?25l[A[A[A[A[A[A[A[A[1Gpulling manifest [K
pulling 9d507a36062c: 100% ▕██████████████████▏  67 GB                         [K
pulling 399a8a5a36db: 100% ▕██████████████████▏ 7.8 KB                         [K
pulling 24ca191a372b: 100% ▕██████████████████▏ 6.0 KB                         [K
pulling 161e5d878840: 100% ▕██████████████████▏ 3.7 KB                         [K
pulling fc1ffc71ab8e: 100% ▕██████████████████▏ 1.6 KB                         [K
pulling bee89e20d457: 100% ▕██████████████████▏   31 B                         [K
pulling f7ce8f326f5d: 100% ▕██████████████████▏ 1.1 KB                         [K
verifying sha256 digest ⠴ [K[?25h[?2026l[?2026h[?25l[A[A[A[A[A[A[A[A[1Gpulling manifest [K
pulling 9d507a36062c: 100% ▕██████████████████▏  67 GB                         [K
pulling 399a8a5a36db: 100% ▕██████████████████▏ 7.8 KB                         [K
pulling 24ca191a372b: 100% ▕██████████████████▏ 6.0 KB                         [K
pulling 161e5d878840: 100% ▕██████████████████▏ 3.7 KB                         [K
pulling fc1ffc71ab8e: 100% ▕██████████████████▏ 1.6 KB                         [K
pulling bee89e20d457: 100% ▕██████████████████▏   31 B                         [K
pulling f7ce8f326f5d: 100% ▕██████████████████▏ 1.1 KB                         [K
verifying sha256 digest ⠦ [K[?25h[?2026l[?2026h[?25l[A[A[A[A[A[A[A[A[1Gpulling manifest [K
pulling 9d507a36062c: 100% ▕██████████████████▏  67 GB                         [K
pulling 399a8a5a36db: 100% ▕██████████████████▏ 7.8 KB                         [K
pulling 24ca191a372b: 100% ▕██████████████████▏ 6.0 KB                         [K
pulling 161e5d878840: 100% ▕██████████████████▏ 3.7 KB                         [K
pulling fc1ffc71ab8e: 100% ▕██████████████████▏ 1.6 KB                         [K
pulling bee89e20d457: 100% ▕██████████████████▏   31 B                         [K
pulling f7ce8f326f5d: 100% ▕██████████████████▏ 1.1 KB                         [K
verifying sha256 digest ⠧ [K[?25h[?2026l[?2026h[?25l[A[A[A[A[A[A[A[A[1Gpulling manifest [K
pulling 9d507a36062c: 100% ▕██████████████████▏  67 GB                         [K
pulling 399a8a5a36db: 100% ▕██████████████████▏ 7.8 KB                         [K
pulling 24ca191a372b: 100% ▕██████████████████▏ 6.0 KB                         [K
pulling 161e5d878840: 100% ▕██████████████████▏ 3.7 KB                         [K
pulling fc1ffc71ab8e: 100% ▕██████████████████▏ 1.6 KB                         [K
pulling bee89e20d457: 100% ▕██████████████████▏   31 B                         [K
pulling f7ce8f326f5d: 100% ▕██████████████████▏ 1.1 KB                         [K
verifying sha256 digest ⠇ [K[?25h[?2026l[?2026h[?25l[A[A[A[A[A[A[A[A[1Gpulling manifest [K
pulling 9d507a36062c: 100% ▕██████████████████▏  67 GB                         [K
pulling 399a8a5a36db: 100% ▕██████████████████▏ 7.8 KB                         [K
pulling 24ca191a372b: 100% ▕██████████████████▏ 6.0 KB                         [K
pulling 161e5d878840: 100% ▕██████████████████▏ 3.7 KB                         [K
pulling fc1ffc71ab8e: 100% ▕██████████████████▏ 1.6 KB                         [K
pulling bee89e20d457: 100% ▕██████████████████▏   31 B                         [K
pulling f7ce8f326f5d: 100% ▕██████████████████▏ 1.1 KB                         [K
verifying sha256 digest ⠏ [K[?25h[?2026l[?2026h[?25l[A[A[A[A[A[A[A[A[1Gpulling manifest [K
pulling 9d507a36062c: 100% ▕██████████████████▏  67 GB                         [K
pulling 399a8a5a36db: 100% ▕██████████████████▏ 7.8 KB                         [K
pulling 24ca191a372b: 100% ▕██████████████████▏ 6.0 KB                         [K
pulling 161e5d878840: 100% ▕██████████████████▏ 3.7 KB                         [K
pulling fc1ffc71ab8e: 100% ▕██████████████████▏ 1.6 KB                         [K
pulling bee89e20d457: 100% ▕██████████████████▏   31 B                         [K
pulling f7ce8f326f5d: 100% ▕██████████████████▏ 1.1 KB                         [K
verifying sha256 digest ⠋ [K[?25h[?2026l[?2026h[?25l[A[A[A[A[A[A[A[A[1Gpulling manifest [K
pulling 9d507a36062c: 100% ▕██████████████████▏  67 GB                         [K
pulling 399a8a5a36db: 100% ▕██████████████████▏ 7.8 KB                         [K
pulling 24ca191a372b: 100% ▕██████████████████▏ 6.0 KB                         [K
pulling 161e5d878840: 100% ▕██████████████████▏ 3.7 KB                         [K
pulling fc1ffc71ab8e: 100% ▕██████████████████▏ 1.6 KB                         [K
pulling bee89e20d457: 100% ▕██████████████████▏   31 B                         [K
pulling f7ce8f326f5d: 100% ▕██████████████████▏ 1.1 KB                         [K
verifying sha256 digest ⠙ [K[?25h[?2026l[?2026h[?25l[A[A[A[A[A[A[A[A[1Gpulling manifest [K
pulling 9d507a36062c: 100% ▕██████████████████▏  67 GB                         [K
pulling 399a8a5a36db: 100% ▕██████████████████▏ 7.8 KB                         [K
pulling 24ca191a372b: 100% ▕██████████████████▏ 6.0 KB                         [K
pulling 161e5d878840: 100% ▕██████████████████▏ 3.7 KB                         [K
pulling fc1ffc71ab8e: 100% ▕██████████████████▏ 1.6 KB                         [K
pulling bee89e20d457: 100% ▕██████████████████▏   31 B                         [K
pulling f7ce8f326f5d: 100% ▕██████████████████▏ 1.1 KB                         [K
verifying sha256 digest ⠹ [K[?25h[?2026l[?2026h[?25l[A[A[A[A[A[A[A[A[1Gpulling manifest [K
pulling 9d507a36062c: 100% ▕██████████████████▏  67 GB                         [K
pulling 399a8a5a36db: 100% ▕██████████████████▏ 7.8 KB                         [K
pulling 24ca191a372b: 100% ▕██████████████████▏ 6.0 KB                         [K
pulling 161e5d878840: 100% ▕██████████████████▏ 3.7 KB                         [K
pulling fc1ffc71ab8e: 100% ▕██████████████████▏ 1.6 KB                         [K
pulling bee89e20d457: 100% ▕██████████████████▏   31 B                         [K
pulling f7ce8f326f5d: 100% ▕██████████████████▏ 1.1 KB                         [K
verifying sha256 digest ⠸ [K[?25h[?2026l[?2026h[?25l[A[A[A[A[A[A[A[A[1Gpulling manifest [K
pulling 9d507a36062c: 100% ▕██████████████████▏  67 GB                         [K
pulling 399a8a5a36db: 100% ▕██████████████████▏ 7.8 KB                         [K
pulling 24ca191a372b: 100% ▕██████████████████▏ 6.0 KB                         [K
pulling 161e5d878840: 100% ▕██████████████████▏ 3.7 KB                         [K
pulling fc1ffc71ab8e: 100% ▕██████████████████▏ 1.6 KB                         [K
pulling bee89e20d457: 100% ▕██████████████████▏   31 B                         [K
pulling f7ce8f326f5d: 100% ▕██████████████████▏ 1.1 KB                         [K
verifying sha256 digest ⠼ [K[?25h[?2026l[?2026h[?25l[A[A[A[A[A[A[A[A[1Gpulling manifest [K
pulling 9d507a36062c: 100% ▕██████████████████▏  67 GB                         [K
pulling 399a8a5a36db: 100% ▕██████████████████▏ 7.8 KB                         [K
pulling 24ca191a372b: 100% ▕██████████████████▏ 6.0 KB                         [K
pulling 161e5d878840: 100% ▕██████████████████▏ 3.7 KB                         [K
pulling fc1ffc71ab8e: 100% ▕██████████████████▏ 1.6 KB                         [K
pulling bee89e20d457: 100% ▕██████████████████▏   31 B                         [K
pulling f7ce8f326f5d: 100% ▕██████████████████▏ 1.1 KB                         [K
verifying sha256 digest ⠴ [K[?25h[?2026l[?2026h[?25l[A[A[A[A[A[A[A[A[1Gpulling manifest [K
pulling 9d507a36062c: 100% ▕██████████████████▏  67 GB                         [K
pulling 399a8a5a36db: 100% ▕██████████████████▏ 7.8 KB                         [K
pulling 24ca191a372b: 100% ▕██████████████████▏ 6.0 KB                         [K
pulling 161e5d878840: 100% ▕██████████████████▏ 3.7 KB                         [K
pulling fc1ffc71ab8e: 100% ▕██████████████████▏ 1.6 KB                         [K
pulling bee89e20d457: 100% ▕██████████████████▏   31 B                         [K
pulling f7ce8f326f5d: 100% ▕██████████████████▏ 1.1 KB                         [K
verifying sha256 digest ⠦ [K[?25h[?2026l[?2026h[?25l[A[A[A[A[A[A[A[A[1Gpulling manifest [K
pulling 9d507a36062c: 100% ▕██████████████████▏  67 GB                         [K
pulling 399a8a5a36db: 100% ▕██████████████████▏ 7.8 KB                         [K
pulling 24ca191a372b: 100% ▕██████████████████▏ 6.0 KB                         [K
pulling 161e5d878840: 100% ▕██████████████████▏ 3.7 KB                         [K
pulling fc1ffc71ab8e: 100% ▕██████████████████▏ 1.6 KB                         [K
pulling bee89e20d457: 100% ▕██████████████████▏   31 B                         [K
pulling f7ce8f326f5d: 100% ▕██████████████████▏ 1.1 KB                         [K
verifying sha256 digest ⠧ [K[?25h[?2026l[?2026h[?25l[A[A[A[A[A[A[A[A[1Gpulling manifest [K
pulling 9d507a36062c: 100% ▕██████████████████▏  67 GB                         [K
pulling 399a8a5a36db: 100% ▕██████████████████▏ 7.8 KB                         [K
pulling 24ca191a372b: 100% ▕██████████████████▏ 6.0 KB                         [K
pulling 161e5d878840: 100% ▕██████████████████▏ 3.7 KB                         [K
pulling fc1ffc71ab8e: 100% ▕██████████████████▏ 1.6 KB                         [K
pulling bee89e20d457: 100% ▕██████████████████▏   31 B                         [K
pulling f7ce8f326f5d: 100% ▕██████████████████▏ 1.1 KB                         [K
verifying sha256 digest ⠇ [K[?25h[?2026l[?2026h[?25l[A[A[A[A[A[A[A[A[1Gpulling manifest [K
pulling 9d507a36062c: 100% ▕██████████████████▏  67 GB                         [K
pulling 399a8a5a36db: 100% ▕██████████████████▏ 7.8 KB                         [K
pulling 24ca191a372b: 100% ▕██████████████████▏ 6.0 KB                         [K
pulling 161e5d878840: 100% ▕██████████████████▏ 3.7 KB                         [K
pulling fc1ffc71ab8e: 100% ▕██████████████████▏ 1.6 KB                         [K
pulling bee89e20d457: 100% ▕██████████████████▏   31 B                         [K
pulling f7ce8f326f5d: 100% ▕██████████████████▏ 1.1 KB                         [K
verifying sha256 digest ⠏ [K[?25h[?2026l[?2026h[?25l[A[A[A[A[A[A[A[A[1Gpulling manifest [K
pulling 9d507a36062c: 100% ▕██████████████████▏  67 GB                         [K
pulling 399a8a5a36db: 100% ▕██████████████████▏ 7.8 KB                         [K
pulling 24ca191a372b: 100% ▕██████████████████▏ 6.0 KB                         [K
pulling 161e5d878840: 100% ▕██████████████████▏ 3.7 KB                         [K
pulling fc1ffc71ab8e: 100% ▕██████████████████▏ 1.6 KB                         [K
pulling bee89e20d457: 100% ▕██████████████████▏   31 B                         [K
pulling f7ce8f326f5d: 100% ▕██████████████████▏ 1.1 KB                         [K
verifying sha256 digest ⠋ [K[?25h[?2026l[?2026h[?25l[A[A[A[A[A[A[A[A[1Gpulling manifest [K
pulling 9d507a36062c: 100% ▕██████████████████▏  67 GB                         [K
pulling 399a8a5a36db: 100% ▕██████████████████▏ 7.8 KB                         [K
pulling 24ca191a372b: 100% ▕██████████████████▏ 6.0 KB                         [K
pulling 161e5d878840: 100% ▕██████████████████▏ 3.7 KB                         [K
pulling fc1ffc71ab8e: 100% ▕██████████████████▏ 1.6 KB                         [K
pulling bee89e20d457: 100% ▕██████████████████▏   31 B                         [K
pulling f7ce8f326f5d: 100% ▕██████████████████▏ 1.1 KB                         [K
verifying sha256 digest ⠙ [K[?25h[?2026l[?2026h[?25l[A[A[A[A[A[A[A[A[1Gpulling manifest [K
pulling 9d507a36062c: 100% ▕██████████████████▏  67 GB                         [K
pulling 399a8a5a36db: 100% ▕██████████████████▏ 7.8 KB                         [K
pulling 24ca191a372b: 100% ▕██████████████████▏ 6.0 KB                         [K
pulling 161e5d878840: 100% ▕██████████████████▏ 3.7 KB                         [K
pulling fc1ffc71ab8e: 100% ▕██████████████████▏ 1.6 KB                         [K
pulling bee89e20d457: 100% ▕██████████████████▏   31 B                         [K
pulling f7ce8f326f5d: 100% ▕██████████████████▏ 1.1 KB                         [K
verifying sha256 digest ⠹ [K[?25h[?2026l[?2026h[?25l[A[A[A[A[A[A[A[A[1Gpulling manifest [K
pulling 9d507a36062c: 100% ▕██████████████████▏  67 GB                         [K
pulling 399a8a5a36db: 100% ▕██████████████████▏ 7.8 KB                         [K
pulling 24ca191a372b: 100% ▕██████████████████▏ 6.0 KB                         [K
pulling 161e5d878840: 100% ▕██████████████████▏ 3.7 KB                         [K
pulling fc1ffc71ab8e: 100% ▕██████████████████▏ 1.6 KB                         [K
pulling bee89e20d457: 100% ▕██████████████████▏   31 B                         [K
pulling f7ce8f326f5d: 100% ▕██████████████████▏ 1.1 KB                         [K
verifying sha256 digest ⠸ [K[?25h[?2026l[?2026h[?25l[A[A[A[A[A[A[A[A[1Gpulling manifest [K
pulling 9d507a36062c: 100% ▕██████████████████▏  67 GB                         [K
pulling 399a8a5a36db: 100% ▕██████████████████▏ 7.8 KB                         [K
pulling 24ca191a372b: 100% ▕██████████████████▏ 6.0 KB                         [K
pulling 161e5d878840: 100% ▕██████████████████▏ 3.7 KB                         [K
pulling fc1ffc71ab8e: 100% ▕██████████████████▏ 1.6 KB                         [K
pulling bee89e20d457: 100% ▕██████████████████▏   31 B                         [K
pulling f7ce8f326f5d: 100% ▕██████████████████▏ 1.1 KB                         [K
verifying sha256 digest ⠼ [K[?25h[?2026l[?2026h[?25l[A[A[A[A[A[A[A[A[1Gpulling manifest [K
pulling 9d507a36062c: 100% ▕██████████████████▏  67 GB                         [K
pulling 399a8a5a36db: 100% ▕██████████████████▏ 7.8 KB                         [K
pulling 24ca191a372b: 100% ▕██████████████████▏ 6.0 KB                         [K
pulling 161e5d878840: 100% ▕██████████████████▏ 3.7 KB                         [K
pulling fc1ffc71ab8e: 100% ▕██████████████████▏ 1.6 KB                         [K
pulling bee89e20d457: 100% ▕██████████████████▏   31 B                         [K
pulling f7ce8f326f5d: 100% ▕██████████████████▏ 1.1 KB                         [K
verifying sha256 digest ⠴ [K[?25h[?2026l[?2026h[?25l[A[A[A[A[A[A[A[A[1Gpulling manifest [K
pulling 9d507a36062c: 100% ▕██████████████████▏  67 GB                         [K
pulling 399a8a5a36db: 100% ▕██████████████████▏ 7.8 KB                         [K
pulling 24ca191a372b: 100% ▕██████████████████▏ 6.0 KB                         [K
pulling 161e5d878840: 100% ▕██████████████████▏ 3.7 KB                         [K
pulling fc1ffc71ab8e: 100% ▕██████████████████▏ 1.6 KB                         [K
pulling bee89e20d457: 100% ▕██████████████████▏   31 B                         [K
pulling f7ce8f326f5d: 100% ▕██████████████████▏ 1.1 KB                         [K
verifying sha256 digest ⠦ [K[?25h[?2026l[?2026h[?25l[A[A[A[A[A[A[A[A[1Gpulling manifest [K
pulling 9d507a36062c: 100% ▕██████████████████▏  67 GB                         [K
pulling 399a8a5a36db: 100% ▕██████████████████▏ 7.8 KB                         [K
pulling 24ca191a372b: 100% ▕██████████████████▏ 6.0 KB                         [K
pulling 161e5d878840: 100% ▕██████████████████▏ 3.7 KB                         [K
pulling fc1ffc71ab8e: 100% ▕██████████████████▏ 1.6 KB                         [K
pulling bee89e20d457: 100% ▕██████████████████▏   31 B                         [K
pulling f7ce8f326f5d: 100% ▕██████████████████▏ 1.1 KB                         [K
verifying sha256 digest ⠧ [K[?25h[?2026l[?2026h[?25l[A[A[A[A[A[A[A[A[1Gpulling manifest [K
pulling 9d507a36062c: 100% ▕██████████████████▏  67 GB                         [K
pulling 399a8a5a36db: 100% ▕██████████████████▏ 7.8 KB                         [K
pulling 24ca191a372b: 100% ▕██████████████████▏ 6.0 KB                         [K
pulling 161e5d878840: 100% ▕██████████████████▏ 3.7 KB                         [K
pulling fc1ffc71ab8e: 100% ▕██████████████████▏ 1.6 KB                         [K
pulling bee89e20d457: 100% ▕██████████████████▏   31 B                         [K
pulling f7ce8f326f5d: 100% ▕██████████████████▏ 1.1 KB                         [K
verifying sha256 digest ⠇ [K[?25h[?2026l[?2026h[?25l[A[A[A[A[A[A[A[A[1Gpulling manifest [K
pulling 9d507a36062c: 100% ▕██████████████████▏  67 GB                         [K
pulling 399a8a5a36db: 100% ▕██████████████████▏ 7.8 KB                         [K
pulling 24ca191a372b: 100% ▕██████████████████▏ 6.0 KB                         [K
pulling 161e5d878840: 100% ▕██████████████████▏ 3.7 KB                         [K
pulling fc1ffc71ab8e: 100% ▕██████████████████▏ 1.6 KB                         [K
pulling bee89e20d457: 100% ▕██████████████████▏   31 B                         [K
pulling f7ce8f326f5d: 100% ▕██████████████████▏ 1.1 KB                         [K
verifying sha256 digest ⠏ [K[?25h[?2026l[?2026h[?25l[A[A[A[A[A[A[A[A[1Gpulling manifest [K
pulling 9d507a36062c: 100% ▕██████████████████▏  67 GB                         [K
pulling 399a8a5a36db: 100% ▕██████████████████▏ 7.8 KB                         [K
pulling 24ca191a372b: 100% ▕██████████████████▏ 6.0 KB                         [K
pulling 161e5d878840: 100% ▕██████████████████▏ 3.7 KB                         [K
pulling fc1ffc71ab8e: 100% ▕██████████████████▏ 1.6 KB                         [K
pulling bee89e20d457: 100% ▕██████████████████▏   31 B                         [K
pulling f7ce8f326f5d: 100% ▕██████████████████▏ 1.1 KB                         [K
verifying sha256 digest ⠋ [K[?25h[?2026l[?2026h[?25l[A[A[A[A[A[A[A[A[1Gpulling manifest [K
pulling 9d507a36062c: 100% ▕██████████████████▏  67 GB                         [K
pulling 399a8a5a36db: 100% ▕██████████████████▏ 7.8 KB                         [K
pulling 24ca191a372b: 100% ▕██████████████████▏ 6.0 KB                         [K
pulling 161e5d878840: 100% ▕██████████████████▏ 3.7 KB                         [K
pulling fc1ffc71ab8e: 100% ▕██████████████████▏ 1.6 KB                         [K
pulling bee89e20d457: 100% ▕██████████████████▏   31 B                         [K
pulling f7ce8f326f5d: 100% ▕██████████████████▏ 1.1 KB                         [K
verifying sha256 digest ⠙ [K[?25h[?2026l[?2026h[?25l[A[A[A[A[A[A[A[A[1Gpulling manifest [K
pulling 9d507a36062c: 100% ▕██████████████████▏  67 GB                         [K
pulling 399a8a5a36db: 100% ▕██████████████████▏ 7.8 KB                         [K
pulling 24ca191a372b: 100% ▕██████████████████▏ 6.0 KB                         [K
pulling 161e5d878840: 100% ▕██████████████████▏ 3.7 KB                         [K
pulling fc1ffc71ab8e: 100% ▕██████████████████▏ 1.6 KB                         [K
pulling bee89e20d457: 100% ▕██████████████████▏   31 B                         [K
pulling f7ce8f326f5d: 100% ▕██████████████████▏ 1.1 KB                         [K
verifying sha256 digest ⠹ [K[?25h[?2026l[?2026h[?25l[A[A[A[A[A[A[A[A[1Gpulling manifest [K
pulling 9d507a36062c: 100% ▕██████████████████▏  67 GB                         [K
pulling 399a8a5a36db: 100% ▕██████████████████▏ 7.8 KB                         [K
pulling 24ca191a372b: 100% ▕██████████████████▏ 6.0 KB                         [K
pulling 161e5d878840: 100% ▕██████████████████▏ 3.7 KB                         [K
pulling fc1ffc71ab8e: 100% ▕██████████████████▏ 1.6 KB                         [K
pulling bee89e20d457: 100% ▕██████████████████▏   31 B                         [K
pulling f7ce8f326f5d: 100% ▕██████████████████▏ 1.1 KB                         [K
verifying sha256 digest ⠸ [K[?25h[?2026l[?2026h[?25l[A[A[A[A[A[A[A[A[1Gpulling manifest [K
pulling 9d507a36062c: 100% ▕██████████████████▏  67 GB                         [K
pulling 399a8a5a36db: 100% ▕██████████████████▏ 7.8 KB                         [K
pulling 24ca191a372b: 100% ▕██████████████████▏ 6.0 KB                         [K
pulling 161e5d878840: 100% ▕██████████████████▏ 3.7 KB                         [K
pulling fc1ffc71ab8e: 100% ▕██████████████████▏ 1.6 KB                         [K
pulling bee89e20d457: 100% ▕██████████████████▏   31 B                         [K
pulling f7ce8f326f5d: 100% ▕██████████████████▏ 1.1 KB                         [K
verifying sha256 digest ⠼ [K[?25h[?2026l[?2026h[?25l[A[A[A[A[A[A[A[A[1Gpulling manifest [K
pulling 9d507a36062c: 100% ▕██████████████████▏  67 GB                         [K
pulling 399a8a5a36db: 100% ▕██████████████████▏ 7.8 KB                         [K
pulling 24ca191a372b: 100% ▕██████████████████▏ 6.0 KB                         [K
pulling 161e5d878840: 100% ▕██████████████████▏ 3.7 KB                         [K
pulling fc1ffc71ab8e: 100% ▕██████████████████▏ 1.6 KB                         [K
pulling bee89e20d457: 100% ▕██████████████████▏   31 B                         [K
pulling f7ce8f326f5d: 100% ▕██████████████████▏ 1.1 KB                         [K
verifying sha256 digest ⠴ [K[?25h[?2026l[?2026h[?25l[A[A[A[A[A[A[A[A[1Gpulling manifest [K
pulling 9d507a36062c: 100% ▕██████████████████▏  67 GB                         [K
pulling 399a8a5a36db: 100% ▕██████████████████▏ 7.8 KB                         [K
pulling 24ca191a372b: 100% ▕██████████████████▏ 6.0 KB                         [K
pulling 161e5d878840: 100% ▕██████████████████▏ 3.7 KB                         [K
pulling fc1ffc71ab8e: 100% ▕██████████████████▏ 1.6 KB                         [K
pulling bee89e20d457: 100% ▕██████████████████▏   31 B                         [K
pulling f7ce8f326f5d: 100% ▕██████████████████▏ 1.1 KB                         [K
verifying sha256 digest ⠦ [K[?25h[?2026l[?2026h[?25l[A[A[A[A[A[A[A[A[1Gpulling manifest [K
pulling 9d507a36062c: 100% ▕██████████████████▏  67 GB                         [K
pulling 399a8a5a36db: 100% ▕██████████████████▏ 7.8 KB                         [K
pulling 24ca191a372b: 100% ▕██████████████████▏ 6.0 KB                         [K
pulling 161e5d878840: 100% ▕██████████████████▏ 3.7 KB                         [K
pulling fc1ffc71ab8e: 100% ▕██████████████████▏ 1.6 KB                         [K
pulling bee89e20d457: 100% ▕██████████████████▏   31 B                         [K
pulling f7ce8f326f5d: 100% ▕██████████████████▏ 1.1 KB                         [K
verifying sha256 digest ⠧ [K[?25h[?2026l[?2026h[?25l[A[A[A[A[A[A[A[A[1Gpulling manifest [K
pulling 9d507a36062c: 100% ▕██████████████████▏  67 GB                         [K
pulling 399a8a5a36db: 100% ▕██████████████████▏ 7.8 KB                         [K
pulling 24ca191a372b: 100% ▕██████████████████▏ 6.0 KB                         [K
pulling 161e5d878840: 100% ▕██████████████████▏ 3.7 KB                         [K
pulling fc1ffc71ab8e: 100% ▕██████████████████▏ 1.6 KB                         [K
pulling bee89e20d457: 100% ▕██████████████████▏   31 B                         [K
pulling f7ce8f326f5d: 100% ▕██████████████████▏ 1.1 KB                         [K
verifying sha256 digest ⠇ [K[?25h[?2026l[?2026h[?25l[A[A[A[A[A[A[A[A[1Gpulling manifest [K
pulling 9d507a36062c: 100% ▕██████████████████▏  67 GB                         [K
pulling 399a8a5a36db: 100% ▕██████████████████▏ 7.8 KB                         [K
pulling 24ca191a372b: 100% ▕██████████████████▏ 6.0 KB                         [K
pulling 161e5d878840: 100% ▕██████████████████▏ 3.7 KB                         [K
pulling fc1ffc71ab8e: 100% ▕██████████████████▏ 1.6 KB                         [K
pulling bee89e20d457: 100% ▕██████████████████▏   31 B                         [K
pulling f7ce8f326f5d: 100% ▕██████████████████▏ 1.1 KB                         [K
verifying sha256 digest ⠏ [K[?25h[?2026l[?2026h[?25l[A[A[A[A[A[A[A[A[1Gpulling manifest [K
pulling 9d507a36062c: 100% ▕██████████████████▏  67 GB                         [K
pulling 399a8a5a36db: 100% ▕██████████████████▏ 7.8 KB                         [K
pulling 24ca191a372b: 100% ▕██████████████████▏ 6.0 KB                         [K
pulling 161e5d878840: 100% ▕██████████████████▏ 3.7 KB                         [K
pulling fc1ffc71ab8e: 100% ▕██████████████████▏ 1.6 KB                         [K
pulling bee89e20d457: 100% ▕██████████████████▏   31 B                         [K
pulling f7ce8f326f5d: 100% ▕██████████████████▏ 1.1 KB                         [K
verifying sha256 digest ⠋ [K[?25h[?2026l[?2026h[?25l[A[A[A[A[A[A[A[A[1Gpulling manifest [K
pulling 9d507a36062c: 100% ▕██████████████████▏  67 GB                         [K
pulling 399a8a5a36db: 100% ▕██████████████████▏ 7.8 KB                         [K
pulling 24ca191a372b: 100% ▕██████████████████▏ 6.0 KB                         [K
pulling 161e5d878840: 100% ▕██████████████████▏ 3.7 KB                         [K
pulling fc1ffc71ab8e: 100% ▕██████████████████▏ 1.6 KB                         [K
pulling bee89e20d457: 100% ▕██████████████████▏   31 B                         [K
pulling f7ce8f326f5d: 100% ▕██████████████████▏ 1.1 KB                         [K
verifying sha256 digest ⠙ [K[?25h[?2026l[?2026h[?25l[A[A[A[A[A[A[A[A[1Gpulling manifest [K
pulling 9d507a36062c: 100% ▕██████████████████▏  67 GB                         [K
pulling 399a8a5a36db: 100% ▕██████████████████▏ 7.8 KB                         [K
pulling 24ca191a372b: 100% ▕██████████████████▏ 6.0 KB                         [K
pulling 161e5d878840: 100% ▕██████████████████▏ 3.7 KB                         [K
pulling fc1ffc71ab8e: 100% ▕██████████████████▏ 1.6 KB                         [K
pulling bee89e20d457: 100% ▕██████████████████▏   31 B                         [K
pulling f7ce8f326f5d: 100% ▕██████████████████▏ 1.1 KB                         [K
verifying sha256 digest ⠹ [K[?25h[?2026l[?2026h[?25l[A[A[A[A[A[A[A[A[1Gpulling manifest [K
pulling 9d507a36062c: 100% ▕██████████████████▏  67 GB                         [K
pulling 399a8a5a36db: 100% ▕██████████████████▏ 7.8 KB                         [K
pulling 24ca191a372b: 100% ▕██████████████████▏ 6.0 KB                         [K
pulling 161e5d878840: 100% ▕██████████████████▏ 3.7 KB                         [K
pulling fc1ffc71ab8e: 100% ▕██████████████████▏ 1.6 KB                         [K
pulling bee89e20d457: 100% ▕██████████████████▏   31 B                         [K
pulling f7ce8f326f5d: 100% ▕██████████████████▏ 1.1 KB                         [K
verifying sha256 digest ⠸ [K[?25h[?2026l[?2026h[?25l[A[A[A[A[A[A[A[A[1Gpulling manifest [K
pulling 9d507a36062c: 100% ▕██████████████████▏  67 GB                         [K
pulling 399a8a5a36db: 100% ▕██████████████████▏ 7.8 KB                         [K
pulling 24ca191a372b: 100% ▕██████████████████▏ 6.0 KB                         [K
pulling 161e5d878840: 100% ▕██████████████████▏ 3.7 KB                         [K
pulling fc1ffc71ab8e: 100% ▕██████████████████▏ 1.6 KB                         [K
pulling bee89e20d457: 100% ▕██████████████████▏   31 B                         [K
pulling f7ce8f326f5d: 100% ▕██████████████████▏ 1.1 KB                         [K
verifying sha256 digest ⠼ [K[?25h[?2026l[?2026h[?25l[A[A[A[A[A[A[A[A[1Gpulling manifest [K
pulling 9d507a36062c: 100% ▕██████████████████▏  67 GB                         [K
pulling 399a8a5a36db: 100% ▕██████████████████▏ 7.8 KB                         [K
pulling 24ca191a372b: 100% ▕██████████████████▏ 6.0 KB                         [K
pulling 161e5d878840: 100% ▕██████████████████▏ 3.7 KB                         [K
pulling fc1ffc71ab8e: 100% ▕██████████████████▏ 1.6 KB                         [K
pulling bee89e20d457: 100% ▕██████████████████▏   31 B                         [K
pulling f7ce8f326f5d: 100% ▕██████████████████▏ 1.1 KB                         [K
verifying sha256 digest ⠴ [K[?25h[?2026l[?2026h[?25l[A[A[A[A[A[A[A[A[1Gpulling manifest [K
pulling 9d507a36062c: 100% ▕██████████████████▏  67 GB                         [K
pulling 399a8a5a36db: 100% ▕██████████████████▏ 7.8 KB                         [K
pulling 24ca191a372b: 100% ▕██████████████████▏ 6.0 KB                         [K
pulling 161e5d878840: 100% ▕██████████████████▏ 3.7 KB                         [K
pulling fc1ffc71ab8e: 100% ▕██████████████████▏ 1.6 KB                         [K
pulling bee89e20d457: 100% ▕██████████████████▏   31 B                         [K
pulling f7ce8f326f5d: 100% ▕██████████████████▏ 1.1 KB                         [K
verifying sha256 digest ⠦ [K[?25h[?2026l[?2026h[?25l[A[A[A[A[A[A[A[A[1Gpulling manifest [K
pulling 9d507a36062c: 100% ▕██████████████████▏  67 GB                         [K
pulling 399a8a5a36db: 100% ▕██████████████████▏ 7.8 KB                         [K
pulling 24ca191a372b: 100% ▕██████████████████▏ 6.0 KB                         [K
pulling 161e5d878840: 100% ▕██████████████████▏ 3.7 KB                         [K
pulling fc1ffc71ab8e: 100% ▕██████████████████▏ 1.6 KB                         [K
pulling bee89e20d457: 100% ▕██████████████████▏   31 B                         [K
pulling f7ce8f326f5d: 100% ▕██████████████████▏ 1.1 KB                         [K
verifying sha256 digest ⠧ [K[?25h[?2026l[?2026h[?25l[A[A[A[A[A[A[A[A[1Gpulling manifest [K
pulling 9d507a36062c: 100% ▕██████████████████▏  67 GB                         [K
pulling 399a8a5a36db: 100% ▕██████████████████▏ 7.8 KB                         [K
pulling 24ca191a372b: 100% ▕██████████████████▏ 6.0 KB                         [K
pulling 161e5d878840: 100% ▕██████████████████▏ 3.7 KB                         [K
pulling fc1ffc71ab8e: 100% ▕██████████████████▏ 1.6 KB                         [K
pulling bee89e20d457: 100% ▕██████████████████▏   31 B                         [K
pulling f7ce8f326f5d: 100% ▕██████████████████▏ 1.1 KB                         [K
verifying sha256 digest ⠇ [K[?25h[?2026l[?2026h[?25l[A[A[A[A[A[A[A[A[1Gpulling manifest [K
pulling 9d507a36062c: 100% ▕██████████████████▏  67 GB                         [K
pulling 399a8a5a36db: 100% ▕██████████████████▏ 7.8 KB                         [K
pulling 24ca191a372b: 100% ▕██████████████████▏ 6.0 KB                         [K
pulling 161e5d878840: 100% ▕██████████████████▏ 3.7 KB                         [K
pulling fc1ffc71ab8e: 100% ▕██████████████████▏ 1.6 KB                         [K
pulling bee89e20d457: 100% ▕██████████████████▏   31 B                         [K
pulling f7ce8f326f5d: 100% ▕██████████████████▏ 1.1 KB                         [K
verifying sha256 digest ⠏ [K[?25h[?2026l[?2026h[?25l[A[A[A[A[A[A[A[A[1Gpulling manifest [K
pulling 9d507a36062c: 100% ▕██████████████████▏  67 GB                         [K
pulling 399a8a5a36db: 100% ▕██████████████████▏ 7.8 KB                         [K
pulling 24ca191a372b: 100% ▕██████████████████▏ 6.0 KB                         [K
pulling 161e5d878840: 100% ▕██████████████████▏ 3.7 KB                         [K
pulling fc1ffc71ab8e: 100% ▕██████████████████▏ 1.6 KB                         [K
pulling bee89e20d457: 100% ▕██████████████████▏   31 B                         [K
pulling f7ce8f326f5d: 100% ▕██████████████████▏ 1.1 KB                         [K
verifying sha256 digest ⠋ [K[?25h[?2026l[?2026h[?25l[A[A[A[A[A[A[A[A[1Gpulling manifest [K
pulling 9d507a36062c: 100% ▕██████████████████▏  67 GB                         [K
pulling 399a8a5a36db: 100% ▕██████████████████▏ 7.8 KB                         [K
pulling 24ca191a372b: 100% ▕██████████████████▏ 6.0 KB                         [K
pulling 161e5d878840: 100% ▕██████████████████▏ 3.7 KB                         [K
pulling fc1ffc71ab8e: 100% ▕██████████████████▏ 1.6 KB                         [K
pulling bee89e20d457: 100% ▕██████████████████▏   31 B                         [K
pulling f7ce8f326f5d: 100% ▕██████████████████▏ 1.1 KB                         [K
verifying sha256 digest ⠙ [K[?25h[?2026l[?2026h[?25l[A[A[A[A[A[A[A[A[1Gpulling manifest [K
pulling 9d507a36062c: 100% ▕██████████████████▏  67 GB                         [K
pulling 399a8a5a36db: 100% ▕██████████████████▏ 7.8 KB                         [K
pulling 24ca191a372b: 100% ▕██████████████████▏ 6.0 KB                         [K
pulling 161e5d878840: 100% ▕██████████████████▏ 3.7 KB                         [K
pulling fc1ffc71ab8e: 100% ▕██████████████████▏ 1.6 KB                         [K
pulling bee89e20d457: 100% ▕██████████████████▏   31 B                         [K
pulling f7ce8f326f5d: 100% ▕██████████████████▏ 1.1 KB                         [K
verifying sha256 digest ⠹ [K[?25h[?2026l[?2026h[?25l[A[A[A[A[A[A[A[A[1Gpulling manifest [K
pulling 9d507a36062c: 100% ▕██████████████████▏  67 GB                         [K
pulling 399a8a5a36db: 100% ▕██████████████████▏ 7.8 KB                         [K
pulling 24ca191a372b: 100% ▕██████████████████▏ 6.0 KB                         [K
pulling 161e5d878840: 100% ▕██████████████████▏ 3.7 KB                         [K
pulling fc1ffc71ab8e: 100% ▕██████████████████▏ 1.6 KB                         [K
pulling bee89e20d457: 100% ▕██████████████████▏   31 B                         [K
pulling f7ce8f326f5d: 100% ▕██████████████████▏ 1.1 KB                         [K
verifying sha256 digest ⠸ [K[?25h[?2026l[?2026h[?25l[A[A[A[A[A[A[A[A[1Gpulling manifest [K
pulling 9d507a36062c: 100% ▕██████████████████▏  67 GB                         [K
pulling 399a8a5a36db: 100% ▕██████████████████▏ 7.8 KB                         [K
pulling 24ca191a372b: 100% ▕██████████████████▏ 6.0 KB                         [K
pulling 161e5d878840: 100% ▕██████████████████▏ 3.7 KB                         [K
pulling fc1ffc71ab8e: 100% ▕██████████████████▏ 1.6 KB                         [K
pulling bee89e20d457: 100% ▕██████████████████▏   31 B                         [K
pulling f7ce8f326f5d: 100% ▕██████████████████▏ 1.1 KB                         [K
verifying sha256 digest ⠼ [K[?25h[?2026l[?2026h[?25l[A[A[A[A[A[A[A[A[1Gpulling manifest [K
pulling 9d507a36062c: 100% ▕██████████████████▏  67 GB                         [K
pulling 399a8a5a36db: 100% ▕██████████████████▏ 7.8 KB                         [K
pulling 24ca191a372b: 100% ▕██████████████████▏ 6.0 KB                         [K
pulling 161e5d878840: 100% ▕██████████████████▏ 3.7 KB                         [K
pulling fc1ffc71ab8e: 100% ▕██████████████████▏ 1.6 KB                         [K
pulling bee89e20d457: 100% ▕██████████████████▏   31 B                         [K
pulling f7ce8f326f5d: 100% ▕██████████████████▏ 1.1 KB                         [K
verifying sha256 digest ⠴ [K[?25h[?2026l[?2026h[?25l[A[A[A[A[A[A[A[A[1Gpulling manifest [K
pulling 9d507a36062c: 100% ▕██████████████████▏  67 GB                         [K
pulling 399a8a5a36db: 100% ▕██████████████████▏ 7.8 KB                         [K
pulling 24ca191a372b: 100% ▕██████████████████▏ 6.0 KB                         [K
pulling 161e5d878840: 100% ▕██████████████████▏ 3.7 KB                         [K
pulling fc1ffc71ab8e: 100% ▕██████████████████▏ 1.6 KB                         [K
pulling bee89e20d457: 100% ▕██████████████████▏   31 B                         [K
pulling f7ce8f326f5d: 100% ▕██████████████████▏ 1.1 KB                         [K
verifying sha256 digest ⠦ [K[?25h[?2026l[?2026h[?25l[A[A[A[A[A[A[A[A[1Gpulling manifest [K
pulling 9d507a36062c: 100% ▕██████████████████▏  67 GB                         [K
pulling 399a8a5a36db: 100% ▕██████████████████▏ 7.8 KB                         [K
pulling 24ca191a372b: 100% ▕██████████████████▏ 6.0 KB                         [K
pulling 161e5d878840: 100% ▕██████████████████▏ 3.7 KB                         [K
pulling fc1ffc71ab8e: 100% ▕██████████████████▏ 1.6 KB                         [K
pulling bee89e20d457: 100% ▕██████████████████▏   31 B                         [K
pulling f7ce8f326f5d: 100% ▕██████████████████▏ 1.1 KB                         [K
verifying sha256 digest ⠧ [K[?25h[?2026l[?2026h[?25l[A[A[A[A[A[A[A[A[1Gpulling manifest [K
pulling 9d507a36062c: 100% ▕██████████████████▏  67 GB                         [K
pulling 399a8a5a36db: 100% ▕██████████████████▏ 7.8 KB                         [K
pulling 24ca191a372b: 100% ▕██████████████████▏ 6.0 KB                         [K
pulling 161e5d878840: 100% ▕██████████████████▏ 3.7 KB                         [K
pulling fc1ffc71ab8e: 100% ▕██████████████████▏ 1.6 KB                         [K
pulling bee89e20d457: 100% ▕██████████████████▏   31 B                         [K
pulling f7ce8f326f5d: 100% ▕██████████████████▏ 1.1 KB                         [K
verifying sha256 digest ⠇ [K[?25h[?2026l[?2026h[?25l[A[A[A[A[A[A[A[A[1Gpulling manifest [K
pulling 9d507a36062c: 100% ▕██████████████████▏  67 GB                         [K
pulling 399a8a5a36db: 100% ▕██████████████████▏ 7.8 KB                         [K
pulling 24ca191a372b: 100% ▕██████████████████▏ 6.0 KB                         [K
pulling 161e5d878840: 100% ▕██████████████████▏ 3.7 KB                         [K
pulling fc1ffc71ab8e: 100% ▕██████████████████▏ 1.6 KB                         [K
pulling bee89e20d457: 100% ▕██████████████████▏   31 B                         [K
pulling f7ce8f326f5d: 100% ▕██████████████████▏ 1.1 KB                         [K
verifying sha256 digest ⠏ [K[?25h[?2026l[?2026h[?25l[A[A[A[A[A[A[A[A[1Gpulling manifest [K
pulling 9d507a36062c: 100% ▕██████████████████▏  67 GB                         [K
pulling 399a8a5a36db: 100% ▕██████████████████▏ 7.8 KB                         [K
pulling 24ca191a372b: 100% ▕██████████████████▏ 6.0 KB                         [K
pulling 161e5d878840: 100% ▕██████████████████▏ 3.7 KB                         [K
pulling fc1ffc71ab8e: 100% ▕██████████████████▏ 1.6 KB                         [K
pulling bee89e20d457: 100% ▕██████████████████▏   31 B                         [K
pulling f7ce8f326f5d: 100% ▕██████████████████▏ 1.1 KB                         [K
verifying sha256 digest ⠋ [K[?25h[?2026l[?2026h[?25l[A[A[A[A[A[A[A[A[1Gpulling manifest [K
pulling 9d507a36062c: 100% ▕██████████████████▏  67 GB                         [K
pulling 399a8a5a36db: 100% ▕██████████████████▏ 7.8 KB                         [K
pulling 24ca191a372b: 100% ▕██████████████████▏ 6.0 KB                         [K
pulling 161e5d878840: 100% ▕██████████████████▏ 3.7 KB                         [K
pulling fc1ffc71ab8e: 100% ▕██████████████████▏ 1.6 KB                         [K
pulling bee89e20d457: 100% ▕██████████████████▏   31 B                         [K
pulling f7ce8f326f5d: 100% ▕██████████████████▏ 1.1 KB                         [K
verifying sha256 digest ⠙ [K[?25h[?2026l[?2026h[?25l[A[A[A[A[A[A[A[A[1Gpulling manifest [K
pulling 9d507a36062c: 100% ▕██████████████████▏  67 GB                         [K
pulling 399a8a5a36db: 100% ▕██████████████████▏ 7.8 KB                         [K
pulling 24ca191a372b: 100% ▕██████████████████▏ 6.0 KB                         [K
pulling 161e5d878840: 100% ▕██████████████████▏ 3.7 KB                         [K
pulling fc1ffc71ab8e: 100% ▕██████████████████▏ 1.6 KB                         [K
pulling bee89e20d457: 100% ▕██████████████████▏   31 B                         [K
pulling f7ce8f326f5d: 100% ▕██████████████████▏ 1.1 KB                         [K
verifying sha256 digest ⠹ [K[?25h[?2026l[?2026h[?25l[A[A[A[A[A[A[A[A[1Gpulling manifest [K
pulling 9d507a36062c: 100% ▕██████████████████▏  67 GB                         [K
pulling 399a8a5a36db: 100% ▕██████████████████▏ 7.8 KB                         [K
pulling 24ca191a372b: 100% ▕██████████████████▏ 6.0 KB                         [K
pulling 161e5d878840: 100% ▕██████████████████▏ 3.7 KB                         [K
pulling fc1ffc71ab8e: 100% ▕██████████████████▏ 1.6 KB                         [K
pulling bee89e20d457: 100% ▕██████████████████▏   31 B                         [K
pulling f7ce8f326f5d: 100% ▕██████████████████▏ 1.1 KB                         [K
verifying sha256 digest ⠸ [K[?25h[?2026l[?2026h[?25l[A[A[A[A[A[A[A[A[1Gpulling manifest [K
pulling 9d507a36062c: 100% ▕██████████████████▏  67 GB                         [K
pulling 399a8a5a36db: 100% ▕██████████████████▏ 7.8 KB                         [K
pulling 24ca191a372b: 100% ▕██████████████████▏ 6.0 KB                         [K
pulling 161e5d878840: 100% ▕██████████████████▏ 3.7 KB                         [K
pulling fc1ffc71ab8e: 100% ▕██████████████████▏ 1.6 KB                         [K
pulling bee89e20d457: 100% ▕██████████████████▏   31 B                         [K
pulling f7ce8f326f5d: 100% ▕██████████████████▏ 1.1 KB                         [K
verifying sha256 digest ⠼ [K[?25h[?2026l[?2026h[?25l[A[A[A[A[A[A[A[A[1Gpulling manifest [K
pulling 9d507a36062c: 100% ▕██████████████████▏  67 GB                         [K
pulling 399a8a5a36db: 100% ▕██████████████████▏ 7.8 KB                         [K
pulling 24ca191a372b: 100% ▕██████████████████▏ 6.0 KB                         [K
pulling 161e5d878840: 100% ▕██████████████████▏ 3.7 KB                         [K
pulling fc1ffc71ab8e: 100% ▕██████████████████▏ 1.6 KB                         [K
pulling bee89e20d457: 100% ▕██████████████████▏   31 B                         [K
pulling f7ce8f326f5d: 100% ▕██████████████████▏ 1.1 KB                         [K
verifying sha256 digest ⠴ [K[?25h[?2026l[?2026h[?25l[A[A[A[A[A[A[A[A[1Gpulling manifest [K
pulling 9d507a36062c: 100% ▕██████████████████▏  67 GB                         [K
pulling 399a8a5a36db: 100% ▕██████████████████▏ 7.8 KB                         [K
pulling 24ca191a372b: 100% ▕██████████████████▏ 6.0 KB                         [K
pulling 161e5d878840: 100% ▕██████████████████▏ 3.7 KB                         [K
pulling fc1ffc71ab8e: 100% ▕██████████████████▏ 1.6 KB                         [K
pulling bee89e20d457: 100% ▕██████████████████▏   31 B                         [K
pulling f7ce8f326f5d: 100% ▕██████████████████▏ 1.1 KB                         [K
verifying sha256 digest ⠦ [K[?25h[?2026l[?2026h[?25l[A[A[A[A[A[A[A[A[1Gpulling manifest [K
pulling 9d507a36062c: 100% ▕██████████████████▏  67 GB                         [K
pulling 399a8a5a36db: 100% ▕██████████████████▏ 7.8 KB                         [K
pulling 24ca191a372b: 100% ▕██████████████████▏ 6.0 KB                         [K
pulling 161e5d878840: 100% ▕██████████████████▏ 3.7 KB                         [K
pulling fc1ffc71ab8e: 100% ▕██████████████████▏ 1.6 KB                         [K
pulling bee89e20d457: 100% ▕██████████████████▏   31 B                         [K
pulling f7ce8f326f5d: 100% ▕██████████████████▏ 1.1 KB                         [K
verifying sha256 digest ⠧ [K[?25h[?2026l[?2026h[?25l[A[A[A[A[A[A[A[A[1Gpulling manifest [K
pulling 9d507a36062c: 100% ▕██████████████████▏  67 GB                         [K
pulling 399a8a5a36db: 100% ▕██████████████████▏ 7.8 KB                         [K
pulling 24ca191a372b: 100% ▕██████████████████▏ 6.0 KB                         [K
pulling 161e5d878840: 100% ▕██████████████████▏ 3.7 KB                         [K
pulling fc1ffc71ab8e: 100% ▕██████████████████▏ 1.6 KB                         [K
pulling bee89e20d457: 100% ▕██████████████████▏   31 B                         [K
pulling f7ce8f326f5d: 100% ▕██████████████████▏ 1.1 KB                         [K
verifying sha256 digest ⠇ [K[?25h[?2026l[?2026h[?25l[A[A[A[A[A[A[A[A[1Gpulling manifest [K
pulling 9d507a36062c: 100% ▕██████████████████▏  67 GB                         [K
pulling 399a8a5a36db: 100% ▕██████████████████▏ 7.8 KB                         [K
pulling 24ca191a372b: 100% ▕██████████████████▏ 6.0 KB                         [K
pulling 161e5d878840: 100% ▕██████████████████▏ 3.7 KB                         [K
pulling fc1ffc71ab8e: 100% ▕██████████████████▏ 1.6 KB                         [K
pulling bee89e20d457: 100% ▕██████████████████▏   31 B                         [K
pulling f7ce8f326f5d: 100% ▕██████████████████▏ 1.1 KB                         [K
verifying sha256 digest ⠏ [K[?25h[?2026l[?2026h[?25l[A[A[A[A[A[A[A[A[1Gpulling manifest [K
pulling 9d507a36062c: 100% ▕██████████████████▏  67 GB                         [K
pulling 399a8a5a36db: 100% ▕██████████████████▏ 7.8 KB                         [K
pulling 24ca191a372b: 100% ▕██████████████████▏ 6.0 KB                         [K
pulling 161e5d878840: 100% ▕██████████████████▏ 3.7 KB                         [K
pulling fc1ffc71ab8e: 100% ▕██████████████████▏ 1.6 KB                         [K
pulling bee89e20d457: 100% ▕██████████████████▏   31 B                         [K
pulling f7ce8f326f5d: 100% ▕██████████████████▏ 1.1 KB                         [K
verifying sha256 digest ⠋ [K[?25h[?2026l[?2026h[?25l[A[A[A[A[A[A[A[A[1Gpulling manifest [K
pulling 9d507a36062c: 100% ▕██████████████████▏  67 GB                         [K
pulling 399a8a5a36db: 100% ▕██████████████████▏ 7.8 KB                         [K
pulling 24ca191a372b: 100% ▕██████████████████▏ 6.0 KB                         [K
pulling 161e5d878840: 100% ▕██████████████████▏ 3.7 KB                         [K
pulling fc1ffc71ab8e: 100% ▕██████████████████▏ 1.6 KB                         [K
pulling bee89e20d457: 100% ▕██████████████████▏   31 B                         [K
pulling f7ce8f326f5d: 100% ▕██████████████████▏ 1.1 KB                         [K
verifying sha256 digest ⠙ [K[?25h[?2026l[?2026h[?25l[A[A[A[A[A[A[A[A[1Gpulling manifest [K
pulling 9d507a36062c: 100% ▕██████████████████▏  67 GB                         [K
pulling 399a8a5a36db: 100% ▕██████████████████▏ 7.8 KB                         [K
pulling 24ca191a372b: 100% ▕██████████████████▏ 6.0 KB                         [K
pulling 161e5d878840: 100% ▕██████████████████▏ 3.7 KB                         [K
pulling fc1ffc71ab8e: 100% ▕██████████████████▏ 1.6 KB                         [K
pulling bee89e20d457: 100% ▕██████████████████▏   31 B                         [K
pulling f7ce8f326f5d: 100% ▕██████████████████▏ 1.1 KB                         [K
verifying sha256 digest ⠹ [K[?25h[?2026l[?2026h[?25l[A[A[A[A[A[A[A[A[1Gpulling manifest [K
pulling 9d507a36062c: 100% ▕██████████████████▏  67 GB                         [K
pulling 399a8a5a36db: 100% ▕██████████████████▏ 7.8 KB                         [K
pulling 24ca191a372b: 100% ▕██████████████████▏ 6.0 KB                         [K
pulling 161e5d878840: 100% ▕██████████████████▏ 3.7 KB                         [K
pulling fc1ffc71ab8e: 100% ▕██████████████████▏ 1.6 KB                         [K
pulling bee89e20d457: 100% ▕██████████████████▏   31 B                         [K
pulling f7ce8f326f5d: 100% ▕██████████████████▏ 1.1 KB                         [K
verifying sha256 digest ⠸ [K[?25h[?2026l[?2026h[?25l[A[A[A[A[A[A[A[A[1Gpulling manifest [K
pulling 9d507a36062c: 100% ▕██████████████████▏  67 GB                         [K
pulling 399a8a5a36db: 100% ▕██████████████████▏ 7.8 KB                         [K
pulling 24ca191a372b: 100% ▕██████████████████▏ 6.0 KB                         [K
pulling 161e5d878840: 100% ▕██████████████████▏ 3.7 KB                         [K
pulling fc1ffc71ab8e: 100% ▕██████████████████▏ 1.6 KB                         [K
pulling bee89e20d457: 100% ▕██████████████████▏   31 B                         [K
pulling f7ce8f326f5d: 100% ▕██████████████████▏ 1.1 KB                         [K
verifying sha256 digest ⠼ [K[?25h[?2026l[?2026h[?25l[A[A[A[A[A[A[A[A[1Gpulling manifest [K
pulling 9d507a36062c: 100% ▕██████████████████▏  67 GB                         [K
pulling 399a8a5a36db: 100% ▕██████████████████▏ 7.8 KB                         [K
pulling 24ca191a372b: 100% ▕██████████████████▏ 6.0 KB                         [K
pulling 161e5d878840: 100% ▕██████████████████▏ 3.7 KB                         [K
pulling fc1ffc71ab8e: 100% ▕██████████████████▏ 1.6 KB                         [K
pulling bee89e20d457: 100% ▕██████████████████▏   31 B                         [K
pulling f7ce8f326f5d: 100% ▕██████████████████▏ 1.1 KB                         [K
verifying sha256 digest ⠴ [K[?25h[?2026l[?2026h[?25l[A[A[A[A[A[A[A[A[1Gpulling manifest [K
pulling 9d507a36062c: 100% ▕██████████████████▏  67 GB                         [K
pulling 399a8a5a36db: 100% ▕██████████████████▏ 7.8 KB                         [K
pulling 24ca191a372b: 100% ▕██████████████████▏ 6.0 KB                         [K
pulling 161e5d878840: 100% ▕██████████████████▏ 3.7 KB                         [K
pulling fc1ffc71ab8e: 100% ▕██████████████████▏ 1.6 KB                         [K
pulling bee89e20d457: 100% ▕██████████████████▏   31 B                         [K
pulling f7ce8f326f5d: 100% ▕██████████████████▏ 1.1 KB                         [K
verifying sha256 digest ⠦ [K[?25h[?2026l[?2026h[?25l[A[A[A[A[A[A[A[A[1Gpulling manifest [K
pulling 9d507a36062c: 100% ▕██████████████████▏  67 GB                         [K
pulling 399a8a5a36db: 100% ▕██████████████████▏ 7.8 KB                         [K
pulling 24ca191a372b: 100% ▕██████████████████▏ 6.0 KB                         [K
pulling 161e5d878840: 100% ▕██████████████████▏ 3.7 KB                         [K
pulling fc1ffc71ab8e: 100% ▕██████████████████▏ 1.6 KB                         [K
pulling bee89e20d457: 100% ▕██████████████████▏   31 B                         [K
pulling f7ce8f326f5d: 100% ▕██████████████████▏ 1.1 KB                         [K
verifying sha256 digest ⠧ [K[?25h[?2026l[?2026h[?25l[A[A[A[A[A[A[A[A[1Gpulling manifest [K
pulling 9d507a36062c: 100% ▕██████████████████▏  67 GB                         [K
pulling 399a8a5a36db: 100% ▕██████████████████▏ 7.8 KB                         [K
pulling 24ca191a372b: 100% ▕██████████████████▏ 6.0 KB                         [K
pulling 161e5d878840: 100% ▕██████████████████▏ 3.7 KB                         [K
pulling fc1ffc71ab8e: 100% ▕██████████████████▏ 1.6 KB                         [K
pulling bee89e20d457: 100% ▕██████████████████▏   31 B                         [K
pulling f7ce8f326f5d: 100% ▕██████████████████▏ 1.1 KB                         [K
verifying sha256 digest ⠇ [K[?25h[?2026l[?2026h[?25l[A[A[A[A[A[A[A[A[1Gpulling manifest [K
pulling 9d507a36062c: 100% ▕██████████████████▏  67 GB                         [K
pulling 399a8a5a36db: 100% ▕██████████████████▏ 7.8 KB                         [K
pulling 24ca191a372b: 100% ▕██████████████████▏ 6.0 KB                         [K
pulling 161e5d878840: 100% ▕██████████████████▏ 3.7 KB                         [K
pulling fc1ffc71ab8e: 100% ▕██████████████████▏ 1.6 KB                         [K
pulling bee89e20d457: 100% ▕██████████████████▏   31 B                         [K
pulling f7ce8f326f5d: 100% ▕██████████████████▏ 1.1 KB                         [K
verifying sha256 digest ⠏ [K[?25h[?2026l[?2026h[?25l[A[A[A[A[A[A[A[A[1Gpulling manifest [K
pulling 9d507a36062c: 100% ▕██████████████████▏  67 GB                         [K
pulling 399a8a5a36db: 100% ▕██████████████████▏ 7.8 KB                         [K
pulling 24ca191a372b: 100% ▕██████████████████▏ 6.0 KB                         [K
pulling 161e5d878840: 100% ▕██████████████████▏ 3.7 KB                         [K
pulling fc1ffc71ab8e: 100% ▕██████████████████▏ 1.6 KB                         [K
pulling bee89e20d457: 100% ▕██████████████████▏   31 B                         [K
pulling f7ce8f326f5d: 100% ▕██████████████████▏ 1.1 KB                         [K
verifying sha256 digest ⠋ [K[?25h[?2026l[?2026h[?25l[A[A[A[A[A[A[A[A[1Gpulling manifest [K
pulling 9d507a36062c: 100% ▕██████████████████▏  67 GB                         [K
pulling 399a8a5a36db: 100% ▕██████████████████▏ 7.8 KB                         [K
pulling 24ca191a372b: 100% ▕██████████████████▏ 6.0 KB                         [K
pulling 161e5d878840: 100% ▕██████████████████▏ 3.7 KB                         [K
pulling fc1ffc71ab8e: 100% ▕██████████████████▏ 1.6 KB                         [K
pulling bee89e20d457: 100% ▕██████████████████▏   31 B                         [K
pulling f7ce8f326f5d: 100% ▕██████████████████▏ 1.1 KB                         [K
verifying sha256 digest ⠙ [K[?25h[?2026l[?2026h[?25l[A[A[A[A[A[A[A[A[1Gpulling manifest [K
pulling 9d507a36062c: 100% ▕██████████████████▏  67 GB                         [K
pulling 399a8a5a36db: 100% ▕██████████████████▏ 7.8 KB                         [K
pulling 24ca191a372b: 100% ▕██████████████████▏ 6.0 KB                         [K
pulling 161e5d878840: 100% ▕██████████████████▏ 3.7 KB                         [K
pulling fc1ffc71ab8e: 100% ▕██████████████████▏ 1.6 KB                         [K
pulling bee89e20d457: 100% ▕██████████████████▏   31 B                         [K
pulling f7ce8f326f5d: 100% ▕██████████████████▏ 1.1 KB                         [K
verifying sha256 digest ⠹ [K[?25h[?2026l[?2026h[?25l[A[A[A[A[A[A[A[A[1Gpulling manifest [K
pulling 9d507a36062c: 100% ▕██████████████████▏  67 GB                         [K
pulling 399a8a5a36db: 100% ▕██████████████████▏ 7.8 KB                         [K
pulling 24ca191a372b: 100% ▕██████████████████▏ 6.0 KB                         [K
pulling 161e5d878840: 100% ▕██████████████████▏ 3.7 KB                         [K
pulling fc1ffc71ab8e: 100% ▕██████████████████▏ 1.6 KB                         [K
pulling bee89e20d457: 100% ▕██████████████████▏   31 B                         [K
pulling f7ce8f326f5d: 100% ▕██████████████████▏ 1.1 KB                         [K
verifying sha256 digest ⠸ [K[?25h[?2026l[?2026h[?25l[A[A[A[A[A[A[A[A[1Gpulling manifest [K
pulling 9d507a36062c: 100% ▕██████████████████▏  67 GB                         [K
pulling 399a8a5a36db: 100% ▕██████████████████▏ 7.8 KB                         [K
pulling 24ca191a372b: 100% ▕██████████████████▏ 6.0 KB                         [K
pulling 161e5d878840: 100% ▕██████████████████▏ 3.7 KB                         [K
pulling fc1ffc71ab8e: 100% ▕██████████████████▏ 1.6 KB                         [K
pulling bee89e20d457: 100% ▕██████████████████▏   31 B                         [K
pulling f7ce8f326f5d: 100% ▕██████████████████▏ 1.1 KB                         [K
verifying sha256 digest ⠼ [K[?25h[?2026l[?2026h[?25l[A[A[A[A[A[A[A[A[1Gpulling manifest [K
pulling 9d507a36062c: 100% ▕██████████████████▏  67 GB                         [K
pulling 399a8a5a36db: 100% ▕██████████████████▏ 7.8 KB                         [K
pulling 24ca191a372b: 100% ▕██████████████████▏ 6.0 KB                         [K
pulling 161e5d878840: 100% ▕██████████████████▏ 3.7 KB                         [K
pulling fc1ffc71ab8e: 100% ▕██████████████████▏ 1.6 KB                         [K
pulling bee89e20d457: 100% ▕██████████████████▏   31 B                         [K
pulling f7ce8f326f5d: 100% ▕██████████████████▏ 1.1 KB                         [K
verifying sha256 digest ⠴ [K[?25h[?2026l[?2026h[?25l[A[A[A[A[A[A[A[A[1Gpulling manifest [K
pulling 9d507a36062c: 100% ▕██████████████████▏  67 GB                         [K
pulling 399a8a5a36db: 100% ▕██████████████████▏ 7.8 KB                         [K
pulling 24ca191a372b: 100% ▕██████████████████▏ 6.0 KB                         [K
pulling 161e5d878840: 100% ▕██████████████████▏ 3.7 KB                         [K
pulling fc1ffc71ab8e: 100% ▕██████████████████▏ 1.6 KB                         [K
pulling bee89e20d457: 100% ▕██████████████████▏   31 B                         [K
pulling f7ce8f326f5d: 100% ▕██████████████████▏ 1.1 KB                         [K
verifying sha256 digest ⠦ [K[?25h[?2026l[?2026h[?25l[A[A[A[A[A[A[A[A[1Gpulling manifest [K
pulling 9d507a36062c: 100% ▕██████████████████▏  67 GB                         [K
pulling 399a8a5a36db: 100% ▕██████████████████▏ 7.8 KB                         [K
pulling 24ca191a372b: 100% ▕██████████████████▏ 6.0 KB                         [K
pulling 161e5d878840: 100% ▕██████████████████▏ 3.7 KB                         [K
pulling fc1ffc71ab8e: 100% ▕██████████████████▏ 1.6 KB                         [K
pulling bee89e20d457: 100% ▕██████████████████▏   31 B                         [K
pulling f7ce8f326f5d: 100% ▕██████████████████▏ 1.1 KB                         [K
verifying sha256 digest ⠧ [K[?25h[?2026l[?2026h[?25l[A[A[A[A[A[A[A[A[1Gpulling manifest [K
pulling 9d507a36062c: 100% ▕██████████████████▏  67 GB                         [K
pulling 399a8a5a36db: 100% ▕██████████████████▏ 7.8 KB                         [K
pulling 24ca191a372b: 100% ▕██████████████████▏ 6.0 KB                         [K
pulling 161e5d878840: 100% ▕██████████████████▏ 3.7 KB                         [K
pulling fc1ffc71ab8e: 100% ▕██████████████████▏ 1.6 KB                         [K
pulling bee89e20d457: 100% ▕██████████████████▏   31 B                         [K
pulling f7ce8f326f5d: 100% ▕██████████████████▏ 1.1 KB                         [K
verifying sha256 digest ⠇ [K[?25h[?2026l[?2026h[?25l[A[A[A[A[A[A[A[A[1Gpulling manifest [K
pulling 9d507a36062c: 100% ▕██████████████████▏  67 GB                         [K
pulling 399a8a5a36db: 100% ▕██████████████████▏ 7.8 KB                         [K
pulling 24ca191a372b: 100% ▕██████████████████▏ 6.0 KB                         [K
pulling 161e5d878840: 100% ▕██████████████████▏ 3.7 KB                         [K
pulling fc1ffc71ab8e: 100% ▕██████████████████▏ 1.6 KB                         [K
pulling bee89e20d457: 100% ▕██████████████████▏   31 B                         [K
pulling f7ce8f326f5d: 100% ▕██████████████████▏ 1.1 KB                         [K
verifying sha256 digest ⠏ [K[?25h[?2026l[?2026h[?25l[A[A[A[A[A[A[A[A[1Gpulling manifest [K
pulling 9d507a36062c: 100% ▕██████████████████▏  67 GB                         [K
pulling 399a8a5a36db: 100% ▕██████████████████▏ 7.8 KB                         [K
pulling 24ca191a372b: 100% ▕██████████████████▏ 6.0 KB                         [K
pulling 161e5d878840: 100% ▕██████████████████▏ 3.7 KB                         [K
pulling fc1ffc71ab8e: 100% ▕██████████████████▏ 1.6 KB                         [K
pulling bee89e20d457: 100% ▕██████████████████▏   31 B                         [K
pulling f7ce8f326f5d: 100% ▕██████████████████▏ 1.1 KB                         [K
verifying sha256 digest ⠋ [K[?25h[?2026l[?2026h[?25l[A[A[A[A[A[A[A[A[1Gpulling manifest [K
pulling 9d507a36062c: 100% ▕██████████████████▏  67 GB                         [K
pulling 399a8a5a36db: 100% ▕██████████████████▏ 7.8 KB                         [K
pulling 24ca191a372b: 100% ▕██████████████████▏ 6.0 KB                         [K
pulling 161e5d878840: 100% ▕██████████████████▏ 3.7 KB                         [K
pulling fc1ffc71ab8e: 100% ▕██████████████████▏ 1.6 KB                         [K
pulling bee89e20d457: 100% ▕██████████████████▏   31 B                         [K
pulling f7ce8f326f5d: 100% ▕██████████████████▏ 1.1 KB                         [K
verifying sha256 digest ⠙ [K[?25h[?2026l[?2026h[?25l[A[A[A[A[A[A[A[A[1Gpulling manifest [K
pulling 9d507a36062c: 100% ▕██████████████████▏  67 GB                         [K
pulling 399a8a5a36db: 100% ▕██████████████████▏ 7.8 KB                         [K
pulling 24ca191a372b: 100% ▕██████████████████▏ 6.0 KB                         [K
pulling 161e5d878840: 100% ▕██████████████████▏ 3.7 KB                         [K
pulling fc1ffc71ab8e: 100% ▕██████████████████▏ 1.6 KB                         [K
pulling bee89e20d457: 100% ▕██████████████████▏   31 B                         [K
pulling f7ce8f326f5d: 100% ▕██████████████████▏ 1.1 KB                         [K
verifying sha256 digest ⠹ [K[?25h[?2026l[?2026h[?25l[A[A[A[A[A[A[A[A[1Gpulling manifest [K
pulling 9d507a36062c: 100% ▕██████████████████▏  67 GB                         [K
pulling 399a8a5a36db: 100% ▕██████████████████▏ 7.8 KB                         [K
pulling 24ca191a372b: 100% ▕██████████████████▏ 6.0 KB                         [K
pulling 161e5d878840: 100% ▕██████████████████▏ 3.7 KB                         [K
pulling fc1ffc71ab8e: 100% ▕██████████████████▏ 1.6 KB                         [K
pulling bee89e20d457: 100% ▕██████████████████▏   31 B                         [K
pulling f7ce8f326f5d: 100% ▕██████████████████▏ 1.1 KB                         [K
verifying sha256 digest ⠸ [K[?25h[?2026l[?2026h[?25l[A[A[A[A[A[A[A[A[1Gpulling manifest [K
pulling 9d507a36062c: 100% ▕██████████████████▏  67 GB                         [K
pulling 399a8a5a36db: 100% ▕██████████████████▏ 7.8 KB                         [K
pulling 24ca191a372b: 100% ▕██████████████████▏ 6.0 KB                         [K
pulling 161e5d878840: 100% ▕██████████████████▏ 3.7 KB                         [K
pulling fc1ffc71ab8e: 100% ▕██████████████████▏ 1.6 KB                         [K
pulling bee89e20d457: 100% ▕██████████████████▏   31 B                         [K
pulling f7ce8f326f5d: 100% ▕██████████████████▏ 1.1 KB                         [K
verifying sha256 digest ⠼ [K[?25h[?2026l[?2026h[?25l[A[A[A[A[A[A[A[A[1Gpulling manifest [K
pulling 9d507a36062c: 100% ▕██████████████████▏  67 GB                         [K
pulling 399a8a5a36db: 100% ▕██████████████████▏ 7.8 KB                         [K
pulling 24ca191a372b: 100% ▕██████████████████▏ 6.0 KB                         [K
pulling 161e5d878840: 100% ▕██████████████████▏ 3.7 KB                         [K
pulling fc1ffc71ab8e: 100% ▕██████████████████▏ 1.6 KB                         [K
pulling bee89e20d457: 100% ▕██████████████████▏   31 B                         [K
pulling f7ce8f326f5d: 100% ▕██████████████████▏ 1.1 KB                         [K
verifying sha256 digest ⠴ [K[?25h[?2026l[?2026h[?25l[A[A[A[A[A[A[A[A[1Gpulling manifest [K
pulling 9d507a36062c: 100% ▕██████████████████▏  67 GB                         [K
pulling 399a8a5a36db: 100% ▕██████████████████▏ 7.8 KB                         [K
pulling 24ca191a372b: 100% ▕██████████████████▏ 6.0 KB                         [K
pulling 161e5d878840: 100% ▕██████████████████▏ 3.7 KB                         [K
pulling fc1ffc71ab8e: 100% ▕██████████████████▏ 1.6 KB                         [K
pulling bee89e20d457: 100% ▕██████████████████▏   31 B                         [K
pulling f7ce8f326f5d: 100% ▕██████████████████▏ 1.1 KB                         [K
verifying sha256 digest ⠦ [K[?25h[?2026l[?2026h[?25l[A[A[A[A[A[A[A[A[1Gpulling manifest [K
pulling 9d507a36062c: 100% ▕██████████████████▏  67 GB                         [K
pulling 399a8a5a36db: 100% ▕██████████████████▏ 7.8 KB                         [K
pulling 24ca191a372b: 100% ▕██████████████████▏ 6.0 KB                         [K
pulling 161e5d878840: 100% ▕██████████████████▏ 3.7 KB                         [K
pulling fc1ffc71ab8e: 100% ▕██████████████████▏ 1.6 KB                         [K
pulling bee89e20d457: 100% ▕██████████████████▏   31 B                         [K
pulling f7ce8f326f5d: 100% ▕██████████████████▏ 1.1 KB                         [K
verifying sha256 digest ⠧ [K[?25h[?2026l[?2026h[?25l[A[A[A[A[A[A[A[A[1Gpulling manifest [K
pulling 9d507a36062c: 100% ▕██████████████████▏  67 GB                         [K
pulling 399a8a5a36db: 100% ▕██████████████████▏ 7.8 KB                         [K
pulling 24ca191a372b: 100% ▕██████████████████▏ 6.0 KB                         [K
pulling 161e5d878840: 100% ▕██████████████████▏ 3.7 KB                         [K
pulling fc1ffc71ab8e: 100% ▕██████████████████▏ 1.6 KB                         [K
pulling bee89e20d457: 100% ▕██████████████████▏   31 B                         [K
pulling f7ce8f326f5d: 100% ▕██████████████████▏ 1.1 KB                         [K
verifying sha256 digest ⠇ [K[?25h[?2026l[?2026h[?25l[A[A[A[A[A[A[A[A[1Gpulling manifest [K
pulling 9d507a36062c: 100% ▕██████████████████▏  67 GB                         [K
pulling 399a8a5a36db: 100% ▕██████████████████▏ 7.8 KB                         [K
pulling 24ca191a372b: 100% ▕██████████████████▏ 6.0 KB                         [K
pulling 161e5d878840: 100% ▕██████████████████▏ 3.7 KB                         [K
pulling fc1ffc71ab8e: 100% ▕██████████████████▏ 1.6 KB                         [K
pulling bee89e20d457: 100% ▕██████████████████▏   31 B                         [K
pulling f7ce8f326f5d: 100% ▕██████████████████▏ 1.1 KB                         [K
verifying sha256 digest ⠏ [K[?25h[?2026l[?2026h[?25l[A[A[A[A[A[A[A[A[1Gpulling manifest [K
pulling 9d507a36062c: 100% ▕██████████████████▏  67 GB                         [K
pulling 399a8a5a36db: 100% ▕██████████████████▏ 7.8 KB                         [K
pulling 24ca191a372b: 100% ▕██████████████████▏ 6.0 KB                         [K
pulling 161e5d878840: 100% ▕██████████████████▏ 3.7 KB                         [K
pulling fc1ffc71ab8e: 100% ▕██████████████████▏ 1.6 KB                         [K
pulling bee89e20d457: 100% ▕██████████████████▏   31 B                         [K
pulling f7ce8f326f5d: 100% ▕██████████████████▏ 1.1 KB                         [K
verifying sha256 digest ⠋ [K[?25h[?2026l[?2026h[?25l[A[A[A[A[A[A[A[A[1Gpulling manifest [K
pulling 9d507a36062c: 100% ▕██████████████████▏  67 GB                         [K
pulling 399a8a5a36db: 100% ▕██████████████████▏ 7.8 KB                         [K
pulling 24ca191a372b: 100% ▕██████████████████▏ 6.0 KB                         [K
pulling 161e5d878840: 100% ▕██████████████████▏ 3.7 KB                         [K
pulling fc1ffc71ab8e: 100% ▕██████████████████▏ 1.6 KB                         [K
pulling bee89e20d457: 100% ▕██████████████████▏   31 B                         [K
pulling f7ce8f326f5d: 100% ▕██████████████████▏ 1.1 KB                         [K
verifying sha256 digest ⠙ [K[?25h[?2026l[?2026h[?25l[A[A[A[A[A[A[A[A[1Gpulling manifest [K
pulling 9d507a36062c: 100% ▕██████████████████▏  67 GB                         [K
pulling 399a8a5a36db: 100% ▕██████████████████▏ 7.8 KB                         [K
pulling 24ca191a372b: 100% ▕██████████████████▏ 6.0 KB                         [K
pulling 161e5d878840: 100% ▕██████████████████▏ 3.7 KB                         [K
pulling fc1ffc71ab8e: 100% ▕██████████████████▏ 1.6 KB                         [K
pulling bee89e20d457: 100% ▕██████████████████▏   31 B                         [K
pulling f7ce8f326f5d: 100% ▕██████████████████▏ 1.1 KB                         [K
verifying sha256 digest ⠹ [K[?25h[?2026l[?2026h[?25l[A[A[A[A[A[A[A[A[1Gpulling manifest [K
pulling 9d507a36062c: 100% ▕██████████████████▏  67 GB                         [K
pulling 399a8a5a36db: 100% ▕██████████████████▏ 7.8 KB                         [K
pulling 24ca191a372b: 100% ▕██████████████████▏ 6.0 KB                         [K
pulling 161e5d878840: 100% ▕██████████████████▏ 3.7 KB                         [K
pulling fc1ffc71ab8e: 100% ▕██████████████████▏ 1.6 KB                         [K
pulling bee89e20d457: 100% ▕██████████████████▏   31 B                         [K
pulling f7ce8f326f5d: 100% ▕██████████████████▏ 1.1 KB                         [K
verifying sha256 digest ⠸ [K[?25h[?2026l[?2026h[?25l[A[A[A[A[A[A[A[A[1Gpulling manifest [K
pulling 9d507a36062c: 100% ▕██████████████████▏  67 GB                         [K
pulling 399a8a5a36db: 100% ▕██████████████████▏ 7.8 KB                         [K
pulling 24ca191a372b: 100% ▕██████████████████▏ 6.0 KB                         [K
pulling 161e5d878840: 100% ▕██████████████████▏ 3.7 KB                         [K
pulling fc1ffc71ab8e: 100% ▕██████████████████▏ 1.6 KB                         [K
pulling bee89e20d457: 100% ▕██████████████████▏   31 B                         [K
pulling f7ce8f326f5d: 100% ▕██████████████████▏ 1.1 KB                         [K
verifying sha256 digest ⠼ [K[?25h[?2026l[?2026h[?25l[A[A[A[A[A[A[A[A[1Gpulling manifest [K
pulling 9d507a36062c: 100% ▕██████████████████▏  67 GB                         [K
pulling 399a8a5a36db: 100% ▕██████████████████▏ 7.8 KB                         [K
pulling 24ca191a372b: 100% ▕██████████████████▏ 6.0 KB                         [K
pulling 161e5d878840: 100% ▕██████████████████▏ 3.7 KB                         [K
pulling fc1ffc71ab8e: 100% ▕██████████████████▏ 1.6 KB                         [K
pulling bee89e20d457: 100% ▕██████████████████▏   31 B                         [K
pulling f7ce8f326f5d: 100% ▕██████████████████▏ 1.1 KB                         [K
verifying sha256 digest ⠴ [K[?25h[?2026l[?2026h[?25l[A[A[A[A[A[A[A[A[1Gpulling manifest [K
pulling 9d507a36062c: 100% ▕██████████████████▏  67 GB                         [K
pulling 399a8a5a36db: 100% ▕██████████████████▏ 7.8 KB                         [K
pulling 24ca191a372b: 100% ▕██████████████████▏ 6.0 KB                         [K
pulling 161e5d878840: 100% ▕██████████████████▏ 3.7 KB                         [K
pulling fc1ffc71ab8e: 100% ▕██████████████████▏ 1.6 KB                         [K
pulling bee89e20d457: 100% ▕██████████████████▏   31 B                         [K
pulling f7ce8f326f5d: 100% ▕██████████████████▏ 1.1 KB                         [K
verifying sha256 digest ⠦ [K[?25h[?2026l[?2026h[?25l[A[A[A[A[A[A[A[A[1Gpulling manifest [K
pulling 9d507a36062c: 100% ▕██████████████████▏  67 GB                         [K
pulling 399a8a5a36db: 100% ▕██████████████████▏ 7.8 KB                         [K
pulling 24ca191a372b: 100% ▕██████████████████▏ 6.0 KB                         [K
pulling 161e5d878840: 100% ▕██████████████████▏ 3.7 KB                         [K
pulling fc1ffc71ab8e: 100% ▕██████████████████▏ 1.6 KB                         [K
pulling bee89e20d457: 100% ▕██████████████████▏   31 B                         [K
pulling f7ce8f326f5d: 100% ▕██████████████████▏ 1.1 KB                         [K
verifying sha256 digest ⠧ [K[?25h[?2026l[?2026h[?25l[A[A[A[A[A[A[A[A[1Gpulling manifest [K
pulling 9d507a36062c: 100% ▕██████████████████▏  67 GB                         [K
pulling 399a8a5a36db: 100% ▕██████████████████▏ 7.8 KB                         [K
pulling 24ca191a372b: 100% ▕██████████████████▏ 6.0 KB                         [K
pulling 161e5d878840: 100% ▕██████████████████▏ 3.7 KB                         [K
pulling fc1ffc71ab8e: 100% ▕██████████████████▏ 1.6 KB                         [K
pulling bee89e20d457: 100% ▕██████████████████▏   31 B                         [K
pulling f7ce8f326f5d: 100% ▕██████████████████▏ 1.1 KB                         [K
verifying sha256 digest ⠇ [K[?25h[?2026l[?2026h[?25l[A[A[A[A[A[A[A[A[1Gpulling manifest [K
pulling 9d507a36062c: 100% ▕██████████████████▏  67 GB                         [K
pulling 399a8a5a36db: 100% ▕██████████████████▏ 7.8 KB                         [K
pulling 24ca191a372b: 100% ▕██████████████████▏ 6.0 KB                         [K
pulling 161e5d878840: 100% ▕██████████████████▏ 3.7 KB                         [K
pulling fc1ffc71ab8e: 100% ▕██████████████████▏ 1.6 KB                         [K
pulling bee89e20d457: 100% ▕██████████████████▏   31 B                         [K
pulling f7ce8f326f5d: 100% ▕██████████████████▏ 1.1 KB                         [K
verifying sha256 digest ⠏ [K[?25h[?2026l[?2026h[?25l[A[A[A[A[A[A[A[A[1Gpulling manifest [K
pulling 9d507a36062c: 100% ▕██████████████████▏  67 GB                         [K
pulling 399a8a5a36db: 100% ▕██████████████████▏ 7.8 KB                         [K
pulling 24ca191a372b: 100% ▕██████████████████▏ 6.0 KB                         [K
pulling 161e5d878840: 100% ▕██████████████████▏ 3.7 KB                         [K
pulling fc1ffc71ab8e: 100% ▕██████████████████▏ 1.6 KB                         [K
pulling bee89e20d457: 100% ▕██████████████████▏   31 B                         [K
pulling f7ce8f326f5d: 100% ▕██████████████████▏ 1.1 KB                         [K
verifying sha256 digest ⠋ [K[?25h[?2026l[?2026h[?25l[A[A[A[A[A[A[A[A[1Gpulling manifest [K
pulling 9d507a36062c: 100% ▕██████████████████▏  67 GB                         [K
pulling 399a8a5a36db: 100% ▕██████████████████▏ 7.8 KB                         [K
pulling 24ca191a372b: 100% ▕██████████████████▏ 6.0 KB                         [K
pulling 161e5d878840: 100% ▕██████████████████▏ 3.7 KB                         [K
pulling fc1ffc71ab8e: 100% ▕██████████████████▏ 1.6 KB                         [K
pulling bee89e20d457: 100% ▕██████████████████▏   31 B                         [K
pulling f7ce8f326f5d: 100% ▕██████████████████▏ 1.1 KB                         [K
verifying sha256 digest ⠙ [K[?25h[?2026l[?2026h[?25l[A[A[A[A[A[A[A[A[1Gpulling manifest [K
pulling 9d507a36062c: 100% ▕██████████████████▏  67 GB                         [K
pulling 399a8a5a36db: 100% ▕██████████████████▏ 7.8 KB                         [K
pulling 24ca191a372b: 100% ▕██████████████████▏ 6.0 KB                         [K
pulling 161e5d878840: 100% ▕██████████████████▏ 3.7 KB                         [K
pulling fc1ffc71ab8e: 100% ▕██████████████████▏ 1.6 KB                         [K
pulling bee89e20d457: 100% ▕██████████████████▏   31 B                         [K
pulling f7ce8f326f5d: 100% ▕██████████████████▏ 1.1 KB                         [K
verifying sha256 digest ⠹ [K[?25h[?2026l[?2026h[?25l[A[A[A[A[A[A[A[A[1Gpulling manifest [K
pulling 9d507a36062c: 100% ▕██████████████████▏  67 GB                         [K
pulling 399a8a5a36db: 100% ▕██████████████████▏ 7.8 KB                         [K
pulling 24ca191a372b: 100% ▕██████████████████▏ 6.0 KB                         [K
pulling 161e5d878840: 100% ▕██████████████████▏ 3.7 KB                         [K
pulling fc1ffc71ab8e: 100% ▕██████████████████▏ 1.6 KB                         [K
pulling bee89e20d457: 100% ▕██████████████████▏   31 B                         [K
pulling f7ce8f326f5d: 100% ▕██████████████████▏ 1.1 KB                         [K
verifying sha256 digest ⠸ [K[?25h[?2026l[?2026h[?25l[A[A[A[A[A[A[A[A[1Gpulling manifest [K
pulling 9d507a36062c: 100% ▕██████████████████▏  67 GB                         [K
pulling 399a8a5a36db: 100% ▕██████████████████▏ 7.8 KB                         [K
pulling 24ca191a372b: 100% ▕██████████████████▏ 6.0 KB                         [K
pulling 161e5d878840: 100% ▕██████████████████▏ 3.7 KB                         [K
pulling fc1ffc71ab8e: 100% ▕██████████████████▏ 1.6 KB                         [K
pulling bee89e20d457: 100% ▕██████████████████▏   31 B                         [K
pulling f7ce8f326f5d: 100% ▕██████████████████▏ 1.1 KB                         [K
verifying sha256 digest ⠼ [K[?25h[?2026l[?2026h[?25l[A[A[A[A[A[A[A[A[1Gpulling manifest [K
pulling 9d507a36062c: 100% ▕██████████████████▏  67 GB                         [K
pulling 399a8a5a36db: 100% ▕██████████████████▏ 7.8 KB                         [K
pulling 24ca191a372b: 100% ▕██████████████████▏ 6.0 KB                         [K
pulling 161e5d878840: 100% ▕██████████████████▏ 3.7 KB                         [K
pulling fc1ffc71ab8e: 100% ▕██████████████████▏ 1.6 KB                         [K
pulling bee89e20d457: 100% ▕██████████████████▏   31 B                         [K
pulling f7ce8f326f5d: 100% ▕██████████████████▏ 1.1 KB                         [K
verifying sha256 digest ⠴ [K[?25h[?2026l[?2026h[?25l[A[A[A[A[A[A[A[A[1Gpulling manifest [K
pulling 9d507a36062c: 100% ▕██████████████████▏  67 GB                         [K
pulling 399a8a5a36db: 100% ▕██████████████████▏ 7.8 KB                         [K
pulling 24ca191a372b: 100% ▕██████████████████▏ 6.0 KB                         [K
pulling 161e5d878840: 100% ▕██████████████████▏ 3.7 KB                         [K
pulling fc1ffc71ab8e: 100% ▕██████████████████▏ 1.6 KB                         [K
pulling bee89e20d457: 100% ▕██████████████████▏   31 B                         [K
pulling f7ce8f326f5d: 100% ▕██████████████████▏ 1.1 KB                         [K
verifying sha256 digest ⠦ [K[?25h[?2026l[?2026h[?25l[A[A[A[A[A[A[A[A[1Gpulling manifest [K
pulling 9d507a36062c: 100% ▕██████████████████▏  67 GB                         [K
pulling 399a8a5a36db: 100% ▕██████████████████▏ 7.8 KB                         [K
pulling 24ca191a372b: 100% ▕██████████████████▏ 6.0 KB                         [K
pulling 161e5d878840: 100% ▕██████████████████▏ 3.7 KB                         [K
pulling fc1ffc71ab8e: 100% ▕██████████████████▏ 1.6 KB                         [K
pulling bee89e20d457: 100% ▕██████████████████▏   31 B                         [K
pulling f7ce8f326f5d: 100% ▕██████████████████▏ 1.1 KB                         [K
verifying sha256 digest ⠧ [K[?25h[?2026l[?2026h[?25l[A[A[A[A[A[A[A[A[1Gpulling manifest [K
pulling 9d507a36062c: 100% ▕██████████████████▏  67 GB                         [K
pulling 399a8a5a36db: 100% ▕██████████████████▏ 7.8 KB                         [K
pulling 24ca191a372b: 100% ▕██████████████████▏ 6.0 KB                         [K
pulling 161e5d878840: 100% ▕██████████████████▏ 3.7 KB                         [K
pulling fc1ffc71ab8e: 100% ▕██████████████████▏ 1.6 KB                         [K
pulling bee89e20d457: 100% ▕██████████████████▏   31 B                         [K
pulling f7ce8f326f5d: 100% ▕██████████████████▏ 1.1 KB                         [K
verifying sha256 digest ⠇ [K[?25h[?2026l[?2026h[?25l[A[A[A[A[A[A[A[A[1Gpulling manifest [K
pulling 9d507a36062c: 100% ▕██████████████████▏  67 GB                         [K
pulling 399a8a5a36db: 100% ▕██████████████████▏ 7.8 KB                         [K
pulling 24ca191a372b: 100% ▕██████████████████▏ 6.0 KB                         [K
pulling 161e5d878840: 100% ▕██████████████████▏ 3.7 KB                         [K
pulling fc1ffc71ab8e: 100% ▕██████████████████▏ 1.6 KB                         [K
pulling bee89e20d457: 100% ▕██████████████████▏   31 B                         [K
pulling f7ce8f326f5d: 100% ▕██████████████████▏ 1.1 KB                         [K
verifying sha256 digest ⠏ [K[?25h[?2026l[?2026h[?25l[A[A[A[A[A[A[A[A[1Gpulling manifest [K
pulling 9d507a36062c: 100% ▕██████████████████▏  67 GB                         [K
pulling 399a8a5a36db: 100% ▕██████████████████▏ 7.8 KB                         [K
pulling 24ca191a372b: 100% ▕██████████████████▏ 6.0 KB                         [K
pulling 161e5d878840: 100% ▕██████████████████▏ 3.7 KB                         [K
pulling fc1ffc71ab8e: 100% ▕██████████████████▏ 1.6 KB                         [K
pulling bee89e20d457: 100% ▕██████████████████▏   31 B                         [K
pulling f7ce8f326f5d: 100% ▕██████████████████▏ 1.1 KB                         [K
verifying sha256 digest ⠋ [K[?25h[?2026l[?2026h[?25l[A[A[A[A[A[A[A[A[1Gpulling manifest [K
pulling 9d507a36062c: 100% ▕██████████████████▏  67 GB                         [K
pulling 399a8a5a36db: 100% ▕██████████████████▏ 7.8 KB                         [K
pulling 24ca191a372b: 100% ▕██████████████████▏ 6.0 KB                         [K
pulling 161e5d878840: 100% ▕██████████████████▏ 3.7 KB                         [K
pulling fc1ffc71ab8e: 100% ▕██████████████████▏ 1.6 KB                         [K
pulling bee89e20d457: 100% ▕██████████████████▏   31 B                         [K
pulling f7ce8f326f5d: 100% ▕██████████████████▏ 1.1 KB                         [K
verifying sha256 digest ⠙ [K[?25h[?2026l[?2026h[?25l[A[A[A[A[A[A[A[A[1Gpulling manifest [K
pulling 9d507a36062c: 100% ▕██████████████████▏  67 GB                         [K
pulling 399a8a5a36db: 100% ▕██████████████████▏ 7.8 KB                         [K
pulling 24ca191a372b: 100% ▕██████████████████▏ 6.0 KB                         [K
pulling 161e5d878840: 100% ▕██████████████████▏ 3.7 KB                         [K
pulling fc1ffc71ab8e: 100% ▕██████████████████▏ 1.6 KB                         [K
pulling bee89e20d457: 100% ▕██████████████████▏   31 B                         [K
pulling f7ce8f326f5d: 100% ▕██████████████████▏ 1.1 KB                         [K
verifying sha256 digest ⠹ [K[?25h[?2026l[?2026h[?25l[A[A[A[A[A[A[A[A[1Gpulling manifest [K
pulling 9d507a36062c: 100% ▕██████████████████▏  67 GB                         [K
pulling 399a8a5a36db: 100% ▕██████████████████▏ 7.8 KB                         [K
pulling 24ca191a372b: 100% ▕██████████████████▏ 6.0 KB                         [K
pulling 161e5d878840: 100% ▕██████████████████▏ 3.7 KB                         [K
pulling fc1ffc71ab8e: 100% ▕██████████████████▏ 1.6 KB                         [K
pulling bee89e20d457: 100% ▕██████████████████▏   31 B                         [K
pulling f7ce8f326f5d: 100% ▕██████████████████▏ 1.1 KB                         [K
verifying sha256 digest ⠸ [K[?25h[?2026l[?2026h[?25l[A[A[A[A[A[A[A[A[1Gpulling manifest [K
pulling 9d507a36062c: 100% ▕██████████████████▏  67 GB                         [K
pulling 399a8a5a36db: 100% ▕██████████████████▏ 7.8 KB                         [K
pulling 24ca191a372b: 100% ▕██████████████████▏ 6.0 KB                         [K
pulling 161e5d878840: 100% ▕██████████████████▏ 3.7 KB                         [K
pulling fc1ffc71ab8e: 100% ▕██████████████████▏ 1.6 KB                         [K
pulling bee89e20d457: 100% ▕██████████████████▏   31 B                         [K
pulling f7ce8f326f5d: 100% ▕██████████████████▏ 1.1 KB                         [K
verifying sha256 digest ⠼ [K[?25h[?2026l[?2026h[?25l[A[A[A[A[A[A[A[A[1Gpulling manifest [K
pulling 9d507a36062c: 100% ▕██████████████████▏  67 GB                         [K
pulling 399a8a5a36db: 100% ▕██████████████████▏ 7.8 KB                         [K
pulling 24ca191a372b: 100% ▕██████████████████▏ 6.0 KB                         [K
pulling 161e5d878840: 100% ▕██████████████████▏ 3.7 KB                         [K
pulling fc1ffc71ab8e: 100% ▕██████████████████▏ 1.6 KB                         [K
pulling bee89e20d457: 100% ▕██████████████████▏   31 B                         [K
pulling f7ce8f326f5d: 100% ▕██████████████████▏ 1.1 KB                         [K
verifying sha256 digest ⠴ [K[?25h[?2026l[?2026h[?25l[A[A[A[A[A[A[A[A[1Gpulling manifest [K
pulling 9d507a36062c: 100% ▕██████████████████▏  67 GB                         [K
pulling 399a8a5a36db: 100% ▕██████████████████▏ 7.8 KB                         [K
pulling 24ca191a372b: 100% ▕██████████████████▏ 6.0 KB                         [K
pulling 161e5d878840: 100% ▕██████████████████▏ 3.7 KB                         [K
pulling fc1ffc71ab8e: 100% ▕██████████████████▏ 1.6 KB                         [K
pulling bee89e20d457: 100% ▕██████████████████▏   31 B                         [K
pulling f7ce8f326f5d: 100% ▕██████████████████▏ 1.1 KB                         [K
verifying sha256 digest ⠦ [K[?25h[?2026l[?2026h[?25l[A[A[A[A[A[A[A[A[1Gpulling manifest [K
pulling 9d507a36062c: 100% ▕██████████████████▏  67 GB                         [K
pulling 399a8a5a36db: 100% ▕██████████████████▏ 7.8 KB                         [K
pulling 24ca191a372b: 100% ▕██████████████████▏ 6.0 KB                         [K
pulling 161e5d878840: 100% ▕██████████████████▏ 3.7 KB                         [K
pulling fc1ffc71ab8e: 100% ▕██████████████████▏ 1.6 KB                         [K
pulling bee89e20d457: 100% ▕██████████████████▏   31 B                         [K
pulling f7ce8f326f5d: 100% ▕██████████████████▏ 1.1 KB                         [K
verifying sha256 digest ⠧ [K[?25h[?2026l[?2026h[?25l[A[A[A[A[A[A[A[A[1Gpulling manifest [K
pulling 9d507a36062c: 100% ▕██████████████████▏  67 GB                         [K
pulling 399a8a5a36db: 100% ▕██████████████████▏ 7.8 KB                         [K
pulling 24ca191a372b: 100% ▕██████████████████▏ 6.0 KB                         [K
pulling 161e5d878840: 100% ▕██████████████████▏ 3.7 KB                         [K
pulling fc1ffc71ab8e: 100% ▕██████████████████▏ 1.6 KB                         [K
pulling bee89e20d457: 100% ▕██████████████████▏   31 B                         [K
pulling f7ce8f326f5d: 100% ▕██████████████████▏ 1.1 KB                         [K
verifying sha256 digest ⠇ [K[?25h[?2026l[?2026h[?25l[A[A[A[A[A[A[A[A[1Gpulling manifest [K
pulling 9d507a36062c: 100% ▕██████████████████▏  67 GB                         [K
pulling 399a8a5a36db: 100% ▕██████████████████▏ 7.8 KB                         [K
pulling 24ca191a372b: 100% ▕██████████████████▏ 6.0 KB                         [K
pulling 161e5d878840: 100% ▕██████████████████▏ 3.7 KB                         [K
pulling fc1ffc71ab8e: 100% ▕██████████████████▏ 1.6 KB                         [K
pulling bee89e20d457: 100% ▕██████████████████▏   31 B                         [K
pulling f7ce8f326f5d: 100% ▕██████████████████▏ 1.1 KB                         [K
verifying sha256 digest ⠏ [K[?25h[?2026l[?2026h[?25l[A[A[A[A[A[A[A[A[1Gpulling manifest [K
pulling 9d507a36062c: 100% ▕██████████████████▏  67 GB                         [K
pulling 399a8a5a36db: 100% ▕██████████████████▏ 7.8 KB                         [K
pulling 24ca191a372b: 100% ▕██████████████████▏ 6.0 KB                         [K
pulling 161e5d878840: 100% ▕██████████████████▏ 3.7 KB                         [K
pulling fc1ffc71ab8e: 100% ▕██████████████████▏ 1.6 KB                         [K
pulling bee89e20d457: 100% ▕██████████████████▏   31 B                         [K
pulling f7ce8f326f5d: 100% ▕██████████████████▏ 1.1 KB                         [K
verifying sha256 digest ⠋ [K[?25h[?2026l[?2026h[?25l[A[A[A[A[A[A[A[A[1Gpulling manifest [K
pulling 9d507a36062c: 100% ▕██████████████████▏  67 GB                         [K
pulling 399a8a5a36db: 100% ▕██████████████████▏ 7.8 KB                         [K
pulling 24ca191a372b: 100% ▕██████████████████▏ 6.0 KB                         [K
pulling 161e5d878840: 100% ▕██████████████████▏ 3.7 KB                         [K
pulling fc1ffc71ab8e: 100% ▕██████████████████▏ 1.6 KB                         [K
pulling bee89e20d457: 100% ▕██████████████████▏   31 B                         [K
pulling f7ce8f326f5d: 100% ▕██████████████████▏ 1.1 KB                         [K
verifying sha256 digest ⠙ [K[?25h[?2026l[?2026h[?25l[A[A[A[A[A[A[A[A[1Gpulling manifest [K
pulling 9d507a36062c: 100% ▕██████████████████▏  67 GB                         [K
pulling 399a8a5a36db: 100% ▕██████████████████▏ 7.8 KB                         [K
pulling 24ca191a372b: 100% ▕██████████████████▏ 6.0 KB                         [K
pulling 161e5d878840: 100% ▕██████████████████▏ 3.7 KB                         [K
pulling fc1ffc71ab8e: 100% ▕██████████████████▏ 1.6 KB                         [K
pulling bee89e20d457: 100% ▕██████████████████▏   31 B                         [K
pulling f7ce8f326f5d: 100% ▕██████████████████▏ 1.1 KB                         [K
verifying sha256 digest ⠹ [K[?25h[?2026l[?2026h[?25l[A[A[A[A[A[A[A[A[1Gpulling manifest [K
pulling 9d507a36062c: 100% ▕██████████████████▏  67 GB                         [K
pulling 399a8a5a36db: 100% ▕██████████████████▏ 7.8 KB                         [K
pulling 24ca191a372b: 100% ▕██████████████████▏ 6.0 KB                         [K
pulling 161e5d878840: 100% ▕██████████████████▏ 3.7 KB                         [K
pulling fc1ffc71ab8e: 100% ▕██████████████████▏ 1.6 KB                         [K
pulling bee89e20d457: 100% ▕██████████████████▏   31 B                         [K
pulling f7ce8f326f5d: 100% ▕██████████████████▏ 1.1 KB                         [K
verifying sha256 digest ⠸ [K[?25h[?2026l[?2026h[?25l[A[A[A[A[A[A[A[A[1Gpulling manifest [K
pulling 9d507a36062c: 100% ▕██████████████████▏  67 GB                         [K
pulling 399a8a5a36db: 100% ▕██████████████████▏ 7.8 KB                         [K
pulling 24ca191a372b: 100% ▕██████████████████▏ 6.0 KB                         [K
pulling 161e5d878840: 100% ▕██████████████████▏ 3.7 KB                         [K
pulling fc1ffc71ab8e: 100% ▕██████████████████▏ 1.6 KB                         [K
pulling bee89e20d457: 100% ▕██████████████████▏   31 B                         [K
pulling f7ce8f326f5d: 100% ▕██████████████████▏ 1.1 KB                         [K
verifying sha256 digest ⠼ [K[?25h[?2026l[?2026h[?25l[A[A[A[A[A[A[A[A[1Gpulling manifest [K
pulling 9d507a36062c: 100% ▕██████████████████▏  67 GB                         [K
pulling 399a8a5a36db: 100% ▕██████████████████▏ 7.8 KB                         [K
pulling 24ca191a372b: 100% ▕██████████████████▏ 6.0 KB                         [K
pulling 161e5d878840: 100% ▕██████████████████▏ 3.7 KB                         [K
pulling fc1ffc71ab8e: 100% ▕██████████████████▏ 1.6 KB                         [K
pulling bee89e20d457: 100% ▕██████████████████▏   31 B                         [K
pulling f7ce8f326f5d: 100% ▕██████████████████▏ 1.1 KB                         [K
verifying sha256 digest ⠴ [K[?25h[?2026l[?2026h[?25l[A[A[A[A[A[A[A[A[1Gpulling manifest [K
pulling 9d507a36062c: 100% ▕██████████████████▏  67 GB                         [K
pulling 399a8a5a36db: 100% ▕██████████████████▏ 7.8 KB                         [K
pulling 24ca191a372b: 100% ▕██████████████████▏ 6.0 KB                         [K
pulling 161e5d878840: 100% ▕██████████████████▏ 3.7 KB                         [K
pulling fc1ffc71ab8e: 100% ▕██████████████████▏ 1.6 KB                         [K
pulling bee89e20d457: 100% ▕██████████████████▏   31 B                         [K
pulling f7ce8f326f5d: 100% ▕██████████████████▏ 1.1 KB                         [K
verifying sha256 digest ⠦ [K[?25h[?2026l[?2026h[?25l[A[A[A[A[A[A[A[A[1Gpulling manifest [K
pulling 9d507a36062c: 100% ▕██████████████████▏  67 GB                         [K
pulling 399a8a5a36db: 100% ▕██████████████████▏ 7.8 KB                         [K
pulling 24ca191a372b: 100% ▕██████████████████▏ 6.0 KB                         [K
pulling 161e5d878840: 100% ▕██████████████████▏ 3.7 KB                         [K
pulling fc1ffc71ab8e: 100% ▕██████████████████▏ 1.6 KB                         [K
pulling bee89e20d457: 100% ▕██████████████████▏   31 B                         [K
pulling f7ce8f326f5d: 100% ▕██████████████████▏ 1.1 KB                         [K
verifying sha256 digest ⠧ [K[?25h[?2026l[?2026h[?25l[A[A[A[A[A[A[A[A[1Gpulling manifest [K
pulling 9d507a36062c: 100% ▕██████████████████▏  67 GB                         [K
pulling 399a8a5a36db: 100% ▕██████████████████▏ 7.8 KB                         [K
pulling 24ca191a372b: 100% ▕██████████████████▏ 6.0 KB                         [K
pulling 161e5d878840: 100% ▕██████████████████▏ 3.7 KB                         [K
pulling fc1ffc71ab8e: 100% ▕██████████████████▏ 1.6 KB                         [K
pulling bee89e20d457: 100% ▕██████████████████▏   31 B                         [K
pulling f7ce8f326f5d: 100% ▕██████████████████▏ 1.1 KB                         [K
verifying sha256 digest ⠇ [K[?25h[?2026l[?2026h[?25l[A[A[A[A[A[A[A[A[1Gpulling manifest [K
pulling 9d507a36062c: 100% ▕██████████████████▏  67 GB                         [K
pulling 399a8a5a36db: 100% ▕██████████████████▏ 7.8 KB                         [K
pulling 24ca191a372b: 100% ▕██████████████████▏ 6.0 KB                         [K
pulling 161e5d878840: 100% ▕██████████████████▏ 3.7 KB                         [K
pulling fc1ffc71ab8e: 100% ▕██████████████████▏ 1.6 KB                         [K
pulling bee89e20d457: 100% ▕██████████████████▏   31 B                         [K
pulling f7ce8f326f5d: 100% ▕██████████████████▏ 1.1 KB                         [K
verifying sha256 digest ⠏ [K[?25h[?2026l[?2026h[?25l[A[A[A[A[A[A[A[A[1Gpulling manifest [K
pulling 9d507a36062c: 100% ▕██████████████████▏  67 GB                         [K
pulling 399a8a5a36db: 100% ▕██████████████████▏ 7.8 KB                         [K
pulling 24ca191a372b: 100% ▕██████████████████▏ 6.0 KB                         [K
pulling 161e5d878840: 100% ▕██████████████████▏ 3.7 KB                         [K
pulling fc1ffc71ab8e: 100% ▕██████████████████▏ 1.6 KB                         [K
pulling bee89e20d457: 100% ▕██████████████████▏   31 B                         [K
pulling f7ce8f326f5d: 100% ▕██████████████████▏ 1.1 KB                         [K
verifying sha256 digest ⠋ [K[?25h[?2026l[?2026h[?25l[A[A[A[A[A[A[A[A[1Gpulling manifest [K
pulling 9d507a36062c: 100% ▕██████████████████▏  67 GB                         [K
pulling 399a8a5a36db: 100% ▕██████████████████▏ 7.8 KB                         [K
pulling 24ca191a372b: 100% ▕██████████████████▏ 6.0 KB                         [K
pulling 161e5d878840: 100% ▕██████████████████▏ 3.7 KB                         [K
pulling fc1ffc71ab8e: 100% ▕██████████████████▏ 1.6 KB                         [K
pulling bee89e20d457: 100% ▕██████████████████▏   31 B                         [K
pulling f7ce8f326f5d: 100% ▕██████████████████▏ 1.1 KB                         [K
verifying sha256 digest ⠙ [K[?25h[?2026l[?2026h[?25l[A[A[A[A[A[A[A[A[1Gpulling manifest [K
pulling 9d507a36062c: 100% ▕██████████████████▏  67 GB                         [K
pulling 399a8a5a36db: 100% ▕██████████████████▏ 7.8 KB                         [K
pulling 24ca191a372b: 100% ▕██████████████████▏ 6.0 KB                         [K
pulling 161e5d878840: 100% ▕██████████████████▏ 3.7 KB                         [K
pulling fc1ffc71ab8e: 100% ▕██████████████████▏ 1.6 KB                         [K
pulling bee89e20d457: 100% ▕██████████████████▏   31 B                         [K
pulling f7ce8f326f5d: 100% ▕██████████████████▏ 1.1 KB                         [K
verifying sha256 digest ⠹ [K[?25h[?2026l[?2026h[?25l[A[A[A[A[A[A[A[A[1Gpulling manifest [K
pulling 9d507a36062c: 100% ▕██████████████████▏  67 GB                         [K
pulling 399a8a5a36db: 100% ▕██████████████████▏ 7.8 KB                         [K
pulling 24ca191a372b: 100% ▕██████████████████▏ 6.0 KB                         [K
pulling 161e5d878840: 100% ▕██████████████████▏ 3.7 KB                         [K
pulling fc1ffc71ab8e: 100% ▕██████████████████▏ 1.6 KB                         [K
pulling bee89e20d457: 100% ▕██████████████████▏   31 B                         [K
pulling f7ce8f326f5d: 100% ▕██████████████████▏ 1.1 KB                         [K
verifying sha256 digest ⠸ [K[?25h[?2026l[?2026h[?25l[A[A[A[A[A[A[A[A[1Gpulling manifest [K
pulling 9d507a36062c: 100% ▕██████████████████▏  67 GB                         [K
pulling 399a8a5a36db: 100% ▕██████████████████▏ 7.8 KB                         [K
pulling 24ca191a372b: 100% ▕██████████████████▏ 6.0 KB                         [K
pulling 161e5d878840: 100% ▕██████████████████▏ 3.7 KB                         [K
pulling fc1ffc71ab8e: 100% ▕██████████████████▏ 1.6 KB                         [K
pulling bee89e20d457: 100% ▕██████████████████▏   31 B                         [K
pulling f7ce8f326f5d: 100% ▕██████████████████▏ 1.1 KB                         [K
verifying sha256 digest ⠼ [K[?25h[?2026l[?2026h[?25l[A[A[A[A[A[A[A[A[1Gpulling manifest [K
pulling 9d507a36062c: 100% ▕██████████████████▏  67 GB                         [K
pulling 399a8a5a36db: 100% ▕██████████████████▏ 7.8 KB                         [K
pulling 24ca191a372b: 100% ▕██████████████████▏ 6.0 KB                         [K
pulling 161e5d878840: 100% ▕██████████████████▏ 3.7 KB                         [K
pulling fc1ffc71ab8e: 100% ▕██████████████████▏ 1.6 KB                         [K
pulling bee89e20d457: 100% ▕██████████████████▏   31 B                         [K
pulling f7ce8f326f5d: 100% ▕██████████████████▏ 1.1 KB                         [K
verifying sha256 digest ⠴ [K[?25h[?2026l[?2026h[?25l[A[A[A[A[A[A[A[A[1Gpulling manifest [K
pulling 9d507a36062c: 100% ▕██████████████████▏  67 GB                         [K
pulling 399a8a5a36db: 100% ▕██████████████████▏ 7.8 KB                         [K
pulling 24ca191a372b: 100% ▕██████████████████▏ 6.0 KB                         [K
pulling 161e5d878840: 100% ▕██████████████████▏ 3.7 KB                         [K
pulling fc1ffc71ab8e: 100% ▕██████████████████▏ 1.6 KB                         [K
pulling bee89e20d457: 100% ▕██████████████████▏   31 B                         [K
pulling f7ce8f326f5d: 100% ▕██████████████████▏ 1.1 KB                         [K
verifying sha256 digest ⠦ [K[?25h[?2026l[?2026h[?25l[A[A[A[A[A[A[A[A[1Gpulling manifest [K
pulling 9d507a36062c: 100% ▕██████████████████▏  67 GB                         [K
pulling 399a8a5a36db: 100% ▕██████████████████▏ 7.8 KB                         [K
pulling 24ca191a372b: 100% ▕██████████████████▏ 6.0 KB                         [K
pulling 161e5d878840: 100% ▕██████████████████▏ 3.7 KB                         [K
pulling fc1ffc71ab8e: 100% ▕██████████████████▏ 1.6 KB                         [K
pulling bee89e20d457: 100% ▕██████████████████▏   31 B                         [K
pulling f7ce8f326f5d: 100% ▕██████████████████▏ 1.1 KB                         [K
verifying sha256 digest ⠧ [K[?25h[?2026l[?2026h[?25l[A[A[A[A[A[A[A[A[1Gpulling manifest [K
pulling 9d507a36062c: 100% ▕██████████████████▏  67 GB                         [K
pulling 399a8a5a36db: 100% ▕██████████████████▏ 7.8 KB                         [K
pulling 24ca191a372b: 100% ▕██████████████████▏ 6.0 KB                         [K
pulling 161e5d878840: 100% ▕██████████████████▏ 3.7 KB                         [K
pulling fc1ffc71ab8e: 100% ▕██████████████████▏ 1.6 KB                         [K
pulling bee89e20d457: 100% ▕██████████████████▏   31 B                         [K
pulling f7ce8f326f5d: 100% ▕██████████████████▏ 1.1 KB                         [K
verifying sha256 digest ⠇ [K[?25h[?2026l[?2026h[?25l[A[A[A[A[A[A[A[A[1Gpulling manifest [K
pulling 9d507a36062c: 100% ▕██████████████████▏  67 GB                         [K
pulling 399a8a5a36db: 100% ▕██████████████████▏ 7.8 KB                         [K
pulling 24ca191a372b: 100% ▕██████████████████▏ 6.0 KB                         [K
pulling 161e5d878840: 100% ▕██████████████████▏ 3.7 KB                         [K
pulling fc1ffc71ab8e: 100% ▕██████████████████▏ 1.6 KB                         [K
pulling bee89e20d457: 100% ▕██████████████████▏   31 B                         [K
pulling f7ce8f326f5d: 100% ▕██████████████████▏ 1.1 KB                         [K
verifying sha256 digest ⠏ [K[?25h[?2026l[?2026h[?25l[A[A[A[A[A[A[A[A[1Gpulling manifest [K
pulling 9d507a36062c: 100% ▕██████████████████▏  67 GB                         [K
pulling 399a8a5a36db: 100% ▕██████████████████▏ 7.8 KB                         [K
pulling 24ca191a372b: 100% ▕██████████████████▏ 6.0 KB                         [K
pulling 161e5d878840: 100% ▕██████████████████▏ 3.7 KB                         [K
pulling fc1ffc71ab8e: 100% ▕██████████████████▏ 1.6 KB                         [K
pulling bee89e20d457: 100% ▕██████████████████▏   31 B                         [K
pulling f7ce8f326f5d: 100% ▕██████████████████▏ 1.1 KB                         [K
verifying sha256 digest ⠋ [K[?25h[?2026l[?2026h[?25l[A[A[A[A[A[A[A[A[1Gpulling manifest [K
pulling 9d507a36062c: 100% ▕██████████████████▏  67 GB                         [K
pulling 399a8a5a36db: 100% ▕██████████████████▏ 7.8 KB                         [K
pulling 24ca191a372b: 100% ▕██████████████████▏ 6.0 KB                         [K
pulling 161e5d878840: 100% ▕██████████████████▏ 3.7 KB                         [K
pulling fc1ffc71ab8e: 100% ▕██████████████████▏ 1.6 KB                         [K
pulling bee89e20d457: 100% ▕██████████████████▏   31 B                         [K
pulling f7ce8f326f5d: 100% ▕██████████████████▏ 1.1 KB                         [K
verifying sha256 digest ⠙ [K[?25h[?2026l[?2026h[?25l[A[A[A[A[A[A[A[A[1Gpulling manifest [K
pulling 9d507a36062c: 100% ▕██████████████████▏  67 GB                         [K
pulling 399a8a5a36db: 100% ▕██████████████████▏ 7.8 KB                         [K
pulling 24ca191a372b: 100% ▕██████████████████▏ 6.0 KB                         [K
pulling 161e5d878840: 100% ▕██████████████████▏ 3.7 KB                         [K
pulling fc1ffc71ab8e: 100% ▕██████████████████▏ 1.6 KB                         [K
pulling bee89e20d457: 100% ▕██████████████████▏   31 B                         [K
pulling f7ce8f326f5d: 100% ▕██████████████████▏ 1.1 KB                         [K
verifying sha256 digest ⠹ [K[?25h[?2026l[?2026h[?25l[A[A[A[A[A[A[A[A[1Gpulling manifest [K
pulling 9d507a36062c: 100% ▕██████████████████▏  67 GB                         [K
pulling 399a8a5a36db: 100% ▕██████████████████▏ 7.8 KB                         [K
pulling 24ca191a372b: 100% ▕██████████████████▏ 6.0 KB                         [K
pulling 161e5d878840: 100% ▕██████████████████▏ 3.7 KB                         [K
pulling fc1ffc71ab8e: 100% ▕██████████████████▏ 1.6 KB                         [K
pulling bee89e20d457: 100% ▕██████████████████▏   31 B                         [K
pulling f7ce8f326f5d: 100% ▕██████████████████▏ 1.1 KB                         [K
verifying sha256 digest ⠸ [K[?25h[?2026l[?2026h[?25l[A[A[A[A[A[A[A[A[1Gpulling manifest [K
pulling 9d507a36062c: 100% ▕██████████████████▏  67 GB                         [K
pulling 399a8a5a36db: 100% ▕██████████████████▏ 7.8 KB                         [K
pulling 24ca191a372b: 100% ▕██████████████████▏ 6.0 KB                         [K
pulling 161e5d878840: 100% ▕██████████████████▏ 3.7 KB                         [K
pulling fc1ffc71ab8e: 100% ▕██████████████████▏ 1.6 KB                         [K
pulling bee89e20d457: 100% ▕██████████████████▏   31 B                         [K
pulling f7ce8f326f5d: 100% ▕██████████████████▏ 1.1 KB                         [K
verifying sha256 digest ⠼ [K[?25h[?2026l[?2026h[?25l[A[A[A[A[A[A[A[A[1Gpulling manifest [K
pulling 9d507a36062c: 100% ▕██████████████████▏  67 GB                         [K
pulling 399a8a5a36db: 100% ▕██████████████████▏ 7.8 KB                         [K
pulling 24ca191a372b: 100% ▕██████████████████▏ 6.0 KB                         [K
pulling 161e5d878840: 100% ▕██████████████████▏ 3.7 KB                         [K
pulling fc1ffc71ab8e: 100% ▕██████████████████▏ 1.6 KB                         [K
pulling bee89e20d457: 100% ▕██████████████████▏   31 B                         [K
pulling f7ce8f326f5d: 100% ▕██████████████████▏ 1.1 KB                         [K
verifying sha256 digest ⠴ [K[?25h[?2026l[?2026h[?25l[A[A[A[A[A[A[A[A[1Gpulling manifest [K
pulling 9d507a36062c: 100% ▕██████████████████▏  67 GB                         [K
pulling 399a8a5a36db: 100% ▕██████████████████▏ 7.8 KB                         [K
pulling 24ca191a372b: 100% ▕██████████████████▏ 6.0 KB                         [K
pulling 161e5d878840: 100% ▕██████████████████▏ 3.7 KB                         [K
pulling fc1ffc71ab8e: 100% ▕██████████████████▏ 1.6 KB                         [K
pulling bee89e20d457: 100% ▕██████████████████▏   31 B                         [K
pulling f7ce8f326f5d: 100% ▕██████████████████▏ 1.1 KB                         [K
verifying sha256 digest ⠦ [K[?25h[?2026l[?2026h[?25l[A[A[A[A[A[A[A[A[1Gpulling manifest [K
pulling 9d507a36062c: 100% ▕██████████████████▏  67 GB                         [K
pulling 399a8a5a36db: 100% ▕██████████████████▏ 7.8 KB                         [K
pulling 24ca191a372b: 100% ▕██████████████████▏ 6.0 KB                         [K
pulling 161e5d878840: 100% ▕██████████████████▏ 3.7 KB                         [K
pulling fc1ffc71ab8e: 100% ▕██████████████████▏ 1.6 KB                         [K
pulling bee89e20d457: 100% ▕██████████████████▏   31 B                         [K
pulling f7ce8f326f5d: 100% ▕██████████████████▏ 1.1 KB                         [K
verifying sha256 digest ⠧ [K[?25h[?2026l[?2026h[?25l[A[A[A[A[A[A[A[A[1Gpulling manifest [K
pulling 9d507a36062c: 100% ▕██████████████████▏  67 GB                         [K
pulling 399a8a5a36db: 100% ▕██████████████████▏ 7.8 KB                         [K
pulling 24ca191a372b: 100% ▕██████████████████▏ 6.0 KB                         [K
pulling 161e5d878840: 100% ▕██████████████████▏ 3.7 KB                         [K
pulling fc1ffc71ab8e: 100% ▕██████████████████▏ 1.6 KB                         [K
pulling bee89e20d457: 100% ▕██████████████████▏   31 B                         [K
pulling f7ce8f326f5d: 100% ▕██████████████████▏ 1.1 KB                         [K
verifying sha256 digest ⠇ [K[?25h[?2026l[?2026h[?25l[A[A[A[A[A[A[A[A[1Gpulling manifest [K
pulling 9d507a36062c: 100% ▕██████████████████▏  67 GB                         [K
pulling 399a8a5a36db: 100% ▕██████████████████▏ 7.8 KB                         [K
pulling 24ca191a372b: 100% ▕██████████████████▏ 6.0 KB                         [K
pulling 161e5d878840: 100% ▕██████████████████▏ 3.7 KB                         [K
pulling fc1ffc71ab8e: 100% ▕██████████████████▏ 1.6 KB                         [K
pulling bee89e20d457: 100% ▕██████████████████▏   31 B                         [K
pulling f7ce8f326f5d: 100% ▕██████████████████▏ 1.1 KB                         [K
verifying sha256 digest ⠏ [K[?25h[?2026l[?2026h[?25l[A[A[A[A[A[A[A[A[1Gpulling manifest [K
pulling 9d507a36062c: 100% ▕██████████████████▏  67 GB                         [K
pulling 399a8a5a36db: 100% ▕██████████████████▏ 7.8 KB                         [K
pulling 24ca191a372b: 100% ▕██████████████████▏ 6.0 KB                         [K
pulling 161e5d878840: 100% ▕██████████████████▏ 3.7 KB                         [K
pulling fc1ffc71ab8e: 100% ▕██████████████████▏ 1.6 KB                         [K
pulling bee89e20d457: 100% ▕██████████████████▏   31 B                         [K
pulling f7ce8f326f5d: 100% ▕██████████████████▏ 1.1 KB                         [K
verifying sha256 digest ⠋ [K[?25h[?2026l[?2026h[?25l[A[A[A[A[A[A[A[A[1Gpulling manifest [K
pulling 9d507a36062c: 100% ▕██████████████████▏  67 GB                         [K
pulling 399a8a5a36db: 100% ▕██████████████████▏ 7.8 KB                         [K
pulling 24ca191a372b: 100% ▕██████████████████▏ 6.0 KB                         [K
pulling 161e5d878840: 100% ▕██████████████████▏ 3.7 KB                         [K
pulling fc1ffc71ab8e: 100% ▕██████████████████▏ 1.6 KB                         [K
pulling bee89e20d457: 100% ▕██████████████████▏   31 B                         [K
pulling f7ce8f326f5d: 100% ▕██████████████████▏ 1.1 KB                         [K
verifying sha256 digest ⠙ [K[?25h[?2026l[?2026h[?25l[A[A[A[A[A[A[A[A[1Gpulling manifest [K
pulling 9d507a36062c: 100% ▕██████████████████▏  67 GB                         [K
pulling 399a8a5a36db: 100% ▕██████████████████▏ 7.8 KB                         [K
pulling 24ca191a372b: 100% ▕██████████████████▏ 6.0 KB                         [K
pulling 161e5d878840: 100% ▕██████████████████▏ 3.7 KB                         [K
pulling fc1ffc71ab8e: 100% ▕██████████████████▏ 1.6 KB                         [K
pulling bee89e20d457: 100% ▕██████████████████▏   31 B                         [K
pulling f7ce8f326f5d: 100% ▕██████████████████▏ 1.1 KB                         [K
verifying sha256 digest ⠹ [K[?25h[?2026l[?2026h[?25l[A[A[A[A[A[A[A[A[1Gpulling manifest [K
pulling 9d507a36062c: 100% ▕██████████████████▏  67 GB                         [K
pulling 399a8a5a36db: 100% ▕██████████████████▏ 7.8 KB                         [K
pulling 24ca191a372b: 100% ▕██████████████████▏ 6.0 KB                         [K
pulling 161e5d878840: 100% ▕██████████████████▏ 3.7 KB                         [K
pulling fc1ffc71ab8e: 100% ▕██████████████████▏ 1.6 KB                         [K
pulling bee89e20d457: 100% ▕██████████████████▏   31 B                         [K
pulling f7ce8f326f5d: 100% ▕██████████████████▏ 1.1 KB                         [K
verifying sha256 digest ⠸ [K[?25h[?2026l[?2026h[?25l[A[A[A[A[A[A[A[A[1Gpulling manifest [K
pulling 9d507a36062c: 100% ▕██████████████████▏  67 GB                         [K
pulling 399a8a5a36db: 100% ▕██████████████████▏ 7.8 KB                         [K
pulling 24ca191a372b: 100% ▕██████████████████▏ 6.0 KB                         [K
pulling 161e5d878840: 100% ▕██████████████████▏ 3.7 KB                         [K
pulling fc1ffc71ab8e: 100% ▕██████████████████▏ 1.6 KB                         [K
pulling bee89e20d457: 100% ▕██████████████████▏   31 B                         [K
pulling f7ce8f326f5d: 100% ▕██████████████████▏ 1.1 KB                         [K
verifying sha256 digest ⠼ [K[?25h[?2026l[?2026h[?25l[A[A[A[A[A[A[A[A[1Gpulling manifest [K
pulling 9d507a36062c: 100% ▕██████████████████▏  67 GB                         [K
pulling 399a8a5a36db: 100% ▕██████████████████▏ 7.8 KB                         [K
pulling 24ca191a372b: 100% ▕██████████████████▏ 6.0 KB                         [K
pulling 161e5d878840: 100% ▕██████████████████▏ 3.7 KB                         [K
pulling fc1ffc71ab8e: 100% ▕██████████████████▏ 1.6 KB                         [K
pulling bee89e20d457: 100% ▕██████████████████▏   31 B                         [K
pulling f7ce8f326f5d: 100% ▕██████████████████▏ 1.1 KB                         [K
verifying sha256 digest ⠴ [K[?25h[?2026l[?2026h[?25l[A[A[A[A[A[A[A[A[1Gpulling manifest [K
pulling 9d507a36062c: 100% ▕██████████████████▏  67 GB                         [K
pulling 399a8a5a36db: 100% ▕██████████████████▏ 7.8 KB                         [K
pulling 24ca191a372b: 100% ▕██████████████████▏ 6.0 KB                         [K
pulling 161e5d878840: 100% ▕██████████████████▏ 3.7 KB                         [K
pulling fc1ffc71ab8e: 100% ▕██████████████████▏ 1.6 KB                         [K
pulling bee89e20d457: 100% ▕██████████████████▏   31 B                         [K
pulling f7ce8f326f5d: 100% ▕██████████████████▏ 1.1 KB                         [K
verifying sha256 digest ⠦ [K[?25h[?2026l[?2026h[?25l[A[A[A[A[A[A[A[A[1Gpulling manifest [K
pulling 9d507a36062c: 100% ▕██████████████████▏  67 GB                         [K
pulling 399a8a5a36db: 100% ▕██████████████████▏ 7.8 KB                         [K
pulling 24ca191a372b: 100% ▕██████████████████▏ 6.0 KB                         [K
pulling 161e5d878840: 100% ▕██████████████████▏ 3.7 KB                         [K
pulling fc1ffc71ab8e: 100% ▕██████████████████▏ 1.6 KB                         [K
pulling bee89e20d457: 100% ▕██████████████████▏   31 B                         [K
pulling f7ce8f326f5d: 100% ▕██████████████████▏ 1.1 KB                         [K
verifying sha256 digest ⠧ [K[?25h[?2026l[?2026h[?25l[A[A[A[A[A[A[A[A[1Gpulling manifest [K
pulling 9d507a36062c: 100% ▕██████████████████▏  67 GB                         [K
pulling 399a8a5a36db: 100% ▕██████████████████▏ 7.8 KB                         [K
pulling 24ca191a372b: 100% ▕██████████████████▏ 6.0 KB                         [K
pulling 161e5d878840: 100% ▕██████████████████▏ 3.7 KB                         [K
pulling fc1ffc71ab8e: 100% ▕██████████████████▏ 1.6 KB                         [K
pulling bee89e20d457: 100% ▕██████████████████▏   31 B                         [K
pulling f7ce8f326f5d: 100% ▕██████████████████▏ 1.1 KB                         [K
verifying sha256 digest ⠇ [K[?25h[?2026l[?2026h[?25l[A[A[A[A[A[A[A[A[1Gpulling manifest [K
pulling 9d507a36062c: 100% ▕██████████████████▏  67 GB                         [K
pulling 399a8a5a36db: 100% ▕██████████████████▏ 7.8 KB                         [K
pulling 24ca191a372b: 100% ▕██████████████████▏ 6.0 KB                         [K
pulling 161e5d878840: 100% ▕██████████████████▏ 3.7 KB                         [K
pulling fc1ffc71ab8e: 100% ▕██████████████████▏ 1.6 KB                         [K
pulling bee89e20d457: 100% ▕██████████████████▏   31 B                         [K
pulling f7ce8f326f5d: 100% ▕██████████████████▏ 1.1 KB                         [K
verifying sha256 digest ⠏ [K[?25h[?2026l[?2026h[?25l[A[A[A[A[A[A[A[A[1Gpulling manifest [K
pulling 9d507a36062c: 100% ▕██████████████████▏  67 GB                         [K
pulling 399a8a5a36db: 100% ▕██████████████████▏ 7.8 KB                         [K
pulling 24ca191a372b: 100% ▕██████████████████▏ 6.0 KB                         [K
pulling 161e5d878840: 100% ▕██████████████████▏ 3.7 KB                         [K
pulling fc1ffc71ab8e: 100% ▕██████████████████▏ 1.6 KB                         [K
pulling bee89e20d457: 100% ▕██████████████████▏   31 B                         [K
pulling f7ce8f326f5d: 100% ▕██████████████████▏ 1.1 KB                         [K
verifying sha256 digest ⠋ [K[?25h[?2026l[?2026h[?25l[A[A[A[A[A[A[A[A[1Gpulling manifest [K
pulling 9d507a36062c: 100% ▕██████████████████▏  67 GB                         [K
pulling 399a8a5a36db: 100% ▕██████████████████▏ 7.8 KB                         [K
pulling 24ca191a372b: 100% ▕██████████████████▏ 6.0 KB                         [K
pulling 161e5d878840: 100% ▕██████████████████▏ 3.7 KB                         [K
pulling fc1ffc71ab8e: 100% ▕██████████████████▏ 1.6 KB                         [K
pulling bee89e20d457: 100% ▕██████████████████▏   31 B                         [K
pulling f7ce8f326f5d: 100% ▕██████████████████▏ 1.1 KB                         [K
verifying sha256 digest ⠙ [K[?25h[?2026l[?2026h[?25l[A[A[A[A[A[A[A[A[1Gpulling manifest [K
pulling 9d507a36062c: 100% ▕██████████████████▏  67 GB                         [K
pulling 399a8a5a36db: 100% ▕██████████████████▏ 7.8 KB                         [K
pulling 24ca191a372b: 100% ▕██████████████████▏ 6.0 KB                         [K
pulling 161e5d878840: 100% ▕██████████████████▏ 3.7 KB                         [K
pulling fc1ffc71ab8e: 100% ▕██████████████████▏ 1.6 KB                         [K
pulling bee89e20d457: 100% ▕██████████████████▏   31 B                         [K
pulling f7ce8f326f5d: 100% ▕██████████████████▏ 1.1 KB                         [K
verifying sha256 digest ⠹ [K[?25h[?2026l[?2026h[?25l[A[A[A[A[A[A[A[A[1Gpulling manifest [K
pulling 9d507a36062c: 100% ▕██████████████████▏  67 GB                         [K
pulling 399a8a5a36db: 100% ▕██████████████████▏ 7.8 KB                         [K
pulling 24ca191a372b: 100% ▕██████████████████▏ 6.0 KB                         [K
pulling 161e5d878840: 100% ▕██████████████████▏ 3.7 KB                         [K
pulling fc1ffc71ab8e: 100% ▕██████████████████▏ 1.6 KB                         [K
pulling bee89e20d457: 100% ▕██████████████████▏   31 B                         [K
pulling f7ce8f326f5d: 100% ▕██████████████████▏ 1.1 KB                         [K
verifying sha256 digest ⠸ [K[?25h[?2026l[?2026h[?25l[A[A[A[A[A[A[A[A[1Gpulling manifest [K
pulling 9d507a36062c: 100% ▕██████████████████▏  67 GB                         [K
pulling 399a8a5a36db: 100% ▕██████████████████▏ 7.8 KB                         [K
pulling 24ca191a372b: 100% ▕██████████████████▏ 6.0 KB                         [K
pulling 161e5d878840: 100% ▕██████████████████▏ 3.7 KB                         [K
pulling fc1ffc71ab8e: 100% ▕██████████████████▏ 1.6 KB                         [K
pulling bee89e20d457: 100% ▕██████████████████▏   31 B                         [K
pulling f7ce8f326f5d: 100% ▕██████████████████▏ 1.1 KB                         [K
verifying sha256 digest ⠼ [K[?25h[?2026l[?2026h[?25l[A[A[A[A[A[A[A[A[1Gpulling manifest [K
pulling 9d507a36062c: 100% ▕██████████████████▏  67 GB                         [K
pulling 399a8a5a36db: 100% ▕██████████████████▏ 7.8 KB                         [K
pulling 24ca191a372b: 100% ▕██████████████████▏ 6.0 KB                         [K
pulling 161e5d878840: 100% ▕██████████████████▏ 3.7 KB                         [K
pulling fc1ffc71ab8e: 100% ▕██████████████████▏ 1.6 KB                         [K
pulling bee89e20d457: 100% ▕██████████████████▏   31 B                         [K
pulling f7ce8f326f5d: 100% ▕██████████████████▏ 1.1 KB                         [K
verifying sha256 digest ⠴ [K[?25h[?2026l[?2026h[?25l[A[A[A[A[A[A[A[A[1Gpulling manifest [K
pulling 9d507a36062c: 100% ▕██████████████████▏  67 GB                         [K
pulling 399a8a5a36db: 100% ▕██████████████████▏ 7.8 KB                         [K
pulling 24ca191a372b: 100% ▕██████████████████▏ 6.0 KB                         [K
pulling 161e5d878840: 100% ▕██████████████████▏ 3.7 KB                         [K
pulling fc1ffc71ab8e: 100% ▕██████████████████▏ 1.6 KB                         [K
pulling bee89e20d457: 100% ▕██████████████████▏   31 B                         [K
pulling f7ce8f326f5d: 100% ▕██████████████████▏ 1.1 KB                         [K
verifying sha256 digest ⠦ [K[?25h[?2026l[?2026h[?25l[A[A[A[A[A[A[A[A[1Gpulling manifest [K
pulling 9d507a36062c: 100% ▕██████████████████▏  67 GB                         [K
pulling 399a8a5a36db: 100% ▕██████████████████▏ 7.8 KB                         [K
pulling 24ca191a372b: 100% ▕██████████████████▏ 6.0 KB                         [K
pulling 161e5d878840: 100% ▕██████████████████▏ 3.7 KB                         [K
pulling fc1ffc71ab8e: 100% ▕██████████████████▏ 1.6 KB                         [K
pulling bee89e20d457: 100% ▕██████████████████▏   31 B                         [K
pulling f7ce8f326f5d: 100% ▕██████████████████▏ 1.1 KB                         [K
verifying sha256 digest ⠧ [K[?25h[?2026l[?2026h[?25l[A[A[A[A[A[A[A[A[1Gpulling manifest [K
pulling 9d507a36062c: 100% ▕██████████████████▏  67 GB                         [K
pulling 399a8a5a36db: 100% ▕██████████████████▏ 7.8 KB                         [K
pulling 24ca191a372b: 100% ▕██████████████████▏ 6.0 KB                         [K
pulling 161e5d878840: 100% ▕██████████████████▏ 3.7 KB                         [K
pulling fc1ffc71ab8e: 100% ▕██████████████████▏ 1.6 KB                         [K
pulling bee89e20d457: 100% ▕██████████████████▏   31 B                         [K
pulling f7ce8f326f5d: 100% ▕██████████████████▏ 1.1 KB                         [K
verifying sha256 digest ⠇ [K[?25h[?2026l[?2026h[?25l[A[A[A[A[A[A[A[A[1Gpulling manifest [K
pulling 9d507a36062c: 100% ▕██████████████████▏  67 GB                         [K
pulling 399a8a5a36db: 100% ▕██████████████████▏ 7.8 KB                         [K
pulling 24ca191a372b: 100% ▕██████████████████▏ 6.0 KB                         [K
pulling 161e5d878840: 100% ▕██████████████████▏ 3.7 KB                         [K
pulling fc1ffc71ab8e: 100% ▕██████████████████▏ 1.6 KB                         [K
pulling bee89e20d457: 100% ▕██████████████████▏   31 B                         [K
pulling f7ce8f326f5d: 100% ▕██████████████████▏ 1.1 KB                         [K
verifying sha256 digest ⠏ [K[?25h[?2026l[?2026h[?25l[A[A[A[A[A[A[A[A[1Gpulling manifest [K
pulling 9d507a36062c: 100% ▕██████████████████▏  67 GB                         [K
pulling 399a8a5a36db: 100% ▕██████████████████▏ 7.8 KB                         [K
pulling 24ca191a372b: 100% ▕██████████████████▏ 6.0 KB                         [K
pulling 161e5d878840: 100% ▕██████████████████▏ 3.7 KB                         [K
pulling fc1ffc71ab8e: 100% ▕██████████████████▏ 1.6 KB                         [K
pulling bee89e20d457: 100% ▕██████████████████▏   31 B                         [K
pulling f7ce8f326f5d: 100% ▕██████████████████▏ 1.1 KB                         [K
verifying sha256 digest ⠋ [K[?25h[?2026l[?2026h[?25l[A[A[A[A[A[A[A[A[1Gpulling manifest [K
pulling 9d507a36062c: 100% ▕██████████████████▏  67 GB                         [K
pulling 399a8a5a36db: 100% ▕██████████████████▏ 7.8 KB                         [K
pulling 24ca191a372b: 100% ▕██████████████████▏ 6.0 KB                         [K
pulling 161e5d878840: 100% ▕██████████████████▏ 3.7 KB                         [K
pulling fc1ffc71ab8e: 100% ▕██████████████████▏ 1.6 KB                         [K
pulling bee89e20d457: 100% ▕██████████████████▏   31 B                         [K
pulling f7ce8f326f5d: 100% ▕██████████████████▏ 1.1 KB                         [K
verifying sha256 digest ⠙ [K[?25h[?2026l[?2026h[?25l[A[A[A[A[A[A[A[A[1Gpulling manifest [K
pulling 9d507a36062c: 100% ▕██████████████████▏  67 GB                         [K
pulling 399a8a5a36db: 100% ▕██████████████████▏ 7.8 KB                         [K
pulling 24ca191a372b: 100% ▕██████████████████▏ 6.0 KB                         [K
pulling 161e5d878840: 100% ▕██████████████████▏ 3.7 KB                         [K
pulling fc1ffc71ab8e: 100% ▕██████████████████▏ 1.6 KB                         [K
pulling bee89e20d457: 100% ▕██████████████████▏   31 B                         [K
pulling f7ce8f326f5d: 100% ▕██████████████████▏ 1.1 KB                         [K
verifying sha256 digest ⠹ [K[?25h[?2026l[?2026h[?25l[A[A[A[A[A[A[A[A[1Gpulling manifest [K
pulling 9d507a36062c: 100% ▕██████████████████▏  67 GB                         [K
pulling 399a8a5a36db: 100% ▕██████████████████▏ 7.8 KB                         [K
pulling 24ca191a372b: 100% ▕██████████████████▏ 6.0 KB                         [K
pulling 161e5d878840: 100% ▕██████████████████▏ 3.7 KB                         [K
pulling fc1ffc71ab8e: 100% ▕██████████████████▏ 1.6 KB                         [K
pulling bee89e20d457: 100% ▕██████████████████▏   31 B                         [K
pulling f7ce8f326f5d: 100% ▕██████████████████▏ 1.1 KB                         [K
verifying sha256 digest ⠸ [K[?25h[?2026l[?2026h[?25l[A[A[A[A[A[A[A[A[1Gpulling manifest [K
pulling 9d507a36062c: 100% ▕██████████████████▏  67 GB                         [K
pulling 399a8a5a36db: 100% ▕██████████████████▏ 7.8 KB                         [K
pulling 24ca191a372b: 100% ▕██████████████████▏ 6.0 KB                         [K
pulling 161e5d878840: 100% ▕██████████████████▏ 3.7 KB                         [K
pulling fc1ffc71ab8e: 100% ▕██████████████████▏ 1.6 KB                         [K
pulling bee89e20d457: 100% ▕██████████████████▏   31 B                         [K
pulling f7ce8f326f5d: 100% ▕██████████████████▏ 1.1 KB                         [K
verifying sha256 digest ⠼ [K[?25h[?2026l[?2026h[?25l[A[A[A[A[A[A[A[A[1Gpulling manifest [K
pulling 9d507a36062c: 100% ▕██████████████████▏  67 GB                         [K
pulling 399a8a5a36db: 100% ▕██████████████████▏ 7.8 KB                         [K
pulling 24ca191a372b: 100% ▕██████████████████▏ 6.0 KB                         [K
pulling 161e5d878840: 100% ▕██████████████████▏ 3.7 KB                         [K
pulling fc1ffc71ab8e: 100% ▕██████████████████▏ 1.6 KB                         [K
pulling bee89e20d457: 100% ▕██████████████████▏   31 B                         [K
pulling f7ce8f326f5d: 100% ▕██████████████████▏ 1.1 KB                         [K
verifying sha256 digest ⠴ [K[?25h[?2026l[?2026h[?25l[A[A[A[A[A[A[A[A[1Gpulling manifest [K
pulling 9d507a36062c: 100% ▕██████████████████▏  67 GB                         [K
pulling 399a8a5a36db: 100% ▕██████████████████▏ 7.8 KB                         [K
pulling 24ca191a372b: 100% ▕██████████████████▏ 6.0 KB                         [K
pulling 161e5d878840: 100% ▕██████████████████▏ 3.7 KB                         [K
pulling fc1ffc71ab8e: 100% ▕██████████████████▏ 1.6 KB                         [K
pulling bee89e20d457: 100% ▕██████████████████▏   31 B                         [K
pulling f7ce8f326f5d: 100% ▕██████████████████▏ 1.1 KB                         [K
verifying sha256 digest ⠦ [K[?25h[?2026l[?2026h[?25l[A[A[A[A[A[A[A[A[1Gpulling manifest [K
pulling 9d507a36062c: 100% ▕██████████████████▏  67 GB                         [K
pulling 399a8a5a36db: 100% ▕██████████████████▏ 7.8 KB                         [K
pulling 24ca191a372b: 100% ▕██████████████████▏ 6.0 KB                         [K
pulling 161e5d878840: 100% ▕██████████████████▏ 3.7 KB                         [K
pulling fc1ffc71ab8e: 100% ▕██████████████████▏ 1.6 KB                         [K
pulling bee89e20d457: 100% ▕██████████████████▏   31 B                         [K
pulling f7ce8f326f5d: 100% ▕██████████████████▏ 1.1 KB                         [K
verifying sha256 digest ⠧ [K[?25h[?2026l[?2026h[?25l[A[A[A[A[A[A[A[A[1Gpulling manifest [K
pulling 9d507a36062c: 100% ▕██████████████████▏  67 GB                         [K
pulling 399a8a5a36db: 100% ▕██████████████████▏ 7.8 KB                         [K
pulling 24ca191a372b: 100% ▕██████████████████▏ 6.0 KB                         [K
pulling 161e5d878840: 100% ▕██████████████████▏ 3.7 KB                         [K
pulling fc1ffc71ab8e: 100% ▕██████████████████▏ 1.6 KB                         [K
pulling bee89e20d457: 100% ▕██████████████████▏   31 B                         [K
pulling f7ce8f326f5d: 100% ▕██████████████████▏ 1.1 KB                         [K
verifying sha256 digest ⠇ [K[?25h[?2026l[?2026h[?25l[A[A[A[A[A[A[A[A[1Gpulling manifest [K
pulling 9d507a36062c: 100% ▕██████████████████▏  67 GB                         [K
pulling 399a8a5a36db: 100% ▕██████████████████▏ 7.8 KB                         [K
pulling 24ca191a372b: 100% ▕██████████████████▏ 6.0 KB                         [K
pulling 161e5d878840: 100% ▕██████████████████▏ 3.7 KB                         [K
pulling fc1ffc71ab8e: 100% ▕██████████████████▏ 1.6 KB                         [K
pulling bee89e20d457: 100% ▕██████████████████▏   31 B                         [K
pulling f7ce8f326f5d: 100% ▕██████████████████▏ 1.1 KB                         [K
verifying sha256 digest ⠏ [K[?25h[?2026l[?2026h[?25l[A[A[A[A[A[A[A[A[1Gpulling manifest [K
pulling 9d507a36062c: 100% ▕██████████████████▏  67 GB                         [K
pulling 399a8a5a36db: 100% ▕██████████████████▏ 7.8 KB                         [K
pulling 24ca191a372b: 100% ▕██████████████████▏ 6.0 KB                         [K
pulling 161e5d878840: 100% ▕██████████████████▏ 3.7 KB                         [K
pulling fc1ffc71ab8e: 100% ▕██████████████████▏ 1.6 KB                         [K
pulling bee89e20d457: 100% ▕██████████████████▏   31 B                         [K
pulling f7ce8f326f5d: 100% ▕██████████████████▏ 1.1 KB                         [K
verifying sha256 digest ⠋ [K[?25h[?2026l[?2026h[?25l[A[A[A[A[A[A[A[A[1Gpulling manifest [K
pulling 9d507a36062c: 100% ▕██████████████████▏  67 GB                         [K
pulling 399a8a5a36db: 100% ▕██████████████████▏ 7.8 KB                         [K
pulling 24ca191a372b: 100% ▕██████████████████▏ 6.0 KB                         [K
pulling 161e5d878840: 100% ▕██████████████████▏ 3.7 KB                         [K
pulling fc1ffc71ab8e: 100% ▕██████████████████▏ 1.6 KB                         [K
pulling bee89e20d457: 100% ▕██████████████████▏   31 B                         [K
pulling f7ce8f326f5d: 100% ▕██████████████████▏ 1.1 KB                         [K
verifying sha256 digest ⠙ [K[?25h[?2026l[?2026h[?25l[A[A[A[A[A[A[A[A[1Gpulling manifest [K
pulling 9d507a36062c: 100% ▕██████████████████▏  67 GB                         [K
pulling 399a8a5a36db: 100% ▕██████████████████▏ 7.8 KB                         [K
pulling 24ca191a372b: 100% ▕██████████████████▏ 6.0 KB                         [K
pulling 161e5d878840: 100% ▕██████████████████▏ 3.7 KB                         [K
pulling fc1ffc71ab8e: 100% ▕██████████████████▏ 1.6 KB                         [K
pulling bee89e20d457: 100% ▕██████████████████▏   31 B                         [K
pulling f7ce8f326f5d: 100% ▕██████████████████▏ 1.1 KB                         [K
verifying sha256 digest ⠹ [K[?25h[?2026l[?2026h[?25l[A[A[A[A[A[A[A[A[1Gpulling manifest [K
pulling 9d507a36062c: 100% ▕██████████████████▏  67 GB                         [K
pulling 399a8a5a36db: 100% ▕██████████████████▏ 7.8 KB                         [K
pulling 24ca191a372b: 100% ▕██████████████████▏ 6.0 KB                         [K
pulling 161e5d878840: 100% ▕██████████████████▏ 3.7 KB                         [K
pulling fc1ffc71ab8e: 100% ▕██████████████████▏ 1.6 KB                         [K
pulling bee89e20d457: 100% ▕██████████████████▏   31 B                         [K
pulling f7ce8f326f5d: 100% ▕██████████████████▏ 1.1 KB                         [K
verifying sha256 digest ⠸ [K[?25h[?2026l[?2026h[?25l[A[A[A[A[A[A[A[A[1Gpulling manifest [K
pulling 9d507a36062c: 100% ▕██████████████████▏  67 GB                         [K
pulling 399a8a5a36db: 100% ▕██████████████████▏ 7.8 KB                         [K
pulling 24ca191a372b: 100% ▕██████████████████▏ 6.0 KB                         [K
pulling 161e5d878840: 100% ▕██████████████████▏ 3.7 KB                         [K
pulling fc1ffc71ab8e: 100% ▕██████████████████▏ 1.6 KB                         [K
pulling bee89e20d457: 100% ▕██████████████████▏   31 B                         [K
pulling f7ce8f326f5d: 100% ▕██████████████████▏ 1.1 KB                         [K
verifying sha256 digest ⠼ [K[?25h[?2026l[?2026h[?25l[A[A[A[A[A[A[A[A[1Gpulling manifest [K
pulling 9d507a36062c: 100% ▕██████████████████▏  67 GB                         [K
pulling 399a8a5a36db: 100% ▕██████████████████▏ 7.8 KB                         [K
pulling 24ca191a372b: 100% ▕██████████████████▏ 6.0 KB                         [K
pulling 161e5d878840: 100% ▕██████████████████▏ 3.7 KB                         [K
pulling fc1ffc71ab8e: 100% ▕██████████████████▏ 1.6 KB                         [K
pulling bee89e20d457: 100% ▕██████████████████▏   31 B                         [K
pulling f7ce8f326f5d: 100% ▕██████████████████▏ 1.1 KB                         [K
verifying sha256 digest ⠴ [K[?25h[?2026l[?2026h[?25l[A[A[A[A[A[A[A[A[1Gpulling manifest [K
pulling 9d507a36062c: 100% ▕██████████████████▏  67 GB                         [K
pulling 399a8a5a36db: 100% ▕██████████████████▏ 7.8 KB                         [K
pulling 24ca191a372b: 100% ▕██████████████████▏ 6.0 KB                         [K
pulling 161e5d878840: 100% ▕██████████████████▏ 3.7 KB                         [K
pulling fc1ffc71ab8e: 100% ▕██████████████████▏ 1.6 KB                         [K
pulling bee89e20d457: 100% ▕██████████████████▏   31 B                         [K
pulling f7ce8f326f5d: 100% ▕██████████████████▏ 1.1 KB                         [K
verifying sha256 digest ⠦ [K[?25h[?2026l[?2026h[?25l[A[A[A[A[A[A[A[A[1Gpulling manifest [K
pulling 9d507a36062c: 100% ▕██████████████████▏  67 GB                         [K
pulling 399a8a5a36db: 100% ▕██████████████████▏ 7.8 KB                         [K
pulling 24ca191a372b: 100% ▕██████████████████▏ 6.0 KB                         [K
pulling 161e5d878840: 100% ▕██████████████████▏ 3.7 KB                         [K
pulling fc1ffc71ab8e: 100% ▕██████████████████▏ 1.6 KB                         [K
pulling bee89e20d457: 100% ▕██████████████████▏   31 B                         [K
pulling f7ce8f326f5d: 100% ▕██████████████████▏ 1.1 KB                         [K
verifying sha256 digest ⠧ [K[?25h[?2026l[?2026h[?25l[A[A[A[A[A[A[A[A[1Gpulling manifest [K
pulling 9d507a36062c: 100% ▕██████████████████▏  67 GB                         [K
pulling 399a8a5a36db: 100% ▕██████████████████▏ 7.8 KB                         [K
pulling 24ca191a372b: 100% ▕██████████████████▏ 6.0 KB                         [K
pulling 161e5d878840: 100% ▕██████████████████▏ 3.7 KB                         [K
pulling fc1ffc71ab8e: 100% ▕██████████████████▏ 1.6 KB                         [K
pulling bee89e20d457: 100% ▕██████████████████▏   31 B                         [K
pulling f7ce8f326f5d: 100% ▕██████████████████▏ 1.1 KB                         [K
verifying sha256 digest ⠇ [K[?25h[?2026l[?2026h[?25l[A[A[A[A[A[A[A[A[1Gpulling manifest [K
pulling 9d507a36062c: 100% ▕██████████████████▏  67 GB                         [K
pulling 399a8a5a36db: 100% ▕██████████████████▏ 7.8 KB                         [K
pulling 24ca191a372b: 100% ▕██████████████████▏ 6.0 KB                         [K
pulling 161e5d878840: 100% ▕██████████████████▏ 3.7 KB                         [K
pulling fc1ffc71ab8e: 100% ▕██████████████████▏ 1.6 KB                         [K
pulling bee89e20d457: 100% ▕██████████████████▏   31 B                         [K
pulling f7ce8f326f5d: 100% ▕██████████████████▏ 1.1 KB                         [K
verifying sha256 digest ⠏ [K[?25h[?2026l[?2026h[?25l[A[A[A[A[A[A[A[A[1Gpulling manifest [K
pulling 9d507a36062c: 100% ▕██████████████████▏  67 GB                         [K
pulling 399a8a5a36db: 100% ▕██████████████████▏ 7.8 KB                         [K
pulling 24ca191a372b: 100% ▕██████████████████▏ 6.0 KB                         [K
pulling 161e5d878840: 100% ▕██████████████████▏ 3.7 KB                         [K
pulling fc1ffc71ab8e: 100% ▕██████████████████▏ 1.6 KB                         [K
pulling bee89e20d457: 100% ▕██████████████████▏   31 B                         [K
pulling f7ce8f326f5d: 100% ▕██████████████████▏ 1.1 KB                         [K
verifying sha256 digest ⠋ [K[?25h[?2026l[?2026h[?25l[A[A[A[A[A[A[A[A[1Gpulling manifest [K
pulling 9d507a36062c: 100% ▕██████████████████▏  67 GB                         [K
pulling 399a8a5a36db: 100% ▕██████████████████▏ 7.8 KB                         [K
pulling 24ca191a372b: 100% ▕██████████████████▏ 6.0 KB                         [K
pulling 161e5d878840: 100% ▕██████████████████▏ 3.7 KB                         [K
pulling fc1ffc71ab8e: 100% ▕██████████████████▏ 1.6 KB                         [K
pulling bee89e20d457: 100% ▕██████████████████▏   31 B                         [K
pulling f7ce8f326f5d: 100% ▕██████████████████▏ 1.1 KB                         [K
verifying sha256 digest ⠙ [K[?25h[?2026l[?2026h[?25l[A[A[A[A[A[A[A[A[1Gpulling manifest [K
pulling 9d507a36062c: 100% ▕██████████████████▏  67 GB                         [K
pulling 399a8a5a36db: 100% ▕██████████████████▏ 7.8 KB                         [K
pulling 24ca191a372b: 100% ▕██████████████████▏ 6.0 KB                         [K
pulling 161e5d878840: 100% ▕██████████████████▏ 3.7 KB                         [K
pulling fc1ffc71ab8e: 100% ▕██████████████████▏ 1.6 KB                         [K
pulling bee89e20d457: 100% ▕██████████████████▏   31 B                         [K
pulling f7ce8f326f5d: 100% ▕██████████████████▏ 1.1 KB                         [K
verifying sha256 digest ⠹ [K[?25h[?2026l[?2026h[?25l[A[A[A[A[A[A[A[A[1Gpulling manifest [K
pulling 9d507a36062c: 100% ▕██████████████████▏  67 GB                         [K
pulling 399a8a5a36db: 100% ▕██████████████████▏ 7.8 KB                         [K
pulling 24ca191a372b: 100% ▕██████████████████▏ 6.0 KB                         [K
pulling 161e5d878840: 100% ▕██████████████████▏ 3.7 KB                         [K
pulling fc1ffc71ab8e: 100% ▕██████████████████▏ 1.6 KB                         [K
pulling bee89e20d457: 100% ▕██████████████████▏   31 B                         [K
pulling f7ce8f326f5d: 100% ▕██████████████████▏ 1.1 KB                         [K
verifying sha256 digest ⠸ [K[?25h[?2026l[?2026h[?25l[A[A[A[A[A[A[A[A[1Gpulling manifest [K
pulling 9d507a36062c: 100% ▕██████████████████▏  67 GB                         [K
pulling 399a8a5a36db: 100% ▕██████████████████▏ 7.8 KB                         [K
pulling 24ca191a372b: 100% ▕██████████████████▏ 6.0 KB                         [K
pulling 161e5d878840: 100% ▕██████████████████▏ 3.7 KB                         [K
pulling fc1ffc71ab8e: 100% ▕██████████████████▏ 1.6 KB                         [K
pulling bee89e20d457: 100% ▕██████████████████▏   31 B                         [K
pulling f7ce8f326f5d: 100% ▕██████████████████▏ 1.1 KB                         [K
verifying sha256 digest ⠼ [K[?25h[?2026l[?2026h[?25l[A[A[A[A[A[A[A[A[1Gpulling manifest [K
pulling 9d507a36062c: 100% ▕██████████████████▏  67 GB                         [K
pulling 399a8a5a36db: 100% ▕██████████████████▏ 7.8 KB                         [K
pulling 24ca191a372b: 100% ▕██████████████████▏ 6.0 KB                         [K
pulling 161e5d878840: 100% ▕██████████████████▏ 3.7 KB                         [K
pulling fc1ffc71ab8e: 100% ▕██████████████████▏ 1.6 KB                         [K
pulling bee89e20d457: 100% ▕██████████████████▏   31 B                         [K
pulling f7ce8f326f5d: 100% ▕██████████████████▏ 1.1 KB                         [K
verifying sha256 digest ⠴ [K[?25h[?2026l[?2026h[?25l[A[A[A[A[A[A[A[A[1Gpulling manifest [K
pulling 9d507a36062c: 100% ▕██████████████████▏  67 GB                         [K
pulling 399a8a5a36db: 100% ▕██████████████████▏ 7.8 KB                         [K
pulling 24ca191a372b: 100% ▕██████████████████▏ 6.0 KB                         [K
pulling 161e5d878840: 100% ▕██████████████████▏ 3.7 KB                         [K
pulling fc1ffc71ab8e: 100% ▕██████████████████▏ 1.6 KB                         [K
pulling bee89e20d457: 100% ▕██████████████████▏   31 B                         [K
pulling f7ce8f326f5d: 100% ▕██████████████████▏ 1.1 KB                         [K
verifying sha256 digest ⠦ [K[?25h[?2026l[?2026h[?25l[A[A[A[A[A[A[A[A[1Gpulling manifest [K
pulling 9d507a36062c: 100% ▕██████████████████▏  67 GB                         [K
pulling 399a8a5a36db: 100% ▕██████████████████▏ 7.8 KB                         [K
pulling 24ca191a372b: 100% ▕██████████████████▏ 6.0 KB                         [K
pulling 161e5d878840: 100% ▕██████████████████▏ 3.7 KB                         [K
pulling fc1ffc71ab8e: 100% ▕██████████████████▏ 1.6 KB                         [K
pulling bee89e20d457: 100% ▕██████████████████▏   31 B                         [K
pulling f7ce8f326f5d: 100% ▕██████████████████▏ 1.1 KB                         [K
verifying sha256 digest ⠧ [K[?25h[?2026l[?2026h[?25l[A[A[A[A[A[A[A[A[1Gpulling manifest [K
pulling 9d507a36062c: 100% ▕██████████████████▏  67 GB                         [K
pulling 399a8a5a36db: 100% ▕██████████████████▏ 7.8 KB                         [K
pulling 24ca191a372b: 100% ▕██████████████████▏ 6.0 KB                         [K
pulling 161e5d878840: 100% ▕██████████████████▏ 3.7 KB                         [K
pulling fc1ffc71ab8e: 100% ▕██████████████████▏ 1.6 KB                         [K
pulling bee89e20d457: 100% ▕██████████████████▏   31 B                         [K
pulling f7ce8f326f5d: 100% ▕██████████████████▏ 1.1 KB                         [K
verifying sha256 digest ⠇ [K[?25h[?2026l[?2026h[?25l[A[A[A[A[A[A[A[A[1Gpulling manifest [K
pulling 9d507a36062c: 100% ▕██████████████████▏  67 GB                         [K
pulling 399a8a5a36db: 100% ▕██████████████████▏ 7.8 KB                         [K
pulling 24ca191a372b: 100% ▕██████████████████▏ 6.0 KB                         [K
pulling 161e5d878840: 100% ▕██████████████████▏ 3.7 KB                         [K
pulling fc1ffc71ab8e: 100% ▕██████████████████▏ 1.6 KB                         [K
pulling bee89e20d457: 100% ▕██████████████████▏   31 B                         [K
pulling f7ce8f326f5d: 100% ▕██████████████████▏ 1.1 KB                         [K
verifying sha256 digest ⠏ [K[?25h[?2026l[?2026h[?25l[A[A[A[A[A[A[A[A[1Gpulling manifest [K
pulling 9d507a36062c: 100% ▕██████████████████▏  67 GB                         [K
pulling 399a8a5a36db: 100% ▕██████████████████▏ 7.8 KB                         [K
pulling 24ca191a372b: 100% ▕██████████████████▏ 6.0 KB                         [K
pulling 161e5d878840: 100% ▕██████████████████▏ 3.7 KB                         [K
pulling fc1ffc71ab8e: 100% ▕██████████████████▏ 1.6 KB                         [K
pulling bee89e20d457: 100% ▕██████████████████▏   31 B                         [K
pulling f7ce8f326f5d: 100% ▕██████████████████▏ 1.1 KB                         [K
verifying sha256 digest ⠋ [K[?25h[?2026l[?2026h[?25l[A[A[A[A[A[A[A[A[1Gpulling manifest [K
pulling 9d507a36062c: 100% ▕██████████████████▏  67 GB                         [K
pulling 399a8a5a36db: 100% ▕██████████████████▏ 7.8 KB                         [K
pulling 24ca191a372b: 100% ▕██████████████████▏ 6.0 KB                         [K
pulling 161e5d878840: 100% ▕██████████████████▏ 3.7 KB                         [K
pulling fc1ffc71ab8e: 100% ▕██████████████████▏ 1.6 KB                         [K
pulling bee89e20d457: 100% ▕██████████████████▏   31 B                         [K
pulling f7ce8f326f5d: 100% ▕██████████████████▏ 1.1 KB                         [K
verifying sha256 digest ⠙ [K[?25h[?2026l[?2026h[?25l[A[A[A[A[A[A[A[A[1Gpulling manifest [K
pulling 9d507a36062c: 100% ▕██████████████████▏  67 GB                         [K
pulling 399a8a5a36db: 100% ▕██████████████████▏ 7.8 KB                         [K
pulling 24ca191a372b: 100% ▕██████████████████▏ 6.0 KB                         [K
pulling 161e5d878840: 100% ▕██████████████████▏ 3.7 KB                         [K
pulling fc1ffc71ab8e: 100% ▕██████████████████▏ 1.6 KB                         [K
pulling bee89e20d457: 100% ▕██████████████████▏   31 B                         [K
pulling f7ce8f326f5d: 100% ▕██████████████████▏ 1.1 KB                         [K
verifying sha256 digest ⠹ [K[?25h[?2026l[?2026h[?25l[A[A[A[A[A[A[A[A[1Gpulling manifest [K
pulling 9d507a36062c: 100% ▕██████████████████▏  67 GB                         [K
pulling 399a8a5a36db: 100% ▕██████████████████▏ 7.8 KB                         [K
pulling 24ca191a372b: 100% ▕██████████████████▏ 6.0 KB                         [K
pulling 161e5d878840: 100% ▕██████████████████▏ 3.7 KB                         [K
pulling fc1ffc71ab8e: 100% ▕██████████████████▏ 1.6 KB                         [K
pulling bee89e20d457: 100% ▕██████████████████▏   31 B                         [K
pulling f7ce8f326f5d: 100% ▕██████████████████▏ 1.1 KB                         [K
verifying sha256 digest ⠸ [K[?25h[?2026l[?2026h[?25l[A[A[A[A[A[A[A[A[1Gpulling manifest [K
pulling 9d507a36062c: 100% ▕██████████████████▏  67 GB                         [K
pulling 399a8a5a36db: 100% ▕██████████████████▏ 7.8 KB                         [K
pulling 24ca191a372b: 100% ▕██████████████████▏ 6.0 KB                         [K
pulling 161e5d878840: 100% ▕██████████████████▏ 3.7 KB                         [K
pulling fc1ffc71ab8e: 100% ▕██████████████████▏ 1.6 KB                         [K
pulling bee89e20d457: 100% ▕██████████████████▏   31 B                         [K
pulling f7ce8f326f5d: 100% ▕██████████████████▏ 1.1 KB                         [K
verifying sha256 digest ⠼ [K[?25h[?2026l[?2026h[?25l[A[A[A[A[A[A[A[A[1Gpulling manifest [K
pulling 9d507a36062c: 100% ▕██████████████████▏  67 GB                         [K
pulling 399a8a5a36db: 100% ▕██████████████████▏ 7.8 KB                         [K
pulling 24ca191a372b: 100% ▕██████████████████▏ 6.0 KB                         [K
pulling 161e5d878840: 100% ▕██████████████████▏ 3.7 KB                         [K
pulling fc1ffc71ab8e: 100% ▕██████████████████▏ 1.6 KB                         [K
pulling bee89e20d457: 100% ▕██████████████████▏   31 B                         [K
pulling f7ce8f326f5d: 100% ▕██████████████████▏ 1.1 KB                         [K
verifying sha256 digest ⠴ [K[?25h[?2026l[?2026h[?25l[A[A[A[A[A[A[A[A[1Gpulling manifest [K
pulling 9d507a36062c: 100% ▕██████████████████▏  67 GB                         [K
pulling 399a8a5a36db: 100% ▕██████████████████▏ 7.8 KB                         [K
pulling 24ca191a372b: 100% ▕██████████████████▏ 6.0 KB                         [K
pulling 161e5d878840: 100% ▕██████████████████▏ 3.7 KB                         [K
pulling fc1ffc71ab8e: 100% ▕██████████████████▏ 1.6 KB                         [K
pulling bee89e20d457: 100% ▕██████████████████▏   31 B                         [K
pulling f7ce8f326f5d: 100% ▕██████████████████▏ 1.1 KB                         [K
verifying sha256 digest ⠦ [K[?25h[?2026l[?2026h[?25l[A[A[A[A[A[A[A[A[1Gpulling manifest [K
pulling 9d507a36062c: 100% ▕██████████████████▏  67 GB                         [K
pulling 399a8a5a36db: 100% ▕██████████████████▏ 7.8 KB                         [K
pulling 24ca191a372b: 100% ▕██████████████████▏ 6.0 KB                         [K
pulling 161e5d878840: 100% ▕██████████████████▏ 3.7 KB                         [K
pulling fc1ffc71ab8e: 100% ▕██████████████████▏ 1.6 KB                         [K
pulling bee89e20d457: 100% ▕██████████████████▏   31 B                         [K
pulling f7ce8f326f5d: 100% ▕██████████████████▏ 1.1 KB                         [K
verifying sha256 digest ⠧ [K[?25h[?2026l[?2026h[?25l[A[A[A[A[A[A[A[A[1Gpulling manifest [K
pulling 9d507a36062c: 100% ▕██████████████████▏  67 GB                         [K
pulling 399a8a5a36db: 100% ▕██████████████████▏ 7.8 KB                         [K
pulling 24ca191a372b: 100% ▕██████████████████▏ 6.0 KB                         [K
pulling 161e5d878840: 100% ▕██████████████████▏ 3.7 KB                         [K
pulling fc1ffc71ab8e: 100% ▕██████████████████▏ 1.6 KB                         [K
pulling bee89e20d457: 100% ▕██████████████████▏   31 B                         [K
pulling f7ce8f326f5d: 100% ▕██████████████████▏ 1.1 KB                         [K
verifying sha256 digest ⠇ [K[?25h[?2026l[?2026h[?25l[A[A[A[A[A[A[A[A[1Gpulling manifest [K
pulling 9d507a36062c: 100% ▕██████████████████▏  67 GB                         [K
pulling 399a8a5a36db: 100% ▕██████████████████▏ 7.8 KB                         [K
pulling 24ca191a372b: 100% ▕██████████████████▏ 6.0 KB                         [K
pulling 161e5d878840: 100% ▕██████████████████▏ 3.7 KB                         [K
pulling fc1ffc71ab8e: 100% ▕██████████████████▏ 1.6 KB                         [K
pulling bee89e20d457: 100% ▕██████████████████▏   31 B                         [K
pulling f7ce8f326f5d: 100% ▕██████████████████▏ 1.1 KB                         [K
verifying sha256 digest ⠏ [K[?25h[?2026l[?2026h[?25l[A[A[A[A[A[A[A[A[1Gpulling manifest [K
pulling 9d507a36062c: 100% ▕██████████████████▏  67 GB                         [K
pulling 399a8a5a36db: 100% ▕██████████████████▏ 7.8 KB                         [K
pulling 24ca191a372b: 100% ▕██████████████████▏ 6.0 KB                         [K
pulling 161e5d878840: 100% ▕██████████████████▏ 3.7 KB                         [K
pulling fc1ffc71ab8e: 100% ▕██████████████████▏ 1.6 KB                         [K
pulling bee89e20d457: 100% ▕██████████████████▏   31 B                         [K
pulling f7ce8f326f5d: 100% ▕██████████████████▏ 1.1 KB                         [K
verifying sha256 digest ⠋ [K[?25h[?2026l[?2026h[?25l[A[A[A[A[A[A[A[A[1Gpulling manifest [K
pulling 9d507a36062c: 100% ▕██████████████████▏  67 GB                         [K
pulling 399a8a5a36db: 100% ▕██████████████████▏ 7.8 KB                         [K
pulling 24ca191a372b: 100% ▕██████████████████▏ 6.0 KB                         [K
pulling 161e5d878840: 100% ▕██████████████████▏ 3.7 KB                         [K
pulling fc1ffc71ab8e: 100% ▕██████████████████▏ 1.6 KB                         [K
pulling bee89e20d457: 100% ▕██████████████████▏   31 B                         [K
pulling f7ce8f326f5d: 100% ▕██████████████████▏ 1.1 KB                         [K
verifying sha256 digest ⠙ [K[?25h[?2026l[?2026h[?25l[A[A[A[A[A[A[A[A[1Gpulling manifest [K
pulling 9d507a36062c: 100% ▕██████████████████▏  67 GB                         [K
pulling 399a8a5a36db: 100% ▕██████████████████▏ 7.8 KB                         [K
pulling 24ca191a372b: 100% ▕██████████████████▏ 6.0 KB                         [K
pulling 161e5d878840: 100% ▕██████████████████▏ 3.7 KB                         [K
pulling fc1ffc71ab8e: 100% ▕██████████████████▏ 1.6 KB                         [K
pulling bee89e20d457: 100% ▕██████████████████▏   31 B                         [K
pulling f7ce8f326f5d: 100% ▕██████████████████▏ 1.1 KB                         [K
verifying sha256 digest ⠹ [K[?25h[?2026l[?2026h[?25l[A[A[A[A[A[A[A[A[1Gpulling manifest [K
pulling 9d507a36062c: 100% ▕██████████████████▏  67 GB                         [K
pulling 399a8a5a36db: 100% ▕██████████████████▏ 7.8 KB                         [K
pulling 24ca191a372b: 100% ▕██████████████████▏ 6.0 KB                         [K
pulling 161e5d878840: 100% ▕██████████████████▏ 3.7 KB                         [K
pulling fc1ffc71ab8e: 100% ▕██████████████████▏ 1.6 KB                         [K
pulling bee89e20d457: 100% ▕██████████████████▏   31 B                         [K
pulling f7ce8f326f5d: 100% ▕██████████████████▏ 1.1 KB                         [K
verifying sha256 digest ⠸ [K[?25h[?2026l[?2026h[?25l[A[A[A[A[A[A[A[A[1Gpulling manifest [K
pulling 9d507a36062c: 100% ▕██████████████████▏  67 GB                         [K
pulling 399a8a5a36db: 100% ▕██████████████████▏ 7.8 KB                         [K
pulling 24ca191a372b: 100% ▕██████████████████▏ 6.0 KB                         [K
pulling 161e5d878840: 100% ▕██████████████████▏ 3.7 KB                         [K
pulling fc1ffc71ab8e: 100% ▕██████████████████▏ 1.6 KB                         [K
pulling bee89e20d457: 100% ▕██████████████████▏   31 B                         [K
pulling f7ce8f326f5d: 100% ▕██████████████████▏ 1.1 KB                         [K
verifying sha256 digest ⠼ [K[?25h[?2026l[?2026h[?25l[A[A[A[A[A[A[A[A[1Gpulling manifest [K
pulling 9d507a36062c: 100% ▕██████████████████▏  67 GB                         [K
pulling 399a8a5a36db: 100% ▕██████████████████▏ 7.8 KB                         [K
pulling 24ca191a372b: 100% ▕██████████████████▏ 6.0 KB                         [K
pulling 161e5d878840: 100% ▕██████████████████▏ 3.7 KB                         [K
pulling fc1ffc71ab8e: 100% ▕██████████████████▏ 1.6 KB                         [K
pulling bee89e20d457: 100% ▕██████████████████▏   31 B                         [K
pulling f7ce8f326f5d: 100% ▕██████████████████▏ 1.1 KB                         [K
verifying sha256 digest ⠴ [K[?25h[?2026l[?2026h[?25l[A[A[A[A[A[A[A[A[1Gpulling manifest [K
pulling 9d507a36062c: 100% ▕██████████████████▏  67 GB                         [K
pulling 399a8a5a36db: 100% ▕██████████████████▏ 7.8 KB                         [K
pulling 24ca191a372b: 100% ▕██████████████████▏ 6.0 KB                         [K
pulling 161e5d878840: 100% ▕██████████████████▏ 3.7 KB                         [K
pulling fc1ffc71ab8e: 100% ▕██████████████████▏ 1.6 KB                         [K
pulling bee89e20d457: 100% ▕██████████████████▏   31 B                         [K
pulling f7ce8f326f5d: 100% ▕██████████████████▏ 1.1 KB                         [K
verifying sha256 digest ⠦ [K[?25h[?2026l[?2026h[?25l[A[A[A[A[A[A[A[A[1Gpulling manifest [K
pulling 9d507a36062c: 100% ▕██████████████████▏  67 GB                         [K
pulling 399a8a5a36db: 100% ▕██████████████████▏ 7.8 KB                         [K
pulling 24ca191a372b: 100% ▕██████████████████▏ 6.0 KB                         [K
pulling 161e5d878840: 100% ▕██████████████████▏ 3.7 KB                         [K
pulling fc1ffc71ab8e: 100% ▕██████████████████▏ 1.6 KB                         [K
pulling bee89e20d457: 100% ▕██████████████████▏   31 B                         [K
pulling f7ce8f326f5d: 100% ▕██████████████████▏ 1.1 KB                         [K
verifying sha256 digest ⠧ [K[?25h[?2026l[?2026h[?25l[A[A[A[A[A[A[A[A[1Gpulling manifest [K
pulling 9d507a36062c: 100% ▕██████████████████▏  67 GB                         [K
pulling 399a8a5a36db: 100% ▕██████████████████▏ 7.8 KB                         [K
pulling 24ca191a372b: 100% ▕██████████████████▏ 6.0 KB                         [K
pulling 161e5d878840: 100% ▕██████████████████▏ 3.7 KB                         [K
pulling fc1ffc71ab8e: 100% ▕██████████████████▏ 1.6 KB                         [K
pulling bee89e20d457: 100% ▕██████████████████▏   31 B                         [K
pulling f7ce8f326f5d: 100% ▕██████████████████▏ 1.1 KB                         [K
verifying sha256 digest ⠇ [K[?25h[?2026l[?2026h[?25l[A[A[A[A[A[A[A[A[1Gpulling manifest [K
pulling 9d507a36062c: 100% ▕██████████████████▏  67 GB                         [K
pulling 399a8a5a36db: 100% ▕██████████████████▏ 7.8 KB                         [K
pulling 24ca191a372b: 100% ▕██████████████████▏ 6.0 KB                         [K
pulling 161e5d878840: 100% ▕██████████████████▏ 3.7 KB                         [K
pulling fc1ffc71ab8e: 100% ▕██████████████████▏ 1.6 KB                         [K
pulling bee89e20d457: 100% ▕██████████████████▏   31 B                         [K
pulling f7ce8f326f5d: 100% ▕██████████████████▏ 1.1 KB                         [K
verifying sha256 digest ⠏ [K[?25h[?2026l[?2026h[?25l[A[A[A[A[A[A[A[A[1Gpulling manifest [K
pulling 9d507a36062c: 100% ▕██████████████████▏  67 GB                         [K
pulling 399a8a5a36db: 100% ▕██████████████████▏ 7.8 KB                         [K
pulling 24ca191a372b: 100% ▕██████████████████▏ 6.0 KB                         [K
pulling 161e5d878840: 100% ▕██████████████████▏ 3.7 KB                         [K
pulling fc1ffc71ab8e: 100% ▕██████████████████▏ 1.6 KB                         [K
pulling bee89e20d457: 100% ▕██████████████████▏   31 B                         [K
pulling f7ce8f326f5d: 100% ▕██████████████████▏ 1.1 KB                         [K
verifying sha256 digest ⠋ [K[?25h[?2026l[?2026h[?25l[A[A[A[A[A[A[A[A[1Gpulling manifest [K
pulling 9d507a36062c: 100% ▕██████████████████▏  67 GB                         [K
pulling 399a8a5a36db: 100% ▕██████████████████▏ 7.8 KB                         [K
pulling 24ca191a372b: 100% ▕██████████████████▏ 6.0 KB                         [K
pulling 161e5d878840: 100% ▕██████████████████▏ 3.7 KB                         [K
pulling fc1ffc71ab8e: 100% ▕██████████████████▏ 1.6 KB                         [K
pulling bee89e20d457: 100% ▕██████████████████▏   31 B                         [K
pulling f7ce8f326f5d: 100% ▕██████████████████▏ 1.1 KB                         [K
verifying sha256 digest ⠙ [K[?25h[?2026l[?2026h[?25l[A[A[A[A[A[A[A[A[1Gpulling manifest [K
pulling 9d507a36062c: 100% ▕██████████████████▏  67 GB                         [K
pulling 399a8a5a36db: 100% ▕██████████████████▏ 7.8 KB                         [K
pulling 24ca191a372b: 100% ▕██████████████████▏ 6.0 KB                         [K
pulling 161e5d878840: 100% ▕██████████████████▏ 3.7 KB                         [K
pulling fc1ffc71ab8e: 100% ▕██████████████████▏ 1.6 KB                         [K
pulling bee89e20d457: 100% ▕██████████████████▏   31 B                         [K
pulling f7ce8f326f5d: 100% ▕██████████████████▏ 1.1 KB                         [K
verifying sha256 digest ⠹ [K[?25h[?2026l[?2026h[?25l[A[A[A[A[A[A[A[A[1Gpulling manifest [K
pulling 9d507a36062c: 100% ▕██████████████████▏  67 GB                         [K
pulling 399a8a5a36db: 100% ▕██████████████████▏ 7.8 KB                         [K
pulling 24ca191a372b: 100% ▕██████████████████▏ 6.0 KB                         [K
pulling 161e5d878840: 100% ▕██████████████████▏ 3.7 KB                         [K
pulling fc1ffc71ab8e: 100% ▕██████████████████▏ 1.6 KB                         [K
pulling bee89e20d457: 100% ▕██████████████████▏   31 B                         [K
pulling f7ce8f326f5d: 100% ▕██████████████████▏ 1.1 KB                         [K
verifying sha256 digest ⠸ [K[?25h[?2026l[?2026h[?25l[A[A[A[A[A[A[A[A[1Gpulling manifest [K
pulling 9d507a36062c: 100% ▕██████████████████▏  67 GB                         [K
pulling 399a8a5a36db: 100% ▕██████████████████▏ 7.8 KB                         [K
pulling 24ca191a372b: 100% ▕██████████████████▏ 6.0 KB                         [K
pulling 161e5d878840: 100% ▕██████████████████▏ 3.7 KB                         [K
pulling fc1ffc71ab8e: 100% ▕██████████████████▏ 1.6 KB                         [K
pulling bee89e20d457: 100% ▕██████████████████▏   31 B                         [K
pulling f7ce8f326f5d: 100% ▕██████████████████▏ 1.1 KB                         [K
verifying sha256 digest ⠼ [K[?25h[?2026l[?2026h[?25l[A[A[A[A[A[A[A[A[1Gpulling manifest [K
pulling 9d507a36062c: 100% ▕██████████████████▏  67 GB                         [K
pulling 399a8a5a36db: 100% ▕██████████████████▏ 7.8 KB                         [K
pulling 24ca191a372b: 100% ▕██████████████████▏ 6.0 KB                         [K
pulling 161e5d878840: 100% ▕██████████████████▏ 3.7 KB                         [K
pulling fc1ffc71ab8e: 100% ▕██████████████████▏ 1.6 KB                         [K
pulling bee89e20d457: 100% ▕██████████████████▏   31 B                         [K
pulling f7ce8f326f5d: 100% ▕██████████████████▏ 1.1 KB                         [K
verifying sha256 digest ⠴ [K[?25h[?2026l[?2026h[?25l[A[A[A[A[A[A[A[A[1Gpulling manifest [K
pulling 9d507a36062c: 100% ▕██████████████████▏  67 GB                         [K
pulling 399a8a5a36db: 100% ▕██████████████████▏ 7.8 KB                         [K
pulling 24ca191a372b: 100% ▕██████████████████▏ 6.0 KB                         [K
pulling 161e5d878840: 100% ▕██████████████████▏ 3.7 KB                         [K
pulling fc1ffc71ab8e: 100% ▕██████████████████▏ 1.6 KB                         [K
pulling bee89e20d457: 100% ▕██████████████████▏   31 B                         [K
pulling f7ce8f326f5d: 100% ▕██████████████████▏ 1.1 KB                         [K
verifying sha256 digest ⠦ [K[?25h[?2026l[?2026h[?25l[A[A[A[A[A[A[A[A[1Gpulling manifest [K
pulling 9d507a36062c: 100% ▕██████████████████▏  67 GB                         [K
pulling 399a8a5a36db: 100% ▕██████████████████▏ 7.8 KB                         [K
pulling 24ca191a372b: 100% ▕██████████████████▏ 6.0 KB                         [K
pulling 161e5d878840: 100% ▕██████████████████▏ 3.7 KB                         [K
pulling fc1ffc71ab8e: 100% ▕██████████████████▏ 1.6 KB                         [K
pulling bee89e20d457: 100% ▕██████████████████▏   31 B                         [K
pulling f7ce8f326f5d: 100% ▕██████████████████▏ 1.1 KB                         [K
verifying sha256 digest ⠧ [K[?25h[?2026l[?2026h[?25l[A[A[A[A[A[A[A[A[1Gpulling manifest [K
pulling 9d507a36062c: 100% ▕██████████████████▏  67 GB                         [K
pulling 399a8a5a36db: 100% ▕██████████████████▏ 7.8 KB                         [K
pulling 24ca191a372b: 100% ▕██████████████████▏ 6.0 KB                         [K
pulling 161e5d878840: 100% ▕██████████████████▏ 3.7 KB                         [K
pulling fc1ffc71ab8e: 100% ▕██████████████████▏ 1.6 KB                         [K
pulling bee89e20d457: 100% ▕██████████████████▏   31 B                         [K
pulling f7ce8f326f5d: 100% ▕██████████████████▏ 1.1 KB                         [K
verifying sha256 digest ⠇ [K[?25h[?2026l[?2026h[?25l[A[A[A[A[A[A[A[A[1Gpulling manifest [K
pulling 9d507a36062c: 100% ▕██████████████████▏  67 GB                         [K
pulling 399a8a5a36db: 100% ▕██████████████████▏ 7.8 KB                         [K
pulling 24ca191a372b: 100% ▕██████████████████▏ 6.0 KB                         [K
pulling 161e5d878840: 100% ▕██████████████████▏ 3.7 KB                         [K
pulling fc1ffc71ab8e: 100% ▕██████████████████▏ 1.6 KB                         [K
pulling bee89e20d457: 100% ▕██████████████████▏   31 B                         [K
pulling f7ce8f326f5d: 100% ▕██████████████████▏ 1.1 KB                         [K
verifying sha256 digest ⠏ [K[?25h[?2026l[?2026h[?25l[A[A[A[A[A[A[A[A[1Gpulling manifest [K
pulling 9d507a36062c: 100% ▕██████████████████▏  67 GB                         [K
pulling 399a8a5a36db: 100% ▕██████████████████▏ 7.8 KB                         [K
pulling 24ca191a372b: 100% ▕██████████████████▏ 6.0 KB                         [K
pulling 161e5d878840: 100% ▕██████████████████▏ 3.7 KB                         [K
pulling fc1ffc71ab8e: 100% ▕██████████████████▏ 1.6 KB                         [K
pulling bee89e20d457: 100% ▕██████████████████▏   31 B                         [K
pulling f7ce8f326f5d: 100% ▕██████████████████▏ 1.1 KB                         [K
verifying sha256 digest ⠋ [K[?25h[?2026l[?2026h[?25l[A[A[A[A[A[A[A[A[1Gpulling manifest [K
pulling 9d507a36062c: 100% ▕██████████████████▏  67 GB                         [K
pulling 399a8a5a36db: 100% ▕██████████████████▏ 7.8 KB                         [K
pulling 24ca191a372b: 100% ▕██████████████████▏ 6.0 KB                         [K
pulling 161e5d878840: 100% ▕██████████████████▏ 3.7 KB                         [K
pulling fc1ffc71ab8e: 100% ▕██████████████████▏ 1.6 KB                         [K
pulling bee89e20d457: 100% ▕██████████████████▏   31 B                         [K
pulling f7ce8f326f5d: 100% ▕██████████████████▏ 1.1 KB                         [K
verifying sha256 digest ⠙ [K[?25h[?2026l[?2026h[?25l[A[A[A[A[A[A[A[A[1Gpulling manifest [K
pulling 9d507a36062c: 100% ▕██████████████████▏  67 GB                         [K
pulling 399a8a5a36db: 100% ▕██████████████████▏ 7.8 KB                         [K
pulling 24ca191a372b: 100% ▕██████████████████▏ 6.0 KB                         [K
pulling 161e5d878840: 100% ▕██████████████████▏ 3.7 KB                         [K
pulling fc1ffc71ab8e: 100% ▕██████████████████▏ 1.6 KB                         [K
pulling bee89e20d457: 100% ▕██████████████████▏   31 B                         [K
pulling f7ce8f326f5d: 100% ▕██████████████████▏ 1.1 KB                         [K
verifying sha256 digest ⠹ [K[?25h[?2026l[?2026h[?25l[A[A[A[A[A[A[A[A[1Gpulling manifest [K
pulling 9d507a36062c: 100% ▕██████████████████▏  67 GB                         [K
pulling 399a8a5a36db: 100% ▕██████████████████▏ 7.8 KB                         [K
pulling 24ca191a372b: 100% ▕██████████████████▏ 6.0 KB                         [K
pulling 161e5d878840: 100% ▕██████████████████▏ 3.7 KB                         [K
pulling fc1ffc71ab8e: 100% ▕██████████████████▏ 1.6 KB                         [K
pulling bee89e20d457: 100% ▕██████████████████▏   31 B                         [K
pulling f7ce8f326f5d: 100% ▕██████████████████▏ 1.1 KB                         [K
verifying sha256 digest ⠸ [K[?25h[?2026l[?2026h[?25l[A[A[A[A[A[A[A[A[1Gpulling manifest [K
pulling 9d507a36062c: 100% ▕██████████████████▏  67 GB                         [K
pulling 399a8a5a36db: 100% ▕██████████████████▏ 7.8 KB                         [K
pulling 24ca191a372b: 100% ▕██████████████████▏ 6.0 KB                         [K
pulling 161e5d878840: 100% ▕██████████████████▏ 3.7 KB                         [K
pulling fc1ffc71ab8e: 100% ▕██████████████████▏ 1.6 KB                         [K
pulling bee89e20d457: 100% ▕██████████████████▏   31 B                         [K
pulling f7ce8f326f5d: 100% ▕██████████████████▏ 1.1 KB                         [K
verifying sha256 digest ⠼ [K[?25h[?2026l[?2026h[?25l[A[A[A[A[A[A[A[A[1Gpulling manifest [K
pulling 9d507a36062c: 100% ▕██████████████████▏  67 GB                         [K
pulling 399a8a5a36db: 100% ▕██████████████████▏ 7.8 KB                         [K
pulling 24ca191a372b: 100% ▕██████████████████▏ 6.0 KB                         [K
pulling 161e5d878840: 100% ▕██████████████████▏ 3.7 KB                         [K
pulling fc1ffc71ab8e: 100% ▕██████████████████▏ 1.6 KB                         [K
pulling bee89e20d457: 100% ▕██████████████████▏   31 B                         [K
pulling f7ce8f326f5d: 100% ▕██████████████████▏ 1.1 KB                         [K
verifying sha256 digest ⠴ [K[?25h[?2026l[?2026h[?25l[A[A[A[A[A[A[A[A[1Gpulling manifest [K
pulling 9d507a36062c: 100% ▕██████████████████▏  67 GB                         [K
pulling 399a8a5a36db: 100% ▕██████████████████▏ 7.8 KB                         [K
pulling 24ca191a372b: 100% ▕██████████████████▏ 6.0 KB                         [K
pulling 161e5d878840: 100% ▕██████████████████▏ 3.7 KB                         [K
pulling fc1ffc71ab8e: 100% ▕██████████████████▏ 1.6 KB                         [K
pulling bee89e20d457: 100% ▕██████████████████▏   31 B                         [K
pulling f7ce8f326f5d: 100% ▕██████████████████▏ 1.1 KB                         [K
verifying sha256 digest ⠦ [K[?25h[?2026l[?2026h[?25l[A[A[A[A[A[A[A[A[1Gpulling manifest [K
pulling 9d507a36062c: 100% ▕██████████████████▏  67 GB                         [K
pulling 399a8a5a36db: 100% ▕██████████████████▏ 7.8 KB                         [K
pulling 24ca191a372b: 100% ▕██████████████████▏ 6.0 KB                         [K
pulling 161e5d878840: 100% ▕██████████████████▏ 3.7 KB                         [K
pulling fc1ffc71ab8e: 100% ▕██████████████████▏ 1.6 KB                         [K
pulling bee89e20d457: 100% ▕██████████████████▏   31 B                         [K
pulling f7ce8f326f5d: 100% ▕██████████████████▏ 1.1 KB                         [K
verifying sha256 digest ⠧ [K[?25h[?2026l[?2026h[?25l[A[A[A[A[A[A[A[A[1Gpulling manifest [K
pulling 9d507a36062c: 100% ▕██████████████████▏  67 GB                         [K
pulling 399a8a5a36db: 100% ▕██████████████████▏ 7.8 KB                         [K
pulling 24ca191a372b: 100% ▕██████████████████▏ 6.0 KB                         [K
pulling 161e5d878840: 100% ▕██████████████████▏ 3.7 KB                         [K
pulling fc1ffc71ab8e: 100% ▕██████████████████▏ 1.6 KB                         [K
pulling bee89e20d457: 100% ▕██████████████████▏   31 B                         [K
pulling f7ce8f326f5d: 100% ▕██████████████████▏ 1.1 KB                         [K
verifying sha256 digest ⠇ [K[?25h[?2026l[?2026h[?25l[A[A[A[A[A[A[A[A[1Gpulling manifest [K
pulling 9d507a36062c: 100% ▕██████████████████▏  67 GB                         [K
pulling 399a8a5a36db: 100% ▕██████████████████▏ 7.8 KB                         [K
pulling 24ca191a372b: 100% ▕██████████████████▏ 6.0 KB                         [K
pulling 161e5d878840: 100% ▕██████████████████▏ 3.7 KB                         [K
pulling fc1ffc71ab8e: 100% ▕██████████████████▏ 1.6 KB                         [K
pulling bee89e20d457: 100% ▕██████████████████▏   31 B                         [K
pulling f7ce8f326f5d: 100% ▕██████████████████▏ 1.1 KB                         [K
verifying sha256 digest ⠏ [K[?25h[?2026l[?2026h[?25l[A[A[A[A[A[A[A[A[1Gpulling manifest [K
pulling 9d507a36062c: 100% ▕██████████████████▏  67 GB                         [K
pulling 399a8a5a36db: 100% ▕██████████████████▏ 7.8 KB                         [K
pulling 24ca191a372b: 100% ▕██████████████████▏ 6.0 KB                         [K
pulling 161e5d878840: 100% ▕██████████████████▏ 3.7 KB                         [K
pulling fc1ffc71ab8e: 100% ▕██████████████████▏ 1.6 KB                         [K
pulling bee89e20d457: 100% ▕██████████████████▏   31 B                         [K
pulling f7ce8f326f5d: 100% ▕██████████████████▏ 1.1 KB                         [K
verifying sha256 digest ⠋ [K[?25h[?2026l[?2026h[?25l[A[A[A[A[A[A[A[A[1Gpulling manifest [K
pulling 9d507a36062c: 100% ▕██████████████████▏  67 GB                         [K
pulling 399a8a5a36db: 100% ▕██████████████████▏ 7.8 KB                         [K
pulling 24ca191a372b: 100% ▕██████████████████▏ 6.0 KB                         [K
pulling 161e5d878840: 100% ▕██████████████████▏ 3.7 KB                         [K
pulling fc1ffc71ab8e: 100% ▕██████████████████▏ 1.6 KB                         [K
pulling bee89e20d457: 100% ▕██████████████████▏   31 B                         [K
pulling f7ce8f326f5d: 100% ▕██████████████████▏ 1.1 KB                         [K
verifying sha256 digest ⠙ [K[?25h[?2026l[?2026h[?25l[A[A[A[A[A[A[A[A[1Gpulling manifest [K
pulling 9d507a36062c: 100% ▕██████████████████▏  67 GB                         [K
pulling 399a8a5a36db: 100% ▕██████████████████▏ 7.8 KB                         [K
pulling 24ca191a372b: 100% ▕██████████████████▏ 6.0 KB                         [K
pulling 161e5d878840: 100% ▕██████████████████▏ 3.7 KB                         [K
pulling fc1ffc71ab8e: 100% ▕██████████████████▏ 1.6 KB                         [K
pulling bee89e20d457: 100% ▕██████████████████▏   31 B                         [K
pulling f7ce8f326f5d: 100% ▕██████████████████▏ 1.1 KB                         [K
verifying sha256 digest ⠹ [K[?25h[?2026l[?2026h[?25l[A[A[A[A[A[A[A[A[1Gpulling manifest [K
pulling 9d507a36062c: 100% ▕██████████████████▏  67 GB                         [K
pulling 399a8a5a36db: 100% ▕██████████████████▏ 7.8 KB                         [K
pulling 24ca191a372b: 100% ▕██████████████████▏ 6.0 KB                         [K
pulling 161e5d878840: 100% ▕██████████████████▏ 3.7 KB                         [K
pulling fc1ffc71ab8e: 100% ▕██████████████████▏ 1.6 KB                         [K
pulling bee89e20d457: 100% ▕██████████████████▏   31 B                         [K
pulling f7ce8f326f5d: 100% ▕██████████████████▏ 1.1 KB                         [K
verifying sha256 digest ⠸ [K[?25h[?2026l[?2026h[?25l[A[A[A[A[A[A[A[A[1Gpulling manifest [K
pulling 9d507a36062c: 100% ▕██████████████████▏  67 GB                         [K
pulling 399a8a5a36db: 100% ▕██████████████████▏ 7.8 KB                         [K
pulling 24ca191a372b: 100% ▕██████████████████▏ 6.0 KB                         [K
pulling 161e5d878840: 100% ▕██████████████████▏ 3.7 KB                         [K
pulling fc1ffc71ab8e: 100% ▕██████████████████▏ 1.6 KB                         [K
pulling bee89e20d457: 100% ▕██████████████████▏   31 B                         [K
pulling f7ce8f326f5d: 100% ▕██████████████████▏ 1.1 KB                         [K
verifying sha256 digest ⠼ [K[?25h[?2026l[?2026h[?25l[A[A[A[A[A[A[A[A[1Gpulling manifest [K
pulling 9d507a36062c: 100% ▕██████████████████▏  67 GB                         [K
pulling 399a8a5a36db: 100% ▕██████████████████▏ 7.8 KB                         [K
pulling 24ca191a372b: 100% ▕██████████████████▏ 6.0 KB                         [K
pulling 161e5d878840: 100% ▕██████████████████▏ 3.7 KB                         [K
pulling fc1ffc71ab8e: 100% ▕██████████████████▏ 1.6 KB                         [K
pulling bee89e20d457: 100% ▕██████████████████▏   31 B                         [K
pulling f7ce8f326f5d: 100% ▕██████████████████▏ 1.1 KB                         [K
verifying sha256 digest ⠴ [K[?25h[?2026l[?2026h[?25l[A[A[A[A[A[A[A[A[1Gpulling manifest [K
pulling 9d507a36062c: 100% ▕██████████████████▏  67 GB                         [K
pulling 399a8a5a36db: 100% ▕██████████████████▏ 7.8 KB                         [K
pulling 24ca191a372b: 100% ▕██████████████████▏ 6.0 KB                         [K
pulling 161e5d878840: 100% ▕██████████████████▏ 3.7 KB                         [K
pulling fc1ffc71ab8e: 100% ▕██████████████████▏ 1.6 KB                         [K
pulling bee89e20d457: 100% ▕██████████████████▏   31 B                         [K
pulling f7ce8f326f5d: 100% ▕██████████████████▏ 1.1 KB                         [K
verifying sha256 digest ⠦ [K[?25h[?2026l[?2026h[?25l[A[A[A[A[A[A[A[A[1Gpulling manifest [K
pulling 9d507a36062c: 100% ▕██████████████████▏  67 GB                         [K
pulling 399a8a5a36db: 100% ▕██████████████████▏ 7.8 KB                         [K
pulling 24ca191a372b: 100% ▕██████████████████▏ 6.0 KB                         [K
pulling 161e5d878840: 100% ▕██████████████████▏ 3.7 KB                         [K
pulling fc1ffc71ab8e: 100% ▕██████████████████▏ 1.6 KB                         [K
pulling bee89e20d457: 100% ▕██████████████████▏   31 B                         [K
pulling f7ce8f326f5d: 100% ▕██████████████████▏ 1.1 KB                         [K
verifying sha256 digest ⠧ [K[?25h[?2026l[?2026h[?25l[A[A[A[A[A[A[A[A[1Gpulling manifest [K
pulling 9d507a36062c: 100% ▕██████████████████▏  67 GB                         [K
pulling 399a8a5a36db: 100% ▕██████████████████▏ 7.8 KB                         [K
pulling 24ca191a372b: 100% ▕██████████████████▏ 6.0 KB                         [K
pulling 161e5d878840: 100% ▕██████████████████▏ 3.7 KB                         [K
pulling fc1ffc71ab8e: 100% ▕██████████████████▏ 1.6 KB                         [K
pulling bee89e20d457: 100% ▕██████████████████▏   31 B                         [K
pulling f7ce8f326f5d: 100% ▕██████████████████▏ 1.1 KB                         [K
verifying sha256 digest ⠇ [K[?25h[?2026l[?2026h[?25l[A[A[A[A[A[A[A[A[1Gpulling manifest [K
pulling 9d507a36062c: 100% ▕██████████████████▏  67 GB                         [K
pulling 399a8a5a36db: 100% ▕██████████████████▏ 7.8 KB                         [K
pulling 24ca191a372b: 100% ▕██████████████████▏ 6.0 KB                         [K
pulling 161e5d878840: 100% ▕██████████████████▏ 3.7 KB                         [K
pulling fc1ffc71ab8e: 100% ▕██████████████████▏ 1.6 KB                         [K
pulling bee89e20d457: 100% ▕██████████████████▏   31 B                         [K
pulling f7ce8f326f5d: 100% ▕██████████████████▏ 1.1 KB                         [K
verifying sha256 digest ⠏ [K[?25h[?2026l[?2026h[?25l[A[A[A[A[A[A[A[A[1Gpulling manifest [K
pulling 9d507a36062c: 100% ▕██████████████████▏  67 GB                         [K
pulling 399a8a5a36db: 100% ▕██████████████████▏ 7.8 KB                         [K
pulling 24ca191a372b: 100% ▕██████████████████▏ 6.0 KB                         [K
pulling 161e5d878840: 100% ▕██████████████████▏ 3.7 KB                         [K
pulling fc1ffc71ab8e: 100% ▕██████████████████▏ 1.6 KB                         [K
pulling bee89e20d457: 100% ▕██████████████████▏   31 B                         [K
pulling f7ce8f326f5d: 100% ▕██████████████████▏ 1.1 KB                         [K
verifying sha256 digest ⠋ [K[?25h[?2026l[?2026h[?25l[A[A[A[A[A[A[A[A[1Gpulling manifest [K
pulling 9d507a36062c: 100% ▕██████████████████▏  67 GB                         [K
pulling 399a8a5a36db: 100% ▕██████████████████▏ 7.8 KB                         [K
pulling 24ca191a372b: 100% ▕██████████████████▏ 6.0 KB                         [K
pulling 161e5d878840: 100% ▕██████████████████▏ 3.7 KB                         [K
pulling fc1ffc71ab8e: 100% ▕██████████████████▏ 1.6 KB                         [K
pulling bee89e20d457: 100% ▕██████████████████▏   31 B                         [K
pulling f7ce8f326f5d: 100% ▕██████████████████▏ 1.1 KB                         [K
verifying sha256 digest ⠙ [K[?25h[?2026l[?2026h[?25l[A[A[A[A[A[A[A[A[1Gpulling manifest [K
pulling 9d507a36062c: 100% ▕██████████████████▏  67 GB                         [K
pulling 399a8a5a36db: 100% ▕██████████████████▏ 7.8 KB                         [K
pulling 24ca191a372b: 100% ▕██████████████████▏ 6.0 KB                         [K
pulling 161e5d878840: 100% ▕██████████████████▏ 3.7 KB                         [K
pulling fc1ffc71ab8e: 100% ▕██████████████████▏ 1.6 KB                         [K
pulling bee89e20d457: 100% ▕██████████████████▏   31 B                         [K
pulling f7ce8f326f5d: 100% ▕██████████████████▏ 1.1 KB                         [K
verifying sha256 digest ⠹ [K[?25h[?2026l[?2026h[?25l[A[A[A[A[A[A[A[A[1Gpulling manifest [K
pulling 9d507a36062c: 100% ▕██████████████████▏  67 GB                         [K
pulling 399a8a5a36db: 100% ▕██████████████████▏ 7.8 KB                         [K
pulling 24ca191a372b: 100% ▕██████████████████▏ 6.0 KB                         [K
pulling 161e5d878840: 100% ▕██████████████████▏ 3.7 KB                         [K
pulling fc1ffc71ab8e: 100% ▕██████████████████▏ 1.6 KB                         [K
pulling bee89e20d457: 100% ▕██████████████████▏   31 B                         [K
pulling f7ce8f326f5d: 100% ▕██████████████████▏ 1.1 KB                         [K
verifying sha256 digest ⠸ [K[?25h[?2026l[?2026h[?25l[A[A[A[A[A[A[A[A[1Gpulling manifest [K
pulling 9d507a36062c: 100% ▕██████████████████▏  67 GB                         [K
pulling 399a8a5a36db: 100% ▕██████████████████▏ 7.8 KB                         [K
pulling 24ca191a372b: 100% ▕██████████████████▏ 6.0 KB                         [K
pulling 161e5d878840: 100% ▕██████████████████▏ 3.7 KB                         [K
pulling fc1ffc71ab8e: 100% ▕██████████████████▏ 1.6 KB                         [K
pulling bee89e20d457: 100% ▕██████████████████▏   31 B                         [K
pulling f7ce8f326f5d: 100% ▕██████████████████▏ 1.1 KB                         [K
verifying sha256 digest ⠼ [K[?25h[?2026l[?2026h[?25l[A[A[A[A[A[A[A[A[1Gpulling manifest [K
pulling 9d507a36062c: 100% ▕██████████████████▏  67 GB                         [K
pulling 399a8a5a36db: 100% ▕██████████████████▏ 7.8 KB                         [K
pulling 24ca191a372b: 100% ▕██████████████████▏ 6.0 KB                         [K
pulling 161e5d878840: 100% ▕██████████████████▏ 3.7 KB                         [K
pulling fc1ffc71ab8e: 100% ▕██████████████████▏ 1.6 KB                         [K
pulling bee89e20d457: 100% ▕██████████████████▏   31 B                         [K
pulling f7ce8f326f5d: 100% ▕██████████████████▏ 1.1 KB                         [K
verifying sha256 digest ⠴ [K[?25h[?2026l[?2026h[?25l[A[A[A[A[A[A[A[A[1Gpulling manifest [K
pulling 9d507a36062c: 100% ▕██████████████████▏  67 GB                         [K
pulling 399a8a5a36db: 100% ▕██████████████████▏ 7.8 KB                         [K
pulling 24ca191a372b: 100% ▕██████████████████▏ 6.0 KB                         [K
pulling 161e5d878840: 100% ▕██████████████████▏ 3.7 KB                         [K
pulling fc1ffc71ab8e: 100% ▕██████████████████▏ 1.6 KB                         [K
pulling bee89e20d457: 100% ▕██████████████████▏   31 B                         [K
pulling f7ce8f326f5d: 100% ▕██████████████████▏ 1.1 KB                         [K
verifying sha256 digest ⠦ [K[?25h[?2026l[?2026h[?25l[A[A[A[A[A[A[A[A[1Gpulling manifest [K
pulling 9d507a36062c: 100% ▕██████████████████▏  67 GB                         [K
pulling 399a8a5a36db: 100% ▕██████████████████▏ 7.8 KB                         [K
pulling 24ca191a372b: 100% ▕██████████████████▏ 6.0 KB                         [K
pulling 161e5d878840: 100% ▕██████████████████▏ 3.7 KB                         [K
pulling fc1ffc71ab8e: 100% ▕██████████████████▏ 1.6 KB                         [K
pulling bee89e20d457: 100% ▕██████████████████▏   31 B                         [K
pulling f7ce8f326f5d: 100% ▕██████████████████▏ 1.1 KB                         [K
verifying sha256 digest ⠧ [K[?25h[?2026l[?2026h[?25l[A[A[A[A[A[A[A[A[1Gpulling manifest [K
pulling 9d507a36062c: 100% ▕██████████████████▏  67 GB                         [K
pulling 399a8a5a36db: 100% ▕██████████████████▏ 7.8 KB                         [K
pulling 24ca191a372b: 100% ▕██████████████████▏ 6.0 KB                         [K
pulling 161e5d878840: 100% ▕██████████████████▏ 3.7 KB                         [K
pulling fc1ffc71ab8e: 100% ▕██████████████████▏ 1.6 KB                         [K
pulling bee89e20d457: 100% ▕██████████████████▏   31 B                         [K
pulling f7ce8f326f5d: 100% ▕██████████████████▏ 1.1 KB                         [K
verifying sha256 digest ⠇ [K[?25h[?2026l[?2026h[?25l[A[A[A[A[A[A[A[A[1Gpulling manifest [K
pulling 9d507a36062c: 100% ▕██████████████████▏  67 GB                         [K
pulling 399a8a5a36db: 100% ▕██████████████████▏ 7.8 KB                         [K
pulling 24ca191a372b: 100% ▕██████████████████▏ 6.0 KB                         [K
pulling 161e5d878840: 100% ▕██████████████████▏ 3.7 KB                         [K
pulling fc1ffc71ab8e: 100% ▕██████████████████▏ 1.6 KB                         [K
pulling bee89e20d457: 100% ▕██████████████████▏   31 B                         [K
pulling f7ce8f326f5d: 100% ▕██████████████████▏ 1.1 KB                         [K
verifying sha256 digest ⠏ [K[?25h[?2026l[?2026h[?25l[A[A[A[A[A[A[A[A[1Gpulling manifest [K
pulling 9d507a36062c: 100% ▕██████████████████▏  67 GB                         [K
pulling 399a8a5a36db: 100% ▕██████████████████▏ 7.8 KB                         [K
pulling 24ca191a372b: 100% ▕██████████████████▏ 6.0 KB                         [K
pulling 161e5d878840: 100% ▕██████████████████▏ 3.7 KB                         [K
pulling fc1ffc71ab8e: 100% ▕██████████████████▏ 1.6 KB                         [K
pulling bee89e20d457: 100% ▕██████████████████▏   31 B                         [K
pulling f7ce8f326f5d: 100% ▕██████████████████▏ 1.1 KB                         [K
verifying sha256 digest ⠋ [K[?25h[?2026l[?2026h[?25l[A[A[A[A[A[A[A[A[1Gpulling manifest [K
pulling 9d507a36062c: 100% ▕██████████████████▏  67 GB                         [K
pulling 399a8a5a36db: 100% ▕██████████████████▏ 7.8 KB                         [K
pulling 24ca191a372b: 100% ▕██████████████████▏ 6.0 KB                         [K
pulling 161e5d878840: 100% ▕██████████████████▏ 3.7 KB                         [K
pulling fc1ffc71ab8e: 100% ▕██████████████████▏ 1.6 KB                         [K
pulling bee89e20d457: 100% ▕██████████████████▏   31 B                         [K
pulling f7ce8f326f5d: 100% ▕██████████████████▏ 1.1 KB                         [K
verifying sha256 digest ⠙ [K[?25h[?2026l[?2026h[?25l[A[A[A[A[A[A[A[A[1Gpulling manifest [K
pulling 9d507a36062c: 100% ▕██████████████████▏  67 GB                         [K
pulling 399a8a5a36db: 100% ▕██████████████████▏ 7.8 KB                         [K
pulling 24ca191a372b: 100% ▕██████████████████▏ 6.0 KB                         [K
pulling 161e5d878840: 100% ▕██████████████████▏ 3.7 KB                         [K
pulling fc1ffc71ab8e: 100% ▕██████████████████▏ 1.6 KB                         [K
pulling bee89e20d457: 100% ▕██████████████████▏   31 B                         [K
pulling f7ce8f326f5d: 100% ▕██████████████████▏ 1.1 KB                         [K
verifying sha256 digest ⠹ [K[?25h[?2026l[?2026h[?25l[A[A[A[A[A[A[A[A[1Gpulling manifest [K
pulling 9d507a36062c: 100% ▕██████████████████▏  67 GB                         [K
pulling 399a8a5a36db: 100% ▕██████████████████▏ 7.8 KB                         [K
pulling 24ca191a372b: 100% ▕██████████████████▏ 6.0 KB                         [K
pulling 161e5d878840: 100% ▕██████████████████▏ 3.7 KB                         [K
pulling fc1ffc71ab8e: 100% ▕██████████████████▏ 1.6 KB                         [K
pulling bee89e20d457: 100% ▕██████████████████▏   31 B                         [K
pulling f7ce8f326f5d: 100% ▕██████████████████▏ 1.1 KB                         [K
verifying sha256 digest ⠸ [K[?25h[?2026l[?2026h[?25l[A[A[A[A[A[A[A[A[1Gpulling manifest [K
pulling 9d507a36062c: 100% ▕██████████████████▏  67 GB                         [K
pulling 399a8a5a36db: 100% ▕██████████████████▏ 7.8 KB                         [K
pulling 24ca191a372b: 100% ▕██████████████████▏ 6.0 KB                         [K
pulling 161e5d878840: 100% ▕██████████████████▏ 3.7 KB                         [K
pulling fc1ffc71ab8e: 100% ▕██████████████████▏ 1.6 KB                         [K
pulling bee89e20d457: 100% ▕██████████████████▏   31 B                         [K
pulling f7ce8f326f5d: 100% ▕██████████████████▏ 1.1 KB                         [K
verifying sha256 digest ⠼ [K[?25h[?2026l[?2026h[?25l[A[A[A[A[A[A[A[A[1Gpulling manifest [K
pulling 9d507a36062c: 100% ▕██████████████████▏  67 GB                         [K
pulling 399a8a5a36db: 100% ▕██████████████████▏ 7.8 KB                         [K
pulling 24ca191a372b: 100% ▕██████████████████▏ 6.0 KB                         [K
pulling 161e5d878840: 100% ▕██████████████████▏ 3.7 KB                         [K
pulling fc1ffc71ab8e: 100% ▕██████████████████▏ 1.6 KB                         [K
pulling bee89e20d457: 100% ▕██████████████████▏   31 B                         [K
pulling f7ce8f326f5d: 100% ▕██████████████████▏ 1.1 KB                         [K
verifying sha256 digest ⠴ [K[?25h[?2026l[?2026h[?25l[A[A[A[A[A[A[A[A[1Gpulling manifest [K
pulling 9d507a36062c: 100% ▕██████████████████▏  67 GB                         [K
pulling 399a8a5a36db: 100% ▕██████████████████▏ 7.8 KB                         [K
pulling 24ca191a372b: 100% ▕██████████████████▏ 6.0 KB                         [K
pulling 161e5d878840: 100% ▕██████████████████▏ 3.7 KB                         [K
pulling fc1ffc71ab8e: 100% ▕██████████████████▏ 1.6 KB                         [K
pulling bee89e20d457: 100% ▕██████████████████▏   31 B                         [K
pulling f7ce8f326f5d: 100% ▕██████████████████▏ 1.1 KB                         [K
verifying sha256 digest ⠦ [K[?25h[?2026l[?2026h[?25l[A[A[A[A[A[A[A[A[1Gpulling manifest [K
pulling 9d507a36062c: 100% ▕██████████████████▏  67 GB                         [K
pulling 399a8a5a36db: 100% ▕██████████████████▏ 7.8 KB                         [K
pulling 24ca191a372b: 100% ▕██████████████████▏ 6.0 KB                         [K
pulling 161e5d878840: 100% ▕██████████████████▏ 3.7 KB                         [K
pulling fc1ffc71ab8e: 100% ▕██████████████████▏ 1.6 KB                         [K
pulling bee89e20d457: 100% ▕██████████████████▏   31 B                         [K
pulling f7ce8f326f5d: 100% ▕██████████████████▏ 1.1 KB                         [K
verifying sha256 digest ⠧ [K[?25h[?2026l[?2026h[?25l[A[A[A[A[A[A[A[A[1Gpulling manifest [K
pulling 9d507a36062c: 100% ▕██████████████████▏  67 GB                         [K
pulling 399a8a5a36db: 100% ▕██████████████████▏ 7.8 KB                         [K
pulling 24ca191a372b: 100% ▕██████████████████▏ 6.0 KB                         [K
pulling 161e5d878840: 100% ▕██████████████████▏ 3.7 KB                         [K
pulling fc1ffc71ab8e: 100% ▕██████████████████▏ 1.6 KB                         [K
pulling bee89e20d457: 100% ▕██████████████████▏   31 B                         [K
pulling f7ce8f326f5d: 100% ▕██████████████████▏ 1.1 KB                         [K
verifying sha256 digest ⠇ [K[?25h[?2026l[?2026h[?25l[A[A[A[A[A[A[A[A[1Gpulling manifest [K
pulling 9d507a36062c: 100% ▕██████████████████▏  67 GB                         [K
pulling 399a8a5a36db: 100% ▕██████████████████▏ 7.8 KB                         [K
pulling 24ca191a372b: 100% ▕██████████████████▏ 6.0 KB                         [K
pulling 161e5d878840: 100% ▕██████████████████▏ 3.7 KB                         [K
pulling fc1ffc71ab8e: 100% ▕██████████████████▏ 1.6 KB                         [K
pulling bee89e20d457: 100% ▕██████████████████▏   31 B                         [K
pulling f7ce8f326f5d: 100% ▕██████████████████▏ 1.1 KB                         [K
verifying sha256 digest ⠏ [K[?25h[?2026l[?2026h[?25l[A[A[A[A[A[A[A[A[1Gpulling manifest [K
pulling 9d507a36062c: 100% ▕██████████████████▏  67 GB                         [K
pulling 399a8a5a36db: 100% ▕██████████████████▏ 7.8 KB                         [K
pulling 24ca191a372b: 100% ▕██████████████████▏ 6.0 KB                         [K
pulling 161e5d878840: 100% ▕██████████████████▏ 3.7 KB                         [K
pulling fc1ffc71ab8e: 100% ▕██████████████████▏ 1.6 KB                         [K
pulling bee89e20d457: 100% ▕██████████████████▏   31 B                         [K
pulling f7ce8f326f5d: 100% ▕██████████████████▏ 1.1 KB                         [K
verifying sha256 digest ⠋ [K[?25h[?2026l[?2026h[?25l[A[A[A[A[A[A[A[A[1Gpulling manifest [K
pulling 9d507a36062c: 100% ▕██████████████████▏  67 GB                         [K
pulling 399a8a5a36db: 100% ▕██████████████████▏ 7.8 KB                         [K
pulling 24ca191a372b: 100% ▕██████████████████▏ 6.0 KB                         [K
pulling 161e5d878840: 100% ▕██████████████████▏ 3.7 KB                         [K
pulling fc1ffc71ab8e: 100% ▕██████████████████▏ 1.6 KB                         [K
pulling bee89e20d457: 100% ▕██████████████████▏   31 B                         [K
pulling f7ce8f326f5d: 100% ▕██████████████████▏ 1.1 KB                         [K
verifying sha256 digest ⠙ [K[?25h[?2026l[?2026h[?25l[A[A[A[A[A[A[A[A[1Gpulling manifest [K
pulling 9d507a36062c: 100% ▕██████████████████▏  67 GB                         [K
pulling 399a8a5a36db: 100% ▕██████████████████▏ 7.8 KB                         [K
pulling 24ca191a372b: 100% ▕██████████████████▏ 6.0 KB                         [K
pulling 161e5d878840: 100% ▕██████████████████▏ 3.7 KB                         [K
pulling fc1ffc71ab8e: 100% ▕██████████████████▏ 1.6 KB                         [K
pulling bee89e20d457: 100% ▕██████████████████▏   31 B                         [K
pulling f7ce8f326f5d: 100% ▕██████████████████▏ 1.1 KB                         [K
verifying sha256 digest ⠹ [K[?25h[?2026l[?2026h[?25l[A[A[A[A[A[A[A[A[1Gpulling manifest [K
pulling 9d507a36062c: 100% ▕██████████████████▏  67 GB                         [K
pulling 399a8a5a36db: 100% ▕██████████████████▏ 7.8 KB                         [K
pulling 24ca191a372b: 100% ▕██████████████████▏ 6.0 KB                         [K
pulling 161e5d878840: 100% ▕██████████████████▏ 3.7 KB                         [K
pulling fc1ffc71ab8e: 100% ▕██████████████████▏ 1.6 KB                         [K
pulling bee89e20d457: 100% ▕██████████████████▏   31 B                         [K
pulling f7ce8f326f5d: 100% ▕██████████████████▏ 1.1 KB                         [K
verifying sha256 digest ⠸ [K[?25h[?2026l[?2026h[?25l[A[A[A[A[A[A[A[A[1Gpulling manifest [K
pulling 9d507a36062c: 100% ▕██████████████████▏  67 GB                         [K
pulling 399a8a5a36db: 100% ▕██████████████████▏ 7.8 KB                         [K
pulling 24ca191a372b: 100% ▕██████████████████▏ 6.0 KB                         [K
pulling 161e5d878840: 100% ▕██████████████████▏ 3.7 KB                         [K
pulling fc1ffc71ab8e: 100% ▕██████████████████▏ 1.6 KB                         [K
pulling bee89e20d457: 100% ▕██████████████████▏   31 B                         [K
pulling f7ce8f326f5d: 100% ▕██████████████████▏ 1.1 KB                         [K
verifying sha256 digest ⠼ [K[?25h[?2026l[?2026h[?25l[A[A[A[A[A[A[A[A[1Gpulling manifest [K
pulling 9d507a36062c: 100% ▕██████████████████▏  67 GB                         [K
pulling 399a8a5a36db: 100% ▕██████████████████▏ 7.8 KB                         [K
pulling 24ca191a372b: 100% ▕██████████████████▏ 6.0 KB                         [K
pulling 161e5d878840: 100% ▕██████████████████▏ 3.7 KB                         [K
pulling fc1ffc71ab8e: 100% ▕██████████████████▏ 1.6 KB                         [K
pulling bee89e20d457: 100% ▕██████████████████▏   31 B                         [K
pulling f7ce8f326f5d: 100% ▕██████████████████▏ 1.1 KB                         [K
verifying sha256 digest ⠴ [K[?25h[?2026l[?2026h[?25l[A[A[A[A[A[A[A[A[1Gpulling manifest [K
pulling 9d507a36062c: 100% ▕██████████████████▏  67 GB                         [K
pulling 399a8a5a36db: 100% ▕██████████████████▏ 7.8 KB                         [K
pulling 24ca191a372b: 100% ▕██████████████████▏ 6.0 KB                         [K
pulling 161e5d878840: 100% ▕██████████████████▏ 3.7 KB                         [K
pulling fc1ffc71ab8e: 100% ▕██████████████████▏ 1.6 KB                         [K
pulling bee89e20d457: 100% ▕██████████████████▏   31 B                         [K
pulling f7ce8f326f5d: 100% ▕██████████████████▏ 1.1 KB                         [K
verifying sha256 digest ⠦ [K[?25h[?2026l[?2026h[?25l[A[A[A[A[A[A[A[A[1Gpulling manifest [K
pulling 9d507a36062c: 100% ▕██████████████████▏  67 GB                         [K
pulling 399a8a5a36db: 100% ▕██████████████████▏ 7.8 KB                         [K
pulling 24ca191a372b: 100% ▕██████████████████▏ 6.0 KB                         [K
pulling 161e5d878840: 100% ▕██████████████████▏ 3.7 KB                         [K
pulling fc1ffc71ab8e: 100% ▕██████████████████▏ 1.6 KB                         [K
pulling bee89e20d457: 100% ▕██████████████████▏   31 B                         [K
pulling f7ce8f326f5d: 100% ▕██████████████████▏ 1.1 KB                         [K
verifying sha256 digest ⠧ [K[?25h[?2026l[?2026h[?25l[A[A[A[A[A[A[A[A[1Gpulling manifest [K
pulling 9d507a36062c: 100% ▕██████████████████▏  67 GB                         [K
pulling 399a8a5a36db: 100% ▕██████████████████▏ 7.8 KB                         [K
pulling 24ca191a372b: 100% ▕██████████████████▏ 6.0 KB                         [K
pulling 161e5d878840: 100% ▕██████████████████▏ 3.7 KB                         [K
pulling fc1ffc71ab8e: 100% ▕██████████████████▏ 1.6 KB                         [K
pulling bee89e20d457: 100% ▕██████████████████▏   31 B                         [K
pulling f7ce8f326f5d: 100% ▕██████████████████▏ 1.1 KB                         [K
verifying sha256 digest ⠇ [K[?25h[?2026l[?2026h[?25l[A[A[A[A[A[A[A[A[1Gpulling manifest [K
pulling 9d507a36062c: 100% ▕██████████████████▏  67 GB                         [K
pulling 399a8a5a36db: 100% ▕██████████████████▏ 7.8 KB                         [K
pulling 24ca191a372b: 100% ▕██████████████████▏ 6.0 KB                         [K
pulling 161e5d878840: 100% ▕██████████████████▏ 3.7 KB                         [K
pulling fc1ffc71ab8e: 100% ▕██████████████████▏ 1.6 KB                         [K
pulling bee89e20d457: 100% ▕██████████████████▏   31 B                         [K
pulling f7ce8f326f5d: 100% ▕██████████████████▏ 1.1 KB                         [K
verifying sha256 digest ⠏ [K[?25h[?2026l[?2026h[?25l[A[A[A[A[A[A[A[A[1Gpulling manifest [K
pulling 9d507a36062c: 100% ▕██████████████████▏  67 GB                         [K
pulling 399a8a5a36db: 100% ▕██████████████████▏ 7.8 KB                         [K
pulling 24ca191a372b: 100% ▕██████████████████▏ 6.0 KB                         [K
pulling 161e5d878840: 100% ▕██████████████████▏ 3.7 KB                         [K
pulling fc1ffc71ab8e: 100% ▕██████████████████▏ 1.6 KB                         [K
pulling bee89e20d457: 100% ▕██████████████████▏   31 B                         [K
pulling f7ce8f326f5d: 100% ▕██████████████████▏ 1.1 KB                         [K
verifying sha256 digest ⠋ [K[?25h[?2026l[?2026h[?25l[A[A[A[A[A[A[A[A[1Gpulling manifest [K
pulling 9d507a36062c: 100% ▕██████████████████▏  67 GB                         [K
pulling 399a8a5a36db: 100% ▕██████████████████▏ 7.8 KB                         [K
pulling 24ca191a372b: 100% ▕██████████████████▏ 6.0 KB                         [K
pulling 161e5d878840: 100% ▕██████████████████▏ 3.7 KB                         [K
pulling fc1ffc71ab8e: 100% ▕██████████████████▏ 1.6 KB                         [K
pulling bee89e20d457: 100% ▕██████████████████▏   31 B                         [K
pulling f7ce8f326f5d: 100% ▕██████████████████▏ 1.1 KB                         [K
verifying sha256 digest ⠙ [K[?25h[?2026l[?2026h[?25l[A[A[A[A[A[A[A[A[1Gpulling manifest [K
pulling 9d507a36062c: 100% ▕██████████████████▏  67 GB                         [K
pulling 399a8a5a36db: 100% ▕██████████████████▏ 7.8 KB                         [K
pulling 24ca191a372b: 100% ▕██████████████████▏ 6.0 KB                         [K
pulling 161e5d878840: 100% ▕██████████████████▏ 3.7 KB                         [K
pulling fc1ffc71ab8e: 100% ▕██████████████████▏ 1.6 KB                         [K
pulling bee89e20d457: 100% ▕██████████████████▏   31 B                         [K
pulling f7ce8f326f5d: 100% ▕██████████████████▏ 1.1 KB                         [K
verifying sha256 digest ⠹ [K[?25h[?2026l[?2026h[?25l[A[A[A[A[A[A[A[A[1Gpulling manifest [K
pulling 9d507a36062c: 100% ▕██████████████████▏  67 GB                         [K
pulling 399a8a5a36db: 100% ▕██████████████████▏ 7.8 KB                         [K
pulling 24ca191a372b: 100% ▕██████████████████▏ 6.0 KB                         [K
pulling 161e5d878840: 100% ▕██████████████████▏ 3.7 KB                         [K
pulling fc1ffc71ab8e: 100% ▕██████████████████▏ 1.6 KB                         [K
pulling bee89e20d457: 100% ▕██████████████████▏   31 B                         [K
pulling f7ce8f326f5d: 100% ▕██████████████████▏ 1.1 KB                         [K
verifying sha256 digest ⠸ [K[?25h[?2026l[?2026h[?25l[A[A[A[A[A[A[A[A[1Gpulling manifest [K
pulling 9d507a36062c: 100% ▕██████████████████▏  67 GB                         [K
pulling 399a8a5a36db: 100% ▕██████████████████▏ 7.8 KB                         [K
pulling 24ca191a372b: 100% ▕██████████████████▏ 6.0 KB                         [K
pulling 161e5d878840: 100% ▕██████████████████▏ 3.7 KB                         [K
pulling fc1ffc71ab8e: 100% ▕██████████████████▏ 1.6 KB                         [K
pulling bee89e20d457: 100% ▕██████████████████▏   31 B                         [K
pulling f7ce8f326f5d: 100% ▕██████████████████▏ 1.1 KB                         [K
verifying sha256 digest ⠼ [K[?25h[?2026l[?2026h[?25l[A[A[A[A[A[A[A[A[1Gpulling manifest [K
pulling 9d507a36062c: 100% ▕██████████████████▏  67 GB                         [K
pulling 399a8a5a36db: 100% ▕██████████████████▏ 7.8 KB                         [K
pulling 24ca191a372b: 100% ▕██████████████████▏ 6.0 KB                         [K
pulling 161e5d878840: 100% ▕██████████████████▏ 3.7 KB                         [K
pulling fc1ffc71ab8e: 100% ▕██████████████████▏ 1.6 KB                         [K
pulling bee89e20d457: 100% ▕██████████████████▏   31 B                         [K
pulling f7ce8f326f5d: 100% ▕██████████████████▏ 1.1 KB                         [K
verifying sha256 digest ⠴ [K[?25h[?2026l[?2026h[?25l[A[A[A[A[A[A[A[A[1Gpulling manifest [K
pulling 9d507a36062c: 100% ▕██████████████████▏  67 GB                         [K
pulling 399a8a5a36db: 100% ▕██████████████████▏ 7.8 KB                         [K
pulling 24ca191a372b: 100% ▕██████████████████▏ 6.0 KB                         [K
pulling 161e5d878840: 100% ▕██████████████████▏ 3.7 KB                         [K
pulling fc1ffc71ab8e: 100% ▕██████████████████▏ 1.6 KB                         [K
pulling bee89e20d457: 100% ▕██████████████████▏   31 B                         [K
pulling f7ce8f326f5d: 100% ▕██████████████████▏ 1.1 KB                         [K
verifying sha256 digest ⠦ [K[?25h[?2026l[?2026h[?25l[A[A[A[A[A[A[A[A[1Gpulling manifest [K
pulling 9d507a36062c: 100% ▕██████████████████▏  67 GB                         [K
pulling 399a8a5a36db: 100% ▕██████████████████▏ 7.8 KB                         [K
pulling 24ca191a372b: 100% ▕██████████████████▏ 6.0 KB                         [K
pulling 161e5d878840: 100% ▕██████████████████▏ 3.7 KB                         [K
pulling fc1ffc71ab8e: 100% ▕██████████████████▏ 1.6 KB                         [K
pulling bee89e20d457: 100% ▕██████████████████▏   31 B                         [K
pulling f7ce8f326f5d: 100% ▕██████████████████▏ 1.1 KB                         [K
verifying sha256 digest ⠧ [K[?25h[?2026l[?2026h[?25l[A[A[A[A[A[A[A[A[1Gpulling manifest [K
pulling 9d507a36062c: 100% ▕██████████████████▏  67 GB                         [K
pulling 399a8a5a36db: 100% ▕██████████████████▏ 7.8 KB                         [K
pulling 24ca191a372b: 100% ▕██████████████████▏ 6.0 KB                         [K
pulling 161e5d878840: 100% ▕██████████████████▏ 3.7 KB                         [K
pulling fc1ffc71ab8e: 100% ▕██████████████████▏ 1.6 KB                         [K
pulling bee89e20d457: 100% ▕██████████████████▏   31 B                         [K
pulling f7ce8f326f5d: 100% ▕██████████████████▏ 1.1 KB                         [K
verifying sha256 digest ⠇ [K[?25h[?2026l[?2026h[?25l[A[A[A[A[A[A[A[A[1Gpulling manifest [K
pulling 9d507a36062c: 100% ▕██████████████████▏  67 GB                         [K
pulling 399a8a5a36db: 100% ▕██████████████████▏ 7.8 KB                         [K
pulling 24ca191a372b: 100% ▕██████████████████▏ 6.0 KB                         [K
pulling 161e5d878840: 100% ▕██████████████████▏ 3.7 KB                         [K
pulling fc1ffc71ab8e: 100% ▕██████████████████▏ 1.6 KB                         [K
pulling bee89e20d457: 100% ▕██████████████████▏   31 B                         [K
pulling f7ce8f326f5d: 100% ▕██████████████████▏ 1.1 KB                         [K
verifying sha256 digest ⠏ [K[?25h[?2026l[?2026h[?25l[A[A[A[A[A[A[A[A[1Gpulling manifest [K
pulling 9d507a36062c: 100% ▕██████████████████▏  67 GB                         [K
pulling 399a8a5a36db: 100% ▕██████████████████▏ 7.8 KB                         [K
pulling 24ca191a372b: 100% ▕██████████████████▏ 6.0 KB                         [K
pulling 161e5d878840: 100% ▕██████████████████▏ 3.7 KB                         [K
pulling fc1ffc71ab8e: 100% ▕██████████████████▏ 1.6 KB                         [K
pulling bee89e20d457: 100% ▕██████████████████▏   31 B                         [K
pulling f7ce8f326f5d: 100% ▕██████████████████▏ 1.1 KB                         [K
verifying sha256 digest ⠋ [K[?25h[?2026l[?2026h[?25l[A[A[A[A[A[A[A[A[1Gpulling manifest [K
pulling 9d507a36062c: 100% ▕██████████████████▏  67 GB                         [K
pulling 399a8a5a36db: 100% ▕██████████████████▏ 7.8 KB                         [K
pulling 24ca191a372b: 100% ▕██████████████████▏ 6.0 KB                         [K
pulling 161e5d878840: 100% ▕██████████████████▏ 3.7 KB                         [K
pulling fc1ffc71ab8e: 100% ▕██████████████████▏ 1.6 KB                         [K
pulling bee89e20d457: 100% ▕██████████████████▏   31 B                         [K
pulling f7ce8f326f5d: 100% ▕██████████████████▏ 1.1 KB                         [K
verifying sha256 digest ⠙ [K[?25h[?2026l[?2026h[?25l[A[A[A[A[A[A[A[A[1Gpulling manifest [K
pulling 9d507a36062c: 100% ▕██████████████████▏  67 GB                         [K
pulling 399a8a5a36db: 100% ▕██████████████████▏ 7.8 KB                         [K
pulling 24ca191a372b: 100% ▕██████████████████▏ 6.0 KB                         [K
pulling 161e5d878840: 100% ▕██████████████████▏ 3.7 KB                         [K
pulling fc1ffc71ab8e: 100% ▕██████████████████▏ 1.6 KB                         [K
pulling bee89e20d457: 100% ▕██████████████████▏   31 B                         [K
pulling f7ce8f326f5d: 100% ▕██████████████████▏ 1.1 KB                         [K
verifying sha256 digest ⠹ [K[?25h[?2026l[?2026h[?25l[A[A[A[A[A[A[A[A[1Gpulling manifest [K
pulling 9d507a36062c: 100% ▕██████████████████▏  67 GB                         [K
pulling 399a8a5a36db: 100% ▕██████████████████▏ 7.8 KB                         [K
pulling 24ca191a372b: 100% ▕██████████████████▏ 6.0 KB                         [K
pulling 161e5d878840: 100% ▕██████████████████▏ 3.7 KB                         [K
pulling fc1ffc71ab8e: 100% ▕██████████████████▏ 1.6 KB                         [K
pulling bee89e20d457: 100% ▕██████████████████▏   31 B                         [K
pulling f7ce8f326f5d: 100% ▕██████████████████▏ 1.1 KB                         [K
verifying sha256 digest ⠸ [K[?25h[?2026l[?2026h[?25l[A[A[A[A[A[A[A[A[1Gpulling manifest [K
pulling 9d507a36062c: 100% ▕██████████████████▏  67 GB                         [K
pulling 399a8a5a36db: 100% ▕██████████████████▏ 7.8 KB                         [K
pulling 24ca191a372b: 100% ▕██████████████████▏ 6.0 KB                         [K
pulling 161e5d878840: 100% ▕██████████████████▏ 3.7 KB                         [K
pulling fc1ffc71ab8e: 100% ▕██████████████████▏ 1.6 KB                         [K
pulling bee89e20d457: 100% ▕██████████████████▏   31 B                         [K
pulling f7ce8f326f5d: 100% ▕██████████████████▏ 1.1 KB                         [K
verifying sha256 digest ⠼ [K[?25h[?2026l[?2026h[?25l[A[A[A[A[A[A[A[A[1Gpulling manifest [K
pulling 9d507a36062c: 100% ▕██████████████████▏  67 GB                         [K
pulling 399a8a5a36db: 100% ▕██████████████████▏ 7.8 KB                         [K
pulling 24ca191a372b: 100% ▕██████████████████▏ 6.0 KB                         [K
pulling 161e5d878840: 100% ▕██████████████████▏ 3.7 KB                         [K
pulling fc1ffc71ab8e: 100% ▕██████████████████▏ 1.6 KB                         [K
pulling bee89e20d457: 100% ▕██████████████████▏   31 B                         [K
pulling f7ce8f326f5d: 100% ▕██████████████████▏ 1.1 KB                         [K
verifying sha256 digest ⠴ [K[?25h[?2026l[?2026h[?25l[A[A[A[A[A[A[A[A[1Gpulling manifest [K
pulling 9d507a36062c: 100% ▕██████████████████▏  67 GB                         [K
pulling 399a8a5a36db: 100% ▕██████████████████▏ 7.8 KB                         [K
pulling 24ca191a372b: 100% ▕██████████████████▏ 6.0 KB                         [K
pulling 161e5d878840: 100% ▕██████████████████▏ 3.7 KB                         [K
pulling fc1ffc71ab8e: 100% ▕██████████████████▏ 1.6 KB                         [K
pulling bee89e20d457: 100% ▕██████████████████▏   31 B                         [K
pulling f7ce8f326f5d: 100% ▕██████████████████▏ 1.1 KB                         [K
verifying sha256 digest ⠦ [K[?25h[?2026l[?2026h[?25l[A[A[A[A[A[A[A[A[1Gpulling manifest [K
pulling 9d507a36062c: 100% ▕██████████████████▏  67 GB                         [K
pulling 399a8a5a36db: 100% ▕██████████████████▏ 7.8 KB                         [K
pulling 24ca191a372b: 100% ▕██████████████████▏ 6.0 KB                         [K
pulling 161e5d878840: 100% ▕██████████████████▏ 3.7 KB                         [K
pulling fc1ffc71ab8e: 100% ▕██████████████████▏ 1.6 KB                         [K
pulling bee89e20d457: 100% ▕██████████████████▏   31 B                         [K
pulling f7ce8f326f5d: 100% ▕██████████████████▏ 1.1 KB                         [K
verifying sha256 digest ⠧ [K[?25h[?2026l[?2026h[?25l[A[A[A[A[A[A[A[A[1Gpulling manifest [K
pulling 9d507a36062c: 100% ▕██████████████████▏  67 GB                         [K
pulling 399a8a5a36db: 100% ▕██████████████████▏ 7.8 KB                         [K
pulling 24ca191a372b: 100% ▕██████████████████▏ 6.0 KB                         [K
pulling 161e5d878840: 100% ▕██████████████████▏ 3.7 KB                         [K
pulling fc1ffc71ab8e: 100% ▕██████████████████▏ 1.6 KB                         [K
pulling bee89e20d457: 100% ▕██████████████████▏   31 B                         [K
pulling f7ce8f326f5d: 100% ▕██████████████████▏ 1.1 KB                         [K
verifying sha256 digest [K
writing manifest [K
success [K[?25h[?2026l
INFO:    underlay of /etc/localtime required more than 50 (83) bind mounts
NAME                   ID              SIZE      MODIFIED          
llama4:scout           bf31604e25c2    67 GB     1 second ago         
llama3.2-vision:11b    6f2f9757ae97    7.8 GB    About an hour ago    
gemma3:27b             a418f5838eaf    17 GB     About an hour ago    
gemma3:12b             f4031aab637d    8.1 GB    About an hour ago    
medgemma:4b            9fe4e9a6c9bd    3.3 GB    4 weeks ago          
